<?xml version="1.0" ?><Document doc_id="112579" doc_name="112579_Dow_falls_340_points_amid_unemployment_and_retail_sales_rates_news" lang="en" url="http://en.wikinews.org/wiki/Dow_falls_340_points_amid_unemployment_and_retail_sales_rates_news">
<token number="0" sentence="0" t_id="1">Dow</token>
<token number="1" sentence="0" t_id="2">falls</token>
<token number="2" sentence="0" t_id="3">340</token>
<token number="3" sentence="0" t_id="4">points</token>
<token number="4" sentence="0" t_id="5">amid</token>
<token number="5" sentence="0" t_id="6">unemployment</token>
<token number="6" sentence="0" t_id="7">and</token>
<token number="7" sentence="0" t_id="8">retail</token>
<token number="8" sentence="0" t_id="9">sales</token>
<token number="9" sentence="0" t_id="10">rates</token>
<token number="10" sentence="0" t_id="11">news</token>
<token number="11" sentence="1" t_id="12">September</token>
<token number="12" sentence="1" t_id="13">04</token>
<token number="13" sentence="1" t_id="14">,</token>
<token number="14" sentence="1" t_id="15">2008</token>
<token number="15" sentence="2" t_id="16">The</token>
<token number="16" sentence="2" t_id="17">Dow</token>
<token number="17" sentence="2" t_id="18">Jones</token>
<token number="18" sentence="2" t_id="19">Industrial</token>
<token number="19" sentence="2" t_id="20">Average</token>
<token number="20" sentence="2" t_id="21">,</token>
<token number="21" sentence="2" t_id="22">a</token>
<token number="22" sentence="2" t_id="23">stock</token>
<token number="23" sentence="2" t_id="24">market</token>
<token number="24" sentence="2" t_id="25">index</token>
<token number="25" sentence="2" t_id="26">used</token>
<token number="26" sentence="2" t_id="27">to</token>
<token number="27" sentence="2" t_id="28">gauge</token>
<token number="28" sentence="2" t_id="29">the</token>
<token number="29" sentence="2" t_id="30">performance</token>
<token number="30" sentence="2" t_id="31">of</token>
<token number="31" sentence="2" t_id="32">American</token>
<token number="32" sentence="2" t_id="33">stock</token>
<token number="33" sentence="2" t_id="34">exchanges</token>
<token number="34" sentence="2" t_id="35">,</token>
<token number="35" sentence="2" t_id="36">fell</token>
<token number="36" sentence="2" t_id="37">344.65</token>
<token number="37" sentence="2" t_id="38">at</token>
<token number="38" sentence="2" t_id="39">the</token>
<token number="39" sentence="2" t_id="40">close</token>
<token number="40" sentence="2" t_id="41">of</token>
<token number="41" sentence="2" t_id="42">trading</token>
<token number="42" sentence="2" t_id="43">Thursday</token>
<token number="43" sentence="2" t_id="44">.</token>
<token number="44" sentence="3" t_id="45">The</token>
<token number="45" sentence="3" t_id="46">exact</token>
<token number="46" sentence="3" t_id="47">reason</token>
<token number="47" sentence="3" t_id="48">for</token>
<token number="48" sentence="3" t_id="49">the</token>
<token number="49" sentence="3" t_id="50">drop</token>
<token number="50" sentence="3" t_id="51">is</token>
<token number="51" sentence="3" t_id="52">unknown</token>
<token number="52" sentence="3" t_id="53">,</token>
<token number="53" sentence="3" t_id="54">with</token>
<token number="54" sentence="3" t_id="55">different</token>
<token number="55" sentence="3" t_id="56">news</token>
<token number="56" sentence="3" t_id="57">agencies</token>
<token number="57" sentence="3" t_id="58">pointing</token>
<token number="58" sentence="3" t_id="59">to</token>
<token number="59" sentence="3" t_id="60">different</token>
<token number="60" sentence="3" t_id="61">causes</token>
<token number="61" sentence="3" t_id="62">.</token>
<token number="62" sentence="4" t_id="63">The</token>
<token number="63" sentence="4" t_id="64">New</token>
<token number="64" sentence="4" t_id="65">York</token>
<token number="65" sentence="4" t_id="66">Times</token>
<token number="66" sentence="4" t_id="67">cites</token>
<token number="67" sentence="4" t_id="68">a</token>
<token number="68" sentence="4" t_id="69">rise</token>
<token number="69" sentence="4" t_id="70">in</token>
<token number="70" sentence="4" t_id="71">unemployment</token>
<token number="71" sentence="4" t_id="72">numbers</token>
<token number="72" sentence="4" t_id="73">released</token>
<token number="73" sentence="4" t_id="74">Thursday</token>
<token number="74" sentence="4" t_id="75">by</token>
<token number="75" sentence="4" t_id="76">the</token>
<token number="76" sentence="4" t_id="77">U.S.</token>
<token number="77" sentence="4" t_id="78">Department</token>
<token number="78" sentence="4" t_id="79">of</token>
<token number="79" sentence="4" t_id="80">Labor</token>
<token number="80" sentence="4" t_id="81">and</token>
<token number="81" sentence="4" t_id="82">a</token>
<token number="82" sentence="4" t_id="83">fall</token>
<token number="83" sentence="4" t_id="84">in</token>
<token number="84" sentence="4" t_id="85">retail</token>
<token number="85" sentence="4" t_id="86">sales</token>
<token number="86" sentence="4" t_id="87">released</token>
<token number="87" sentence="4" t_id="88">by</token>
<token number="88" sentence="4" t_id="89">several</token>
<token number="89" sentence="4" t_id="90">large</token>
<token number="90" sentence="4" t_id="91">corporations</token>
<token number="91" sentence="4" t_id="92">.</token>
<token number="92" sentence="5" t_id="93">According</token>
<token number="93" sentence="5" t_id="94">to</token>
<token number="94" sentence="5" t_id="95">the</token>
<token number="95" sentence="5" t_id="96">Associated</token>
<token number="96" sentence="5" t_id="97">Press</token>
<token number="97" sentence="5" t_id="98">,</token>
<token number="98" sentence="5" t_id="99">the</token>
<token number="99" sentence="5" t_id="100">number</token>
<token number="100" sentence="5" t_id="101">of</token>
<token number="101" sentence="5" t_id="102">people</token>
<token number="102" sentence="5" t_id="103">claiming</token>
<token number="103" sentence="5" t_id="104">weekly</token>
<token number="104" sentence="5" t_id="105">unemployment</token>
<token number="105" sentence="5" t_id="106">benefits</token>
<token number="106" sentence="5" t_id="107">rose</token>
<token number="107" sentence="5" t_id="108">15,000</token>
<token number="108" sentence="5" t_id="109">last</token>
<token number="109" sentence="5" t_id="110">week</token>
<token number="110" sentence="5" t_id="111">to</token>
<token number="111" sentence="5" t_id="112">444,000</token>
<token number="112" sentence="5" t_id="113">,</token>
<token number="113" sentence="5" t_id="114">which</token>
<token number="114" sentence="5" t_id="115">,</token>
<token number="115" sentence="5" t_id="116">according</token>
<token number="116" sentence="5" t_id="117">to</token>
<token number="117" sentence="5" t_id="118">The</token>
<token number="118" sentence="5" t_id="119">New</token>
<token number="119" sentence="5" t_id="120">York</token>
<token number="120" sentence="5" t_id="121">Times</token>
<token number="121" sentence="5" t_id="122">is</token>
<token number="122" sentence="5" t_id="123">near</token>
<token number="123" sentence="5" t_id="124">a</token>
<token number="124" sentence="5" t_id="125">five-year</token>
<token number="125" sentence="5" t_id="126">high</token>
<token number="126" sentence="5" t_id="127">.</token>
<token number="127" sentence="6" t_id="128">``</token>
<token number="128" sentence="6" t_id="129">This</token>
<token number="129" sentence="6" t_id="130">morning</token>
<token number="130" sentence="6" t_id="131">'s</token>
<token number="131" sentence="6" t_id="132">employment</token>
<token number="132" sentence="6" t_id="133">numbers</token>
<token number="133" sentence="6" t_id="134">continue</token>
<token number="134" sentence="6" t_id="135">to</token>
<token number="135" sentence="6" t_id="136">indicate</token>
<token number="136" sentence="6" t_id="137">that</token>
<token number="137" sentence="6" t_id="138">the</token>
<token number="138" sentence="6" t_id="139">labor</token>
<token number="139" sentence="6" t_id="140">sector</token>
<token number="140" sentence="6" t_id="141">remains</token>
<token number="141" sentence="6" t_id="142">soft</token>
<token number="142" sentence="6" t_id="143">at</token>
<token number="143" sentence="6" t_id="144">best</token>
<token number="144" sentence="6" t_id="145">and</token>
<token number="145" sentence="6" t_id="146">looks</token>
<token number="146" sentence="6" t_id="147">to</token>
<token number="147" sentence="6" t_id="148">continue</token>
<token number="148" sentence="6" t_id="149">to</token>
<token number="149" sentence="6" t_id="150">shed</token>
<token number="150" sentence="6" t_id="151">jobs</token>
<token number="151" sentence="6" t_id="152">throughout</token>
<token number="152" sentence="6" t_id="153">the</token>
<token number="153" sentence="6" t_id="154">remainder</token>
<token number="154" sentence="6" t_id="155">of</token>
<token number="155" sentence="6" t_id="156">the</token>
<token number="156" sentence="6" t_id="157">year</token>
<token number="157" sentence="6" t_id="158">,</token>
<token number="158" sentence="6" t_id="159">''</token>
<token number="159" sentence="6" t_id="160">Joseph</token>
<token number="160" sentence="6" t_id="161">Brusuelas</token>
<token number="161" sentence="6" t_id="162">,</token>
<token number="162" sentence="6" t_id="163">chief</token>
<token number="163" sentence="6" t_id="164">economist</token>
<token number="164" sentence="6" t_id="165">at</token>
<token number="165" sentence="6" t_id="166">Merk</token>
<token number="166" sentence="6" t_id="167">Investments</token>
<token number="167" sentence="6" t_id="168">,</token>
<token number="168" sentence="6" t_id="169">said</token>
<token number="169" sentence="6" t_id="170">in</token>
<token number="170" sentence="6" t_id="171">a</token>
<token number="171" sentence="6" t_id="172">statement</token>
<token number="172" sentence="6" t_id="173">to</token>
<token number="173" sentence="6" t_id="174">The</token>
<token number="174" sentence="6" t_id="175">New</token>
<token number="175" sentence="6" t_id="176">York</token>
<token number="176" sentence="6" t_id="177">Times</token>
<token number="177" sentence="6" t_id="178">.</token>
<token number="178" sentence="7" t_id="179">One</token>
<token number="179" sentence="7" t_id="180">major</token>
<token number="180" sentence="7" t_id="181">corporation</token>
<token number="181" sentence="7" t_id="182">that</token>
<token number="182" sentence="7" t_id="183">posted</token>
<token number="183" sentence="7" t_id="184">a</token>
<token number="184" sentence="7" t_id="185">gain</token>
<token number="185" sentence="7" t_id="186">in</token>
<token number="186" sentence="7" t_id="187">sales</token>
<token number="187" sentence="7" t_id="188">was</token>
<token number="188" sentence="7" t_id="189">Wal-Mart</token>
<token number="189" sentence="7" t_id="190">,</token>
<token number="190" sentence="7" t_id="191">with</token>
<token number="191" sentence="7" t_id="192">a</token>
<token number="192" sentence="7" t_id="193">3</token>
<token number="193" sentence="7" t_id="194">percent</token>
<token number="194" sentence="7" t_id="195">boost</token>
<token number="195" sentence="7" t_id="196">,</token>
<token number="196" sentence="7" t_id="197">which</token>
<token number="197" sentence="7" t_id="198">resulted</token>
<token number="198" sentence="7" t_id="199">in</token>
<token number="199" sentence="7" t_id="200">a</token>
<token number="200" sentence="7" t_id="201">one</token>
<token number="201" sentence="7" t_id="202">penny</token>
<token number="202" sentence="7" t_id="203">loss</token>
<token number="203" sentence="7" t_id="204">in</token>
<token number="204" sentence="7" t_id="205">their</token>
<token number="205" sentence="7" t_id="206">stock</token>
<token number="206" sentence="7" t_id="207">.</token>
<token number="207" sentence="8" t_id="208">Fellow</token>
<token number="208" sentence="8" t_id="209">retailer</token>
<token number="209" sentence="8" t_id="210">Target</token>
<token number="210" sentence="8" t_id="211">posted</token>
<token number="211" sentence="8" t_id="212">a</token>
<token number="212" sentence="8" t_id="213">sales</token>
<token number="213" sentence="8" t_id="214">loss</token>
<token number="214" sentence="8" t_id="215">.</token>
<token number="215" sentence="9" t_id="216">Shares</token>
<token number="216" sentence="9" t_id="217">of</token>
<token number="217" sentence="9" t_id="218">energy</token>
<token number="218" sentence="9" t_id="219">companies</token>
<token number="219" sentence="9" t_id="220">ExxonMobil</token>
<token number="220" sentence="9" t_id="221">and</token>
<token number="221" sentence="9" t_id="222">Chevron</token>
<token number="222" sentence="9" t_id="223">fell</token>
<token number="223" sentence="9" t_id="224">by</token>
<token number="224" sentence="9" t_id="225">1.5</token>
<token number="225" sentence="9" t_id="226">and</token>
<token number="226" sentence="9" t_id="227">3</token>
<token number="227" sentence="9" t_id="228">percent</token>
<token number="228" sentence="9" t_id="229">,</token>
<token number="229" sentence="9" t_id="230">respectively</token>
<token number="230" sentence="9" t_id="231">.</token>
<token number="231" sentence="10" t_id="232">The</token>
<token number="232" sentence="10" t_id="233">other</token>
<token number="233" sentence="10" t_id="234">two</token>
<token number="234" sentence="10" t_id="235">major</token>
<token number="235" sentence="10" t_id="236">American</token>
<token number="236" sentence="10" t_id="237">stock</token>
<token number="237" sentence="10" t_id="238">indices</token>
<token number="238" sentence="10" t_id="239">fell</token>
<token number="239" sentence="10" t_id="240">too</token>
<token number="240" sentence="10" t_id="241">.</token>
<token number="241" sentence="11" t_id="242">The</token>
<token number="242" sentence="11" t_id="243">S&amp;P</token>
<token number="243" sentence="11" t_id="244">500</token>
<token number="244" sentence="11" t_id="245">fell</token>
<token number="245" sentence="11" t_id="246">2.99</token>
<token number="246" sentence="11" t_id="247">percent</token>
<token number="247" sentence="11" t_id="248">while</token>
<token number="248" sentence="11" t_id="249">the</token>
<token number="249" sentence="11" t_id="250">Nasdaq</token>
<token number="250" sentence="11" t_id="251">composite</token>
<token number="251" sentence="11" t_id="252">index</token>
<token number="252" sentence="11" t_id="253">fell</token>
<token number="253" sentence="11" t_id="254">3.20</token>
<token number="254" sentence="11" t_id="255">percent</token>
<token number="255" sentence="11" t_id="256">.</token>
<token number="256" sentence="12" t_id="257">The</token>
<token number="257" sentence="12" t_id="258">Dow</token>
<token number="258" sentence="12" t_id="259">'s</token>
<token number="259" sentence="12" t_id="260">344.65-point</token>
<token number="260" sentence="12" t_id="261">fall</token>
<token number="261" sentence="12" t_id="262">left</token>
<token number="262" sentence="12" t_id="263">the</token>
<token number="263" sentence="12" t_id="264">index</token>
<token number="264" sentence="12" t_id="265">at</token>
<token number="265" sentence="12" t_id="266">11,188.23</token>
<token number="266" sentence="12" t_id="267">,</token>
<token number="267" sentence="12" t_id="268">a</token>
<token number="268" sentence="12" t_id="269">2.99</token>
<token number="269" sentence="12" t_id="270">percent</token>
<token number="270" sentence="12" t_id="271">decrease</token>
<token number="271" sentence="12" t_id="272">from</token>
<token number="272" sentence="12" t_id="273">the</token>
<token number="273" sentence="12" t_id="274">close</token>
<token number="274" sentence="12" t_id="275">of</token>
<token number="275" sentence="12" t_id="276">trading</token>
<token number="276" sentence="12" t_id="277">Wednesday</token>
<token number="277" sentence="12" t_id="278">.</token>
<token number="278" sentence="13" t_id="279">According</token>
<token number="279" sentence="13" t_id="280">to</token>
<token number="280" sentence="13" t_id="281">The</token>
<token number="281" sentence="13" t_id="282">New</token>
<token number="282" sentence="13" t_id="283">York</token>
<token number="283" sentence="13" t_id="284">Times</token>
<token number="284" sentence="13" t_id="285">,</token>
<token number="285" sentence="13" t_id="286">the</token>
<token number="286" sentence="13" t_id="287">drop</token>
<token number="287" sentence="13" t_id="288">is</token>
<token number="288" sentence="13" t_id="289">the</token>
<token number="289" sentence="13" t_id="290">largest</token>
<token number="290" sentence="13" t_id="291">since</token>
<token number="291" sentence="13" t_id="292">June</token>
<token number="292" sentence="13" t_id="293">of</token>
<token number="293" sentence="13" t_id="294">this</token>
<token number="294" sentence="13" t_id="295">year</token>
<token number="295" sentence="13" t_id="296">,</token>
<token number="296" sentence="13" t_id="297">but</token>
<token number="297" sentence="13" t_id="298">an</token>
<token number="298" sentence="13" t_id="299">expected</token>
<token number="299" sentence="13" t_id="300">announcement</token>
<token number="300" sentence="13" t_id="301">Friday</token>
<token number="301" sentence="13" t_id="302">of</token>
<token number="302" sentence="13" t_id="303">August</token>
<token number="303" sentence="13" t_id="304">unemployment</token>
<token number="304" sentence="13" t_id="305">data</token>
<token number="305" sentence="13" t_id="306">could</token>
<token number="306" sentence="13" t_id="307">cause</token>
<token number="307" sentence="13" t_id="308">the</token>
<token number="308" sentence="13" t_id="309">index</token>
<token number="309" sentence="13" t_id="310">to</token>
<token number="310" sentence="13" t_id="311">rise</token>
<token number="311" sentence="13" t_id="312">.</token>
<token number="312" sentence="14" t_id="313">The</token>
<token number="313" sentence="14" t_id="314">New</token>
<token number="314" sentence="14" t_id="315">York</token>
<token number="315" sentence="14" t_id="316">Times</token>
<token number="316" sentence="14" t_id="317">and</token>
<token number="317" sentence="14" t_id="318">the</token>
<token number="318" sentence="14" t_id="319">Associated</token>
<token number="319" sentence="14" t_id="320">Press</token>
<token number="320" sentence="14" t_id="321">both</token>
<token number="321" sentence="14" t_id="322">report</token>
<token number="322" sentence="14" t_id="323">that</token>
<token number="323" sentence="14" t_id="324">the</token>
<token number="324" sentence="14" t_id="325">number</token>
<token number="325" sentence="14" t_id="326">of</token>
<token number="326" sentence="14" t_id="327">jobs</token>
<token number="327" sentence="14" t_id="328">in</token>
<token number="328" sentence="14" t_id="329">the</token>
<token number="329" sentence="14" t_id="330">service</token>
<token number="330" sentence="14" t_id="331">sector</token>
<token number="331" sentence="14" t_id="332">rose</token>
<token number="332" sentence="14" t_id="333">in</token>
<token number="333" sentence="14" t_id="334">August</token>
<token number="334" sentence="14" t_id="335">according</token>
<token number="335" sentence="14" t_id="336">to</token>
<token number="336" sentence="14" t_id="337">research</token>
<token number="337" sentence="14" t_id="338">done</token>
<token number="338" sentence="14" t_id="339">by</token>
<token number="339" sentence="14" t_id="340">the</token>
<token number="340" sentence="14" t_id="341">Institute</token>
<token number="341" sentence="14" t_id="342">for</token>
<token number="342" sentence="14" t_id="343">Supply</token>
<token number="343" sentence="14" t_id="344">Management</token>
<token number="344" sentence="14" t_id="345">.</token>
<token number="345" sentence="15" t_id="346">This</token>
<token number="346" sentence="15" t_id="347">is</token>
<token number="347" sentence="15" t_id="348">the</token>
<token number="348" sentence="15" t_id="349">first</token>
<token number="349" sentence="15" t_id="350">rise</token>
<token number="350" sentence="15" t_id="351">in</token>
<token number="351" sentence="15" t_id="352">the</token>
<token number="352" sentence="15" t_id="353">number</token>
<token number="353" sentence="15" t_id="354">of</token>
<token number="354" sentence="15" t_id="355">jobs</token>
<token number="355" sentence="15" t_id="356">in</token>
<token number="356" sentence="15" t_id="357">several</token>
<token number="357" sentence="15" t_id="358">months</token>
<token number="358" sentence="15" t_id="359">.</token>
<token number="359" sentence="16" t_id="360">CNNMoney.com</token>
<token number="360" sentence="16" t_id="361">points</token>
<token number="361" sentence="16" t_id="362">to</token>
<token number="362" sentence="16" t_id="363">the</token>
<token number="363" sentence="16" t_id="364">rise</token>
<token number="364" sentence="16" t_id="365">in</token>
<token number="365" sentence="16" t_id="366">the</token>
<token number="366" sentence="16" t_id="367">price</token>
<token number="367" sentence="16" t_id="368">of</token>
<token number="368" sentence="16" t_id="369">Treasury</token>
<token number="369" sentence="16" t_id="370">bonds</token>
<token number="370" sentence="16" t_id="371">as</token>
<token number="371" sentence="16" t_id="372">a</token>
<token number="372" sentence="16" t_id="373">reaction</token>
<token number="373" sentence="16" t_id="374">to</token>
<token number="374" sentence="16" t_id="375">data</token>
<token number="375" sentence="16" t_id="376">released</token>
<token number="376" sentence="16" t_id="377">Wednesday</token>
<token number="377" sentence="16" t_id="378">that</token>
<token number="378" sentence="16" t_id="379">the</token>
<token number="379" sentence="16" t_id="380">American</token>
<token number="380" sentence="16" t_id="381">economy</token>
<token number="381" sentence="16" t_id="382">would</token>
<token number="382" sentence="16" t_id="383">continue</token>
<token number="383" sentence="16" t_id="384">to</token>
<token number="384" sentence="16" t_id="385">be</token>
<token number="385" sentence="16" t_id="386">slow</token>
<token number="386" sentence="16" t_id="387">in</token>
<token number="387" sentence="16" t_id="388">2009</token>
<token number="388" sentence="16" t_id="389">.</token>
<Markables>
<ENTITY_MENTION comment="" head="New York Times" m_id="30" syntactic_type="NAM">
<token_anchor t_id="63"/>
<token_anchor t_id="64"/>
<token_anchor t_id="65"/>
<token_anchor t_id="66"/>
</ENTITY_MENTION>
<ENTITY_MENTION comment="" head="U.S. Department of Labor" m_id="35" syntactic_type="NAM">
<token_anchor t_id="76"/>
<token_anchor t_id="77"/>
<token_anchor t_id="78"/>
<token_anchor t_id="79"/>
<token_anchor t_id="80"/>
</ENTITY_MENTION>
<ENTITY_MENTION comment="" head="corporations" m_id="38" syntactic_type="NOM">
<token_anchor t_id="89"/>
<token_anchor t_id="90"/>
<token_anchor t_id="91"/>
</ENTITY_MENTION>
<ENTITY_MENTION comment="" head="Associated Press" m_id="40" syntactic_type="NAM">
<token_anchor t_id="95"/>
<token_anchor t_id="96"/>
<token_anchor t_id="97"/>
</ENTITY_MENTION>
<ENTITY_MENTION comment="" head="people" m_id="41" syntactic_type="NOM">
<token_anchor t_id="102"/>
</ENTITY_MENTION>
<ENTITY_MENTION comment="" head="" m_id="2" syntactic_type="APP">
<token_anchor t_id="16"/>
<token_anchor t_id="17"/>
<token_anchor t_id="18"/>
<token_anchor t_id="19"/>
<token_anchor t_id="20"/>
<token_anchor t_id="21"/>
<token_anchor t_id="22"/>
<token_anchor t_id="23"/>
<token_anchor t_id="24"/>
<token_anchor t_id="25"/>
<token_anchor t_id="26"/>
<token_anchor t_id="27"/>
<token_anchor t_id="28"/>
<token_anchor t_id="29"/>
<token_anchor t_id="30"/>
<token_anchor t_id="31"/>
<token_anchor t_id="32"/>
<token_anchor t_id="33"/>
<token_anchor t_id="34"/>
</ENTITY_MENTION>
<ENTITY_MENTION comment="" head="Dow Jones Industrial Average" m_id="3" syntactic_type="NAM">
<token_anchor t_id="16"/>
<token_anchor t_id="17"/>
<token_anchor t_id="18"/>
<token_anchor t_id="19"/>
<token_anchor t_id="20"/>
</ENTITY_MENTION>
<ENTITY_MENTION comment="" head="market" m_id="4" syntactic_type="NOM">
<token_anchor t_id="22"/>
<token_anchor t_id="23"/>
<token_anchor t_id="24"/>
<token_anchor t_id="25"/>
<token_anchor t_id="26"/>
<token_anchor t_id="27"/>
<token_anchor t_id="28"/>
<token_anchor t_id="29"/>
<token_anchor t_id="30"/>
<token_anchor t_id="31"/>
<token_anchor t_id="32"/>
<token_anchor t_id="33"/>
<token_anchor t_id="34"/>
</ENTITY_MENTION>
<ENTITY_MENTION comment="" head="stock exchange" m_id="5" syntactic_type="NOM">
<token_anchor t_id="32"/>
<token_anchor t_id="33"/>
<token_anchor t_id="34"/>
</ENTITY_MENTION>
<ENTITY_MENTION comment="" head="New York Times" m_id="49" syntactic_type="NAM">
<token_anchor t_id="118"/>
<token_anchor t_id="119"/>
<token_anchor t_id="120"/>
<token_anchor t_id="121"/>
</ENTITY_MENTION>
<ENTITY_MENTION comment="" head="Dow" m_id="79" syntactic_type="NAM">
<token_anchor t_id="1"/>
</ENTITY_MENTION>
<ENTITY_MENTION comment="" head="American" m_id="17" syntactic_type="PRE.NOM">
<token_anchor t_id="32"/>
</ENTITY_MENTION>
<ENTITY_MENTION comment="" head="agencies" m_id="25" syntactic_type="NOM">
<token_anchor t_id="55"/>
<token_anchor t_id="56"/>
<token_anchor t_id="57"/>
</ENTITY_MENTION>
<EVENT_MENTION aspect="NONE" certainty="CERTAIN" comment="" m_id="28" modality="" polarity="POS" pos="VERB" pred="be" special_cases="NONE" tense="PRESENT" time="NON_FUTURE">
<token_anchor t_id="51"/>
</EVENT_MENTION>
<EVENT_MENTION aspect="NONE" certainty="" comment="" m_id="29" modality="" polarity="" pos="OTHER" pred="unknown" special_cases="" tense="NONE" time="">
<token_anchor t_id="52"/>
</EVENT_MENTION>
<EVENT_MENTION aspect="NONE" certainty="CERTAIN" comment="" m_id="31" modality="" polarity="POS" pos="VERB" pred="cite" special_cases="NONE" tense="PRESENT" time="NON_FUTURE">
<token_anchor t_id="67"/>
</EVENT_MENTION>
<EVENT_MENTION aspect="NONE" certainty="CERTAIN" comment="" m_id="32" modality="" polarity="POS" pos="NOUN" pred="rise" special_cases="NONE" tense="PRESENT" time="NON_FUTURE">
<token_anchor t_id="69"/>
</EVENT_MENTION>
<EVENT_MENTION aspect="NONE" certainty="CERTAIN" comment="" m_id="33" modality="" polarity="POS" pos="VERB" pred="release" special_cases="NONE" tense="PAST" time="NON_FUTURE">
<token_anchor t_id="73"/>
</EVENT_MENTION>
<EVENT_MENTION aspect="NONE" certainty="CERTAIN" comment="" m_id="36" modality="" polarity="POS" pos="NOUN" pred="fall" special_cases="NONE" tense="NONE" time="FUTURE">
<token_anchor t_id="83"/>
</EVENT_MENTION>
<EVENT_MENTION aspect="NONE" certainty="CERTAIN" comment="" m_id="37" modality="" polarity="POS" pos="VERB" pred="release" special_cases="NONE" tense="PAST" time="NON_FUTURE">
<token_anchor t_id="87"/>
</EVENT_MENTION>
<EVENT_MENTION aspect="NONE" certainty="CERTAIN" comment="" m_id="39" modality="" polarity="POS" pos="NOUN" pred="sale" special_cases="NONE" tense="NONE" time="NON_FUTURE">
<token_anchor t_id="86"/>
</EVENT_MENTION>
<EVENT_MENTION aspect="NONE" certainty="CERTAIN" comment="" m_id="42" modality="" polarity="POS" pos="VERB" pred="claim" special_cases="NONE" tense="PRESPART" time="NON_FUTURE">
<token_anchor t_id="103"/>
</EVENT_MENTION>
<EVENT_MENTION aspect="NONE" certainty="POSSIBLE" comment="" m_id="44" modality="" polarity="POS" pos="NOUN" pred="benefit" special_cases="NONE" tense="NONE" time="FUTURE">
<token_anchor t_id="106"/>
</EVENT_MENTION>
<EVENT_MENTION aspect="NONE" certainty="CERTAIN" comment="" m_id="45" modality="" polarity="POS" pos="VERB" pred="rise" special_cases="NONE" tense="PAST" time="NON_FUTURE">
<token_anchor t_id="107"/>
</EVENT_MENTION>
<EVENT_MENTION aspect="NONE" certainty="CERTAIN" comment="" m_id="6" modality="" polarity="POS" pos="VERB" pred="use" special_cases="NONE" tense="PASTPART" time="NON_FUTURE">
<token_anchor t_id="26"/>
</EVENT_MENTION>
<EVENT_MENTION aspect="NONE" certainty="POSSIBLE" comment="" m_id="7" modality="" polarity="POS" pos="VERB" pred="gauge" special_cases="NONE" tense="INFINITIVE" time="FUTURE">
<token_anchor t_id="28"/>
</EVENT_MENTION>
<EVENT_MENTION aspect="NONE" certainty="" comment="" m_id="8" modality="" polarity="" pos="NOUN" pred="performance" special_cases="" tense="NONE" time="">
<token_anchor t_id="30"/>
</EVENT_MENTION>
<EVENT_MENTION aspect="NONE" certainty="CERTAIN" comment="" m_id="9" modality="" polarity="POS" pos="VERB" pred="fall" special_cases="NONE" tense="PAST" time="NON_FUTURE">
<token_anchor t_id="36"/>
</EVENT_MENTION>
<EVENT_MENTION aspect="NONE" certainty="CERTAIN" comment="" m_id="51" modality="" polarity="POS" pos="VERB" pred="be" special_cases="NONE" tense="PRESENT" time="NON_FUTURE">
<token_anchor t_id="122"/>
</EVENT_MENTION>
<EVENT_MENTION aspect="NONE" certainty="" comment="" m_id="52" modality="AM: no attribution annotation" polarity="" pos="NOUN" pred="reason" special_cases="" tense="NONE" time="">
<token_anchor t_id="47"/>
</EVENT_MENTION>
<EVENT_MENTION aspect="NONE" certainty="CERTAIN" comment="" m_id="11" modality="" polarity="POS" pos="NOUN" pred="trading" special_cases="NONE" tense="NONE" time="NON_FUTURE">
<token_anchor t_id="42"/>
</EVENT_MENTION>
<EVENT_MENTION aspect="PERFECTIVE" certainty="CERTAIN" comment="" m_id="53" modality="" polarity="POS" pos="NOUN" pred="high" special_cases="NONE" tense="NONE" time="NON_FUTURE">
<token_anchor t_id="126"/>
</EVENT_MENTION>
<EVENT_MENTION aspect="NONE" certainty="CERTAIN" comment="" m_id="76" modality="" polarity="POS" pos="" pred="" special_cases="NONE" tense="NONE" time="NON_FUTURE">
<token_anchor t_id="69"/>
<token_anchor t_id="81"/>
<token_anchor t_id="83"/>
</EVENT_MENTION>
<EVENT_MENTION aspect="NONE" certainty="CERTAIN" comment="" m_id="13" modality="" polarity="POS" pos="NOUN" pred="close" special_cases="NONE" tense="NONE" time="NON_FUTURE">
<token_anchor t_id="40"/>
</EVENT_MENTION>
<EVENT_MENTION aspect="NONE" certainty="CERTAIN" comment="" m_id="80" modality="" polarity="POS" pos="VERB" pred="fall" special_cases="NONE" tense="PRESENT" time="NON_FUTURE">
<token_anchor t_id="2"/>
</EVENT_MENTION>
<EVENT_MENTION aspect="NONE" certainty="CERTAIN" comment="" m_id="24" modality="" polarity="POS" pos="NOUN" pred="drop" special_cases="NONE" tense="NONE" time="NON_FUTURE">
<token_anchor t_id="50"/>
</EVENT_MENTION>
<EVENT_MENTION aspect="" certainty="CERTAIN" comment="" m_id="82" modality="" polarity="POS" pos="NOUN" pred="news" special_cases="NONE" tense="" time="NON_FUTURE">
<token_anchor t_id="11"/>
</EVENT_MENTION>
<EVENT_MENTION aspect="NONE" certainty="CERTAIN" comment="" m_id="26" modality="" polarity="POS" pos="VERB" pred="point" special_cases="NONE" tense="PRESPART" time="NON_FUTURE">
<token_anchor t_id="58"/>
</EVENT_MENTION>
<EVENT_MENTION aspect="NONE" certainty="POSSIBLE" comment="" m_id="27" modality="AM: not sure about certainty" polarity="POS" pos="NOUN" pred="cause" special_cases="NONE" tense="NONE" time="NON_FUTURE">
<token_anchor t_id="61"/>
</EVENT_MENTION>
<TIMEX3 anchorTimeID="1" beginPoint="" comment="" endPoint="" functionInDocument="NONE" m_id="34" type="DATE" value="2008-09-04">
<token_anchor t_id="74"/>
</TIMEX3>
<TIMEX3 anchorTimeID="" beginPoint="" comment="" endPoint="" functionInDocument="CREATION_TIME" m_id="1" type="DATE" value="2008-09-04">
<token_anchor t_id="12"/>
<token_anchor t_id="13"/>
<token_anchor t_id="14"/>
<token_anchor t_id="15"/>
</TIMEX3>
<TIMEX3 anchorTimeID="" beginPoint="" comment="" endPoint="" functionInDocument="NONE" m_id="43" type="SET" value="P1W">
<token_anchor t_id="104"/>
</TIMEX3>
<TIMEX3 anchorTimeID="1" beginPoint="" comment="" endPoint="" functionInDocument="NONE" m_id="47" type="DATE" value="2008-W35">
<token_anchor t_id="109"/>
<token_anchor t_id="110"/>
</TIMEX3>
<TIMEX3 anchorTimeID="" beginPoint="78" comment="" endPoint="1" functionInDocument="NONE" m_id="50" type="DURATION" value="PY5">
<token_anchor t_id="125"/>
</TIMEX3>
<TIMEX3 anchorTimeID="1" beginPoint="" comment="" endPoint="" functionInDocument="NONE" m_id="12" type="DATE" value="2008-09-04">
<token_anchor t_id="43"/>
</TIMEX3>
<VALUE comment="" m_id="46" type="QUANTITY">
<token_anchor t_id="108"/>
</VALUE>
<VALUE comment="" m_id="48" type="QUANTITY">
<token_anchor t_id="112"/>
</VALUE>
<VALUE comment="" m_id="10" type="QUANTITY">
<token_anchor t_id="37"/>
</VALUE>
<VALUE comment="" m_id="81" type="QUANTITY">
<token_anchor t_id="3"/>
<token_anchor t_id="4"/>
</VALUE>
<TIMEX3 TAG_DESCRIPTOR="2004" anchorTimeID="" beginPoint="" comment="" endPoint="" functionInDocument="NONE" m_id="78" type="DATE" value="2004"/>










<EVENT TAG_DESCRIPTOR="cause" class="OTHER" comment="" external_ref="" m_id="59"/><EVENT TAG_DESCRIPTOR="point" class="SPEECH_COGNITIVE" comment="" external_ref="" m_id="57"/>
<EVENT TAG_DESCRIPTOR="be unknown" class="GRAMMATICAL" comment="" external_ref="" m_id="56"/><EVENT TAG_DESCRIPTOR="trading" class="OTHER" comment="" external_ref="" m_id="23"/>
<EVENT TAG_DESCRIPTOR="close" class="GRAMMATICAL" comment="" external_ref="" m_id="22"/><EVENT TAG_DESCRIPTOR="reason" class="SPEECH_COGNITIVE" comment="" external_ref="" m_id="54"/>
<EVENT TAG_DESCRIPTOR="performance" class="OTHER" comment="" external_ref="" m_id="20"/><EVENT TAG_DESCRIPTOR="unknown" class="OTHER" comment="" external_ref="" m_id="84"/>
<EVENT TAG_DESCRIPTOR="news" class="SPEECH_COGNITIVE" comment="" external_ref="" m_id="83"/><EVENT TAG_DESCRIPTOR="use" class="OTHER" comment="" external_ref="" m_id="19"/>
<EVENT TAG_DESCRIPTOR="rise and fall" class="GRAMMATICAL" comment="" external_ref="" m_id="77"/>
<EVENT TAG_DESCRIPTOR="high" class="OTHER" comment="" external_ref="" m_id="75"/>
<EVENT TAG_DESCRIPTOR="be high" class="GRAMMATICAL" comment="" external_ref="" m_id="74"/><EVENT TAG_DESCRIPTOR="rise benefit" class="OTHER" comment="" external_ref="" m_id="73"/>
<EVENT TAG_DESCRIPTOR="benefit" class="OTHER" comment="" external_ref="" m_id="72"/><EVENT TAG_DESCRIPTOR="claim" class="SPEECH_COGNITIVE" comment="" external_ref="" m_id="71"/>
<EVENT TAG_DESCRIPTOR="gauge" class="OTHER" instance_id="OTH40784321934234438" m_id="119"/>
<EVENT TAG_DESCRIPTOR="fall 4 september 2008 dow" class="OTHER" instance_id="OTH40783953255849013" m_id="114"/><EVENT TAG_DESCRIPTOR="release fall" class="OTHER" comment="" external_ref="" m_id="67"/>
<EVENT TAG_DESCRIPTOR="sale" class="OTHER" comment="" external_ref="" m_id="66"/><EVENT TAG_DESCRIPTOR="fall" class="OTHER" comment="" external_ref="" m_id="65"/>
<EVENT TAG_DESCRIPTOR="release numbers" class="OTHER" comment="" external_ref="" m_id="63"/><EVENT TAG_DESCRIPTOR="rise number" class="OTHER" comment="" external_ref="" m_id="62"/>
<EVENT TAG_DESCRIPTOR="cite" class="SPEECH_COGNITIVE" comment="" external_ref="" m_id="61"/>
<ENTITY TAG_DESCRIPTOR="Dow Jones Industrial Average" ent_type="FIN" external_ref="http://dbpedia.org/resource/Dow_Jones_Industrial_Average" instance_id="FIN39323676120351079" m_id="126"/>
<ENTITY TAG_DESCRIPTOR="people" ent_type="PER" instance_id="PER44178930870401494" m_id="124"/><ENTITY TAG_DESCRIPTOR="several large corporations" ent_type="ORG" instance_id="ORG44179113415817412" m_id="123"/>
<ENTITY TAG_DESCRIPTOR="The New York Times" ent_type="ORG" external_ref="http://dbpedia.org/resource/The_New_York_Times" instance_id="ORG44158902661667341" m_id="122"/><ENTITY TAG_DESCRIPTOR="United States Department of Labor" ent_type="ORG" external_ref="http://dbpedia.org/resource/United_States_Department_of_Labor" instance_id="ORG44159093660201607" m_id="117"/>
<ENTITY TAG_DESCRIPTOR="US stock exchanges" ent_type="FIN" instance_id="FIN40540689618469900" m_id="116"/><ENTITY TAG_DESCRIPTOR="United States of America " ent_type="LOC" external_ref="http://dbpedia.org/resource/United_States" instance_id="LOC27735327659249054" m_id="115"/>
<ENTITY TAG_DESCRIPTOR="Associated Press" ent_type="ORG" external_ref="http://dbpedia.org/resource/Associated_Press" instance_id="ORG44158985094917198" m_id="113"/><ENTITY TAG_DESCRIPTOR="several news agencies" ent_type="ORG" instance_id="ORG44179023694302718" m_id="112"/></Markables>
<Relations>
<HAS_PARTICIPANT comment="" r_id="113991" sem_role="Arg1" sem_role_framework="PROPBANK">
<source m_id="6"/>
<target m_id="2"/>
</HAS_PARTICIPANT>
<HAS_PARTICIPANT comment="" r_id="113992" sem_role="Arg1" sem_role_framework="PROPBANK">
<source m_id="8"/>
<target m_id="5"/>
</HAS_PARTICIPANT>
<HAS_PARTICIPANT comment="" r_id="113993" sem_role="Arg0" sem_role_framework="PROPBANK">
<source m_id="9"/>
<target m_id="2"/>
</HAS_PARTICIPANT>
<HAS_PARTICIPANT comment="" r_id="113994" sem_role="Arg0" sem_role_framework="PROPBANK">
<source m_id="26"/>
<target m_id="25"/>
</HAS_PARTICIPANT>
<HAS_PARTICIPANT comment="" r_id="113995" sem_role="Arg0" sem_role_framework="PROPBANK">
<source m_id="31"/>
<target m_id="30"/>
</HAS_PARTICIPANT>
<HAS_PARTICIPANT comment="" r_id="113996" sem_role="Arg0" sem_role_framework="PROPBANK">
<source m_id="33"/>
<target m_id="35"/>
</HAS_PARTICIPANT>
<HAS_PARTICIPANT comment="" r_id="113997" sem_role="Arg1" sem_role_framework="PROPBANK">
<source m_id="37"/>
<target m_id="38"/>
</HAS_PARTICIPANT>
<HAS_PARTICIPANT comment="" r_id="113998" sem_role="Arg0" sem_role_framework="PROPBANK">
<source m_id="42"/>
<target m_id="41"/>
</HAS_PARTICIPANT>
<TLINK comment="" r_id="114000" reltype="INCLUDES" signalID="">
<source m_id="1"/>
<target m_id="9"/>
</TLINK>
<TLINK comment="" r_id="114016" reltype="BEGINS" signalID="">
<source m_id="1"/>
<target m_id="28"/>
</TLINK>
<TLINK comment="" r_id="114018" reltype="INCLUDES" signalID="">
<source m_id="1"/>
<target m_id="31"/>
</TLINK>
<TLINK comment="" r_id="114021" reltype="AFTER" signalID="">
<source m_id="1"/>
<target m_id="45"/>
</TLINK>
<TLINK comment="" r_id="114035" reltype="BEGINS" signalID="">
<source m_id="9"/>
<target m_id="28"/>
</TLINK>
<TLINK comment="" r_id="114036" reltype="BEGINS" signalID="">
<source m_id="28"/>
<target m_id="31"/>
</TLINK>
<TLINK comment="" r_id="114037" reltype="AFTER" signalID="">
<source m_id="31"/>
<target m_id="45"/>
</TLINK>
<TLINK comment="" r_id="114039" reltype="IS_INCLUDED" signalID="">
<source m_id="9"/>
<target m_id="12"/>
</TLINK>
<TLINK comment="" r_id="114040" reltype="IS_INCLUDED" signalID="">
<source m_id="9"/>
<target m_id="13"/>
</TLINK>
<GLINK r_id="114041">
<source m_id="45"/>
<target m_id="42"/>
</GLINK>
<SLINK r_id="114042">
<source m_id="52"/>
<target m_id="24"/>
</SLINK>
<SLINK r_id="114043">
<source m_id="26"/>
<target m_id="27"/>
</SLINK>
<SLINK r_id="114044">
<source m_id="31"/>
<target m_id="76"/>
</SLINK>
<TLINK comment="" r_id="114046" reltype="IS_INCLUDED" signalID="">
<source m_id="33"/>
<target m_id="34"/>
</TLINK>
<SLINK r_id="114047">
<source m_id="42"/>
<target m_id="44"/>
</SLINK>
<TLINK comment="" r_id="114048" reltype="IS_INCLUDED" signalID="">
<source m_id="42"/>
<target m_id="43"/>
</TLINK>
<TLINK comment="" r_id="114049" reltype="IS_INCLUDED" signalID="">
<source m_id="45"/>
<target m_id="47"/>
</TLINK>
<GLINK r_id="114069">
<source m_id="13"/>
<target m_id="11"/>
</GLINK>
<GLINK r_id="114070">
<source m_id="36"/>
<target m_id="39"/>
</GLINK>
<HAS_PARTICIPANT comment="" r_id="163019" sem_role="Arg1" sem_role_framework="PROPBANK">
<source m_id="80"/>
<target m_id="79"/>
</HAS_PARTICIPANT>
<TLINK comment="" r_id="274157" reltype="INCLUDES" signalID="">
<source m_id="1"/>
<target m_id="33"/>
</TLINK>
<TLINK comment="" r_id="274158" reltype="AFTER" signalID="">
<source m_id="1"/>
<target m_id="37"/>
</TLINK>





































<REFERS_TO r_id="163036">
<source m_id="30"/>
<source m_id="49"/>
<target m_id="122"/>
</REFERS_TO>
<REFERS_TO r_id="163037">
<source m_id="40"/>
<target m_id="113"/>
</REFERS_TO>
<REFERS_TO r_id="163038">
<source m_id="25"/>
<target m_id="112"/>
</REFERS_TO>
<REFERS_TO r_id="163039">
<source m_id="17"/>
<target m_id="115"/>
</REFERS_TO>
<REFERS_TO r_id="163040">
<source m_id="31"/>
<target m_id="61"/>
</REFERS_TO>
<REFERS_TO r_id="163041">
<source m_id="32"/>
<target m_id="62"/>
</REFERS_TO>
<REFERS_TO r_id="163042">
<source m_id="33"/>
<target m_id="63"/>
</REFERS_TO>
<REFERS_TO r_id="163043">
<source m_id="36"/>
<target m_id="65"/>
</REFERS_TO>
<REFERS_TO r_id="163044">
<source m_id="39"/>
<target m_id="66"/>
</REFERS_TO>
<REFERS_TO r_id="163045">
<source m_id="37"/>
<target m_id="67"/>
</REFERS_TO>
<REFERS_TO r_id="163046">
<source m_id="82"/>
<target m_id="83"/>
</REFERS_TO>
<REFERS_TO r_id="163047">
<source m_id="7"/>
<target m_id="119"/>
</REFERS_TO>

<REFERS_TO r_id="163049">
<source m_id="29"/>
<target m_id="84"/>
</REFERS_TO>
<REFERS_TO r_id="163050">
<source m_id="38"/>
<target m_id="123"/>
</REFERS_TO>
<REFERS_TO r_id="163051">
<source m_id="8"/>
<target m_id="20"/>
</REFERS_TO>
<REFERS_TO r_id="163052">
<source m_id="13"/>
<target m_id="22"/>
</REFERS_TO>
<REFERS_TO r_id="163053">
<source m_id="11"/>
<target m_id="23"/>
</REFERS_TO>
<REFERS_TO r_id="163054">
<source m_id="76"/>
<target m_id="77"/>
</REFERS_TO>

<REFERS_TO r_id="163056">
<source m_id="53"/>
<target m_id="75"/>
</REFERS_TO>
<REFERS_TO r_id="163057">
<source m_id="51"/>
<target m_id="74"/>
</REFERS_TO>
<REFERS_TO r_id="163058">
<source m_id="45"/>
<target m_id="73"/>
</REFERS_TO>
<REFERS_TO r_id="163059">
<source m_id="44"/>
<target m_id="72"/>
</REFERS_TO>
<REFERS_TO r_id="163060">
<source m_id="42"/>
<target m_id="71"/>
</REFERS_TO>


<REFERS_TO r_id="163063">
<source m_id="27"/>
<target m_id="59"/>
</REFERS_TO>
<REFERS_TO r_id="163064">

<source m_id="9"/>

<source m_id="80"/>
<source m_id="24"/>
<target m_id="114"/>
</REFERS_TO>
<REFERS_TO r_id="163065">
<source m_id="6"/>
<target m_id="19"/>
</REFERS_TO>
<REFERS_TO r_id="163066">
<source m_id="52"/>
<target m_id="54"/>
</REFERS_TO>
<REFERS_TO r_id="163067">
<source m_id="26"/>
<target m_id="57"/>
</REFERS_TO>
<REFERS_TO r_id="163068">
<source m_id="28"/>
<target m_id="56"/>
</REFERS_TO>
<REFERS_TO r_id="163069">
<source m_id="35"/>
<target m_id="117"/>
</REFERS_TO>
<REFERS_TO r_id="163070">
<source m_id="5"/>
<target m_id="116"/>
</REFERS_TO>
<REFERS_TO r_id="163071">
<source m_id="41"/>
<target m_id="124"/>
</REFERS_TO>
<REFERS_TO r_id="163072">
<source m_id="4"/>

<source m_id="2"/>
<source m_id="79"/>


<source m_id="3"/>
<target m_id="126"/>
</REFERS_TO>

</Relations>
</Document>