<?xml version="1.0" ?><Document doc_id="113330" doc_name="113330_Shares_worldwide_surge_due_to_US_government_plan" lang="en" url="http://en.wikinews.org/wiki/Shares_worldwide_surge_due_to_US_government_plan">
<token number="0" sentence="0" t_id="1">Shares</token>
<token number="1" sentence="0" t_id="2">worldwide</token>
<token number="2" sentence="0" t_id="3">surge</token>
<token number="3" sentence="0" t_id="4">due</token>
<token number="4" sentence="0" t_id="5">to</token>
<token number="5" sentence="0" t_id="6">US</token>
<token number="6" sentence="0" t_id="7">government</token>
<token number="7" sentence="0" t_id="8">plan</token>
<token number="8" sentence="1" t_id="9">September</token>
<token number="9" sentence="1" t_id="10">20</token>
<token number="10" sentence="1" t_id="11">,</token>
<token number="11" sentence="1" t_id="12">2008</token>
<token number="12" sentence="2" t_id="13">Stock</token>
<token number="13" sentence="2" t_id="14">markets</token>
<token number="14" sentence="2" t_id="15">around</token>
<token number="15" sentence="2" t_id="16">the</token>
<token number="16" sentence="2" t_id="17">world</token>
<token number="17" sentence="2" t_id="18">,</token>
<token number="18" sentence="2" t_id="19">particularly</token>
<token number="19" sentence="2" t_id="20">those</token>
<token number="20" sentence="2" t_id="21">in</token>
<token number="21" sentence="2" t_id="22">the</token>
<token number="22" sentence="2" t_id="23">United</token>
<token number="23" sentence="2" t_id="24">Kingdom</token>
<token number="24" sentence="2" t_id="25">,</token>
<token number="25" sentence="2" t_id="26">have</token>
<token number="26" sentence="2" t_id="27">increased</token>
<token number="27" sentence="2" t_id="28">dramatically</token>
<token number="28" sentence="2" t_id="29">today</token>
<token number="29" sentence="2" t_id="30">.</token>
<token number="30" sentence="3" t_id="31">This</token>
<token number="31" sentence="3" t_id="32">is</token>
<token number="32" sentence="3" t_id="33">due</token>
<token number="33" sentence="3" t_id="34">to</token>
<token number="34" sentence="3" t_id="35">the</token>
<token number="35" sentence="3" t_id="36">ongoing</token>
<token number="36" sentence="3" t_id="37">events</token>
<token number="37" sentence="3" t_id="38">in</token>
<token number="38" sentence="3" t_id="39">the</token>
<token number="39" sentence="3" t_id="40">financial</token>
<token number="40" sentence="3" t_id="41">world</token>
<token number="41" sentence="3" t_id="42">,</token>
<token number="42" sentence="3" t_id="43">including</token>
<token number="43" sentence="3" t_id="44">the</token>
<token number="44" sentence="3" t_id="45">United</token>
<token number="45" sentence="3" t_id="46">States</token>
<token number="46" sentence="3" t_id="47">government</token>
<token number="47" sentence="3" t_id="48">'s</token>
<token number="48" sentence="3" t_id="49">announcement</token>
<token number="49" sentence="3" t_id="50">that</token>
<token number="50" sentence="3" t_id="51">it</token>
<token number="51" sentence="3" t_id="52">would</token>
<token number="52" sentence="3" t_id="53">buy</token>
<token number="53" sentence="3" t_id="54">billions</token>
<token number="54" sentence="3" t_id="55">of</token>
<token number="55" sentence="3" t_id="56">dollars</token>
<token number="56" sentence="3" t_id="57">of</token>
<token number="57" sentence="3" t_id="58">bad</token>
<token number="58" sentence="3" t_id="59">loans</token>
<token number="59" sentence="3" t_id="60">from</token>
<token number="60" sentence="3" t_id="61">US</token>
<token number="61" sentence="3" t_id="62">banks</token>
<token number="62" sentence="3" t_id="63">.</token>
<token number="63" sentence="4" t_id="64">The</token>
<token number="64" sentence="4" t_id="65">primary</token>
<token number="65" sentence="4" t_id="66">UK</token>
<token number="66" sentence="4" t_id="67">index</token>
<token number="67" sentence="4" t_id="68">,</token>
<token number="68" sentence="4" t_id="69">the</token>
<token number="69" sentence="4" t_id="70">FTSE</token>
<token number="70" sentence="4" t_id="71">100</token>
<token number="71" sentence="4" t_id="72">,</token>
<token number="72" sentence="4" t_id="73">rose</token>
<token number="73" sentence="4" t_id="74">in</token>
<token number="74" sentence="4" t_id="75">value</token>
<token number="75" sentence="4" t_id="76">by</token>
<token number="76" sentence="4" t_id="77">8.04</token>
<token number="77" sentence="4" t_id="78">%</token>
<token number="78" sentence="4" t_id="79">,</token>
<token number="79" sentence="4" t_id="80">which</token>
<token number="80" sentence="4" t_id="81">is</token>
<token number="81" sentence="4" t_id="82">392.50</token>
<token number="82" sentence="4" t_id="83">points</token>
<token number="83" sentence="4" t_id="84">,</token>
<token number="84" sentence="4" t_id="85">to</token>
<token number="85" sentence="4" t_id="86">above</token>
<token number="86" sentence="4" t_id="87">the</token>
<token number="87" sentence="4" t_id="88">5000</token>
<token number="88" sentence="4" t_id="89">mark</token>
<token number="89" sentence="4" t_id="90">at</token>
<token number="90" sentence="4" t_id="91">5272.50</token>
<token number="91" sentence="4" t_id="92">.</token>
<token number="92" sentence="5" t_id="93">The</token>
<token number="93" sentence="5" t_id="94">Dow</token>
<token number="94" sentence="5" t_id="95">Jones</token>
<token number="95" sentence="5" t_id="96">,</token>
<token number="96" sentence="5" t_id="97">was</token>
<token number="97" sentence="5" t_id="98">up</token>
<token number="98" sentence="5" t_id="99">3.10</token>
<token number="99" sentence="5" t_id="100">%</token>
<token number="100" sentence="5" t_id="101">at</token>
<token number="101" sentence="5" t_id="102">14:58</token>
<token number="102" sentence="5" t_id="103">UTC</token>
<token number="103" sentence="5" t_id="104">,</token>
<token number="104" sentence="5" t_id="105">an</token>
<token number="105" sentence="5" t_id="106">increase</token>
<token number="106" sentence="5" t_id="107">of</token>
<token number="107" sentence="5" t_id="108">330.89</token>
<token number="108" sentence="5" t_id="109">.</token>
<token number="109" sentence="6" t_id="110">The</token>
<token number="110" sentence="6" t_id="111">Dow</token>
<token number="111" sentence="6" t_id="112">Jones</token>
<token number="112" sentence="6" t_id="113">currently</token>
<token number="113" sentence="6" t_id="114">has</token>
<token number="114" sentence="6" t_id="115">a</token>
<token number="115" sentence="6" t_id="116">value</token>
<token number="116" sentence="6" t_id="117">of</token>
<token number="117" sentence="6" t_id="118">11350.58</token>
<token number="118" sentence="6" t_id="119">points</token>
<token number="119" sentence="6" t_id="120">.</token>
<token number="120" sentence="7" t_id="121">The</token>
<token number="121" sentence="7" t_id="122">NASDAQ</token>
<token number="122" sentence="7" t_id="123">index</token>
<token number="123" sentence="7" t_id="124">has</token>
<token number="124" sentence="7" t_id="125">risen</token>
<token number="125" sentence="7" t_id="126">by</token>
<token number="126" sentence="7" t_id="127">2.53</token>
<token number="127" sentence="7" t_id="128">%</token>
<token number="128" sentence="7" t_id="129">to</token>
<token number="129" sentence="7" t_id="130">2248.63</token>
<token number="130" sentence="7" t_id="131">,</token>
<token number="131" sentence="7" t_id="132">while</token>
<token number="132" sentence="7" t_id="133">the</token>
<token number="133" sentence="7" t_id="134">Dax</token>
<token number="134" sentence="7" t_id="135">was</token>
<token number="135" sentence="7" t_id="136">5.06</token>
<token number="136" sentence="7" t_id="137">%</token>
<token number="137" sentence="7" t_id="138">higher</token>
<token number="138" sentence="7" t_id="139">than</token>
<token number="139" sentence="7" t_id="140">the</token>
<token number="140" sentence="7" t_id="141">start</token>
<token number="141" sentence="7" t_id="142">of</token>
<token number="142" sentence="7" t_id="143">the</token>
<token number="143" sentence="7" t_id="144">day</token>
<token number="144" sentence="7" t_id="145">as</token>
<token number="145" sentence="7" t_id="146">of</token>
<token number="146" sentence="7" t_id="147">14:58</token>
<token number="147" sentence="7" t_id="148">UTC</token>
<token number="148" sentence="7" t_id="149">.</token>
<token number="149" sentence="8" t_id="150">The</token>
<token number="150" sentence="8" t_id="151">US</token>
<token number="151" sentence="8" t_id="152">Treasury</token>
<token number="152" sentence="8" t_id="153">described</token>
<token number="153" sentence="8" t_id="154">the</token>
<token number="154" sentence="8" t_id="155">government</token>
<token number="155" sentence="8" t_id="156">'s</token>
<token number="156" sentence="8" t_id="157">bail-out</token>
<token number="157" sentence="8" t_id="158">plan</token>
<token number="158" sentence="8" t_id="159">in</token>
<token number="159" sentence="8" t_id="160">a</token>
<token number="160" sentence="8" t_id="161">press</token>
<token number="161" sentence="8" t_id="162">release</token>
<token number="162" sentence="8" t_id="163">released</token>
<token number="163" sentence="8" t_id="164">earlier</token>
<token number="164" sentence="8" t_id="165">today</token>
<token number="165" sentence="8" t_id="166">.</token>
<token number="166" sentence="9" t_id="167">It</token>
<token number="167" sentence="9" t_id="168">said</token>
<token number="168" sentence="9" t_id="169">that</token>
<token number="169" sentence="9" t_id="170">``</token>
<token number="170" sentence="9" t_id="171">The</token>
<token number="171" sentence="9" t_id="172">U.S.</token>
<token number="172" sentence="9" t_id="173">Treasury</token>
<token number="173" sentence="9" t_id="174">Department</token>
<token number="174" sentence="9" t_id="175">today</token>
<token number="175" sentence="9" t_id="176">announced</token>
<token number="176" sentence="9" t_id="177">the</token>
<token number="177" sentence="9" t_id="178">establishment</token>
<token number="178" sentence="9" t_id="179">of</token>
<token number="179" sentence="9" t_id="180">a</token>
<token number="180" sentence="9" t_id="181">temporary</token>
<token number="181" sentence="9" t_id="182">guaranty</token>
<token number="182" sentence="9" t_id="183">program</token>
<token number="183" sentence="9" t_id="184">for</token>
<token number="184" sentence="9" t_id="185">the</token>
<token number="185" sentence="9" t_id="186">U.S.</token>
<token number="186" sentence="9" t_id="187">money</token>
<token number="187" sentence="9" t_id="188">market</token>
<token number="188" sentence="9" t_id="189">mutual</token>
<token number="189" sentence="9" t_id="190">fund</token>
<token number="190" sentence="9" t_id="191">industry</token>
<token number="191" sentence="9" t_id="192">.</token>
<token number="192" sentence="10" t_id="193">For</token>
<token number="193" sentence="10" t_id="194">the</token>
<token number="194" sentence="10" t_id="195">next</token>
<token number="195" sentence="10" t_id="196">year</token>
<token number="196" sentence="10" t_id="197">,</token>
<token number="197" sentence="10" t_id="198">the</token>
<token number="198" sentence="10" t_id="199">U.S.</token>
<token number="199" sentence="10" t_id="200">Treasury</token>
<token number="200" sentence="10" t_id="201">will</token>
<token number="201" sentence="10" t_id="202">insure</token>
<token number="202" sentence="10" t_id="203">the</token>
<token number="203" sentence="10" t_id="204">holdings</token>
<token number="204" sentence="10" t_id="205">of</token>
<token number="205" sentence="10" t_id="206">any</token>
<token number="206" sentence="10" t_id="207">publicly</token>
<token number="207" sentence="10" t_id="208">offered</token>
<token number="208" sentence="10" t_id="209">eligible</token>
<token number="209" sentence="10" t_id="210">money</token>
<token number="210" sentence="10" t_id="211">market</token>
<token number="211" sentence="10" t_id="212">mutual</token>
<token number="212" sentence="10" t_id="213">fund</token>
<token number="213" sentence="10" t_id="214">--</token>
<token number="214" sentence="10" t_id="215">both</token>
<token number="215" sentence="10" t_id="216">retail</token>
<token number="216" sentence="10" t_id="217">and</token>
<token number="217" sentence="10" t_id="218">institutional</token>
<token number="218" sentence="10" t_id="219">--</token>
<token number="219" sentence="10" t_id="220">that</token>
<token number="220" sentence="10" t_id="221">pays</token>
<token number="221" sentence="10" t_id="222">a</token>
<token number="222" sentence="10" t_id="223">fee</token>
<token number="223" sentence="10" t_id="224">to</token>
<token number="224" sentence="10" t_id="225">participate</token>
<token number="225" sentence="10" t_id="226">in</token>
<token number="226" sentence="10" t_id="227">the</token>
<token number="227" sentence="10" t_id="228">program</token>
<token number="228" sentence="10" t_id="229">.</token>
<token number="229" sentence="10" t_id="230">''</token>
<token number="230" sentence="11" t_id="231">Henry</token>
<token number="231" sentence="11" t_id="232">Paulson</token>
<token number="232" sentence="11" t_id="233">,</token>
<token number="233" sentence="11" t_id="234">the</token>
<token number="234" sentence="11" t_id="235">US</token>
<token number="235" sentence="11" t_id="236">Treasury</token>
<token number="236" sentence="11" t_id="237">Secretary</token>
<token number="237" sentence="11" t_id="238">,</token>
<token number="238" sentence="11" t_id="239">explained</token>
<token number="239" sentence="11" t_id="240">the</token>
<token number="240" sentence="11" t_id="241">government</token>
<token number="241" sentence="11" t_id="242">'s</token>
<token number="242" sentence="11" t_id="243">reasoning</token>
<token number="243" sentence="11" t_id="244">behind</token>
<token number="244" sentence="11" t_id="245">its</token>
<token number="245" sentence="11" t_id="246">plan</token>
<token number="246" sentence="11" t_id="247">.</token>
<token number="247" sentence="12" t_id="248">He</token>
<token number="248" sentence="12" t_id="249">said</token>
<token number="249" sentence="12" t_id="250">that</token>
<token number="250" sentence="12" t_id="251">the</token>
<token number="251" sentence="12" t_id="252">government</token>
<token number="252" sentence="12" t_id="253">was</token>
<token number="253" sentence="12" t_id="254">buying</token>
<token number="254" sentence="12" t_id="255">bad</token>
<token number="255" sentence="12" t_id="256">loans</token>
<token number="256" sentence="12" t_id="257">``</token>
<token number="257" sentence="12" t_id="258">to</token>
<token number="258" sentence="12" t_id="259">restore</token>
<token number="259" sentence="12" t_id="260">confidence</token>
<token number="260" sentence="12" t_id="261">in</token>
<token number="261" sentence="12" t_id="262">our</token>
<token number="262" sentence="12" t_id="263">markets</token>
<token number="263" sentence="12" t_id="264">and</token>
<token number="264" sentence="12" t_id="265">our</token>
<token number="265" sentence="12" t_id="266">financial</token>
<token number="266" sentence="12" t_id="267">institutions</token>
<token number="267" sentence="12" t_id="268">,</token>
<token number="268" sentence="12" t_id="269">so</token>
<token number="269" sentence="12" t_id="270">they</token>
<token number="270" sentence="12" t_id="271">can</token>
<token number="271" sentence="12" t_id="272">fuel</token>
<token number="272" sentence="12" t_id="273">continued</token>
<token number="273" sentence="12" t_id="274">growth</token>
<token number="274" sentence="12" t_id="275">and</token>
<token number="275" sentence="12" t_id="276">prosperity</token>
<token number="276" sentence="12" t_id="277">,</token>
<token number="277" sentence="12" t_id="278">we</token>
<token number="278" sentence="12" t_id="279">must</token>
<token number="279" sentence="12" t_id="280">address</token>
<token number="280" sentence="12" t_id="281">the</token>
<token number="281" sentence="12" t_id="282">underlying</token>
<token number="282" sentence="12" t_id="283">problem</token>
<token number="283" sentence="12" t_id="284">.</token>
<token number="284" sentence="12" t_id="285">''</token>
<token number="285" sentence="13" t_id="286">President</token>
<token number="286" sentence="13" t_id="287">George</token>
<token number="287" sentence="13" t_id="288">W.</token>
<token number="288" sentence="13" t_id="289">Bush</token>
<token number="289" sentence="13" t_id="290">,</token>
<token number="290" sentence="13" t_id="291">speaking</token>
<token number="291" sentence="13" t_id="292">at</token>
<token number="292" sentence="13" t_id="293">a</token>
<token number="293" sentence="13" t_id="294">press</token>
<token number="294" sentence="13" t_id="295">conference</token>
<token number="295" sentence="13" t_id="296">alongside</token>
<token number="296" sentence="13" t_id="297">Paulson</token>
<token number="297" sentence="13" t_id="298">,</token>
<token number="298" sentence="13" t_id="299">said</token>
<token number="299" sentence="13" t_id="300">``</token>
<token number="300" sentence="13" t_id="301">this</token>
<token number="301" sentence="13" t_id="302">is</token>
<token number="302" sentence="13" t_id="303">a</token>
<token number="303" sentence="13" t_id="304">pivotal</token>
<token number="304" sentence="13" t_id="305">moment</token>
<token number="305" sentence="13" t_id="306">for</token>
<token number="306" sentence="13" t_id="307">America</token>
<token number="307" sentence="13" t_id="308">'s</token>
<token number="308" sentence="13" t_id="309">economy</token>
<token number="309" sentence="13" t_id="310">.</token>
<token number="310" sentence="13" t_id="311">''</token>
<token number="311" sentence="14" t_id="312">The</token>
<token number="312" sentence="14" t_id="313">government</token>
<token number="313" sentence="14" t_id="314">plan</token>
<token number="314" sentence="14" t_id="315">is</token>
<token number="315" sentence="14" t_id="316">permitted</token>
<token number="316" sentence="14" t_id="317">under</token>
<token number="317" sentence="14" t_id="318">the</token>
<token number="318" sentence="14" t_id="319">Gold</token>
<token number="319" sentence="14" t_id="320">Reserve</token>
<token number="320" sentence="14" t_id="321">Act</token>
<token number="321" sentence="14" t_id="322">of</token>
<token number="322" sentence="14" t_id="323">1934</token>
<token number="323" sentence="14" t_id="324">,</token>
<token number="324" sentence="14" t_id="325">which</token>
<token number="325" sentence="14" t_id="326">gives</token>
<token number="326" sentence="14" t_id="327">the</token>
<token number="327" sentence="14" t_id="328">Treasury</token>
<token number="328" sentence="14" t_id="329">the</token>
<token number="329" sentence="14" t_id="330">permission</token>
<token number="330" sentence="14" t_id="331">``</token>
<token number="331" sentence="14" t_id="332">to</token>
<token number="332" sentence="14" t_id="333">deal</token>
<token number="333" sentence="14" t_id="334">in</token>
<token number="334" sentence="14" t_id="335">gold</token>
<token number="335" sentence="14" t_id="336">,</token>
<token number="336" sentence="14" t_id="337">foreign</token>
<token number="337" sentence="14" t_id="338">exchange</token>
<token number="338" sentence="14" t_id="339">,</token>
<token number="339" sentence="14" t_id="340">and</token>
<token number="340" sentence="14" t_id="341">other</token>
<token number="341" sentence="14" t_id="342">instruments</token>
<token number="342" sentence="14" t_id="343">of</token>
<token number="343" sentence="14" t_id="344">credit</token>
<token number="344" sentence="14" t_id="345">and</token>
<token number="345" sentence="14" t_id="346">securities</token>
<token number="346" sentence="14" t_id="347">.</token>
<token number="347" sentence="14" t_id="348">''</token>
<Markables>
<C-SIGNAL comment="" m_id="58">
<token_anchor t_id="4"/>
<token_anchor t_id="5"/>
</C-SIGNAL>
<C-SIGNAL comment="" m_id="8">
<token_anchor t_id="33"/>
<token_anchor t_id="34"/>
</C-SIGNAL>
<ENTITY_MENTION comment="" head="" m_id="19" syntactic_type="APP">
<token_anchor t_id="64"/>
<token_anchor t_id="65"/>
<token_anchor t_id="66"/>
<token_anchor t_id="67"/>
<token_anchor t_id="68"/>
<token_anchor t_id="69"/>
<token_anchor t_id="70"/>
<token_anchor t_id="71"/>
</ENTITY_MENTION>
<ENTITY_MENTION comment="" head="FTSE 100" m_id="20" syntactic_type="NAM">
<token_anchor t_id="69"/>
<token_anchor t_id="70"/>
<token_anchor t_id="71"/>
</ENTITY_MENTION>
<ENTITY_MENTION comment="" head="" m_id="21" syntactic_type="">
<token_anchor t_id="66"/>
</ENTITY_MENTION>
<ENTITY_MENTION comment="" head="Dow Jones" m_id="27" syntactic_type="NAM">
<token_anchor t_id="93"/>
<token_anchor t_id="94"/>
<token_anchor t_id="95"/>
</ENTITY_MENTION>
<ENTITY_MENTION comment="" head="stock markets" m_id="2" syntactic_type="NOM">
<token_anchor t_id="13"/>
<token_anchor t_id="14"/>
<token_anchor t_id="15"/>
<token_anchor t_id="16"/>
<token_anchor t_id="17"/>
</ENTITY_MENTION>
<ENTITY_MENTION comment="" head="US" m_id="47" syntactic_type="NAM">
<token_anchor t_id="61"/>
</ENTITY_MENTION>
<ENTITY_MENTION comment="" head="world" m_id="3" syntactic_type="NOM">
<token_anchor t_id="16"/>
<token_anchor t_id="17"/>
</ENTITY_MENTION>
<ENTITY_MENTION comment="" head="index" m_id="48" syntactic_type="NOM">
<token_anchor t_id="64"/>
<token_anchor t_id="65"/>
<token_anchor t_id="66"/>
<token_anchor t_id="67"/>
</ENTITY_MENTION>
<ENTITY_MENTION comment="" head="those" m_id="4" syntactic_type="PRO">
<token_anchor t_id="20"/>
<token_anchor t_id="21"/>
<token_anchor t_id="22"/>
<token_anchor t_id="23"/>
<token_anchor t_id="24"/>
</ENTITY_MENTION>
<ENTITY_MENTION comment="" head="United Kingdom" m_id="5" syntactic_type="NAM">
<token_anchor t_id="22"/>
<token_anchor t_id="23"/>
<token_anchor t_id="24"/>
</ENTITY_MENTION>
<ENTITY_MENTION comment="" head="shares" m_id="56" syntactic_type="NOM">
<token_anchor t_id="1"/>
<token_anchor t_id="2"/>
</ENTITY_MENTION>
<ENTITY_MENTION comment="" head="US government" m_id="59" syntactic_type="NAM">
<token_anchor t_id="6"/>
<token_anchor t_id="7"/>
</ENTITY_MENTION>
<ENTITY_MENTION comment="" head="world" m_id="12" syntactic_type="NOM">
<token_anchor t_id="39"/>
<token_anchor t_id="40"/>
<token_anchor t_id="41"/>
</ENTITY_MENTION>
<ENTITY_MENTION comment="" head="government" m_id="13" syntactic_type="NOM">
<token_anchor t_id="44"/>
<token_anchor t_id="45"/>
<token_anchor t_id="46"/>
<token_anchor t_id="47"/>
</ENTITY_MENTION>
<ENTITY_MENTION comment="" head="it" m_id="15" syntactic_type="PRO">
<token_anchor t_id="51"/>
</ENTITY_MENTION>
<ENTITY_MENTION comment="" head="loans" m_id="17" syntactic_type="NOM">
<token_anchor t_id="54"/>
<token_anchor t_id="55"/>
<token_anchor t_id="56"/>
<token_anchor t_id="57"/>
<token_anchor t_id="58"/>
<token_anchor t_id="59"/>
</ENTITY_MENTION>
<ENTITY_MENTION comment="" head="banks" m_id="18" syntactic_type="NOM">
<token_anchor t_id="61"/>
<token_anchor t_id="62"/>
</ENTITY_MENTION>
<EVENT_MENTION aspect="NONE" certainty="CERTAIN" comment="" m_id="22" modality="" polarity="POS" pos="VERB" pred="rise" special_cases="NONE" tense="PAST" time="NON_FUTURE">
<token_anchor t_id="73"/>
</EVENT_MENTION>
<EVENT_MENTION aspect="NONE" certainty="CERTAIN" comment="" m_id="28" modality="" polarity="POS" pos="VERB" pred="be" special_cases="NONE" tense="PAST" time="NON_FUTURE">
<token_anchor t_id="97"/>
</EVENT_MENTION>
<EVENT_MENTION aspect="NONE" certainty="CERTAIN" comment="" m_id="31" modality="" polarity="POS" pos="NOUN" pred="increase" special_cases="NONE" tense="PRESENT" time="NON_FUTURE">
<token_anchor t_id="106"/>
</EVENT_MENTION>
<EVENT_MENTION aspect="NONE" certainty="CERTAIN" comment="" m_id="51" modality="" polarity="POS" pos="VERB" pred="be" special_cases="NONE" tense="PRESENT" time="NON_FUTURE">
<token_anchor t_id="81"/>
</EVENT_MENTION>
<EVENT_MENTION aspect="PERFECTIVE" certainty="CERTAIN" comment="" m_id="54" modality="" polarity="POS" pos="OTHER" pred="ongoing" special_cases="NONE" tense="NONE" time="NON_FUTURE">
<token_anchor t_id="36"/>
</EVENT_MENTION>
<EVENT_MENTION aspect="PERFECTIVE" certainty="CERTAIN" comment="" m_id="6" modality="" polarity="POS" pos="VERB" pred="increase" special_cases="NONE" tense="PAST" time="NON_FUTURE">
<token_anchor t_id="27"/>
</EVENT_MENTION>
<EVENT_MENTION aspect="NONE" certainty="CERTAIN" comment="" m_id="57" modality="" polarity="POS" pos="VERB" pred="surge" special_cases="NONE" tense="PRESENT" time="NON_FUTURE">
<token_anchor t_id="3"/>
</EVENT_MENTION>
<EVENT_MENTION aspect="NONE" certainty="CERTAIN" comment="" m_id="9" modality="" polarity="POS" pos="OTHER" pred="this" special_cases="NONE" tense="NONE" time="NON_FUTURE">
<token_anchor t_id="31"/>
</EVENT_MENTION>
<EVENT_MENTION aspect="" certainty="CERTAIN" comment="" m_id="60" modality="" polarity="POS" pos="NOUN" pred="plan" special_cases="NONE" tense="" time="NON_FUTURE">
<token_anchor t_id="8"/>
</EVENT_MENTION>
<EVENT_MENTION aspect="NONE" certainty="CERTAIN" comment="" m_id="10" modality="" polarity="POS" pos="VERB" pred="be" special_cases="NONE" tense="PRESENT" time="NON_FUTURE">
<token_anchor t_id="32"/>
</EVENT_MENTION>
<EVENT_MENTION aspect="NONE" certainty="CERTAIN" comment="" m_id="11" modality="" polarity="POS" pos="NOUN" pred="event" special_cases="NONE" tense="NONE" time="NON_FUTURE">
<token_anchor t_id="37"/>
</EVENT_MENTION>
<EVENT_MENTION aspect="NONE" certainty="CERTAIN" comment="" m_id="14" modality="" polarity="POS" pos="NOUN" pred="announcement" special_cases="NONE" tense="NONE" time="NON_FUTURE">
<token_anchor t_id="49"/>
</EVENT_MENTION>
<EVENT_MENTION aspect="NONE" certainty="CERTAIN" comment="" m_id="16" modality="would" polarity="POS" pos="VERB" pred="buy" special_cases="NONE" tense="NONE" time="FUTURE">
<token_anchor t_id="53"/>
</EVENT_MENTION>
<TIMEX3 anchorTimeID="1" beginPoint="" comment="" endPoint="" functionInDocument="NONE" m_id="30" type="TIME" value="2008-09-20T14:58Z">
<token_anchor t_id="102"/>
<token_anchor t_id="103"/>
</TIMEX3>
<TIMEX3 anchorTimeID="" beginPoint="" comment="" endPoint="" functionInDocument="CREATION_TIME" m_id="1" type="DATE" value="2008-09-20">
<token_anchor t_id="9"/>
<token_anchor t_id="10"/>
<token_anchor t_id="11"/>
<token_anchor t_id="12"/>
</TIMEX3>
<TIMEX3 anchorTimeID="1" beginPoint="" comment="" endPoint="" functionInDocument="NONE" m_id="7" type="DATE" value="2008-09-20">
<token_anchor t_id="29"/>
</TIMEX3>
<VALUE comment="" m_id="23" type="PERCENT">
<token_anchor t_id="77"/>
<token_anchor t_id="78"/>
</VALUE>
<VALUE comment="" m_id="24" type="QUANTITY">
<token_anchor t_id="82"/>
<token_anchor t_id="83"/>
</VALUE>
<VALUE comment="" m_id="25" type="QUANTITY">
<token_anchor t_id="88"/>
<token_anchor t_id="89"/>
</VALUE>
<VALUE comment="" m_id="26" type="QUANTITY">
<token_anchor t_id="91"/>
</VALUE>
<VALUE comment="" m_id="29" type="PERCENT">
<token_anchor t_id="99"/>
<token_anchor t_id="100"/>
</VALUE>
<VALUE comment="" m_id="32" type="QUANTITY">
<token_anchor t_id="108"/>
</VALUE>
<VALUE comment="" m_id="45" type="MONEY">
<token_anchor t_id="54"/>
<token_anchor t_id="55"/>
<token_anchor t_id="56"/>
</VALUE>





<EVENT TAG_DESCRIPTOR="ongoing" class="GRAMMATICAL" comment="" external_ref="" m_id="55"/>
<EVENT TAG_DESCRIPTOR="buy" class="OTHER" comment="" external_ref="" m_id="43"/>
<EVENT TAG_DESCRIPTOR="announcement" class="SPEECH_COGNITIVE" comment="" external_ref="" m_id="40"/><EVENT TAG_DESCRIPTOR="event" class="OTHER" comment="" external_ref="" m_id="39"/>
<EVENT TAG_DESCRIPTOR="be" class="GRAMMATICAL" comment="" external_ref="" m_id="38"/><EVENT TAG_DESCRIPTOR="rise 20 september 2008 ftse" class="OTHER" instance_id="OTH40454224594333653" m_id="97"/>
<EVENT TAG_DESCRIPTOR="increase" class="OTHER" instance_id="OTH40864720475985973" m_id="96"/><EVENT TAG_DESCRIPTOR="plan" class="SPEECH_COGNITIVE" comment="" external_ref="" m_id="62"/>
<EVENT TAG_DESCRIPTOR="was 20 september 2008 dow " class="OTHER" instance_id="OTH40795018115197866" m_id="94"/>
<ENTITY TAG_DESCRIPTOR="bad loans" ent_type="FIN" instance_id="FIN44169862126831978" m_id="106"/><ENTITY TAG_DESCRIPTOR="US banks" ent_type="ORG" instance_id="ORG43995193106187133" m_id="105"/>
<ENTITY TAG_DESCRIPTOR="Worldwide stock markets" ent_type="FIN" external_ref="http://dbpedia.org/resource/Stock_market" instance_id="FIN40197049224228580" m_id="104"/><ENTITY TAG_DESCRIPTOR="Dow Jones Industrial Average" ent_type="FIN" external_ref="http://dbpedia.org/resource/Dow_Jones_Industrial_Average" instance_id="FIN39323676120351079" m_id="103"/>
<ENTITY TAG_DESCRIPTOR="shares worldwide" ent_type="FIN" instance_id="FIN44084121631168981" m_id="101"/>
<ENTITY TAG_DESCRIPTOR="United Kingdom" ent_type="LOC" external_ref="http://dbpedia.org/resource/United_Kingdom" instance_id="LOC27735930596276101" m_id="99"/><ENTITY TAG_DESCRIPTOR="financial world" ent_type="FIN" instance_id="FIN44060642242291052" m_id="98"/>
<ENTITY TAG_DESCRIPTOR="Earth" ent_type="LOC" external_ref="http://dbpedia.org/resource/Earth" instance_id="LOC27738550854291187" m_id="95"/><ENTITY TAG_DESCRIPTOR="United States of America " ent_type="LOC" external_ref="http://dbpedia.org/resource/United_States" instance_id="LOC27735327659249054" m_id="93"/>
<ENTITY TAG_DESCRIPTOR="FTSE 100 index" ent_type="FIN" external_ref="http://dbpedia.org/resource/FTSE_100_Index" instance_id="FIN39676646219701103" m_id="92"/><ENTITY TAG_DESCRIPTOR="British stock markets" ent_type="FIN" instance_id="FIN44084029163573456" m_id="91"/></Markables>
<Relations>
<SLINK r_id="123117">
<source m_id="14"/>
<target m_id="16"/>
</SLINK>
<HAS_PARTICIPANT comment="" r_id="123153" sem_role="Arg1" sem_role_framework="PROPBANK">
<source m_id="6"/>
<target m_id="2"/>
</HAS_PARTICIPANT>
<HAS_PARTICIPANT comment="" r_id="123155" sem_role="Arg0" sem_role_framework="PROPBANK">
<source m_id="14"/>
<target m_id="13"/>
</HAS_PARTICIPANT>
<GLINK r_id="123157">
<source m_id="54"/>
<target m_id="11"/>
</GLINK>
<HAS_PARTICIPANT comment="" r_id="123158" sem_role="Arg0" sem_role_framework="PROPBANK">
<source m_id="16"/>
<target m_id="15"/>
</HAS_PARTICIPANT>
<HAS_PARTICIPANT comment="" r_id="123159" sem_role="Arg1" sem_role_framework="PROPBANK">
<source m_id="16"/>
<target m_id="17"/>
</HAS_PARTICIPANT>
<HAS_PARTICIPANT comment="" r_id="123160" sem_role="Arg2" sem_role_framework="PROPBANK">
<source m_id="16"/>
<target m_id="18"/>
</HAS_PARTICIPANT>
<HAS_PARTICIPANT comment="" r_id="123161" sem_role="Arg1" sem_role_framework="PROPBANK">
<source m_id="22"/>
<target m_id="19"/>
</HAS_PARTICIPANT>
<HAS_PARTICIPANT comment="" r_id="123162" sem_role="Arg2" sem_role_framework="PROPBANK">
<source m_id="22"/>
<target m_id="23"/>
</HAS_PARTICIPANT>
<HAS_PARTICIPANT comment="" r_id="123163" sem_role="Arg0" sem_role_framework="PROPBANK">
<source m_id="51"/>
<target m_id="23"/>
</HAS_PARTICIPANT>
<HAS_PARTICIPANT comment="" r_id="123164" sem_role="Arg1" sem_role_framework="PROPBANK">
<source m_id="51"/>
<target m_id="24"/>
</HAS_PARTICIPANT>
<CLINK r_id="123169">
<source m_id="11"/>
<target m_id="9"/>
</CLINK>
<TLINK comment="" r_id="123170" reltype="IS_INCLUDED" signalID="">
<source m_id="1"/>
<target m_id="6"/>
</TLINK>
<TLINK comment="" r_id="123171" reltype="IS_INCLUDED" signalID="">
<source m_id="6"/>
<target m_id="7"/>
</TLINK>
<TLINK comment="" r_id="123172" reltype="INCLUDES" signalID="">
<source m_id="1"/>
<target m_id="10"/>
</TLINK>
<TLINK comment="" r_id="123173" reltype="INCLUDES" signalID="">
<source m_id="1"/>
<target m_id="22"/>
</TLINK>
<TLINK comment="" r_id="123174" reltype="INCLUDES" signalID="">
<source m_id="1"/>
<target m_id="28"/>
</TLINK>
<HAS_PARTICIPANT comment="" r_id="126085" sem_role="Arg4" sem_role_framework="PROPBANK">
<source m_id="31"/>
<target m_id="32"/>
</HAS_PARTICIPANT>
<TLINK comment="" r_id="126086" reltype="SIMULTANEOUS" signalID="">
<source m_id="6"/>
<target m_id="22"/>
</TLINK>
<TLINK comment="" r_id="126088" reltype="BEGUN_BY" signalID="">
<source m_id="28"/>
<target m_id="30"/>
</TLINK>
<CLINK r_id="163005">
<source m_id="60"/>
<target m_id="57"/>
</CLINK>























<REFERS_TO r_id="163025">
<source m_id="4"/>
<target m_id="91"/>
</REFERS_TO>
<REFERS_TO r_id="163026">
<source m_id="60"/>
<target m_id="62"/>
</REFERS_TO>
<REFERS_TO r_id="163027">
<source m_id="13"/>
<source m_id="47"/>
<source m_id="59"/>
<source m_id="15"/>
<target m_id="93"/>
</REFERS_TO>
<REFERS_TO r_id="163028">
<source m_id="20"/>
<source m_id="19"/>
<source m_id="48"/>
<target m_id="92"/>
</REFERS_TO>
<REFERS_TO r_id="163029">
<source m_id="3"/>
<target m_id="95"/>
</REFERS_TO>
<REFERS_TO r_id="163030">
<source m_id="16"/>
<target m_id="43"/>
</REFERS_TO>
<REFERS_TO r_id="163031">
<source m_id="14"/>
<target m_id="40"/>
</REFERS_TO>

<REFERS_TO r_id="163033">
<source m_id="22"/>
<target m_id="97"/>
</REFERS_TO>
<REFERS_TO r_id="163034">
<source m_id="6"/>
<source m_id="57"/>
<source m_id="9"/>
<target m_id="96"/>
</REFERS_TO>
<REFERS_TO r_id="163035">
<source m_id="5"/>
<source m_id="21"/>
<target m_id="99"/>
</REFERS_TO>
<REFERS_TO r_id="163036">
<source m_id="12"/>
<target m_id="98"/>
</REFERS_TO>


<REFERS_TO r_id="163039">

<source m_id="27"/>
<target m_id="103"/>
</REFERS_TO>

<REFERS_TO r_id="163041">
<source m_id="56"/>
<target m_id="101"/>
</REFERS_TO>
<REFERS_TO r_id="163042">
<source m_id="17"/>
<target m_id="106"/>
</REFERS_TO>
<REFERS_TO r_id="163043">
<source m_id="31"/>
<source m_id="28"/>
<target m_id="94"/>
</REFERS_TO>
<REFERS_TO r_id="163044">
<source m_id="2"/>
<target m_id="104"/>
</REFERS_TO>
<REFERS_TO r_id="163045">
<source m_id="18"/>
<target m_id="105"/>
</REFERS_TO>
<REFERS_TO r_id="163046">
<source m_id="11"/>
<target m_id="39"/>
</REFERS_TO>
<REFERS_TO r_id="163047">
<source m_id="10"/>
<source m_id="51"/>
<target m_id="38"/>
</REFERS_TO>
<REFERS_TO r_id="163048">
<source m_id="54"/>
<target m_id="55"/>
</REFERS_TO>
</Relations>
</Document>