<?xml version="1.0" ?><Document doc_id="114565" doc_name="114565_Worldwide_markets_fall_precipitously" lang="en" url="http://en.wikinews.org/wiki/Worldwide_markets_fall_precipitously">
<token number="0" sentence="0" t_id="1">Worldwide</token>
<token number="1" sentence="0" t_id="2">markets</token>
<token number="2" sentence="0" t_id="3">fall</token>
<token number="3" sentence="0" t_id="4">precipitously</token>
<token number="4" sentence="1" t_id="5">October</token>
<token number="5" sentence="1" t_id="6">06</token>
<token number="6" sentence="1" t_id="7">,</token>
<token number="7" sentence="1" t_id="8">2008</token>
<token number="8" sentence="2" t_id="9">Stock</token>
<token number="9" sentence="2" t_id="10">markets</token>
<token number="10" sentence="2" t_id="11">around</token>
<token number="11" sentence="2" t_id="12">the</token>
<token number="12" sentence="2" t_id="13">world</token>
<token number="13" sentence="2" t_id="14">have</token>
<token number="14" sentence="2" t_id="15">fallen</token>
<token number="15" sentence="2" t_id="16">dramatically</token>
<token number="16" sentence="2" t_id="17">today</token>
<token number="17" sentence="2" t_id="18">.</token>
<token number="18" sentence="3" t_id="19">This</token>
<token number="19" sentence="3" t_id="20">is</token>
<token number="20" sentence="3" t_id="21">following</token>
<token number="21" sentence="3" t_id="22">the</token>
<token number="22" sentence="3" t_id="23">ongoing</token>
<token number="23" sentence="3" t_id="24">events</token>
<token number="24" sentence="3" t_id="25">in</token>
<token number="25" sentence="3" t_id="26">the</token>
<token number="26" sentence="3" t_id="27">financial</token>
<token number="27" sentence="3" t_id="28">world</token>
<token number="28" sentence="3" t_id="29">,</token>
<token number="29" sentence="3" t_id="30">including</token>
<token number="30" sentence="3" t_id="31">the</token>
<token number="31" sentence="3" t_id="32">US</token>
<token number="32" sentence="3" t_id="33">Government</token>
<token number="33" sentence="3" t_id="34">'s</token>
<token number="34" sentence="3" t_id="35">$</token>
<token number="35" sentence="3" t_id="36">700</token>
<token number="36" sentence="3" t_id="37">billion</token>
<token number="37" sentence="3" t_id="38">bail</token>
<token number="38" sentence="3" t_id="39">out</token>
<token number="39" sentence="3" t_id="40">of</token>
<token number="40" sentence="3" t_id="41">the</token>
<token number="41" sentence="3" t_id="42">financial</token>
<token number="42" sentence="3" t_id="43">sector</token>
<token number="43" sentence="3" t_id="44">.</token>
<token number="44" sentence="4" t_id="45">As</token>
<token number="45" sentence="4" t_id="46">of</token>
<token number="46" sentence="4" t_id="47">14:48</token>
<token number="47" sentence="4" t_id="48">UTC</token>
<token number="48" sentence="4" t_id="49">,</token>
<token number="49" sentence="4" t_id="50">the</token>
<token number="50" sentence="4" t_id="51">primary</token>
<token number="51" sentence="4" t_id="52">UK</token>
<token number="52" sentence="4" t_id="53">index</token>
<token number="53" sentence="4" t_id="54">,</token>
<token number="54" sentence="4" t_id="55">the</token>
<token number="55" sentence="4" t_id="56">FTSE</token>
<token number="56" sentence="4" t_id="57">100</token>
<token number="57" sentence="4" t_id="58">,</token>
<token number="58" sentence="4" t_id="59">dropped</token>
<token number="59" sentence="4" t_id="60">in</token>
<token number="60" sentence="4" t_id="61">value</token>
<token number="61" sentence="4" t_id="62">by</token>
<token number="62" sentence="4" t_id="63">6.50</token>
<token number="63" sentence="4" t_id="64">%</token>
<token number="64" sentence="4" t_id="65">(</token>
<token number="65" sentence="4" t_id="66">323.65</token>
<token number="66" sentence="4" t_id="67">points</token>
<token number="67" sentence="4" t_id="68">)</token>
<token number="68" sentence="4" t_id="69">to</token>
<token number="69" sentence="4" t_id="70">a</token>
<token number="70" sentence="4" t_id="71">point</token>
<token number="71" sentence="4" t_id="72">even</token>
<token number="72" sentence="4" t_id="73">further</token>
<token number="73" sentence="4" t_id="74">below</token>
<token number="74" sentence="4" t_id="75">the</token>
<token number="75" sentence="4" t_id="76">5000</token>
<token number="76" sentence="4" t_id="77">mark</token>
<token number="77" sentence="4" t_id="78">at</token>
<token number="78" sentence="4" t_id="79">4656.60</token>
<token number="79" sentence="4" t_id="80">.</token>
<token number="80" sentence="5" t_id="81">The</token>
<token number="81" sentence="5" t_id="82">Dow</token>
<token number="82" sentence="5" t_id="83">Jones</token>
<token number="83" sentence="5" t_id="84">,</token>
<token number="84" sentence="5" t_id="85">was</token>
<token number="85" sentence="5" t_id="86">down</token>
<token number="86" sentence="5" t_id="87">3.76</token>
<token number="87" sentence="5" t_id="88">%</token>
<token number="88" sentence="5" t_id="89">at</token>
<token number="89" sentence="5" t_id="90">16:08</token>
<token number="90" sentence="5" t_id="91">UTC</token>
<token number="91" sentence="5" t_id="92">,</token>
<token number="92" sentence="5" t_id="93">a</token>
<token number="93" sentence="5" t_id="94">slight</token>
<token number="94" sentence="5" t_id="95">increase</token>
<token number="95" sentence="5" t_id="96">from</token>
<token number="96" sentence="5" t_id="97">earlier</token>
<token number="97" sentence="5" t_id="98">today</token>
<token number="98" sentence="5" t_id="99">.</token>
<token number="99" sentence="6" t_id="100">The</token>
<token number="100" sentence="6" t_id="101">Dow</token>
<token number="101" sentence="6" t_id="102">Jones</token>
<token number="102" sentence="6" t_id="103">currently</token>
<token number="103" sentence="6" t_id="104">has</token>
<token number="104" sentence="6" t_id="105">a</token>
<token number="105" sentence="6" t_id="106">value</token>
<token number="106" sentence="6" t_id="107">of</token>
<token number="107" sentence="6" t_id="108">9936.94</token>
<token number="108" sentence="6" t_id="109">points</token>
<token number="109" sentence="6" t_id="110">,</token>
<token number="110" sentence="6" t_id="111">below</token>
<token number="111" sentence="6" t_id="112">the</token>
<token number="112" sentence="6" t_id="113">ten</token>
<token number="113" sentence="6" t_id="114">thousand</token>
<token number="114" sentence="6" t_id="115">mark</token>
<token number="115" sentence="6" t_id="116">.</token>
<token number="116" sentence="7" t_id="117">The</token>
<token number="117" sentence="7" t_id="118">Nasdaq</token>
<token number="118" sentence="7" t_id="119">index</token>
<token number="119" sentence="7" t_id="120">has</token>
<token number="120" sentence="7" t_id="121">fallen</token>
<token number="121" sentence="7" t_id="122">by</token>
<token number="122" sentence="7" t_id="123">100.12</token>
<token number="123" sentence="7" t_id="124">points</token>
<token number="124" sentence="7" t_id="125">to</token>
<token number="125" sentence="7" t_id="126">1847.27</token>
<token number="126" sentence="7" t_id="127">,</token>
<token number="127" sentence="7" t_id="128">while</token>
<token number="128" sentence="7" t_id="129">the</token>
<token number="129" sentence="7" t_id="130">DAX</token>
<token number="130" sentence="7" t_id="131">was</token>
<token number="131" sentence="7" t_id="132">6.62</token>
<token number="132" sentence="7" t_id="133">%</token>
<token number="133" sentence="7" t_id="134">lower</token>
<token number="134" sentence="7" t_id="135">than</token>
<token number="135" sentence="7" t_id="136">the</token>
<token number="136" sentence="7" t_id="137">start</token>
<token number="137" sentence="7" t_id="138">of</token>
<token number="138" sentence="7" t_id="139">the</token>
<token number="139" sentence="7" t_id="140">day</token>
<token number="140" sentence="7" t_id="141">as</token>
<token number="141" sentence="7" t_id="142">of</token>
<token number="142" sentence="7" t_id="143">16:08</token>
<token number="143" sentence="7" t_id="144">UTC</token>
<token number="144" sentence="7" t_id="145">.</token>
<token number="145" sentence="8" t_id="146">The</token>
<token number="146" sentence="8" t_id="147">Dow</token>
<token number="147" sentence="8" t_id="148">Jones</token>
<token number="148" sentence="8" t_id="149">index</token>
<token number="149" sentence="8" t_id="150">was</token>
<token number="150" sentence="8" t_id="151">one</token>
<token number="151" sentence="8" t_id="152">that</token>
<token number="152" sentence="8" t_id="153">fared</token>
<token number="153" sentence="8" t_id="154">particularly</token>
<token number="154" sentence="8" t_id="155">poorly</token>
<token number="155" sentence="8" t_id="156">today</token>
<token number="156" sentence="8" t_id="157">,</token>
<token number="157" sentence="8" t_id="158">as</token>
<token number="158" sentence="8" t_id="159">not</token>
<token number="159" sentence="8" t_id="160">one</token>
<token number="160" sentence="8" t_id="161">of</token>
<token number="161" sentence="8" t_id="162">its</token>
<token number="162" sentence="8" t_id="163">companies</token>
<token number="163" sentence="8" t_id="164">increased</token>
<token number="164" sentence="8" t_id="165">its</token>
<token number="165" sentence="8" t_id="166">share</token>
<token number="166" sentence="8" t_id="167">price</token>
<token number="167" sentence="8" t_id="168">.</token>
<token number="168" sentence="9" t_id="169">The</token>
<token number="169" sentence="9" t_id="170">same</token>
<token number="170" sentence="9" t_id="171">is</token>
<token number="171" sentence="9" t_id="172">true</token>
<token number="172" sentence="9" t_id="173">for</token>
<token number="173" sentence="9" t_id="174">the</token>
<token number="174" sentence="9" t_id="175">CAC</token>
<token number="175" sentence="9" t_id="176">40</token>
<token number="176" sentence="9" t_id="177">index</token>
<token number="177" sentence="9" t_id="178">.</token>
<token number="178" sentence="10" t_id="179">The</token>
<token number="179" sentence="10" t_id="180">Merval</token>
<token number="180" sentence="10" t_id="181">index</token>
<token number="181" sentence="10" t_id="182">is</token>
<token number="182" sentence="10" t_id="183">another</token>
<token number="183" sentence="10" t_id="184">one</token>
<token number="184" sentence="10" t_id="185">that</token>
<token number="185" sentence="10" t_id="186">fared</token>
<token number="186" sentence="10" t_id="187">badly</token>
<token number="187" sentence="10" t_id="188">today</token>
<token number="188" sentence="10" t_id="189">.</token>
<token number="189" sentence="11" t_id="190">It</token>
<token number="190" sentence="11" t_id="191">dropped</token>
<token number="191" sentence="11" t_id="192">in</token>
<token number="192" sentence="11" t_id="193">value</token>
<token number="193" sentence="11" t_id="194">by</token>
<token number="194" sentence="11" t_id="195">10.12</token>
<token number="195" sentence="11" t_id="196">%</token>
<token number="196" sentence="11" t_id="197">,</token>
<token number="197" sentence="11" t_id="198">while</token>
<token number="198" sentence="11" t_id="199">the</token>
<token number="199" sentence="11" t_id="200">affiliated</token>
<token number="200" sentence="11" t_id="201">Merval</token>
<token number="201" sentence="11" t_id="202">25</token>
<token number="202" sentence="11" t_id="203">index</token>
<token number="203" sentence="11" t_id="204">dropped</token>
<token number="204" sentence="11" t_id="205">by</token>
<token number="205" sentence="11" t_id="206">nearly</token>
<token number="206" sentence="11" t_id="207">as</token>
<token number="207" sentence="11" t_id="208">much</token>
<token number="208" sentence="11" t_id="209">,</token>
<token number="209" sentence="11" t_id="210">10.03</token>
<token number="210" sentence="11" t_id="211">%</token>
<token number="211" sentence="11" t_id="212">.</token>
<token number="212" sentence="12" t_id="213">One</token>
<token number="213" sentence="12" t_id="214">of</token>
<token number="214" sentence="12" t_id="215">the</token>
<token number="215" sentence="12" t_id="216">worst</token>
<token number="216" sentence="12" t_id="217">faring</token>
<token number="217" sentence="12" t_id="218">indexes</token>
<token number="218" sentence="12" t_id="219">of</token>
<token number="219" sentence="12" t_id="220">the</token>
<token number="220" sentence="12" t_id="221">day</token>
<token number="221" sentence="12" t_id="222">was</token>
<token number="222" sentence="12" t_id="223">the</token>
<token number="223" sentence="12" t_id="224">Brazilian</token>
<token number="224" sentence="12" t_id="225">Bovespa</token>
<token number="225" sentence="12" t_id="226">index</token>
<token number="226" sentence="12" t_id="227">.</token>
<token number="227" sentence="13" t_id="228">It</token>
<token number="228" sentence="13" t_id="229">has</token>
<token number="229" sentence="13" t_id="230">already</token>
<token number="230" sentence="13" t_id="231">fallen</token>
<token number="231" sentence="13" t_id="232">by</token>
<token number="232" sentence="13" t_id="233">14.45</token>
<token number="233" sentence="13" t_id="234">%</token>
<token number="234" sentence="13" t_id="235">today</token>
<token number="235" sentence="13" t_id="236">,</token>
<token number="236" sentence="13" t_id="237">despite</token>
<token number="237" sentence="13" t_id="238">the</token>
<token number="238" sentence="13" t_id="239">fact</token>
<token number="239" sentence="13" t_id="240">that</token>
<token number="240" sentence="13" t_id="241">it</token>
<token number="241" sentence="13" t_id="242">is</token>
<token number="242" sentence="13" t_id="243">not</token>
<token number="243" sentence="13" t_id="244">even</token>
<token number="244" sentence="13" t_id="245">half</token>
<token number="245" sentence="13" t_id="246">way</token>
<token number="246" sentence="13" t_id="247">through</token>
<token number="247" sentence="13" t_id="248">the</token>
<token number="248" sentence="13" t_id="249">trading</token>
<token number="249" sentence="13" t_id="250">day</token>
<token number="250" sentence="13" t_id="251">.</token>
<Markables>
<ENTITY_MENTION comment="" head="Dow Jones" m_id="22" syntactic_type="NAM">
<token_anchor t_id="81"/>
<token_anchor t_id="82"/>
<token_anchor t_id="83"/>
</ENTITY_MENTION>
<ENTITY_MENTION comment="" head="world" m_id="28" syntactic_type="NOM">
<token_anchor t_id="12"/>
<token_anchor t_id="13"/>
</ENTITY_MENTION>
<ENTITY_MENTION comment="" head="markets" m_id="46" syntactic_type="NOM">
<token_anchor t_id="1"/>
<token_anchor t_id="2"/>
</ENTITY_MENTION>
<ENTITY_MENTION comment="" head="stock markets" m_id="2" syntactic_type="NOM">
<token_anchor t_id="9"/>
<token_anchor t_id="10"/>
<token_anchor t_id="11"/>
<token_anchor t_id="12"/>
<token_anchor t_id="13"/>
</ENTITY_MENTION>
<ENTITY_MENTION comment="" head="world" m_id="8" syntactic_type="NOM">
<token_anchor t_id="26"/>
<token_anchor t_id="27"/>
<token_anchor t_id="28"/>
</ENTITY_MENTION>
<ENTITY_MENTION comment="" head="US Government" m_id="9" syntactic_type="NAM">
<token_anchor t_id="32"/>
<token_anchor t_id="33"/>
</ENTITY_MENTION>
<ENTITY_MENTION comment="" head="sector" m_id="11" syntactic_type="NOM">
<token_anchor t_id="41"/>
<token_anchor t_id="42"/>
<token_anchor t_id="43"/>
</ENTITY_MENTION>
<ENTITY_MENTION comment="" head="index" m_id="13" syntactic_type="NOM">
<token_anchor t_id="50"/>
<token_anchor t_id="51"/>
<token_anchor t_id="52"/>
<token_anchor t_id="53"/>
</ENTITY_MENTION>
<ENTITY_MENTION comment="" head="UK" m_id="14" syntactic_type="NAM">
<token_anchor t_id="52"/>
</ENTITY_MENTION>
<ENTITY_MENTION comment="" head="FTSE 100" m_id="15" syntactic_type="NAM">
<token_anchor t_id="55"/>
<token_anchor t_id="56"/>
<token_anchor t_id="57"/>
</ENTITY_MENTION>
<ENTITY_MENTION comment="" head="" m_id="16" syntactic_type="APP">
<token_anchor t_id="50"/>
<token_anchor t_id="51"/>
<token_anchor t_id="52"/>
<token_anchor t_id="53"/>
<token_anchor t_id="54"/>
<token_anchor t_id="55"/>
<token_anchor t_id="56"/>
<token_anchor t_id="57"/>
</ENTITY_MENTION>
<EVENT_MENTION aspect="NONE" certainty="CERTAIN" comment="" m_id="23" modality="" polarity="POS" pos="VERB" pred="be" special_cases="NONE" tense="PAST" time="NON_FUTURE">
<token_anchor t_id="85"/>
</EVENT_MENTION>
<EVENT_MENTION aspect="NONE" certainty="CERTAIN" comment="" m_id="26" modality="" polarity="POS" pos="NOUN" pred="increase" special_cases="NONE" tense="NONE" time="NON_FUTURE">
<token_anchor t_id="95"/>
</EVENT_MENTION>
<EVENT_MENTION aspect="PROGRESSIVE" certainty="CERTAIN" comment="" m_id="32" modality="" polarity="POS" pos="VERB" pred="follow" special_cases="NONE" tense="PRESENT" time="NON_FUTURE">
<token_anchor t_id="21"/>
</EVENT_MENTION>
<EVENT_MENTION aspect="NONE" certainty="CERTAIN" comment="" m_id="37" modality="" polarity="POS" pos="NOUN" pred="bail out" special_cases="NONE" tense="NONE" time="NON_FUTURE">
<token_anchor t_id="38"/>
<token_anchor t_id="39"/>
</EVENT_MENTION>
<EVENT_MENTION aspect="NONE" certainty="CERTAIN" comment="" m_id="47" modality="" polarity="POS" pos="VERB" pred="fall" special_cases="NONE" tense="PRESENT" time="NON_FUTURE">
<token_anchor t_id="3"/>
</EVENT_MENTION>
<EVENT_MENTION aspect="PERFECTIVE" certainty="CERTAIN" comment="" m_id="3" modality="" polarity="POS" pos="VERB" pred="fall" special_cases="NONE" tense="PAST" time="NON_FUTURE">
<token_anchor t_id="15"/>
</EVENT_MENTION>
<EVENT_MENTION aspect="NONE" certainty="CERTAIN" comment="" m_id="5" modality="" polarity="POS" pos="OTHER" pred="this" special_cases="NONE" tense="NONE" time="NON_FUTURE">
<token_anchor t_id="19"/>
</EVENT_MENTION>
<EVENT_MENTION aspect="NONE" certainty="CERTAIN" comment="" m_id="6" modality="" polarity="POS" pos="OTHER" pred="ongoing" special_cases="NONE" tense="NONE" time="NON_FUTURE">
<token_anchor t_id="23"/>
</EVENT_MENTION>
<EVENT_MENTION aspect="NONE" certainty="CERTAIN" comment="" m_id="7" modality="" polarity="POS" pos="NOUN" pred="event" special_cases="NONE" tense="NONE" time="NON_FUTURE">
<token_anchor t_id="24"/>
</EVENT_MENTION>
<EVENT_MENTION aspect="NONE" certainty="CERTAIN" comment="" m_id="17" modality="" polarity="POS" pos="VERB" pred="drop" special_cases="NONE" tense="PAST" time="NON_FUTURE">
<token_anchor t_id="59"/>
</EVENT_MENTION>
<SIGNAL comment="" m_id="48">
<token_anchor t_id="96"/>
</SIGNAL>
<TIMEX3 anchorTimeID="1" beginPoint="" comment="" endPoint="" functionInDocument="NONE" m_id="25" type="TIME" value="2008-10-06T16:08Z">
<token_anchor t_id="90"/>
<token_anchor t_id="91"/>
</TIMEX3>
<TIMEX3 anchorTimeID="1" beginPoint="" comment="" endPoint="" functionInDocument="NONE" m_id="27" type="DATE" value="2008-10-06">
<token_anchor t_id="97"/>
<token_anchor t_id="98"/>
</TIMEX3>
<TIMEX3 anchorTimeID="" beginPoint="" comment="" endPoint="" functionInDocument="CREATION_TIME" m_id="1" type="DATE" value="2008-10-06">
<token_anchor t_id="5"/>
<token_anchor t_id="6"/>
<token_anchor t_id="7"/>
<token_anchor t_id="8"/>
</TIMEX3>
<TIMEX3 anchorTimeID="1" beginPoint="" comment="" endPoint="" functionInDocument="NONE" m_id="4" type="DATE" value="2008-10-06">
<token_anchor t_id="17"/>
</TIMEX3>
<TIMEX3 anchorTimeID="1" beginPoint="" comment="" endPoint="" functionInDocument="NONE" m_id="12" type="TIME" value="2008-10-06T14:48Z">
<token_anchor t_id="47"/>
<token_anchor t_id="48"/>
</TIMEX3>
<VALUE comment="" m_id="19" type="QUANTITY">
<token_anchor t_id="66"/>
<token_anchor t_id="67"/>
</VALUE>
<VALUE comment="" m_id="20" type="QUANTITY">
<token_anchor t_id="76"/>
<token_anchor t_id="77"/>
</VALUE>
<VALUE comment="" m_id="21" type="QUANTITY">
<token_anchor t_id="79"/>
</VALUE>
<VALUE comment="" m_id="24" type="PERCENT">
<token_anchor t_id="87"/>
<token_anchor t_id="88"/>
</VALUE>
<VALUE comment="" m_id="10" type="MONEY">
<token_anchor t_id="35"/>
<token_anchor t_id="36"/>
<token_anchor t_id="37"/>
</VALUE>
<VALUE comment="" m_id="18" type="PERCENT">
<token_anchor t_id="63"/>
<token_anchor t_id="64"/>
</VALUE>










<EVENT TAG_DESCRIPTOR="bail out" class="OTHER" comment="" external_ref="" m_id="38"/><EVENT TAG_DESCRIPTOR="ongoing" class="GRAMMATICAL" comment="" external_ref="" m_id="34"/>
<EVENT TAG_DESCRIPTOR="follow" class="OTHER" comment="" external_ref="" m_id="33"/>
<EVENT TAG_DESCRIPTOR="drop 6 october 2008 ftse" class="OTHER" instance_id="OTH40454429249592464" m_id="78"/><EVENT TAG_DESCRIPTOR="increase 6 october 2008 dow" class="OTHER" instance_id="OTH40797560763028357" m_id="75"/>
<EVENT TAG_DESCRIPTOR="event" class="OTHER" comment="" external_ref="" m_id="43"/><EVENT TAG_DESCRIPTOR="fall" class="OTHER" instance_id="OTH40784843097996142" m_id="87"/>
<EVENT TAG_DESCRIPTOR="was 6 october 2008 dow" class="OTHER" instance_id="OTH40797477450859953" m_id="83"/>
<ENTITY TAG_DESCRIPTOR="Earth" ent_type="LOC" external_ref="http://dbpedia.org/resource/Earth" instance_id="LOC27738550854291187" m_id="81"/>
<ENTITY TAG_DESCRIPTOR="Dow Jones Industrial Average" ent_type="FIN" external_ref="http://dbpedia.org/resource/Dow_Jones_Industrial_Average" instance_id="FIN39323676120351079" m_id="90"/>
<ENTITY TAG_DESCRIPTOR="United States of America " ent_type="LOC" external_ref="http://dbpedia.org/resource/United_States" instance_id="LOC27735327659249054" m_id="77"/><ENTITY TAG_DESCRIPTOR="FTSE 100 index" ent_type="FIN" external_ref="http://dbpedia.org/resource/FTSE_100_Index" instance_id="FIN39676646219701103" m_id="76"/>
<ENTITY TAG_DESCRIPTOR="Worldwide stock markets" ent_type="FIN" external_ref="http://dbpedia.org/resource/Stock_market" instance_id="FIN40197049224228580" m_id="89"/>
<ENTITY TAG_DESCRIPTOR="United Kingdom" ent_type="LOC" external_ref="http://dbpedia.org/resource/United_Kingdom" instance_id="LOC27735930596276101" m_id="85"/><ENTITY TAG_DESCRIPTOR="financial world" ent_type="FIN" instance_id="FIN44060642242291052" m_id="84"/></Markables>
<Relations>
<GLINK r_id="128415">
<source m_id="6"/>
<target m_id="7"/>
</GLINK>
<TLINK comment="" r_id="131422" reltype="INCLUDES" signalID="">
<source m_id="1"/>
<target m_id="3"/>
</TLINK>
<TLINK comment="" r_id="131424" reltype="IS_INCLUDED" signalID="">
<source m_id="3"/>
<target m_id="4"/>
</TLINK>
<TLINK comment="" r_id="131425" reltype="INCLUDES" signalID="">
<source m_id="1"/>
<target m_id="17"/>
</TLINK>
<TLINK comment="" r_id="131426" reltype="INCLUDES" signalID="">
<source m_id="1"/>
<target m_id="23"/>
</TLINK>
<GLINK r_id="131427">
<source m_id="32"/>
<target m_id="7"/>
</GLINK>
<CLINK r_id="131428">
<source m_id="7"/>
<target m_id="5"/>
</CLINK>
<TLINK comment="" r_id="131429" reltype="SIMULTANEOUS" signalID="">
<source m_id="3"/>
<target m_id="17"/>
</TLINK>
<TLINK comment="" r_id="131430" reltype="BEFORE" signalID="">
<source m_id="17"/>
<target m_id="23"/>
</TLINK>
<TLINK comment="" r_id="131431" reltype="SIMULTANEOUS" signalID="">
<source m_id="12"/>
<target m_id="17"/>
</TLINK>
<TLINK comment="" r_id="131432" reltype="SIMULTANEOUS" signalID="">
<source m_id="7"/>
<target m_id="37"/>
</TLINK>
<TLINK comment="" r_id="131433" reltype="SIMULTANEOUS" signalID="">
<source m_id="23"/>
<target m_id="25"/>
</TLINK>
<TLINK comment="" r_id="131434" reltype="AFTER" signalID="48">
<source m_id="26"/>
<target m_id="27"/>
</TLINK>
<TLINK comment="" r_id="131435" reltype="BEFORE" signalID="">
<source m_id="25"/>
<target m_id="27"/>
</TLINK>
<HAS_PARTICIPANT comment="" r_id="131436" sem_role="Arg1" sem_role_framework="PROPBANK">
<source m_id="3"/>
<target m_id="2"/>
</HAS_PARTICIPANT>
<HAS_PARTICIPANT comment="" r_id="131438" sem_role="Argm-OTHER" sem_role_framework="PROPBANK">
<source m_id="7"/>
<target m_id="8"/>
</HAS_PARTICIPANT>
<HAS_PARTICIPANT comment="" r_id="131446" sem_role="Argm-OTHER" sem_role_framework="PROPBANK">
<source m_id="37"/>
<target m_id="11"/>
</HAS_PARTICIPANT>
<HAS_PARTICIPANT comment="" r_id="131447" sem_role="Arg0" sem_role_framework="PROPBANK">
<source m_id="37"/>
<target m_id="9"/>
</HAS_PARTICIPANT>
<HAS_PARTICIPANT comment="" r_id="131448" sem_role="Arg3" sem_role_framework="PROPBANK">
<source m_id="37"/>
<target m_id="10"/>
</HAS_PARTICIPANT>
<HAS_PARTICIPANT comment="" r_id="131449" sem_role="Arg1" sem_role_framework="PROPBANK">
<source m_id="17"/>
<target m_id="16"/>
</HAS_PARTICIPANT>
<HAS_PARTICIPANT comment="" r_id="131452" sem_role="Arg2" sem_role_framework="PROPBANK">
<source m_id="17"/>
<target m_id="18"/>
</HAS_PARTICIPANT>
<HAS_PARTICIPANT comment="" r_id="131455" sem_role="Arg2" sem_role_framework="PROPBANK">
<source m_id="17"/>
<target m_id="19"/>
</HAS_PARTICIPANT>
<HAS_PARTICIPANT comment="" r_id="131456" sem_role="Arg4" sem_role_framework="PROPBANK">
<source m_id="17"/>
<target m_id="21"/>
</HAS_PARTICIPANT>
<HAS_PARTICIPANT comment="" r_id="131465" sem_role="Arg0" sem_role_framework="PROPBANK">
<source m_id="23"/>
<target m_id="22"/>
</HAS_PARTICIPANT>



















<REFERS_TO r_id="152846">
<source m_id="37"/>
<target m_id="38"/>
</REFERS_TO>
<REFERS_TO r_id="152847">
<source m_id="32"/>
<target m_id="33"/>
</REFERS_TO>

<REFERS_TO r_id="152849">
<source m_id="7"/>
<target m_id="43"/>
</REFERS_TO>
<REFERS_TO r_id="152850">
<source m_id="6"/>
<target m_id="34"/>
</REFERS_TO>
<REFERS_TO r_id="152851">
<source m_id="9"/>
<target m_id="77"/>
</REFERS_TO>
<REFERS_TO r_id="152852">
<source m_id="13"/>
<source m_id="15"/>
<source m_id="16"/>
<target m_id="76"/>
</REFERS_TO>
<REFERS_TO r_id="152853">
<source m_id="26"/>
<target m_id="75"/>
</REFERS_TO>
<REFERS_TO r_id="152854">
<source m_id="46"/>
<source m_id="2"/>
<target m_id="89"/>
</REFERS_TO>
<REFERS_TO r_id="152855">
<source m_id="8"/>
<source m_id="11"/>
<target m_id="84"/>
</REFERS_TO>

<REFERS_TO r_id="152857">



<source m_id="22"/>


<target m_id="90"/>
</REFERS_TO>

<REFERS_TO r_id="152859">
<source m_id="23"/>
<target m_id="83"/>
</REFERS_TO>

<REFERS_TO r_id="152861">
<source m_id="28"/>
<target m_id="81"/>
</REFERS_TO>
<REFERS_TO r_id="152862">
<source m_id="14"/>
<target m_id="85"/>
</REFERS_TO>
<REFERS_TO r_id="152863">
<source m_id="5"/>
<source m_id="3"/>
<source m_id="47"/>
<target m_id="87"/>
</REFERS_TO>

<REFERS_TO r_id="152865">
<source m_id="17"/>
<target m_id="78"/>
</REFERS_TO>
</Relations>
</Document>