<?xml version="1.0" ?><Document doc_id="116834" doc_name="116834_Japan_enters_recession" lang="en" url="http://en.wikinews.org/wiki/Japan_enters_recession">
<token number="0" sentence="0" t_id="1">Japan</token>
<token number="1" sentence="0" t_id="2">enters</token>
<token number="2" sentence="0" t_id="3">recession</token>
<token number="3" sentence="1" t_id="4">November</token>
<token number="4" sentence="1" t_id="5">18</token>
<token number="5" sentence="1" t_id="6">,</token>
<token number="6" sentence="1" t_id="7">2008</token>
<token number="7" sentence="2" t_id="8">Japan</token>
<token number="8" sentence="2" t_id="9">,</token>
<token number="9" sentence="2" t_id="10">which</token>
<token number="10" sentence="2" t_id="11">accounts</token>
<token number="11" sentence="2" t_id="12">for</token>
<token number="12" sentence="2" t_id="13">7</token>
<token number="13" sentence="2" t_id="14">%</token>
<token number="14" sentence="2" t_id="15">of</token>
<token number="15" sentence="2" t_id="16">world</token>
<token number="16" sentence="2" t_id="17">output</token>
<token number="17" sentence="2" t_id="18">,</token>
<token number="18" sentence="2" t_id="19">has</token>
<token number="19" sentence="2" t_id="20">entered</token>
<token number="20" sentence="2" t_id="21">a</token>
<token number="21" sentence="2" t_id="22">recession</token>
<token number="22" sentence="2" t_id="23">after</token>
<token number="23" sentence="2" t_id="24">posting</token>
<token number="24" sentence="2" t_id="25">two</token>
<token number="25" sentence="2" t_id="26">consecutive</token>
<token number="26" sentence="2" t_id="27">quarters</token>
<token number="27" sentence="2" t_id="28">of</token>
<token number="28" sentence="2" t_id="29">negative</token>
<token number="29" sentence="2" t_id="30">growth</token>
<token number="30" sentence="2" t_id="31">.</token>
<token number="31" sentence="3" t_id="32">The</token>
<token number="32" sentence="3" t_id="33">Japanese</token>
<token number="33" sentence="3" t_id="34">economy</token>
<token number="34" sentence="3" t_id="35">contracted</token>
<token number="35" sentence="3" t_id="36">by</token>
<token number="36" sentence="3" t_id="37">0.9</token>
<token number="37" sentence="3" t_id="38">%</token>
<token number="38" sentence="3" t_id="39">between</token>
<token number="39" sentence="3" t_id="40">April</token>
<token number="40" sentence="3" t_id="41">and</token>
<token number="41" sentence="3" t_id="42">June</token>
<token number="42" sentence="3" t_id="43">and</token>
<token number="43" sentence="3" t_id="44">a</token>
<token number="44" sentence="3" t_id="45">further</token>
<token number="45" sentence="3" t_id="46">0.1</token>
<token number="46" sentence="3" t_id="47">%</token>
<token number="47" sentence="3" t_id="48">since</token>
<token number="48" sentence="3" t_id="49">September</token>
<token number="49" sentence="3" t_id="50">.</token>
<token number="50" sentence="4" t_id="51">Kaoru</token>
<token number="51" sentence="4" t_id="52">Yosano</token>
<token number="52" sentence="4" t_id="53">,</token>
<token number="53" sentence="4" t_id="54">the</token>
<token number="54" sentence="4" t_id="55">Japanese</token>
<token number="55" sentence="4" t_id="56">minister</token>
<token number="56" sentence="4" t_id="57">of</token>
<token number="57" sentence="4" t_id="58">fiscal</token>
<token number="58" sentence="4" t_id="59">policy</token>
<token number="59" sentence="4" t_id="60">,</token>
<token number="60" sentence="4" t_id="61">said</token>
<token number="61" sentence="4" t_id="62">``</token>
<token number="62" sentence="4" t_id="63">The</token>
<token number="63" sentence="4" t_id="64">downtrend</token>
<token number="64" sentence="4" t_id="65">in</token>
<token number="65" sentence="4" t_id="66">the</token>
<token number="66" sentence="4" t_id="67">economy</token>
<token number="67" sentence="4" t_id="68">will</token>
<token number="68" sentence="4" t_id="69">continue</token>
<token number="69" sentence="4" t_id="70">for</token>
<token number="70" sentence="4" t_id="71">the</token>
<token number="71" sentence="4" t_id="72">time</token>
<token number="72" sentence="4" t_id="73">being</token>
<token number="73" sentence="4" t_id="74">as</token>
<token number="74" sentence="4" t_id="75">global</token>
<token number="75" sentence="4" t_id="76">growth</token>
<token number="76" sentence="4" t_id="77">slows</token>
<token number="77" sentence="4" t_id="78">down</token>
<token number="78" sentence="4" t_id="79">.</token>
<token number="79" sentence="5" t_id="80">We</token>
<token number="80" sentence="5" t_id="81">need</token>
<token number="81" sentence="5" t_id="82">to</token>
<token number="82" sentence="5" t_id="83">bear</token>
<token number="83" sentence="5" t_id="84">in</token>
<token number="84" sentence="5" t_id="85">mind</token>
<token number="85" sentence="5" t_id="86">that</token>
<token number="86" sentence="5" t_id="87">economic</token>
<token number="87" sentence="5" t_id="88">conditions</token>
<token number="88" sentence="5" t_id="89">could</token>
<token number="89" sentence="5" t_id="90">worsen</token>
<token number="90" sentence="5" t_id="91">further</token>
<token number="91" sentence="5" t_id="92">as</token>
<token number="92" sentence="5" t_id="93">the</token>
<token number="93" sentence="5" t_id="94">US</token>
<token number="94" sentence="5" t_id="95">and</token>
<token number="95" sentence="5" t_id="96">European</token>
<token number="96" sentence="5" t_id="97">financial</token>
<token number="97" sentence="5" t_id="98">crisis</token>
<token number="98" sentence="5" t_id="99">deepens</token>
<token number="99" sentence="5" t_id="100">,</token>
<token number="100" sentence="5" t_id="101">worries</token>
<token number="101" sentence="5" t_id="102">of</token>
<token number="102" sentence="5" t_id="103">economic</token>
<token number="103" sentence="5" t_id="104">downturn</token>
<token number="104" sentence="5" t_id="105">heighten</token>
<token number="105" sentence="5" t_id="106">and</token>
<token number="106" sentence="5" t_id="107">stock</token>
<token number="107" sentence="5" t_id="108">and</token>
<token number="108" sentence="5" t_id="109">foreign</token>
<token number="109" sentence="5" t_id="110">exchange</token>
<token number="110" sentence="5" t_id="111">markets</token>
<token number="111" sentence="5" t_id="112">make</token>
<token number="112" sentence="5" t_id="113">big</token>
<token number="113" sentence="5" t_id="114">swings</token>
<token number="114" sentence="5" t_id="115">.</token>
<token number="115" sentence="5" t_id="116">''</token>
<token number="116" sentence="6" t_id="117">The</token>
<token number="117" sentence="6" t_id="118">Nikkei</token>
<token number="118" sentence="6" t_id="119">225</token>
<token number="119" sentence="6" t_id="120">stock</token>
<token number="120" sentence="6" t_id="121">index</token>
<token number="121" sentence="6" t_id="122">has</token>
<token number="122" sentence="6" t_id="123">fallen</token>
<token number="123" sentence="6" t_id="124">40</token>
<token number="124" sentence="6" t_id="125">%</token>
<token number="125" sentence="6" t_id="126">since</token>
<token number="126" sentence="6" t_id="127">the</token>
<token number="127" sentence="6" t_id="128">beginning</token>
<token number="128" sentence="6" t_id="129">of</token>
<token number="129" sentence="6" t_id="130">the</token>
<token number="130" sentence="6" t_id="131">year</token>
<token number="131" sentence="6" t_id="132">,</token>
<token number="132" sentence="6" t_id="133">and</token>
<token number="133" sentence="6" t_id="134">has</token>
<token number="134" sentence="6" t_id="135">lost</token>
<token number="135" sentence="6" t_id="136">a</token>
<token number="136" sentence="6" t_id="137">quarter</token>
<token number="137" sentence="6" t_id="138">of</token>
<token number="138" sentence="6" t_id="139">its</token>
<token number="139" sentence="6" t_id="140">value</token>
<token number="140" sentence="6" t_id="141">during</token>
<token number="141" sentence="6" t_id="142">this</token>
<token number="142" sentence="6" t_id="143">month</token>
<token number="143" sentence="6" t_id="144">.</token>
<token number="144" sentence="7" t_id="145">After</token>
<token number="145" sentence="7" t_id="146">the</token>
<token number="146" sentence="7" t_id="147">news</token>
<token number="147" sentence="7" t_id="148">was</token>
<token number="148" sentence="7" t_id="149">announced</token>
<token number="149" sentence="7" t_id="150">the</token>
<token number="150" sentence="7" t_id="151">index</token>
<token number="151" sentence="7" t_id="152">dipped</token>
<token number="152" sentence="7" t_id="153">,</token>
<token number="153" sentence="7" t_id="154">then</token>
<token number="154" sentence="7" t_id="155">rose</token>
<token number="155" sentence="7" t_id="156">to</token>
<token number="156" sentence="7" t_id="157">close</token>
<token number="157" sentence="7" t_id="158">up</token>
<token number="158" sentence="7" t_id="159">0.7</token>
<token number="159" sentence="7" t_id="160">%</token>
<token number="160" sentence="7" t_id="161">.</token>
<token number="161" sentence="8" t_id="162">Japanese</token>
<token number="162" sentence="8" t_id="163">companies</token>
<token number="163" sentence="8" t_id="164">lose</token>
<token number="164" sentence="8" t_id="165">large</token>
<token number="165" sentence="8" t_id="166">sums</token>
<token number="166" sentence="8" t_id="167">whenever</token>
<token number="167" sentence="8" t_id="168">the</token>
<token number="168" sentence="8" t_id="169">yen</token>
<token number="169" sentence="8" t_id="170">'s</token>
<token number="170" sentence="8" t_id="171">value</token>
<token number="171" sentence="8" t_id="172">surges</token>
<token number="172" sentence="8" t_id="173">.</token>
<token number="173" sentence="9" t_id="174">With</token>
<token number="174" sentence="9" t_id="175">the</token>
<token number="175" sentence="9" t_id="176">yen</token>
<token number="176" sentence="9" t_id="177">viewed</token>
<token number="177" sentence="9" t_id="178">as</token>
<token number="178" sentence="9" t_id="179">relatively</token>
<token number="179" sentence="9" t_id="180">stable</token>
<token number="180" sentence="9" t_id="181">during</token>
<token number="181" sentence="9" t_id="182">financial</token>
<token number="182" sentence="9" t_id="183">turmoil</token>
<token number="183" sentence="9" t_id="184">,</token>
<token number="184" sentence="9" t_id="185">the</token>
<token number="185" sentence="9" t_id="186">value</token>
<token number="186" sentence="9" t_id="187">against</token>
<token number="187" sentence="9" t_id="188">the</token>
<token number="188" sentence="9" t_id="189">US</token>
<token number="189" sentence="9" t_id="190">dollar</token>
<token number="190" sentence="9" t_id="191">has</token>
<token number="191" sentence="9" t_id="192">risen</token>
<token number="192" sentence="9" t_id="193">greatly</token>
<token number="193" sentence="9" t_id="194">.</token>
<token number="194" sentence="10" t_id="195">JPMorgan</token>
<token number="195" sentence="10" t_id="196">Chase</token>
<token number="196" sentence="10" t_id="197">economist</token>
<token number="197" sentence="10" t_id="198">Masamichi</token>
<token number="198" sentence="10" t_id="199">Adachi</token>
<token number="199" sentence="10" t_id="200">said</token>
<token number="200" sentence="10" t_id="201">,</token>
<token number="201" sentence="10" t_id="202">``</token>
<token number="202" sentence="10" t_id="203">It</token>
<token number="203" sentence="10" t_id="204">'s</token>
<token number="204" sentence="10" t_id="205">only</token>
<token number="205" sentence="10" t_id="206">going</token>
<token number="206" sentence="10" t_id="207">to</token>
<token number="207" sentence="10" t_id="208">get</token>
<token number="208" sentence="10" t_id="209">worse</token>
<token number="209" sentence="10" t_id="210">.</token>
<token number="210" sentence="11" t_id="211">Japan</token>
<token number="211" sentence="11" t_id="212">may</token>
<token number="212" sentence="11" t_id="213">be</token>
<token number="213" sentence="11" t_id="214">entering</token>
<token number="214" sentence="11" t_id="215">its</token>
<token number="215" sentence="11" t_id="216">deepest</token>
<token number="216" sentence="11" t_id="217">recession</token>
<token number="217" sentence="11" t_id="218">in</token>
<token number="218" sentence="11" t_id="219">a</token>
<token number="219" sentence="11" t_id="220">decade</token>
<token number="220" sentence="11" t_id="221">as</token>
<token number="221" sentence="11" t_id="222">the</token>
<token number="222" sentence="11" t_id="223">global</token>
<token number="223" sentence="11" t_id="224">financial</token>
<token number="224" sentence="11" t_id="225">crisis</token>
<token number="225" sentence="11" t_id="226">cools</token>
<token number="226" sentence="11" t_id="227">demand</token>
<token number="227" sentence="11" t_id="228">.</token>
<token number="228" sentence="11" t_id="229">''</token>
<token number="229" sentence="12" t_id="230">Japan</token>
<token number="230" sentence="12" t_id="231">has</token>
<token number="231" sentence="12" t_id="232">not</token>
<token number="232" sentence="12" t_id="233">been</token>
<token number="233" sentence="12" t_id="234">in</token>
<token number="234" sentence="12" t_id="235">recession</token>
<token number="235" sentence="12" t_id="236">since</token>
<token number="236" sentence="12" t_id="237">2001</token>
<token number="237" sentence="12" t_id="238">.</token>
<Markables>
<ENTITY_MENTION comment="" head="" m_id="90" syntactic_type="CONJ">
<token_anchor t_id="94"/>
<token_anchor t_id="96"/>
</ENTITY_MENTION>
<ENTITY_MENTION comment="" head="" m_id="23" syntactic_type="APP">
<token_anchor t_id="51"/>
<token_anchor t_id="52"/>
<token_anchor t_id="53"/>
<token_anchor t_id="54"/>
<token_anchor t_id="55"/>
<token_anchor t_id="56"/>
<token_anchor t_id="57"/>
<token_anchor t_id="58"/>
<token_anchor t_id="59"/>
</ENTITY_MENTION>
<ENTITY_MENTION comment="" head="Kaoru Yosano" m_id="24" syntactic_type="NAM">
<token_anchor t_id="51"/>
<token_anchor t_id="52"/>
</ENTITY_MENTION>
<ENTITY_MENTION comment="" head="minister" m_id="25" syntactic_type="NOM">
<token_anchor t_id="54"/>
<token_anchor t_id="55"/>
<token_anchor t_id="56"/>
<token_anchor t_id="57"/>
<token_anchor t_id="58"/>
<token_anchor t_id="59"/>
</ENTITY_MENTION>
<ENTITY_MENTION comment="" head="Japanese" m_id="26" syntactic_type="NAM">
<token_anchor t_id="55"/>
</ENTITY_MENTION>
<ENTITY_MENTION comment="" head="economy" m_id="29" syntactic_type="NOM">
<token_anchor t_id="66"/>
<token_anchor t_id="67"/>
</ENTITY_MENTION>
<ENTITY_MENTION comment="" head="Japan" m_id="1" syntactic_type="NAM">
<token_anchor t_id="1"/>
</ENTITY_MENTION>
<ENTITY_MENTION comment="" head="we" m_id="34" syntactic_type="PRO">
<token_anchor t_id="80"/>
</ENTITY_MENTION>
<ENTITY_MENTION comment="" head="Japan" m_id="5" syntactic_type="NAM">
<token_anchor t_id="8"/>
</ENTITY_MENTION>
<ENTITY_MENTION comment="" head="which" m_id="6" syntactic_type="PRO">
<token_anchor t_id="10"/>
</ENTITY_MENTION>
<ENTITY_MENTION comment="" head="US" m_id="40" syntactic_type="NAM">
<token_anchor t_id="94"/>
</ENTITY_MENTION>
<ENTITY_MENTION comment="" head="European" m_id="41" syntactic_type="PRE.NAM">
<token_anchor t_id="96"/>
</ENTITY_MENTION>
<ENTITY_MENTION comment="" head="markets" m_id="46" syntactic_type="NOM">
<token_anchor t_id="107"/>
<token_anchor t_id="108"/>
<token_anchor t_id="109"/>
<token_anchor t_id="110"/>
<token_anchor t_id="111"/>
</ENTITY_MENTION>
<ENTITY_MENTION comment="" head="economy" m_id="14" syntactic_type="NOM">
<token_anchor t_id="32"/>
<token_anchor t_id="33"/>
<token_anchor t_id="34"/>
</ENTITY_MENTION>
<ENTITY_MENTION comment="" head="japanese" m_id="15" syntactic_type="PRE.NAM">
<token_anchor t_id="33"/>
</ENTITY_MENTION>
<ENTITY_MENTION comment="" head="" m_id="53" syntactic_type="">
<token_anchor t_id="16"/>
</ENTITY_MENTION>
<EVENT_MENTION aspect="NONE" certainty="CERTAIN" comment="" m_id="59" modality="" polarity="POS" pos="NOUN" pred="output" special_cases="" tense="NONE" time="NON_FUTURE">
<token_anchor t_id="17"/>
</EVENT_MENTION>
<EVENT_MENTION aspect="NONE" certainty="CERTAIN" comment="" m_id="27" modality="" polarity="POS" pos="VERB" pred="say" special_cases="NONE" tense="PAST" time="NON_FUTURE">
<token_anchor t_id="61"/>
</EVENT_MENTION>
<EVENT_MENTION aspect="NONE" certainty="CERTAIN" comment="" m_id="28" modality="" polarity="POS" pos="NOUN" pred="downtrend" special_cases="NONE" tense="NONE" time="NON_FUTURE">
<token_anchor t_id="64"/>
</EVENT_MENTION>
<EVENT_MENTION aspect="NONE" certainty="CERTAIN" comment="" m_id="30" modality="" polarity="POS" pos="VERB" pred="continue" special_cases="NONE" tense="FUTURE" time="FUTURE">
<token_anchor t_id="69"/>
</EVENT_MENTION>
<EVENT_MENTION aspect="PERFECTIVE" certainty="CERTAIN" comment="" m_id="32" modality="" polarity="POS" pos="NOUN" pred="growth" special_cases="NONE" tense="NONE" time="NON_FUTURE">
<token_anchor t_id="76"/>
</EVENT_MENTION>
<EVENT_MENTION aspect="NONE" certainty="CERTAIN" comment="" m_id="33" modality="" polarity="POS" pos="VERB" pred="slow " special_cases="NONE" tense="PRESENT" time="NON_FUTURE">
<token_anchor t_id="77"/>
</EVENT_MENTION>
<EVENT_MENTION aspect="NONE" certainty="CERTAIN" comment="" m_id="2" modality="" polarity="POS" pos="VERB" pred="enter" special_cases="NONE" tense="PRESENT" time="NON_FUTURE">
<token_anchor t_id="2"/>
</EVENT_MENTION>
<EVENT_MENTION aspect="NONE" certainty="CERTAIN" comment="" m_id="3" modality="" polarity="POS" pos="NOUN" pred="recession" special_cases="NONE" tense="NONE" time="NON_FUTURE">
<token_anchor t_id="3"/>
</EVENT_MENTION>
<EVENT_MENTION aspect="NONE" certainty="" comment="" m_id="35" modality="" polarity="" pos="VERB" pred="need" special_cases="" tense="PRESENT" time="">
<token_anchor t_id="81"/>
</EVENT_MENTION>
<EVENT_MENTION aspect="NONE" certainty="CERTAIN" comment="" m_id="36" modality="" polarity="POS" pos="VERB" pred="bear in mind" special_cases="NONE" tense="INFINITIVE" time="NON_FUTURE">
<token_anchor t_id="83"/>
<token_anchor t_id="84"/>
<token_anchor t_id="85"/>
</EVENT_MENTION>
<EVENT_MENTION aspect="NONE" certainty="CERTAIN" comment="" m_id="37" modality="" polarity="POS" pos="NOUN" pred="condition" special_cases="NONE" tense="NONE" time="NON_FUTURE">
<token_anchor t_id="88"/>
</EVENT_MENTION>
<EVENT_MENTION aspect="NONE" certainty="POSSIBLE" comment="" m_id="38" modality="could" polarity="POS" pos="VERB" pred="worsen" special_cases="NONE" tense="INFINITIVE" time="FUTURE">
<token_anchor t_id="90"/>
</EVENT_MENTION>
<EVENT_MENTION aspect="NONE" certainty="CERTAIN" comment="" m_id="39" modality="" polarity="POS" pos="NOUN" pred="crisis" special_cases="NONE" tense="NONE" time="NON_FUTURE">
<token_anchor t_id="98"/>
</EVENT_MENTION>
<EVENT_MENTION aspect="NONE" certainty="CERTAIN" comment="" m_id="7" modality="" polarity="POS" pos="VERB" pred="account for" special_cases="NONE" tense="PRESENT" time="NON_FUTURE">
<token_anchor t_id="11"/>
<token_anchor t_id="12"/>
</EVENT_MENTION>
<EVENT_MENTION aspect="NONE" certainty="CERTAIN" comment="" m_id="8" modality="" polarity="POS" pos="NOUN" pred="enter" special_cases="NONE" tense="PRESENT" time="NON_FUTURE">
<token_anchor t_id="20"/>
</EVENT_MENTION>
<EVENT_MENTION aspect="NONE" certainty="CERTAIN" comment="" m_id="9" modality="" polarity="POS" pos="NOUN" pred="recession" special_cases="NONE" tense="NONE" time="NON_FUTURE">
<token_anchor t_id="22"/>
</EVENT_MENTION>
<EVENT_MENTION aspect="NONE" certainty="UNDERSPECIFIED" comment="" m_id="42" modality="AM: future event?" polarity="POS" pos="VERB" pred="deepen" special_cases="COND_IF_CLAUSE" tense="PRESENT" time="FUTURE">
<token_anchor t_id="99"/>
</EVENT_MENTION>
<EVENT_MENTION aspect="NONE" certainty="CERTAIN" comment="" m_id="43" modality="" polarity="POS" pos="NOUN" pred="worry" special_cases="NONE" tense="NONE" time="NON_FUTURE">
<token_anchor t_id="101"/>
</EVENT_MENTION>
<EVENT_MENTION aspect="NONE" certainty="CERTAIN" comment="" m_id="11" modality="" polarity="POS" pos="VERB" pred="post" special_cases="NONE" tense="PRESPART" time="NON_FUTURE">
<token_anchor t_id="24"/>
</EVENT_MENTION>
<EVENT_MENTION aspect="NONE" certainty="POSSIBLE" comment="" m_id="44" modality="" polarity="POS" pos="NOUN" pred="downturn" special_cases="NONE" tense="NONE" time="FUTURE">
<token_anchor t_id="104"/>
</EVENT_MENTION>
<EVENT_MENTION aspect="NONE" certainty="UNDERSPECIFIED" comment="" m_id="45" modality="" polarity="POS" pos="VERB" pred="heighten" special_cases="COND_IF_CLAUSE" tense="PRESENT" time="FUTURE">
<token_anchor t_id="105"/>
</EVENT_MENTION>
<EVENT_MENTION aspect="NONE" certainty="CERTAIN" comment="" m_id="13" modality="" polarity="POS" pos="NOUN" pred="growth" special_cases="NONE" tense="NONE" time="NON_FUTURE">
<token_anchor t_id="30"/>
</EVENT_MENTION>
<EVENT_MENTION aspect="NONE" certainty="UNDERSPECIFIED" comment="" m_id="47" modality="" polarity="POS" pos="VERB" pred="make" special_cases="COND_IF_CLAUSE" tense="PRESENT" time="FUTURE">
<token_anchor t_id="112"/>
</EVENT_MENTION>
<EVENT_MENTION aspect="NONE" certainty="" comment="" m_id="48" modality="" polarity="" pos="NOUN" pred="swing" special_cases="NONE" tense="NONE" time="">
<token_anchor t_id="114"/>
</EVENT_MENTION>
<EVENT_MENTION aspect="NONE" certainty="CERTAIN" comment="" m_id="16" modality="" polarity="POS" pos="VERB" pred="contract" special_cases="NONE" tense="PAST" time="NON_FUTURE">
<token_anchor t_id="35"/>
</EVENT_MENTION>
<SIGNAL comment="" m_id="64">
<token_anchor t_id="39"/>
</SIGNAL>
<SIGNAL comment="" m_id="21">
<token_anchor t_id="48"/>
</SIGNAL>
<SIGNAL comment="" m_id="10">
<token_anchor t_id="23"/>
</SIGNAL>
<TIMEX3 anchorTimeID="4" beginPoint="" comment="" endPoint="" functionInDocument="NONE" m_id="19" type="DATE" value="2008-06">
<token_anchor t_id="42"/>
</TIMEX3>
<TIMEX3 anchorTimeID="4" beginPoint="" comment="" endPoint="" functionInDocument="NONE" m_id="22" type="DATE" value="2008-09">
<token_anchor t_id="49"/>
</TIMEX3>
<TIMEX3 anchorTimeID="" beginPoint="" comment="" endPoint="" functionInDocument="NONE" m_id="31" type="DATE" value="PRESENT_REF">
<token_anchor t_id="71"/>
<token_anchor t_id="72"/>
<token_anchor t_id="73"/>
</TIMEX3>
<TIMEX3 anchorTimeID="" beginPoint="" comment="" endPoint="" functionInDocument="CREATION_TIME" m_id="4" type="DATE" value="2008-11-18">
<token_anchor t_id="4"/>
<token_anchor t_id="5"/>
<token_anchor t_id="6"/>
<token_anchor t_id="7"/>
</TIMEX3>
<TIMEX3 anchorTimeID="" beginPoint="87" comment="" endPoint="86" functionInDocument="NONE" m_id="12" type="DURATION" value="P2Q">
<token_anchor t_id="25"/>
<token_anchor t_id="26"/>
<token_anchor t_id="27"/>
</TIMEX3>
<TIMEX3 anchorTimeID="4" beginPoint="" comment="" endPoint="" functionInDocument="NONE" m_id="18" type="DATE" value="2008-04">
<token_anchor t_id="40"/>
</TIMEX3>
<VALUE comment="" m_id="20" type="PERCENT">
<token_anchor t_id="46"/>
<token_anchor t_id="47"/>
</VALUE>
<VALUE comment="" m_id="17" type="PERCENT">
<token_anchor t_id="37"/>
<token_anchor t_id="38"/>
</VALUE>
<VALUE comment="" m_id="58" type="PERCENT">
<token_anchor t_id="13"/>
<token_anchor t_id="14"/>
</VALUE>
<TIMEX3 TAG_DESCRIPTOR="P2M" anchorTimeID="" beginPoint="18" comment="" endPoint="19" functionInDocument="NONE" m_id="85" type="DURATION" value="P2M"/>
<TIMEX3 TAG_DESCRIPTOR="Q3" anchorTimeID="" beginPoint="" comment="" endPoint="" functionInDocument="NONE" m_id="86" type="DATE" value="2008-09-30"/>
<TIMEX3 TAG_DESCRIPTOR="Q2" anchorTimeID="" beginPoint="" comment="" endPoint="" functionInDocument="NONE" m_id="87" type="DATE" value="2008-04-01"/>
<ENTITY_MENTION TAG_DESCRIPTOR="Empty_Mark" comment="" head="" m_id="88" syntactic_type=""/>








<EVENT TAG_DESCRIPTOR="post" class="SPEECH_COGNITIVE" comment="" external_ref="" m_id="57"/><EVENT TAG_DESCRIPTOR="recession" class="OTHER" comment="" external_ref="" m_id="56"/>
<EVENT TAG_DESCRIPTOR="account for" class="OTHER" comment="" external_ref="" m_id="52"/><EVENT TAG_DESCRIPTOR="swing" class="OTHER" comment="" external_ref="" m_id="84"/>
<EVENT TAG_DESCRIPTOR="enter" class="OTHER" comment="" external_ref="" m_id="51"/><EVENT TAG_DESCRIPTOR="make" class="GRAMMATICAL" comment="" external_ref="" m_id="83"/>
<EVENT TAG_DESCRIPTOR="heighten" class="OTHER" comment="" external_ref="" m_id="81"/><EVENT TAG_DESCRIPTOR="worry" class="SPEECH_COGNITIVE" comment="" external_ref="" m_id="80"/>
<EVENT TAG_DESCRIPTOR="deepen" class="OTHER" comment="" external_ref="" m_id="79"/>
<EVENT TAG_DESCRIPTOR="crisis" class="OTHER" comment="" external_ref="" m_id="78"/>
<EVENT TAG_DESCRIPTOR="worsen" class="OTHER" comment="" external_ref="" m_id="75"/><EVENT TAG_DESCRIPTOR="condition" class="OTHER" comment="" external_ref="" m_id="74"/>
<EVENT TAG_DESCRIPTOR="bear in mind" class="SPEECH_COGNITIVE" comment="" external_ref="" m_id="73"/><EVENT TAG_DESCRIPTOR="need" class="SPEECH_COGNITIVE" comment="" external_ref="" m_id="72"/>
<EVENT TAG_DESCRIPTOR="slow" class="OTHER" comment="" external_ref="" m_id="70"/>
<EVENT TAG_DESCRIPTOR="growth" class="OTHER" comment="" external_ref="" m_id="69"/><EVENT TAG_DESCRIPTOR="continue" class="GRAMMATICAL" comment="" external_ref="" m_id="68"/>
<EVENT TAG_DESCRIPTOR="downtrend" class="OTHER" comment="" external_ref="" m_id="66"/>
<EVENT TAG_DESCRIPTOR="say" class="SPEECH_COGNITIVE" comment="" external_ref="" m_id="65"/>
<EVENT TAG_DESCRIPTOR="contract" class="OTHER" comment="" external_ref="" m_id="63"/><EVENT TAG_DESCRIPTOR="growth" class="OTHER" comment="" external_ref="" m_id="61"/>
<EVENT TAG_DESCRIPTOR="output" class="OTHER" comment="" external_ref="" m_id="60"/>
<ENTITY TAG_DESCRIPTOR="Japan" ent_type="LOC" external_ref="http://dbpedia.org/resource/Japan" instance_id="LOC43998085463520095" m_id="122"/><ENTITY TAG_DESCRIPTOR="we" ent_type="PER" instance_id="PER44177514150997758" m_id="121"/>
<ENTITY TAG_DESCRIPTOR="stock and foreign exchange markets" ent_type="FIN" instance_id="FIN44177585544056899" m_id="120"/><ENTITY TAG_DESCRIPTOR="Europe" ent_type="LOC" external_ref="http://dbpedia.org/resource/Europe" instance_id="LOC27735665947140158" m_id="119"/>
<ENTITY TAG_DESCRIPTOR="Economy of Japan" ent_type="FIN" external_ref="http://dbpedia.org/resource/Economy_of_Japan" instance_id="FIN44160888966446507" m_id="117"/>
<ENTITY TAG_DESCRIPTOR="Earth" ent_type="LOC" external_ref="http://dbpedia.org/resource/Earth" instance_id="LOC27738550854291187" m_id="115"/><ENTITY TAG_DESCRIPTOR="Kaoru Yosano" ent_type="PER" external_ref="http://dbpedia.org/resource/Kaoru_Yosano" instance_id="PER44087046685916558" m_id="114"/>
<ENTITY TAG_DESCRIPTOR="United States of America " ent_type="LOC" external_ref="http://dbpedia.org/resource/United_States" instance_id="LOC27735327659249054" m_id="112"/></Markables>
<Relations>
<GLINK r_id="154279">
<source m_id="47"/>
<target m_id="48"/>
</GLINK>
<GLINK r_id="154280">
<source m_id="30"/>
<target m_id="28"/>
</GLINK>
<GLINK r_id="154281">
<source m_id="8"/>
<target m_id="9"/>
</GLINK>
<GLINK r_id="154282">
<source m_id="2"/>
<target m_id="3"/>
</GLINK>
<TLINK comment="" r_id="154283" reltype="IS_INCLUDED" signalID="">
<source m_id="4"/>
<target m_id="8"/>
</TLINK>
<TLINK comment="" r_id="154284" reltype="INCLUDES" signalID="">
<source m_id="4"/>
<target m_id="7"/>
</TLINK>
<TLINK comment="" r_id="154285" reltype="AFTER" signalID="10">
<source m_id="8"/>
<target m_id="11"/>
</TLINK>
<TLINK comment="" r_id="154286" reltype="MEASURE" signalID="">
<source m_id="12"/>
<target m_id="13"/>
</TLINK>
<TLINK comment="" r_id="154287" reltype="AFTER" signalID="">
<source m_id="4"/>
<target m_id="16"/>
</TLINK>
<SLINK r_id="154294">
<source m_id="11"/>
<target m_id="13"/>
</SLINK>
<TLINK comment="" r_id="154295" reltype="INCLUDES" signalID="">
<source m_id="4"/>
<target m_id="27"/>
</TLINK>
<TLINK comment="" r_id="154296" reltype="BEFORE" signalID="">
<source m_id="4"/>
<target m_id="30"/>
</TLINK>
<TLINK comment="" r_id="154297" reltype="MEASURE" signalID="64">
<source m_id="16"/>
<target m_id="85"/>
</TLINK>
<TLINK comment="" r_id="154350" reltype="AFTER" signalID="">
<source m_id="9"/>
<target m_id="13"/>
</TLINK>
<TLINK comment="" r_id="154505" reltype="AFTER" signalID="">
<source m_id="8"/>
<target m_id="16"/>
</TLINK>
<TLINK comment="" r_id="154506" reltype="BEFORE" signalID="">
<source m_id="16"/>
<target m_id="27"/>
</TLINK>
<HAS_PARTICIPANT comment="" r_id="154507" sem_role="Arg0" sem_role_framework="PROPBANK">
<source m_id="7"/>
<target m_id="6"/>
</HAS_PARTICIPANT>
<HAS_PARTICIPANT comment="" r_id="154508" sem_role="Arg1" sem_role_framework="PROPBANK">
<source m_id="16"/>
<target m_id="14"/>
</HAS_PARTICIPANT>
<HAS_PARTICIPANT comment="" r_id="154509" sem_role="Arg2" sem_role_framework="PROPBANK">
<source m_id="16"/>
<target m_id="17"/>
</HAS_PARTICIPANT>
<HAS_PARTICIPANT comment="" r_id="154510" sem_role="Arg0" sem_role_framework="PROPBANK">
<source m_id="27"/>
<target m_id="23"/>
</HAS_PARTICIPANT>
<HAS_PARTICIPANT comment="" r_id="154511" sem_role="Arg0" sem_role_framework="PROPBANK">
<source m_id="35"/>
<target m_id="34"/>
</HAS_PARTICIPANT>
<HAS_PARTICIPANT comment="" r_id="154512" sem_role="Arg0" sem_role_framework="PROPBANK">
<source m_id="47"/>
<target m_id="46"/>
</HAS_PARTICIPANT>





































<REFERS_TO r_id="154529">
<source m_id="40"/>
<target m_id="112"/>
</REFERS_TO>
<REFERS_TO r_id="154530">
<source m_id="59"/>
<target m_id="60"/>
</REFERS_TO>
<REFERS_TO r_id="154531">
<source m_id="13"/>
<target m_id="61"/>
</REFERS_TO>
<REFERS_TO r_id="154532">
<source m_id="29"/>
<source m_id="14"/>
<target m_id="117"/>
</REFERS_TO>
<REFERS_TO r_id="154533">
<source m_id="16"/>
<target m_id="63"/>
</REFERS_TO>

<REFERS_TO r_id="154535">
<source m_id="27"/>
<target m_id="65"/>
</REFERS_TO>
<REFERS_TO r_id="154536">
<source m_id="28"/>
<source m_id="44"/>
<target m_id="66"/>
</REFERS_TO>
<REFERS_TO r_id="154537">
<source m_id="32"/>
<target m_id="69"/>
</REFERS_TO>
<REFERS_TO r_id="154538">
<source m_id="30"/>
<target m_id="68"/>
</REFERS_TO>
<REFERS_TO r_id="154539">
<source m_id="47"/>
<target m_id="83"/>
</REFERS_TO>
<REFERS_TO r_id="154540">
<source m_id="43"/>
<target m_id="80"/>
</REFERS_TO>
<REFERS_TO r_id="154541">
<source m_id="45"/>
<target m_id="81"/>
</REFERS_TO>
<REFERS_TO r_id="154542">
<source m_id="41"/>
<target m_id="119"/>
</REFERS_TO>

<REFERS_TO r_id="154544">
<source m_id="48"/>
<target m_id="84"/>
</REFERS_TO>

<REFERS_TO r_id="154546">
<source m_id="46"/>
<target m_id="120"/>
</REFERS_TO>
<REFERS_TO r_id="154547">
<source m_id="34"/>
<target m_id="121"/>
</REFERS_TO>
<REFERS_TO r_id="154548">
<source m_id="38"/>
<target m_id="75"/>
</REFERS_TO>
<REFERS_TO r_id="154549">
<source m_id="37"/>
<target m_id="74"/>
</REFERS_TO>
<REFERS_TO r_id="154550">
<source m_id="36"/>
<target m_id="73"/>
</REFERS_TO>
<REFERS_TO r_id="154551">
<source m_id="35"/>
<target m_id="72"/>
</REFERS_TO>
<REFERS_TO r_id="154552">
<source m_id="33"/>
<target m_id="70"/>
</REFERS_TO>
<REFERS_TO r_id="154553">
<source m_id="42"/>
<target m_id="79"/>
</REFERS_TO>
<REFERS_TO r_id="154554">
<source m_id="39"/>
<target m_id="78"/>
</REFERS_TO>
<REFERS_TO r_id="154555">
<source m_id="53"/>
<target m_id="115"/>
</REFERS_TO>
<REFERS_TO r_id="154556">
<source m_id="24"/>
<source m_id="25"/>
<source m_id="23"/>
<target m_id="114"/>
</REFERS_TO>
<REFERS_TO r_id="154557">
<source m_id="11"/>
<target m_id="57"/>
</REFERS_TO>
<REFERS_TO r_id="154558">
<source m_id="3"/>
<source m_id="9"/>
<target m_id="56"/>
</REFERS_TO>
<REFERS_TO r_id="154559">
<source m_id="2"/>
<source m_id="8"/>
<target m_id="51"/>
</REFERS_TO>
<REFERS_TO r_id="154560">
<source m_id="26"/>
<source m_id="15"/>
<source m_id="1"/>
<source m_id="6"/>
<source m_id="5"/>
<target m_id="122"/>
</REFERS_TO>
<REFERS_TO r_id="154561">
<source m_id="7"/>
<target m_id="52"/>
</REFERS_TO>



</Relations>
</Document>