<?xml version="1.0" ?><Document doc_id="131162" doc_name="131162_Stock_markets_worldwide_rise_on_hopes_of_US_economic_recovery" lang="en" url="http://en.wikinews.org/wiki/Stock_markets_worldwide_rise_on_hopes_of_US_economic_recovery">
<token number="0" sentence="0" t_id="1">Stock</token>
<token number="1" sentence="0" t_id="2">markets</token>
<token number="2" sentence="0" t_id="3">worldwide</token>
<token number="3" sentence="0" t_id="4">rise</token>
<token number="4" sentence="0" t_id="5">on</token>
<token number="5" sentence="0" t_id="6">hopes</token>
<token number="6" sentence="0" t_id="7">of</token>
<token number="7" sentence="0" t_id="8">US</token>
<token number="8" sentence="0" t_id="9">economic</token>
<token number="9" sentence="0" t_id="10">recovery</token>
<token number="10" sentence="1" t_id="11">August</token>
<token number="11" sentence="1" t_id="12">21</token>
<token number="12" sentence="1" t_id="13">,</token>
<token number="13" sentence="1" t_id="14">2009</token>
<token number="14" sentence="2" t_id="15">Stock</token>
<token number="15" sentence="2" t_id="16">indexes</token>
<token number="16" sentence="2" t_id="17">worldwide</token>
<token number="17" sentence="2" t_id="18">rose</token>
<token number="18" sentence="2" t_id="19">on</token>
<token number="19" sentence="2" t_id="20">Friday</token>
<token number="20" sentence="2" t_id="21">,</token>
<token number="21" sentence="2" t_id="22">after</token>
<token number="22" sentence="2" t_id="23">US</token>
<token number="23" sentence="2" t_id="24">bank</token>
<token number="24" sentence="2" t_id="25">chief</token>
<token number="25" sentence="2" t_id="26">Ben</token>
<token number="26" sentence="2" t_id="27">Bernanke</token>
<token number="27" sentence="2" t_id="28">said</token>
<token number="28" sentence="2" t_id="29">that</token>
<token number="29" sentence="2" t_id="30">the</token>
<token number="30" sentence="2" t_id="31">US</token>
<token number="31" sentence="2" t_id="32">economy</token>
<token number="32" sentence="2" t_id="33">was</token>
<token number="33" sentence="2" t_id="34">starting</token>
<token number="34" sentence="2" t_id="35">to</token>
<token number="35" sentence="2" t_id="36">recover</token>
<token number="36" sentence="2" t_id="37">from</token>
<token number="37" sentence="2" t_id="38">the</token>
<token number="38" sentence="2" t_id="39">recession</token>
<token number="39" sentence="2" t_id="40">.</token>
<token number="40" sentence="3" t_id="41">Addressing</token>
<token number="41" sentence="3" t_id="42">a</token>
<token number="42" sentence="3" t_id="43">conference</token>
<token number="43" sentence="3" t_id="44">in</token>
<token number="44" sentence="3" t_id="45">Wyoming</token>
<token number="45" sentence="3" t_id="46">,</token>
<token number="46" sentence="3" t_id="47">the</token>
<token number="47" sentence="3" t_id="48">bank</token>
<token number="48" sentence="3" t_id="49">chief</token>
<token number="49" sentence="3" t_id="50">said</token>
<token number="50" sentence="3" t_id="51">that</token>
<token number="51" sentence="3" t_id="52">``</token>
<token number="52" sentence="3" t_id="53">the</token>
<token number="53" sentence="3" t_id="54">prospects</token>
<token number="54" sentence="3" t_id="55">for</token>
<token number="55" sentence="3" t_id="56">a</token>
<token number="56" sentence="3" t_id="57">return</token>
<token number="57" sentence="3" t_id="58">to</token>
<token number="58" sentence="3" t_id="59">growth</token>
<token number="59" sentence="3" t_id="60">in</token>
<token number="60" sentence="3" t_id="61">the</token>
<token number="61" sentence="3" t_id="62">near</token>
<token number="62" sentence="3" t_id="63">term</token>
<token number="63" sentence="3" t_id="64">appear</token>
<token number="64" sentence="3" t_id="65">good</token>
<token number="65" sentence="3" t_id="66">.</token>
<token number="66" sentence="3" t_id="67">''</token>
<token number="67" sentence="4" t_id="68">He</token>
<token number="68" sentence="4" t_id="69">added</token>
<token number="69" sentence="4" t_id="70">,</token>
<token number="70" sentence="4" t_id="71">however</token>
<token number="71" sentence="4" t_id="72">,</token>
<token number="72" sentence="4" t_id="73">that</token>
<token number="73" sentence="4" t_id="74">``</token>
<token number="74" sentence="4" t_id="75">the</token>
<token number="75" sentence="4" t_id="76">economic</token>
<token number="76" sentence="4" t_id="77">recovery</token>
<token number="77" sentence="4" t_id="78">is</token>
<token number="78" sentence="4" t_id="79">likely</token>
<token number="79" sentence="4" t_id="80">to</token>
<token number="80" sentence="4" t_id="81">be</token>
<token number="81" sentence="4" t_id="82">relatively</token>
<token number="82" sentence="4" t_id="83">slow</token>
<token number="83" sentence="4" t_id="84">at</token>
<token number="84" sentence="4" t_id="85">first</token>
<token number="85" sentence="4" t_id="86">,</token>
<token number="86" sentence="4" t_id="87">with</token>
<token number="87" sentence="4" t_id="88">unemployment</token>
<token number="88" sentence="4" t_id="89">declining</token>
<token number="89" sentence="4" t_id="90">only</token>
<token number="90" sentence="4" t_id="91">gradually</token>
<token number="91" sentence="4" t_id="92">from</token>
<token number="92" sentence="4" t_id="93">high</token>
<token number="93" sentence="4" t_id="94">levels</token>
<token number="94" sentence="4" t_id="95">.</token>
<token number="95" sentence="4" t_id="96">''</token>
<token number="96" sentence="5" t_id="97">The</token>
<token number="97" sentence="5" t_id="98">Dow</token>
<token number="98" sentence="5" t_id="99">Jones</token>
<token number="99" sentence="5" t_id="100">Industrial</token>
<token number="100" sentence="5" t_id="101">Average</token>
<token number="101" sentence="5" t_id="102">gained</token>
<token number="102" sentence="5" t_id="103">155.91</token>
<token number="103" sentence="5" t_id="104">points</token>
<token number="104" sentence="5" t_id="105">,</token>
<token number="105" sentence="5" t_id="106">or</token>
<token number="106" sentence="5" t_id="107">1.67</token>
<token number="107" sentence="5" t_id="108">%</token>
<token number="108" sentence="5" t_id="109">,</token>
<token number="109" sentence="5" t_id="110">to</token>
<token number="110" sentence="5" t_id="111">end</token>
<token number="111" sentence="5" t_id="112">the</token>
<token number="112" sentence="5" t_id="113">day</token>
<token number="113" sentence="5" t_id="114">at</token>
<token number="114" sentence="5" t_id="115">9505.96</token>
<token number="115" sentence="5" t_id="116">.</token>
<token number="116" sentence="6" t_id="117">The</token>
<token number="117" sentence="6" t_id="118">Nasdaq</token>
<token number="118" sentence="6" t_id="119">reached</token>
<token number="119" sentence="6" t_id="120">2020.90</token>
<token number="120" sentence="6" t_id="121">points</token>
<token number="121" sentence="6" t_id="122">after</token>
<token number="122" sentence="6" t_id="123">gaining</token>
<token number="123" sentence="6" t_id="124">1.59</token>
<token number="124" sentence="6" t_id="125">%</token>
<token number="125" sentence="6" t_id="126">.</token>
<token number="126" sentence="7" t_id="127">The</token>
<token number="127" sentence="7" t_id="128">Standard</token>
<token number="128" sentence="7" t_id="129">&amp;</token>
<token number="129" sentence="7" t_id="130">Poor</token>
<token number="130" sentence="7" t_id="131">'s</token>
<token number="131" sentence="7" t_id="132">500</token>
<token number="132" sentence="7" t_id="133">Index</token>
<token number="133" sentence="7" t_id="134">,</token>
<token number="134" sentence="7" t_id="135">meanwhile</token>
<token number="135" sentence="7" t_id="136">,</token>
<token number="136" sentence="7" t_id="137">struck</token>
<token number="137" sentence="7" t_id="138">a</token>
<token number="138" sentence="7" t_id="139">ten-month</token>
<token number="139" sentence="7" t_id="140">high</token>
<token number="140" sentence="7" t_id="141">,</token>
<token number="141" sentence="7" t_id="142">reaching</token>
<token number="142" sentence="7" t_id="143">a</token>
<token number="143" sentence="7" t_id="144">level</token>
<token number="144" sentence="7" t_id="145">of</token>
<token number="145" sentence="7" t_id="146">1,026.13</token>
<token number="146" sentence="7" t_id="147">at</token>
<token number="147" sentence="7" t_id="148">the</token>
<token number="148" sentence="7" t_id="149">closing</token>
<token number="149" sentence="7" t_id="150">bell</token>
<token number="150" sentence="7" t_id="151">,</token>
<token number="151" sentence="7" t_id="152">up</token>
<token number="152" sentence="7" t_id="153">1.9</token>
<token number="153" sentence="7" t_id="154">%</token>
<token number="154" sentence="7" t_id="155">.</token>
<token number="155" sentence="8" t_id="156">The</token>
<token number="156" sentence="8" t_id="157">British</token>
<token number="157" sentence="8" t_id="158">FTSE</token>
<token number="158" sentence="8" t_id="159">index</token>
<token number="159" sentence="8" t_id="160">rose</token>
<token number="160" sentence="8" t_id="161">about</token>
<token number="161" sentence="8" t_id="162">two</token>
<token number="162" sentence="8" t_id="163">percent</token>
<token number="163" sentence="8" t_id="164">,</token>
<token number="164" sentence="8" t_id="165">closing</token>
<token number="165" sentence="8" t_id="166">at</token>
<token number="166" sentence="8" t_id="167">4,851</token>
<token number="167" sentence="8" t_id="168">.</token>
<token number="168" sentence="9" t_id="169">The</token>
<token number="169" sentence="9" t_id="170">French</token>
<token number="170" sentence="9" t_id="171">Cac</token>
<token number="171" sentence="9" t_id="172">index</token>
<token number="172" sentence="9" t_id="173">gained</token>
<token number="173" sentence="9" t_id="174">3.1</token>
<token number="174" sentence="9" t_id="175">%</token>
<token number="175" sentence="9" t_id="176">and</token>
<token number="176" sentence="9" t_id="177">the</token>
<token number="177" sentence="9" t_id="178">German</token>
<token number="178" sentence="9" t_id="179">Dax</token>
<token number="179" sentence="9" t_id="180">2.8</token>
<token number="180" sentence="9" t_id="181">%</token>
<token number="181" sentence="9" t_id="182">.</token>
<token number="182" sentence="10" t_id="183">``</token>
<token number="183" sentence="10" t_id="184">Bernanke</token>
<token number="184" sentence="10" t_id="185">was</token>
<token number="185" sentence="10" t_id="186">a</token>
<token number="186" sentence="10" t_id="187">little</token>
<token number="187" sentence="10" t_id="188">bit</token>
<token number="188" sentence="10" t_id="189">more</token>
<token number="189" sentence="10" t_id="190">bullish</token>
<token number="190" sentence="10" t_id="191">than</token>
<token number="191" sentence="10" t_id="192">most</token>
<token number="192" sentence="10" t_id="193">people</token>
<token number="193" sentence="10" t_id="194">were</token>
<token number="194" sentence="10" t_id="195">expecting</token>
<token number="195" sentence="10" t_id="196">.</token>
<token number="196" sentence="11" t_id="197">He</token>
<token number="197" sentence="11" t_id="198">'s</token>
<token number="198" sentence="11" t_id="199">saying</token>
<token number="199" sentence="11" t_id="200">that</token>
<token number="200" sentence="11" t_id="201">the</token>
<token number="201" sentence="11" t_id="202">global</token>
<token number="202" sentence="11" t_id="203">economy</token>
<token number="203" sentence="11" t_id="204">is</token>
<token number="204" sentence="11" t_id="205">starting</token>
<token number="205" sentence="11" t_id="206">to</token>
<token number="206" sentence="11" t_id="207">emerge</token>
<token number="207" sentence="11" t_id="208">from</token>
<token number="208" sentence="11" t_id="209">the</token>
<token number="209" sentence="11" t_id="210">recession</token>
<token number="210" sentence="11" t_id="211">and</token>
<token number="211" sentence="11" t_id="212">that</token>
<token number="212" sentence="11" t_id="213">the</token>
<token number="213" sentence="11" t_id="214">fears</token>
<token number="214" sentence="11" t_id="215">of</token>
<token number="215" sentence="11" t_id="216">a</token>
<token number="216" sentence="11" t_id="217">financial</token>
<token number="217" sentence="11" t_id="218">collapse</token>
<token number="218" sentence="11" t_id="219">have</token>
<token number="219" sentence="11" t_id="220">receded</token>
<token number="220" sentence="11" t_id="221">substantially</token>
<token number="221" sentence="11" t_id="222">,</token>
<token number="222" sentence="11" t_id="223">''</token>
<token number="223" sentence="11" t_id="224">said</token>
<token number="224" sentence="11" t_id="225">Jacob</token>
<token number="225" sentence="11" t_id="226">Oubina</token>
<token number="226" sentence="11" t_id="227">,</token>
<token number="227" sentence="11" t_id="228">the</token>
<token number="228" sentence="11" t_id="229">currency</token>
<token number="229" sentence="11" t_id="230">strategist</token>
<token number="230" sentence="11" t_id="231">of</token>
<token number="231" sentence="11" t_id="232">Forex.com</token>
<token number="232" sentence="11" t_id="233">.</token>
<token number="233" sentence="12" t_id="234">``</token>
<token number="234" sentence="12" t_id="235">I</token>
<token number="235" sentence="12" t_id="236">think</token>
<token number="236" sentence="12" t_id="237">the</token>
<token number="237" sentence="12" t_id="238">market</token>
<token number="238" sentence="12" t_id="239">is</token>
<token number="239" sentence="12" t_id="240">just</token>
<token number="240" sentence="12" t_id="241">taking</token>
<token number="241" sentence="12" t_id="242">those</token>
<token number="242" sentence="12" t_id="243">headlines</token>
<token number="243" sentence="12" t_id="244">as</token>
<token number="244" sentence="12" t_id="245">extreme</token>
<token number="245" sentence="12" t_id="246">positives</token>
<token number="246" sentence="12" t_id="247">for</token>
<token number="247" sentence="12" t_id="248">the</token>
<token number="248" sentence="12" t_id="249">outlook</token>
<token number="249" sentence="12" t_id="250">.</token>
<token number="250" sentence="12" t_id="251">''</token>
<token number="251" sentence="13" t_id="252">Jean-Claude</token>
<token number="252" sentence="13" t_id="253">Trichet</token>
<token number="253" sentence="13" t_id="254">,</token>
<token number="254" sentence="13" t_id="255">the</token>
<token number="255" sentence="13" t_id="256">European</token>
<token number="256" sentence="13" t_id="257">Central</token>
<token number="257" sentence="13" t_id="258">Bank</token>
<token number="258" sentence="13" t_id="259">president</token>
<token number="259" sentence="13" t_id="260">,</token>
<token number="260" sentence="13" t_id="261">warned</token>
<token number="261" sentence="13" t_id="262">that</token>
<token number="262" sentence="13" t_id="263">talk</token>
<token number="263" sentence="13" t_id="264">of</token>
<token number="264" sentence="13" t_id="265">a</token>
<token number="265" sentence="13" t_id="266">complete</token>
<token number="266" sentence="13" t_id="267">recovery</token>
<token number="267" sentence="13" t_id="268">might</token>
<token number="268" sentence="13" t_id="269">be</token>
<token number="269" sentence="13" t_id="270">premature</token>
<token number="270" sentence="13" t_id="271">.</token>
<token number="271" sentence="14" t_id="272">``</token>
<token number="272" sentence="14" t_id="273">I</token>
<token number="273" sentence="14" t_id="274">am</token>
<token number="274" sentence="14" t_id="275">a</token>
<token number="275" sentence="14" t_id="276">little</token>
<token number="276" sentence="14" t_id="277">bit</token>
<token number="277" sentence="14" t_id="278">uneasy</token>
<token number="278" sentence="14" t_id="279">when</token>
<token number="279" sentence="14" t_id="280">I</token>
<token number="280" sentence="14" t_id="281">see</token>
<token number="281" sentence="14" t_id="282">that</token>
<token number="282" sentence="14" t_id="283">,</token>
<token number="283" sentence="14" t_id="284">because</token>
<token number="284" sentence="14" t_id="285">we</token>
<token number="285" sentence="14" t_id="286">have</token>
<token number="286" sentence="14" t_id="287">some</token>
<token number="287" sentence="14" t_id="288">green</token>
<token number="288" sentence="14" t_id="289">shoots</token>
<token number="289" sentence="14" t_id="290">here</token>
<token number="290" sentence="14" t_id="291">and</token>
<token number="291" sentence="14" t_id="292">there</token>
<token number="292" sentence="14" t_id="293">,</token>
<token number="293" sentence="14" t_id="294">we</token>
<token number="294" sentence="14" t_id="295">are</token>
<token number="295" sentence="14" t_id="296">already</token>
<token number="296" sentence="14" t_id="297">saying</token>
<token number="297" sentence="14" t_id="298">,</token>
<token number="298" sentence="14" t_id="299">`</token>
<token number="299" sentence="14" t_id="300">well</token>
<token number="300" sentence="14" t_id="301">,</token>
<token number="301" sentence="14" t_id="302">after</token>
<token number="302" sentence="14" t_id="303">all</token>
<token number="303" sentence="14" t_id="304">,</token>
<token number="304" sentence="14" t_id="305">we</token>
<token number="305" sentence="14" t_id="306">are</token>
<token number="306" sentence="14" t_id="307">close</token>
<token number="307" sentence="14" t_id="308">to</token>
<token number="308" sentence="14" t_id="309">back</token>
<token number="309" sentence="14" t_id="310">to</token>
<token number="310" sentence="14" t_id="311">normal</token>
<token number="311" sentence="14" t_id="312">,</token>
<token number="312" sentence="14" t_id="313">'</token>
<token number="313" sentence="14" t_id="314">''</token>
<token number="314" sentence="14" t_id="315">he</token>
<token number="315" sentence="14" t_id="316">said</token>
<token number="316" sentence="14" t_id="317">.</token>
<Markables>
<ENTITY_MENTION comment="" head="Wyoming" m_id="23" syntactic_type="NAM">
<token_anchor t_id="45"/>
</ENTITY_MENTION>
<ENTITY_MENTION comment="" head="chief" m_id="24" syntactic_type="NOM">
<token_anchor t_id="47"/>
<token_anchor t_id="48"/>
<token_anchor t_id="49"/>
</ENTITY_MENTION>
<ENTITY_MENTION comment="" head="he" m_id="31" syntactic_type="PRO">
<token_anchor t_id="68"/>
</ENTITY_MENTION>
<ENTITY_MENTION comment="" head="stock markets" m_id="1" syntactic_type="NOM">
<token_anchor t_id="1"/>
<token_anchor t_id="2"/>
<token_anchor t_id="3"/>
</ENTITY_MENTION>
<ENTITY_MENTION comment="" head="US" m_id="2" syntactic_type="NAM">
<token_anchor t_id="8"/>
</ENTITY_MENTION>
<ENTITY_MENTION comment="" head="Dow Jones Industrial Average" m_id="37" syntactic_type="NAM">
<token_anchor t_id="97"/>
<token_anchor t_id="98"/>
<token_anchor t_id="99"/>
<token_anchor t_id="100"/>
<token_anchor t_id="101"/>
</ENTITY_MENTION>
<ENTITY_MENTION comment="" head="stock indexes" m_id="7" syntactic_type="NOM">
<token_anchor t_id="15"/>
<token_anchor t_id="16"/>
<token_anchor t_id="17"/>
</ENTITY_MENTION>
<ENTITY_MENTION comment="" head="" m_id="12" syntactic_type="APP">
<token_anchor t_id="23"/>
<token_anchor t_id="24"/>
<token_anchor t_id="25"/>
<token_anchor t_id="26"/>
<token_anchor t_id="27"/>
</ENTITY_MENTION>
<ENTITY_MENTION comment="" head="chief" m_id="13" syntactic_type="NOM">
<token_anchor t_id="23"/>
<token_anchor t_id="24"/>
<token_anchor t_id="25"/>
</ENTITY_MENTION>
<ENTITY_MENTION comment="" head="Ben Bernanke" m_id="73" syntactic_type="NAM">
<token_anchor t_id="26"/>
<token_anchor t_id="27"/>
</ENTITY_MENTION>
<ENTITY_MENTION comment="" head="US" m_id="14" syntactic_type="NAM">
<token_anchor t_id="23"/>
</ENTITY_MENTION>
<ENTITY_MENTION comment="" head="economy" m_id="16" syntactic_type="NOM">
<token_anchor t_id="31"/>
<token_anchor t_id="32"/>
</ENTITY_MENTION>
<ENTITY_MENTION comment="" head="US" m_id="17" syntactic_type="NAM">
<token_anchor t_id="31"/>
</ENTITY_MENTION>
<EVENT_MENTION aspect="NONE" certainty="POSSIBLE" comment="" m_id="19" modality="" polarity="POS" pos="VERB" pred="recover" special_cases="NONE" tense="INFINITIVE" time="FUTURE">
<token_anchor t_id="36"/>
</EVENT_MENTION>
<EVENT_MENTION aspect="NONE" certainty="CERTAIN" comment="" m_id="20" modality="" polarity="POS" pos="NOUN" pred="recession" special_cases="NONE" tense="NONE" time="NON_FUTURE">
<token_anchor t_id="39"/>
</EVENT_MENTION>
<EVENT_MENTION aspect="NONE" certainty="CERTAIN" comment="" m_id="21" modality="" polarity="POS" pos="VERB" pred="address" special_cases="NONE" tense="PRESPART" time="NON_FUTURE">
<token_anchor t_id="41"/>
</EVENT_MENTION>
<EVENT_MENTION aspect="" certainty="CERTAIN" comment="" m_id="22" modality="" polarity="POS" pos="NOUN" pred="conference" special_cases="NONE" tense="" time="NON_FUTURE">
<token_anchor t_id="43"/>
</EVENT_MENTION>
<EVENT_MENTION aspect="NONE" certainty="CERTAIN" comment="" m_id="25" modality="" polarity="POS" pos="VERB" pred="say" special_cases="NONE" tense="PAST" time="NON_FUTURE">
<token_anchor t_id="50"/>
</EVENT_MENTION>
<EVENT_MENTION aspect="NONE" certainty="POSSIBLE" comment="" m_id="26" modality="" polarity="POS" pos="NOUN" pred="return" special_cases="NONE" tense="NONE" time="FUTURE">
<token_anchor t_id="57"/>
</EVENT_MENTION>
<EVENT_MENTION aspect="NONE" certainty="POSSIBLE" comment="" m_id="27" modality="" polarity="POS" pos="NOUN" pred="growth" special_cases="NONE" tense="NONE" time="FUTURE">
<token_anchor t_id="59"/>
</EVENT_MENTION>
<EVENT_MENTION aspect="NONE" certainty="CERTAIN" comment="" m_id="29" modality="" polarity="POS" pos="VERB" pred="appear" special_cases="NONE" tense="PRESENT" time="NON_FUTURE">
<token_anchor t_id="64"/>
</EVENT_MENTION>
<EVENT_MENTION aspect="" certainty="" comment="" m_id="30" modality="" polarity="" pos="OTHER" pred="good" special_cases="" tense="" time="">
<token_anchor t_id="65"/>
</EVENT_MENTION>
<EVENT_MENTION aspect="NONE" certainty="CERTAIN" comment="" m_id="32" modality="" polarity="POS" pos="VERB" pred="add" special_cases="NONE" tense="PAST" time="NON_FUTURE">
<token_anchor t_id="69"/>
</EVENT_MENTION>
<EVENT_MENTION aspect="NONE" certainty="PROBABLE" comment="" m_id="33" modality="" polarity="POS" pos="NOUN" pred="recovery" special_cases="NONE" tense="NONE" time="FUTURE">
<token_anchor t_id="77"/>
</EVENT_MENTION>
<EVENT_MENTION aspect="NONE" certainty="CERTAIN" comment="" m_id="34" modality="" polarity="POS" pos="VERB" pred="be" special_cases="NONE" tense="PRESENT" time="NON_FUTURE">
<token_anchor t_id="78"/>
</EVENT_MENTION>
<EVENT_MENTION aspect="NONE" certainty="CERTAIN" comment="" m_id="3" modality="" polarity="POS" pos="VERB" pred="rise" special_cases="NONE" tense="NONE" time="NON_FUTURE">
<token_anchor t_id="4"/>
</EVENT_MENTION>
<EVENT_MENTION aspect="" certainty="PROBABLE" comment="" m_id="35" modality="" polarity="POS" pos="OTHER" pred="slow" special_cases="NONE" tense="" time="FUTURE">
<token_anchor t_id="83"/>
</EVENT_MENTION>
<EVENT_MENTION aspect="NONE" certainty="PROBABLE" comment="" m_id="36" modality="" polarity="POS" pos="VERB" pred="decline" special_cases="NONE" tense="PRESPART" time="FUTURE">
<token_anchor t_id="89"/>
</EVENT_MENTION>
<EVENT_MENTION aspect="NONE" certainty="CERTAIN" comment="" m_id="4" modality="" polarity="POS" pos="NOUN" pred="hopes" special_cases="NONE" tense="NONE" time="NON_FUTURE">
<token_anchor t_id="6"/>
</EVENT_MENTION>
<EVENT_MENTION aspect="NONE" certainty="POSSIBLE" comment="" m_id="5" modality="" polarity="POS" pos="NOUN" pred="recovery" special_cases="NONE" tense="NONE" time="FUTURE">
<token_anchor t_id="10"/>
</EVENT_MENTION>
<EVENT_MENTION aspect="NONE" certainty="CERTAIN" comment="" m_id="38" modality="" polarity="POS" pos="VERB" pred="gain" special_cases="NONE" tense="PAST" time="NON_FUTURE">
<token_anchor t_id="102"/>
</EVENT_MENTION>
<EVENT_MENTION aspect="NONE" certainty="CERTAIN" comment="" m_id="8" modality="" polarity="POS" pos="VERB" pred="rise" special_cases="NONE" tense="PAST" time="NON_FUTURE">
<token_anchor t_id="18"/>
</EVENT_MENTION>
<EVENT_MENTION aspect="NONE" certainty="CERTAIN" comment="" m_id="41" modality="" polarity="POS" pos="VERB" pred="end" special_cases="NONE" tense="INFINITIVE" time="NON_FUTURE">
<token_anchor t_id="111"/>
</EVENT_MENTION>
<EVENT_MENTION aspect="" certainty="POSSIBLE" comment="" m_id="62" modality="" polarity="POS" pos="NOUN" pred="prospects" special_cases="NONE" tense="" time="FUTURE">
<token_anchor t_id="54"/>
</EVENT_MENTION>
<EVENT_MENTION aspect="NONE" certainty="CERTAIN" comment="" m_id="15" modality="" polarity="POS" pos="VERB" pred="say" special_cases="NONE" tense="PAST" time="NON_FUTURE">
<token_anchor t_id="28"/>
</EVENT_MENTION>
<EVENT_MENTION aspect="PROGRESSIVE" certainty="CERTAIN" comment="" m_id="18" modality="" polarity="POS" pos="VERB" pred="start" special_cases="NONE" tense="PAST" time="NON_FUTURE">
<token_anchor t_id="34"/>
</EVENT_MENTION>
<SIGNAL comment="" m_id="9">
<token_anchor t_id="19"/>
</SIGNAL>
<SIGNAL comment="" m_id="11">
<token_anchor t_id="22"/>
</SIGNAL>
<SIGNAL comment="" m_id="72">
<token_anchor t_id="60"/>
</SIGNAL>
<TIMEX3 anchorTimeID="6" beginPoint="" comment="" endPoint="" functionInDocument="NONE" m_id="28" type="DATE" value="FUTURE_REF">
<token_anchor t_id="61"/>
<token_anchor t_id="62"/>
<token_anchor t_id="63"/>
</TIMEX3>
<TIMEX3 anchorTimeID="" beginPoint="" comment="" endPoint="" functionInDocument="CREATION_TIME" m_id="6" type="DATE" value="2009-08-21">
<token_anchor t_id="11"/>
<token_anchor t_id="12"/>
<token_anchor t_id="13"/>
<token_anchor t_id="14"/>
</TIMEX3>
<TIMEX3 anchorTimeID="6" beginPoint="" comment="" endPoint="" functionInDocument="NONE" m_id="42" type="DATE" value="2009-08-21">
<token_anchor t_id="112"/>
<token_anchor t_id="113"/>
</TIMEX3>
<TIMEX3 anchorTimeID="6" beginPoint="" comment="" endPoint="" functionInDocument="NONE" m_id="10" type="DATE" value="2009-08-21">
<token_anchor t_id="20"/>
</TIMEX3>
<VALUE comment="" m_id="39" type="QUANTITY">
<token_anchor t_id="103"/>
<token_anchor t_id="104"/>
</VALUE>
<VALUE comment="" m_id="40" type="PERCENT">
<token_anchor t_id="107"/>
<token_anchor t_id="108"/>
</VALUE>
<VALUE comment="" m_id="43" type="QUANTITY">
<token_anchor t_id="115"/>
</VALUE>











<ENTITY_MENTION m_id="89">
  <token_anchor t_id="23"/>
  <token_anchor t_id="24"/>
</ENTITY_MENTION>

<EVENT TAG_DESCRIPTOR="gain 21 august 2009 dow" class="OTHER" instance_id="OTH40821622171856272" m_id="107"/><EVENT TAG_DESCRIPTOR="end the day 21 august 2009 dow" class="OTHER" instance_id="OTH40821680433698332" m_id="106"/>
<EVENT TAG_DESCRIPTOR="said - the prospects" class="SPEECH_COGNITIVE" comment="" external_ref="" m_id="59"/>
<EVENT TAG_DESCRIPTOR="conference" class="OTHER" comment="" external_ref="" m_id="58"/><EVENT TAG_DESCRIPTOR="address" class="SPEECH_COGNITIVE" comment="" external_ref="" m_id="57"/>
<EVENT TAG_DESCRIPTOR="recession" class="OTHER" comment="" external_ref="" m_id="56"/>
<EVENT TAG_DESCRIPTOR="recover" class="OTHER" comment="" external_ref="" m_id="55"/><EVENT TAG_DESCRIPTOR="start" class="GRAMMATICAL" comment="" external_ref="" m_id="54"/>
<EVENT TAG_DESCRIPTOR="say" class="SPEECH_COGNITIVE" comment="" external_ref="" m_id="53"/><EVENT TAG_DESCRIPTOR="recovery" class="OTHER" comment="" external_ref="" m_id="52"/>
<EVENT TAG_DESCRIPTOR="hope" class="SPEECH_COGNITIVE" comment="" external_ref="" m_id="51"/><EVENT TAG_DESCRIPTOR="rise" class="OTHER" comment="" external_ref="" m_id="50"/>
<EVENT TAG_DESCRIPTOR="decline" class="OTHER" comment="" external_ref="" m_id="69"/>
<EVENT TAG_DESCRIPTOR="slow" class="OTHER" comment="" external_ref="" m_id="68"/><EVENT TAG_DESCRIPTOR="be" class="GRAMMATICAL" comment="" external_ref="" m_id="67"/>
<EVENT TAG_DESCRIPTOR="add" class="SPEECH_COGNITIVE" comment="" external_ref="" m_id="66"/>
<EVENT TAG_DESCRIPTOR="good" class="OTHER" comment="" external_ref="" m_id="65"/>
<EVENT TAG_DESCRIPTOR="appear" class="SPEECH_COGNITIVE" comment="" external_ref="" m_id="64"/><EVENT TAG_DESCRIPTOR="prospects" class="OTHER" comment="" external_ref="" m_id="63"/>
<EVENT TAG_DESCRIPTOR="growth" class="OTHER" comment="" external_ref="" m_id="61"/><EVENT TAG_DESCRIPTOR="return" class="GRAMMATICAL" comment="" external_ref="" m_id="60"/>
<ENTITY TAG_DESCRIPTOR="Ben Bernanke" ent_type="PER" external_ref="http://dbpedia.org/resource/Ben_Bernanke" instance_id="PER44160021105554776" m_id="103"/>
<ENTITY TAG_DESCRIPTOR="United States of America " ent_type="LOC" external_ref="http://dbpedia.org/resource/United_States" instance_id="LOC27735327659249054" m_id="101"/>
<ENTITY TAG_DESCRIPTOR="Economy of the United States" ent_type="FIN" external_ref="http://dbpedia.org/resource/Economy_of_the_United_States" instance_id="FIN44160269826652668" m_id="118"/>
<ENTITY TAG_DESCRIPTOR="US banks" ent_type="ORG" instance_id="ORG43995193106187133" m_id="115"/><ENTITY TAG_DESCRIPTOR="Dow Jones Industrial Average" ent_type="FIN" external_ref="http://dbpedia.org/resource/Dow_Jones_Industrial_Average" instance_id="FIN39323676120351079" m_id="114"/>
<ENTITY TAG_DESCRIPTOR="stock indexes around the globe" ent_type="FIN" external_ref="http://dbpedia.org/resource/Stock_market_index" instance_id="FIN44082788519490112" m_id="113"/>
<ENTITY TAG_DESCRIPTOR="Wyoming" ent_type="LOC" external_ref="http://dbpedia.org/resource/Wyoming" instance_id="LOC43998397442057492" m_id="110"/></Markables>
<Relations>
<SLINK r_id="162383">
<source m_id="21"/>
<target m_id="22"/>
</SLINK>
<SLINK r_id="162384">
<source m_id="15"/>
<target m_id="18"/>
</SLINK>
<GLINK r_id="162385">
<source m_id="18"/>
<target m_id="19"/>
</GLINK>
<GLINK r_id="162390">
<source m_id="26"/>
<target m_id="27"/>
</GLINK>
<TLINK comment="" r_id="162474" reltype="INCLUDES" signalID="">
<source m_id="6"/>
<target m_id="8"/>
</TLINK>
<TLINK comment="" r_id="162475" reltype="AFTER" signalID="">
<source m_id="6"/>
<target m_id="25"/>
</TLINK>
<TLINK comment="" r_id="162476" reltype="INCLUDES" signalID="">
<source m_id="6"/>
<target m_id="38"/>
</TLINK>
<TLINK comment="" r_id="162477" reltype="AFTER" signalID="">
<source m_id="6"/>
<target m_id="32"/>
</TLINK>
<TLINK comment="" r_id="162478" reltype="SIMULTANEOUS" signalID="">
<source m_id="15"/>
<target m_id="18"/>
</TLINK>
<TLINK comment="" r_id="162479" reltype="IS_INCLUDED" signalID="9">
<source m_id="8"/>
<target m_id="10"/>
</TLINK>
<TLINK comment="" r_id="162480" reltype="BEFORE" signalID="11">
<source m_id="8"/>
<target m_id="15"/>
</TLINK>
<TLINK comment="" r_id="162481" reltype="AFTER" signalID="">
<source m_id="8"/>
<target m_id="20"/>
</TLINK>
<TLINK comment="" r_id="162482" reltype="AFTER" signalID="">
<source m_id="8"/>
<target m_id="25"/>
</TLINK>
<TLINK comment="" r_id="162483" reltype="SIMULTANEOUS" signalID="">
<source m_id="21"/>
<target m_id="25"/>
</TLINK>
<TLINK comment="" r_id="162484" reltype="BEGINS" signalID="">
<source m_id="25"/>
<target m_id="32"/>
</TLINK>
<TLINK comment="" r_id="162485" reltype="BEFORE" signalID="">
<source m_id="32"/>
<target m_id="38"/>
</TLINK>
<TLINK comment="" r_id="162486" reltype="ENDS" signalID="">
<source m_id="41"/>
<target m_id="42"/>
</TLINK>
<TLINK comment="" r_id="162487" reltype="IS_INCLUDED" signalID="72">
<source m_id="27"/>
<target m_id="28"/>
</TLINK>
<HAS_PARTICIPANT comment="" r_id="162488" sem_role="Arg1" sem_role_framework="PROPBANK">
<source m_id="3"/>
<target m_id="1"/>
</HAS_PARTICIPANT>
<HAS_PARTICIPANT comment="" r_id="162489" sem_role="Arg1" sem_role_framework="PROPBANK">
<source m_id="8"/>
<target m_id="7"/>
</HAS_PARTICIPANT>
<HAS_PARTICIPANT comment="" r_id="162490" sem_role="Arg0" sem_role_framework="PROPBANK">
<source m_id="15"/>
<target m_id="12"/>
</HAS_PARTICIPANT>
<HAS_PARTICIPANT comment="" r_id="162491" sem_role="Argm-LOC" sem_role_framework="PROPBANK">
<source m_id="22"/>
<target m_id="23"/>
</HAS_PARTICIPANT>
<HAS_PARTICIPANT comment="" r_id="162492" sem_role="Arg0" sem_role_framework="PROPBANK">
<source m_id="25"/>
<target m_id="24"/>
</HAS_PARTICIPANT>
<HAS_PARTICIPANT comment="" r_id="162493" sem_role="Arg0" sem_role_framework="PROPBANK">
<source m_id="32"/>
<target m_id="31"/>
</HAS_PARTICIPANT>
<HAS_PARTICIPANT comment="" r_id="162495" sem_role="Arg4" sem_role_framework="PROPBANK">
<source m_id="41"/>
<target m_id="43"/>
</HAS_PARTICIPANT>
<HAS_PARTICIPANT comment="" r_id="162496" sem_role="Arg1" sem_role_framework="PROPBANK">
<source m_id="38"/>
<target m_id="37"/>
</HAS_PARTICIPANT>
<HAS_PARTICIPANT comment="" r_id="162497" sem_role="Arg2" sem_role_framework="PROPBANK">
<source m_id="38"/>
<target m_id="39"/>
</HAS_PARTICIPANT>
<HAS_PARTICIPANT comment="" r_id="162498" sem_role="Arg2" sem_role_framework="PROPBANK">
<source m_id="38"/>
<target m_id="40"/>
</HAS_PARTICIPANT>






































<REFERS_TO r_id="162519">
<source m_id="1"/>
<source m_id="7"/>
<target m_id="113"/>
</REFERS_TO>

<REFERS_TO r_id="162521">
<source m_id="26"/>
<target m_id="60"/>
</REFERS_TO>
<REFERS_TO r_id="162522">
<source m_id="27"/>
<target m_id="61"/>
</REFERS_TO>

<REFERS_TO r_id="162524">
<source m_id="62"/>
<target m_id="63"/>
</REFERS_TO>
<REFERS_TO r_id="162525">
<source m_id="29"/>
<target m_id="64"/>
</REFERS_TO>
<REFERS_TO r_id="162526">
<source m_id="30"/>
<target m_id="65"/>
</REFERS_TO>
<REFERS_TO r_id="162527">
<source m_id="32"/>
<target m_id="66"/>
</REFERS_TO>
<REFERS_TO r_id="162528">
<source m_id="34"/>
<target m_id="67"/>
</REFERS_TO>
<REFERS_TO r_id="162529">
<source m_id="35"/>
<target m_id="68"/>
</REFERS_TO>
<REFERS_TO r_id="162530">
<source m_id="36"/>
<target m_id="69"/>
</REFERS_TO>
<REFERS_TO r_id="162531">
<source m_id="16"/>
<target m_id="118"/>
</REFERS_TO>




<REFERS_TO r_id="162536">
<source m_id="13"/>
<source m_id="31"/>
<source m_id="12"/>
<source m_id="24"/>
<source m_id="73"/>
<target m_id="103"/>
</REFERS_TO>

<REFERS_TO r_id="162538">
<source m_id="14"/>
<source m_id="17"/>
<source m_id="2"/>
<target m_id="101"/>
</REFERS_TO>
<REFERS_TO r_id="162539">
<source m_id="41"/>
<target m_id="106"/>
</REFERS_TO>
<REFERS_TO r_id="162540">
<source m_id="38"/>
<target m_id="107"/>
</REFERS_TO>


<REFERS_TO r_id="162543">
<source m_id="89"/>
<target m_id="115"/>
</REFERS_TO>
<REFERS_TO r_id="162544">
<source m_id="25"/>
<target m_id="59"/>
</REFERS_TO>
<REFERS_TO r_id="162545">
<source m_id="22"/>
<target m_id="58"/>
</REFERS_TO>
<REFERS_TO r_id="162546">
<source m_id="37"/>
<target m_id="114"/>
</REFERS_TO>
<REFERS_TO r_id="162547">
<source m_id="19"/>
<target m_id="55"/>
</REFERS_TO>
<REFERS_TO r_id="162548">
<source m_id="18"/>
<target m_id="54"/>
</REFERS_TO>
<REFERS_TO r_id="162549">
<source m_id="21"/>
<target m_id="57"/>
</REFERS_TO>
<REFERS_TO r_id="162550">
<source m_id="20"/>
<target m_id="56"/>
</REFERS_TO>
<REFERS_TO r_id="162551">
<source m_id="4"/>
<target m_id="51"/>
</REFERS_TO>
<REFERS_TO r_id="162552">
<source m_id="3"/>
<source m_id="8"/>
<target m_id="50"/>
</REFERS_TO>
<REFERS_TO r_id="162553">
<source m_id="15"/>
<target m_id="53"/>
</REFERS_TO>
<REFERS_TO r_id="162554">
<source m_id="5"/>
<source m_id="19"/>
<source m_id="33"/>
<target m_id="52"/>
</REFERS_TO>


<REFERS_TO r_id="162557">
<source m_id="23"/>
<target m_id="110"/>
</REFERS_TO>
</Relations>
</Document>