<?xml version="1.0" ?><Document doc_id="141225" doc_name="141225_British_FTSE_index_reaches_one-year_high,_other_European_markets_rise" lang="en" url="http://en.wikinews.org/wiki/British_FTSE_index_reaches_one-year_high,_other_European_markets_rise">
<token number="0" sentence="0" t_id="1">British</token>
<token number="1" sentence="0" t_id="2">FTSE</token>
<token number="2" sentence="0" t_id="3">index</token>
<token number="3" sentence="0" t_id="4">reaches</token>
<token number="4" sentence="0" t_id="5">one-year</token>
<token number="5" sentence="0" t_id="6">high</token>
<token number="6" sentence="0" t_id="7">,</token>
<token number="7" sentence="0" t_id="8">other</token>
<token number="8" sentence="0" t_id="9">European</token>
<token number="9" sentence="0" t_id="10">markets</token>
<token number="10" sentence="0" t_id="11">rise</token>
<token number="11" sentence="1" t_id="12">October</token>
<token number="12" sentence="1" t_id="13">12</token>
<token number="13" sentence="1" t_id="14">,</token>
<token number="14" sentence="1" t_id="15">2009</token>
<token number="15" sentence="2" t_id="16">The</token>
<token number="16" sentence="2" t_id="17">British</token>
<token number="17" sentence="2" t_id="18">stock</token>
<token number="18" sentence="2" t_id="19">index</token>
<token number="19" sentence="2" t_id="20">FTSE</token>
<token number="20" sentence="2" t_id="21">100</token>
<token number="21" sentence="2" t_id="22">closed</token>
<token number="22" sentence="2" t_id="23">at</token>
<token number="23" sentence="2" t_id="24">its</token>
<token number="24" sentence="2" t_id="25">highest</token>
<token number="25" sentence="2" t_id="26">levels</token>
<token number="26" sentence="2" t_id="27">in</token>
<token number="27" sentence="2" t_id="28">over</token>
<token number="28" sentence="2" t_id="29">a</token>
<token number="29" sentence="2" t_id="30">year</token>
<token number="30" sentence="2" t_id="31">on</token>
<token number="31" sentence="2" t_id="32">Monday</token>
<token number="32" sentence="2" t_id="33">,</token>
<token number="33" sentence="2" t_id="34">following</token>
<token number="34" sentence="2" t_id="35">news</token>
<token number="35" sentence="2" t_id="36">of</token>
<token number="36" sentence="2" t_id="37">stronger</token>
<token number="37" sentence="2" t_id="38">commodity</token>
<token number="38" sentence="2" t_id="39">prices</token>
<token number="39" sentence="2" t_id="40">.</token>
<token number="40" sentence="3" t_id="41">The</token>
<token number="41" sentence="3" t_id="42">share</token>
<token number="42" sentence="3" t_id="43">index</token>
<token number="43" sentence="3" t_id="44">increased</token>
<token number="44" sentence="3" t_id="45">by</token>
<token number="45" sentence="3" t_id="46">48.3</token>
<token number="46" sentence="3" t_id="47">points</token>
<token number="47" sentence="3" t_id="48">,</token>
<token number="48" sentence="3" t_id="49">or</token>
<token number="49" sentence="3" t_id="50">0.9</token>
<token number="50" sentence="3" t_id="51">%</token>
<token number="51" sentence="3" t_id="52">to</token>
<token number="52" sentence="3" t_id="53">finish</token>
<token number="53" sentence="3" t_id="54">the</token>
<token number="54" sentence="3" t_id="55">day</token>
<token number="55" sentence="3" t_id="56">at</token>
<token number="56" sentence="3" t_id="57">a</token>
<token number="57" sentence="3" t_id="58">level</token>
<token number="58" sentence="3" t_id="59">of</token>
<token number="59" sentence="3" t_id="60">5,210.17</token>
<token number="60" sentence="3" t_id="61">,</token>
<token number="61" sentence="3" t_id="62">a</token>
<token number="62" sentence="3" t_id="63">figure</token>
<token number="63" sentence="3" t_id="64">not</token>
<token number="64" sentence="3" t_id="65">seen</token>
<token number="65" sentence="3" t_id="66">since</token>
<token number="66" sentence="3" t_id="67">last</token>
<token number="67" sentence="3" t_id="68">September</token>
<token number="68" sentence="3" t_id="69">.</token>
<token number="69" sentence="4" t_id="70">The</token>
<token number="70" sentence="4" t_id="71">best</token>
<token number="71" sentence="4" t_id="72">performer</token>
<token number="72" sentence="4" t_id="73">was</token>
<token number="73" sentence="4" t_id="74">the</token>
<token number="74" sentence="4" t_id="75">Old</token>
<token number="75" sentence="4" t_id="76">Mutual</token>
<token number="76" sentence="4" t_id="77">insurance</token>
<token number="77" sentence="4" t_id="78">company</token>
<token number="78" sentence="4" t_id="79">,</token>
<token number="79" sentence="4" t_id="80">reaching</token>
<token number="80" sentence="4" t_id="81">a</token>
<token number="81" sentence="4" t_id="82">sixteen-month</token>
<token number="82" sentence="4" t_id="83">high</token>
<token number="83" sentence="4" t_id="84">after</token>
<token number="84" sentence="4" t_id="85">gaining</token>
<token number="85" sentence="4" t_id="86">4.6</token>
<token number="86" sentence="4" t_id="87">%</token>
<token number="87" sentence="4" t_id="88">.</token>
<token number="88" sentence="5" t_id="89">Some</token>
<token number="89" sentence="5" t_id="90">economic</token>
<token number="90" sentence="5" t_id="91">analysts</token>
<token number="91" sentence="5" t_id="92">think</token>
<token number="92" sentence="5" t_id="93">that</token>
<token number="93" sentence="5" t_id="94">the</token>
<token number="94" sentence="5" t_id="95">FTSE</token>
<token number="95" sentence="5" t_id="96">index</token>
<token number="96" sentence="5" t_id="97">could</token>
<token number="97" sentence="5" t_id="98">continue</token>
<token number="98" sentence="5" t_id="99">to</token>
<token number="99" sentence="5" t_id="100">gain</token>
<token number="100" sentence="5" t_id="101">for</token>
<token number="101" sentence="5" t_id="102">the</token>
<token number="102" sentence="5" t_id="103">remainder</token>
<token number="103" sentence="5" t_id="104">of</token>
<token number="104" sentence="5" t_id="105">the</token>
<token number="105" sentence="5" t_id="106">week</token>
<token number="106" sentence="5" t_id="107">.</token>
<token number="107" sentence="6" t_id="108">David</token>
<token number="108" sentence="6" t_id="109">Jones</token>
<token number="109" sentence="6" t_id="110">,</token>
<token number="110" sentence="6" t_id="111">the</token>
<token number="111" sentence="6" t_id="112">chief</token>
<token number="112" sentence="6" t_id="113">market</token>
<token number="113" sentence="6" t_id="114">strategist</token>
<token number="114" sentence="6" t_id="115">at</token>
<token number="115" sentence="6" t_id="116">IG</token>
<token number="116" sentence="6" t_id="117">Index</token>
<token number="117" sentence="6" t_id="118">,</token>
<token number="118" sentence="6" t_id="119">said</token>
<token number="119" sentence="6" t_id="120">that</token>
<token number="120" sentence="6" t_id="121">``</token>
<token number="121" sentence="6" t_id="122">the</token>
<token number="122" sentence="6" t_id="123">next</token>
<token number="123" sentence="6" t_id="124">FTSE</token>
<token number="124" sentence="6" t_id="125">target</token>
<token number="125" sentence="6" t_id="126">traders</token>
<token number="126" sentence="6" t_id="127">are</token>
<token number="127" sentence="6" t_id="128">eyeing</token>
<token number="128" sentence="6" t_id="129">in</token>
<token number="129" sentence="6" t_id="130">the</token>
<token number="130" sentence="6" t_id="131">short</token>
<token number="131" sentence="6" t_id="132">term</token>
<token number="132" sentence="6" t_id="133">is</token>
<token number="133" sentence="6" t_id="134">the</token>
<token number="134" sentence="6" t_id="135">5,350</token>
<token number="135" sentence="6" t_id="136">high</token>
<token number="136" sentence="6" t_id="137">hit</token>
<token number="137" sentence="6" t_id="138">in</token>
<token number="138" sentence="6" t_id="139">September</token>
<token number="139" sentence="6" t_id="140">last</token>
<token number="140" sentence="6" t_id="141">year</token>
<token number="141" sentence="6" t_id="142">and</token>
<token number="142" sentence="6" t_id="143">the</token>
<token number="143" sentence="6" t_id="144">way</token>
<token number="144" sentence="6" t_id="145">sentiment</token>
<token number="145" sentence="6" t_id="146">is</token>
<token number="146" sentence="6" t_id="147">going</token>
<token number="147" sentence="6" t_id="148">it</token>
<token number="148" sentence="6" t_id="149">would</token>
<token number="149" sentence="6" t_id="150">not</token>
<token number="150" sentence="6" t_id="151">be</token>
<token number="151" sentence="6" t_id="152">a</token>
<token number="152" sentence="6" t_id="153">surprise</token>
<token number="153" sentence="6" t_id="154">to</token>
<token number="154" sentence="6" t_id="155">see</token>
<token number="155" sentence="6" t_id="156">that</token>
<token number="156" sentence="6" t_id="157">hit</token>
<token number="157" sentence="6" t_id="158">this</token>
<token number="158" sentence="6" t_id="159">week</token>
<token number="159" sentence="6" t_id="160">.</token>
<token number="160" sentence="6" t_id="161">''</token>
<token number="161" sentence="7" t_id="162">Other</token>
<token number="162" sentence="7" t_id="163">European</token>
<token number="163" sentence="7" t_id="164">markets</token>
<token number="164" sentence="7" t_id="165">also</token>
<token number="165" sentence="7" t_id="166">posted</token>
<token number="166" sentence="7" t_id="167">gains</token>
<token number="167" sentence="7" t_id="168">on</token>
<token number="168" sentence="7" t_id="169">Monday</token>
<token number="169" sentence="7" t_id="170">.</token>
<token number="170" sentence="8" t_id="171">The</token>
<token number="171" sentence="8" t_id="172">German</token>
<token number="172" sentence="8" t_id="173">DAX</token>
<token number="173" sentence="8" t_id="174">index</token>
<token number="174" sentence="8" t_id="175">gained</token>
<token number="175" sentence="8" t_id="176">71.35</token>
<token number="176" sentence="8" t_id="177">points</token>
<token number="177" sentence="8" t_id="178">to</token>
<token number="178" sentence="8" t_id="179">a</token>
<token number="179" sentence="8" t_id="180">level</token>
<token number="180" sentence="8" t_id="181">of</token>
<token number="181" sentence="8" t_id="182">5,783.23</token>
<token number="182" sentence="8" t_id="183">,</token>
<token number="183" sentence="8" t_id="184">while</token>
<token number="184" sentence="8" t_id="185">the</token>
<token number="185" sentence="8" t_id="186">French</token>
<token number="186" sentence="8" t_id="187">CAC</token>
<token number="187" sentence="8" t_id="188">40</token>
<token number="188" sentence="8" t_id="189">increased</token>
<token number="189" sentence="8" t_id="190">46.19</token>
<token number="190" sentence="8" t_id="191">points</token>
<token number="191" sentence="8" t_id="192">to</token>
<token number="192" sentence="8" t_id="193">3,845.8</token>
<token number="193" sentence="8" t_id="194">.</token>
<Markables>
<ENTITY_MENTION comment="" head="its" m_id="24" syntactic_type="PRO">
<token_anchor t_id="24"/>
</ENTITY_MENTION>
<ENTITY_MENTION comment="" head="prices" m_id="30" syntactic_type="NOM">
<token_anchor t_id="37"/>
<token_anchor t_id="38"/>
<token_anchor t_id="39"/>
</ENTITY_MENTION>
<ENTITY_MENTION comment="" head="index" m_id="31" syntactic_type="NOM">
<token_anchor t_id="41"/>
<token_anchor t_id="42"/>
<token_anchor t_id="43"/>
</ENTITY_MENTION>
<ENTITY_MENTION comment="" head="FTSE" m_id="1" syntactic_type="NAM">
<token_anchor t_id="1"/>
<token_anchor t_id="2"/>
<token_anchor t_id="3"/>
</ENTITY_MENTION>
<ENTITY_MENTION comment="" head="british" m_id="2" syntactic_type="PRE.NAM">
<token_anchor t_id="1"/>
</ENTITY_MENTION>
<ENTITY_MENTION comment="" head="analysts" m_id="38" syntactic_type="NOM">
<token_anchor t_id="89"/>
<token_anchor t_id="90"/>
<token_anchor t_id="91"/>
</ENTITY_MENTION>
<ENTITY_MENTION comment="" head="markets" m_id="6" syntactic_type="NOM">
<token_anchor t_id="8"/>
<token_anchor t_id="9"/>
<token_anchor t_id="10"/>
</ENTITY_MENTION>
<ENTITY_MENTION comment="" head="FTSE" m_id="39" syntactic_type="NAM">
<token_anchor t_id="95"/>
<token_anchor t_id="96"/>
</ENTITY_MENTION>
<ENTITY_MENTION comment="" head="european" m_id="7" syntactic_type="NOM">
<token_anchor t_id="9"/>
</ENTITY_MENTION>
<ENTITY_MENTION comment="" head="british" m_id="59" syntactic_type="NOM">
<token_anchor t_id="17"/>
</ENTITY_MENTION>
<ENTITY_MENTION comment="" head="Old Mutual" m_id="61" syntactic_type="NAM">
<token_anchor t_id="74"/>
<token_anchor t_id="75"/>
<token_anchor t_id="76"/>
<token_anchor t_id="77"/>
<token_anchor t_id="78"/>
</ENTITY_MENTION>
<ENTITY_MENTION comment="" head="FTSE 100" m_id="10" syntactic_type="NAM">
<token_anchor t_id="16"/>
<token_anchor t_id="17"/>
<token_anchor t_id="18"/>
<token_anchor t_id="19"/>
<token_anchor t_id="20"/>
<token_anchor t_id="21"/>
</ENTITY_MENTION>
<EVENT_MENTION aspect="NONE" certainty="CERTAIN" comment="" m_id="19" modality="" polarity="POS" pos="VERB" pred="gaining" special_cases="NONE" tense="PRESPART" time="NON_FUTURE">
<token_anchor t_id="85"/>
</EVENT_MENTION>
<EVENT_MENTION aspect="" certainty="CERTAIN" comment="" m_id="20" modality="" polarity="POS" pos="NOUN" pred="high" special_cases="NONE" tense="" time="NON_FUTURE">
<token_anchor t_id="83"/>
</EVENT_MENTION>
<EVENT_MENTION aspect="NONE" certainty="CERTAIN" comment="" m_id="21" modality="" polarity="POS" pos="VERB" pred="think" special_cases="NONE" tense="PRESENT" time="NON_FUTURE">
<token_anchor t_id="92"/>
</EVENT_MENTION>
<EVENT_MENTION aspect="NONE" certainty="POSSIBLE" comment="" m_id="22" modality="could" polarity="POS" pos="VERB" pred="continue" special_cases="NONE" tense="PRESENT" time="FUTURE">
<token_anchor t_id="98"/>
</EVENT_MENTION>
<EVENT_MENTION aspect="NONE" certainty="POSSIBLE" comment="" m_id="23" modality="" polarity="POS" pos="VERB" pred="gain" special_cases="NONE" tense="INFINITIVE" time="FUTURE">
<token_anchor t_id="100"/>
</EVENT_MENTION>
<EVENT_MENTION aspect="NONE" certainty="CERTAIN" comment="" m_id="3" modality="" polarity="POS" pos="VERB" pred="reach" special_cases="NONE" tense="PRESENT" time="NON_FUTURE">
<token_anchor t_id="4"/>
</EVENT_MENTION>
<EVENT_MENTION aspect="NONE" certainty="CERTAIN" comment="" m_id="5" modality="" polarity="POS" pos="NOUN" pred="high" special_cases="NONE" tense="NONE" time="NON_FUTURE">
<token_anchor t_id="6"/>
</EVENT_MENTION>
<EVENT_MENTION aspect="NONE" certainty="CERTAIN" comment="" m_id="8" modality="" polarity="POS" pos="VERB" pred="rise" special_cases="NONE" tense="PRESENT" time="NON_FUTURE">
<token_anchor t_id="11"/>
</EVENT_MENTION>
<EVENT_MENTION aspect="NONE" certainty="CERTAIN" comment="" m_id="11" modality="" polarity="POS" pos="VERB" pred="close" special_cases="NONE" tense="PAST" time="NON_FUTURE">
<token_anchor t_id="22"/>
</EVENT_MENTION>
<EVENT_MENTION aspect="" certainty="CERTAIN" comment="" m_id="12" modality="" polarity="POS" pos="NOUN" pred="" special_cases="NONE" tense="" time="NON_FUTURE">
<token_anchor t_id="35"/>
</EVENT_MENTION>
<EVENT_MENTION aspect="NONE" certainty="CERTAIN" comment="" m_id="13" modality="" polarity="POS" pos="VERB" pred="increase" special_cases="NONE" tense="PAST" time="NON_FUTURE">
<token_anchor t_id="44"/>
</EVENT_MENTION>
<EVENT_MENTION aspect="NONE" certainty="CERTAIN" comment="" m_id="14" modality="" polarity="POS" pos="VERB" pred="finish" special_cases="NONE" tense="INFINITIVE" time="NON_FUTURE">
<token_anchor t_id="53"/>
</EVENT_MENTION>
<EVENT_MENTION aspect="NONE" certainty="CERTAIN" comment="" m_id="15" modality="" polarity="NEG" pos="VERB" pred="see" special_cases="NONE" tense="PASTPART" time="NON_FUTURE">
<token_anchor t_id="65"/>
</EVENT_MENTION>
<EVENT_MENTION aspect="NONE" certainty="CERTAIN" comment="" m_id="16" modality="" polarity="POS" pos="NOUN" pred="performer" special_cases="NONE" tense="NONE" time="NON_FUTURE">
<token_anchor t_id="72"/>
</EVENT_MENTION>
<EVENT_MENTION aspect="NONE" certainty="CERTAIN" comment="" m_id="17" modality="" polarity="POS" pos="VERB" pred="be" special_cases="NONE" tense="PAST" time="NON_FUTURE">
<token_anchor t_id="73"/>
</EVENT_MENTION>
<EVENT_MENTION aspect="NONE" certainty="CERTAIN" comment="" m_id="18" modality="" polarity="POS" pos="VERB" pred="reach" special_cases="NONE" tense="PRESPART" time="NON_FUTURE">
<token_anchor t_id="80"/>
</EVENT_MENTION>
<SIGNAL comment="" m_id="25">
<token_anchor t_id="27"/>
</SIGNAL>
<SIGNAL comment="" m_id="27">
<token_anchor t_id="31"/>
</SIGNAL>
<SIGNAL comment="" m_id="29">
<token_anchor t_id="34"/>
</SIGNAL>
<SIGNAL comment="" m_id="36">
<token_anchor t_id="66"/>
</SIGNAL>
<SIGNAL comment="" m_id="63">
<token_anchor t_id="84"/>
</SIGNAL>
<SIGNAL comment="" m_id="69">
<token_anchor t_id="101"/>
</SIGNAL>
<TIMEX3 anchorTimeID="" beginPoint="60" comment="" endPoint="9" functionInDocument="NONE" m_id="26" type="DURATION" value="P1Y">
<token_anchor t_id="28"/>
<token_anchor t_id="29"/>
<token_anchor t_id="30"/>
</TIMEX3>
<TIMEX3 anchorTimeID="9" beginPoint="" comment="" endPoint="" functionInDocument="NONE" m_id="28" type="DATE" value="2009-10-12">
<token_anchor t_id="32"/>
</TIMEX3>
<TIMEX3 anchorTimeID="9" beginPoint="" comment="" endPoint="" functionInDocument="NONE" m_id="34" type="DATE" value="2009-10-12">
<token_anchor t_id="54"/>
<token_anchor t_id="55"/>
</TIMEX3>
<TIMEX3 anchorTimeID="" beginPoint="" comment="" endPoint="" functionInDocument="NONE" m_id="4" type="DURATION" value="P1Y">
<token_anchor t_id="5"/>
</TIMEX3>
<TIMEX3 anchorTimeID="9" beginPoint="" comment="" endPoint="" functionInDocument="NONE" m_id="37" type="DATE" value="2009-09">
<token_anchor t_id="67"/>
<token_anchor t_id="68"/>
</TIMEX3>
<TIMEX3 anchorTimeID="9" beginPoint="" comment="" endPoint="" functionInDocument="NONE" m_id="40" type="DURATION" value="P1W">
<token_anchor t_id="105"/>
<token_anchor t_id="106"/>
</TIMEX3>
<TIMEX3 anchorTimeID="" beginPoint="" comment="" endPoint="" functionInDocument="CREATION_TIME" m_id="9" type="DATE" value="2009-10-12">
<token_anchor t_id="12"/>
<token_anchor t_id="13"/>
<token_anchor t_id="14"/>
<token_anchor t_id="15"/>
</TIMEX3>
<TIMEX3 anchorTimeID="" beginPoint="" comment="" endPoint="" functionInDocument="NONE" m_id="62" type="DURATION" value="P16M">
<token_anchor t_id="82"/>
</TIMEX3>
<VALUE comment="" m_id="32" type="QUANTITY">
<token_anchor t_id="46"/>
<token_anchor t_id="47"/>
</VALUE>
<VALUE comment="" m_id="33" type="PERCENT">
<token_anchor t_id="50"/>
<token_anchor t_id="51"/>
</VALUE>
<VALUE comment="" m_id="35" type="QUANTITY">
<token_anchor t_id="60"/>
</VALUE>
<VALUE comment="" m_id="64" type="PERCENT">
<token_anchor t_id="86"/>
<token_anchor t_id="87"/>
</VALUE>
<TIMEX3 TAG_DESCRIPTOR="2008" anchorTimeID="" beginPoint="" comment="" endPoint="" functionInDocument="NONE" m_id="60" type="DATE" value="2008"/>



<EVENT TAG_DESCRIPTOR="reach" class="OTHER" comment="" external_ref="" m_id="58"/><EVENT TAG_DESCRIPTOR="finish 12 october 2009 ftse" class="OTHER" instance_id="OTH40460063978655986" m_id="103"/>
<EVENT TAG_DESCRIPTOR="be" class="OTHER" comment="" external_ref="" m_id="57"/><EVENT TAG_DESCRIPTOR="performer" class="OTHER" comment="" external_ref="" m_id="56"/>
<EVENT TAG_DESCRIPTOR="see" class="SPEECH_COGNITIVE" comment="" external_ref="" m_id="55"/><EVENT TAG_DESCRIPTOR="news" class="OTHER" comment="" external_ref="" m_id="53"/>
<EVENT TAG_DESCRIPTOR="rise" class="OTHER" comment="" external_ref="" m_id="51"/><EVENT TAG_DESCRIPTOR="high" class="OTHER" comment="" external_ref="" m_id="50"/>
<EVENT TAG_DESCRIPTOR="continue" class="GRAMMATICAL" comment="" external_ref="" m_id="70"/><EVENT TAG_DESCRIPTOR="gain" class="OTHER" comment="" external_ref="" m_id="68"/>
<EVENT TAG_DESCRIPTOR="think" class="SPEECH_COGNITIVE" comment="" external_ref="" m_id="67"/><EVENT TAG_DESCRIPTOR="gain - 4.6" class="OTHER" comment="" external_ref="" m_id="66"/>
<EVENT TAG_DESCRIPTOR="close 12 october 2009 ftse" class="OTHER" instance_id="OTH40459462411204363" m_id="98"/><EVENT TAG_DESCRIPTOR="high" class="OTHER" comment="" external_ref="" m_id="65"/>
<EVENT TAG_DESCRIPTOR="increase 12 october 2009 ftse" class="OTHER" instance_id="OTH40459905683226321" m_id="96"/><EVENT TAG_DESCRIPTOR="reach 12 october 2009 ftse" class="OTHER" instance_id="OTH40459282154782910" m_id="93"/>
<ENTITY TAG_DESCRIPTOR="Old Mutual" ent_type="ORG" external_ref="http://dbpedia.org/resource/Old_Mutual" instance_id="ORG44160142567703743" m_id="102"/>
<ENTITY TAG_DESCRIPTOR="commodity price index" ent_type="FIN" external_ref="http://dbpedia.org/resource/Commodity_price_index" instance_id="FIN44180100434558173" m_id="101"/><ENTITY TAG_DESCRIPTOR="Financial analysts" ent_type="PER" external_ref="http://dbpedia.org/resource/Financial_analyst" instance_id="PER43999661376291416" m_id="100"/>
<ENTITY TAG_DESCRIPTOR="United Kingdom" ent_type="LOC" external_ref="http://dbpedia.org/resource/United_Kingdom" instance_id="LOC27735930596276101" m_id="99"/><ENTITY TAG_DESCRIPTOR="Europe" ent_type="LOC" external_ref="http://dbpedia.org/resource/Europe" instance_id="LOC27735665947140158" m_id="97"/>
<ENTITY TAG_DESCRIPTOR="FTSE 100 index" ent_type="FIN" external_ref="http://dbpedia.org/resource/FTSE_100_Index" instance_id="FIN39676646219701103" m_id="94"/>
<ENTITY TAG_DESCRIPTOR="European markets except British FTSE" ent_type="FIN" instance_id="FIN44180019212535054" m_id="92"/></Markables>
<Relations>
<TLINK comment="" r_id="162527" reltype="INCLUDES" signalID="">
<source m_id="9"/>
<target m_id="11"/>
</TLINK>
<TLINK comment="" r_id="162528" reltype="IS_INCLUDED" signalID="27">
<source m_id="11"/>
<target m_id="28"/>
</TLINK>
<TLINK comment="" r_id="162529" reltype="INCLUDES" signalID="">
<source m_id="9"/>
<target m_id="17"/>
</TLINK>
<TLINK comment="" r_id="162530" reltype="AFTER" signalID="36">
<source m_id="15"/>
<target m_id="37"/>
</TLINK>
<TLINK comment="" r_id="162531" reltype="INCLUDES" signalID="">
<source m_id="9"/>
<target m_id="13"/>
</TLINK>
<TLINK comment="" r_id="162532" reltype="AFTER" signalID="29">
<source m_id="11"/>
<target m_id="12"/>
</TLINK>
<TLINK comment="" r_id="162533" reltype="ENDED_BY" signalID="">
<source m_id="13"/>
<target m_id="14"/>
</TLINK>
<TLINK comment="" r_id="162534" reltype="ENDS" signalID="">
<source m_id="14"/>
<target m_id="34"/>
</TLINK>
<TLINK comment="" r_id="162535" reltype="ENDED_BY" signalID="">
<source m_id="62"/>
<target m_id="20"/>
</TLINK>
<TLINK comment="" r_id="162536" reltype="AFTER" signalID="63">
<source m_id="18"/>
<target m_id="19"/>
</TLINK>
<TLINK comment="" r_id="162537" reltype="INCLUDES" signalID="">
<source m_id="9"/>
<target m_id="21"/>
</TLINK>
<TLINK comment="" r_id="162538" reltype="SIMULTANEOUS" signalID="">
<source m_id="13"/>
<target m_id="17"/>
</TLINK>
<TLINK comment="" r_id="162539" reltype="BEFORE" signalID="">
<source m_id="11"/>
<target m_id="13"/>
</TLINK>
<TLINK comment="" r_id="162540" reltype="MEASURE" signalID="">
<source m_id="23"/>
<target m_id="40"/>
</TLINK>
<TLINK comment="" r_id="162541" reltype="BEFORE" signalID="">
<source m_id="17"/>
<target m_id="21"/>
</TLINK>
<HAS_PARTICIPANT comment="" r_id="162542" sem_role="Arg0" sem_role_framework="PROPBANK">
<source m_id="3"/>
<target m_id="1"/>
</HAS_PARTICIPANT>
<HAS_PARTICIPANT comment="" r_id="162543" sem_role="Arg1" sem_role_framework="PROPBANK">
<source m_id="13"/>
<target m_id="31"/>
</HAS_PARTICIPANT>
<HAS_PARTICIPANT comment="" r_id="162544" sem_role="Arg2" sem_role_framework="PROPBANK">
<source m_id="12"/>
<target m_id="30"/>
</HAS_PARTICIPANT>
<HAS_PARTICIPANT comment="" r_id="162545" sem_role="Arg1" sem_role_framework="PROPBANK">
<source m_id="11"/>
<target m_id="10"/>
</HAS_PARTICIPANT>
<HAS_PARTICIPANT comment="" r_id="162546" sem_role="Arg1" sem_role_framework="PROPBANK">
<source m_id="8"/>
<target m_id="6"/>
</HAS_PARTICIPANT>
<HAS_PARTICIPANT comment="" r_id="162547" sem_role="Arg2" sem_role_framework="PROPBANK">
<source m_id="13"/>
<target m_id="33"/>
</HAS_PARTICIPANT>
<HAS_PARTICIPANT comment="" r_id="162548" sem_role="Arg2" sem_role_framework="PROPBANK">
<source m_id="13"/>
<target m_id="32"/>
</HAS_PARTICIPANT>
<HAS_PARTICIPANT comment="" r_id="162549" sem_role="Arg0" sem_role_framework="PROPBANK">
<source m_id="17"/>
<target m_id="61"/>
</HAS_PARTICIPANT>
<HAS_PARTICIPANT comment="" r_id="162550" sem_role="Arg2" sem_role_framework="PROPBANK">
<source m_id="19"/>
<target m_id="64"/>
</HAS_PARTICIPANT>
<HAS_PARTICIPANT comment="" r_id="162551" sem_role="Arg0" sem_role_framework="PROPBANK">
<source m_id="21"/>
<target m_id="38"/>
</HAS_PARTICIPANT>
<HAS_PARTICIPANT comment="" r_id="162552" sem_role="Arg1" sem_role_framework="PROPBANK">
<source m_id="21"/>
<target m_id="39"/>
</HAS_PARTICIPANT>
<HAS_PARTICIPANT comment="" r_id="162553" sem_role="Arg0" sem_role_framework="PROPBANK">
<source m_id="22"/>
<target m_id="39"/>
</HAS_PARTICIPANT>
<GLINK r_id="163035">
<source m_id="22"/>
<target m_id="23"/>
</GLINK>
























<REFERS_TO r_id="163050">
<source m_id="61"/>
<target m_id="102"/>
</REFERS_TO>
<REFERS_TO r_id="163051">
<source m_id="20"/>
<target m_id="65"/>
</REFERS_TO>
<REFERS_TO r_id="163052">
<source m_id="19"/>
<target m_id="66"/>
</REFERS_TO>
<REFERS_TO r_id="163053">
<source m_id="21"/>
<target m_id="67"/>
</REFERS_TO>
<REFERS_TO r_id="163054">
<source m_id="23"/>
<target m_id="68"/>
</REFERS_TO>
<REFERS_TO r_id="163055">
<source m_id="3"/>
<target m_id="93"/>
</REFERS_TO>
<REFERS_TO r_id="163056">
<source m_id="30"/>
<target m_id="101"/>
</REFERS_TO>
<REFERS_TO r_id="163057">
<source m_id="59"/>
<source m_id="2"/>
<target m_id="99"/>
</REFERS_TO>
<REFERS_TO r_id="163058">
<source m_id="11"/>
<target m_id="98"/>
</REFERS_TO>
<REFERS_TO r_id="163059">
<source m_id="22"/>
<target m_id="70"/>
</REFERS_TO>

<REFERS_TO r_id="163061">
<source m_id="14"/>
<target m_id="103"/>
</REFERS_TO>
<REFERS_TO r_id="163062">
<source m_id="38"/>
<target m_id="100"/>
</REFERS_TO>
<REFERS_TO r_id="163063">
<source m_id="6"/>
<target m_id="92"/>
</REFERS_TO>

<REFERS_TO r_id="163065">

<source m_id="31"/>
<source m_id="24"/>
<source m_id="1"/>
<source m_id="39"/>
<source m_id="10"/>
<target m_id="94"/>
</REFERS_TO>
<REFERS_TO r_id="163066">
<source m_id="7"/>
<target m_id="97"/>
</REFERS_TO>
<REFERS_TO r_id="163067">
<source m_id="13"/>
<target m_id="96"/>
</REFERS_TO>
<REFERS_TO r_id="163068">
<source m_id="18"/>
<target m_id="58"/>
</REFERS_TO>
<REFERS_TO r_id="163069">
<source m_id="15"/>
<target m_id="55"/>
</REFERS_TO>
<REFERS_TO r_id="163070">
<source m_id="17"/>
<target m_id="57"/>
</REFERS_TO>
<REFERS_TO r_id="163071">
<source m_id="16"/>
<target m_id="56"/>
</REFERS_TO>
<REFERS_TO r_id="163072">
<source m_id="8"/>
<target m_id="51"/>
</REFERS_TO>
<REFERS_TO r_id="163073">
<source m_id="5"/>
<target m_id="50"/>
</REFERS_TO>
<REFERS_TO r_id="163074">
<source m_id="12"/>
<target m_id="53"/>
</REFERS_TO>
</Relations>
</Document>