<?xml version="1.0" ?><Document doc_id="82738" doc_name="82738_US_stock_markets_tumble" lang="en" url="http://en.wikinews.org/wiki/US_stock_markets_tumble_on_'Black_Monday'_anniversary">
<token number="0" sentence="0" t_id="1">US</token>
<token number="1" sentence="0" t_id="2">stock</token>
<token number="2" sentence="0" t_id="3">markets</token>
<token number="3" sentence="0" t_id="4">tumble</token>
<token number="4" sentence="0" t_id="5">on</token>
<token number="5" sentence="0" t_id="6">`</token>
<token number="6" sentence="0" t_id="7">Black</token>
<token number="7" sentence="0" t_id="8">Monday</token>
<token number="8" sentence="0" t_id="9">'</token>
<token number="9" sentence="0" t_id="10">anniversary</token>
<token number="10" sentence="1" t_id="11">October</token>
<token number="11" sentence="1" t_id="12">20</token>
<token number="12" sentence="1" t_id="13">,</token>
<token number="13" sentence="1" t_id="14">2007</token>
<token number="14" sentence="2" t_id="15">Some</token>
<token number="15" sentence="2" t_id="16">say</token>
<token number="16" sentence="2" t_id="17">history</token>
<token number="17" sentence="2" t_id="18">tends</token>
<token number="18" sentence="2" t_id="19">to</token>
<token number="19" sentence="2" t_id="20">repeat</token>
<token number="20" sentence="2" t_id="21">itself</token>
<token number="21" sentence="2" t_id="22">.</token>
<token number="22" sentence="3" t_id="23">Today</token>
<token number="23" sentence="3" t_id="24">marked</token>
<token number="24" sentence="3" t_id="25">a</token>
<token number="25" sentence="3" t_id="26">day</token>
<token number="26" sentence="3" t_id="27">in</token>
<token number="27" sentence="3" t_id="28">history</token>
<token number="28" sentence="3" t_id="29">,</token>
<token number="29" sentence="3" t_id="30">when</token>
<token number="30" sentence="3" t_id="31">20</token>
<token number="31" sentence="3" t_id="32">years</token>
<token number="32" sentence="3" t_id="33">ago</token>
<token number="33" sentence="3" t_id="34">,</token>
<token number="34" sentence="3" t_id="35">the</token>
<token number="35" sentence="3" t_id="36">United</token>
<token number="36" sentence="3" t_id="37">States</token>
<token number="37" sentence="3" t_id="38">Dow</token>
<token number="38" sentence="3" t_id="39">Jones</token>
<token number="39" sentence="3" t_id="40">Industrial</token>
<token number="40" sentence="3" t_id="41">Average</token>
<token number="41" sentence="3" t_id="42">market</token>
<token number="42" sentence="3" t_id="43">crashed</token>
<token number="43" sentence="3" t_id="44">,</token>
<token number="44" sentence="3" t_id="45">on</token>
<token number="45" sentence="3" t_id="46">what</token>
<token number="46" sentence="3" t_id="47">is</token>
<token number="47" sentence="3" t_id="48">known</token>
<token number="48" sentence="3" t_id="49">as</token>
<token number="49" sentence="3" t_id="50">`</token>
<token number="50" sentence="3" t_id="51">Black</token>
<token number="51" sentence="3" t_id="52">Monday</token>
<token number="52" sentence="3" t_id="53">'</token>
<token number="53" sentence="3" t_id="54">.</token>
<token number="54" sentence="4" t_id="55">The</token>
<token number="55" sentence="4" t_id="56">crash</token>
<token number="56" sentence="4" t_id="57">sent</token>
<token number="57" sentence="4" t_id="58">the</token>
<token number="58" sentence="4" t_id="59">market</token>
<token number="59" sentence="4" t_id="60">tumbling</token>
<token number="60" sentence="4" t_id="61">down</token>
<token number="61" sentence="4" t_id="62">508</token>
<token number="62" sentence="4" t_id="63">points</token>
<token number="63" sentence="4" t_id="64">,</token>
<token number="64" sentence="4" t_id="65">losing</token>
<token number="65" sentence="4" t_id="66">nearly</token>
<token number="66" sentence="4" t_id="67">24</token>
<token number="67" sentence="4" t_id="68">%</token>
<token number="68" sentence="4" t_id="69">.</token>
<token number="69" sentence="5" t_id="70">On</token>
<token number="70" sentence="5" t_id="71">Friday</token>
<token number="71" sentence="5" t_id="72">,</token>
<token number="72" sentence="5" t_id="73">the</token>
<token number="73" sentence="5" t_id="74">Dow</token>
<token number="74" sentence="5" t_id="75">Jones</token>
<token number="75" sentence="5" t_id="76">nearly</token>
<token number="76" sentence="5" t_id="77">broke</token>
<token number="77" sentence="5" t_id="78">that</token>
<token number="78" sentence="5" t_id="79">record</token>
<token number="79" sentence="5" t_id="80">when</token>
<token number="80" sentence="5" t_id="81">the</token>
<token number="81" sentence="5" t_id="82">market</token>
<token number="82" sentence="5" t_id="83">closed</token>
<token number="83" sentence="5" t_id="84">at</token>
<token number="84" sentence="5" t_id="85">-366.94</token>
<token number="85" sentence="5" t_id="86">points</token>
<token number="86" sentence="5" t_id="87">,</token>
<token number="87" sentence="5" t_id="88">down</token>
<token number="88" sentence="5" t_id="89">almost</token>
<token number="89" sentence="5" t_id="90">three</token>
<token number="90" sentence="5" t_id="91">percent</token>
<token number="91" sentence="5" t_id="92">.</token>
<token number="92" sentence="6" t_id="93">Several</token>
<token number="93" sentence="6" t_id="94">factors</token>
<token number="94" sentence="6" t_id="95">could</token>
<token number="95" sentence="6" t_id="96">be</token>
<token number="96" sentence="6" t_id="97">to</token>
<token number="97" sentence="6" t_id="98">blame</token>
<token number="98" sentence="6" t_id="99">for</token>
<token number="99" sentence="6" t_id="100">the</token>
<token number="100" sentence="6" t_id="101">loss</token>
<token number="101" sentence="6" t_id="102">,</token>
<token number="102" sentence="6" t_id="103">one</token>
<token number="103" sentence="6" t_id="104">being</token>
<token number="104" sentence="6" t_id="105">Turkey</token>
<token number="105" sentence="6" t_id="106">'s</token>
<token number="106" sentence="6" t_id="107">government</token>
<token number="107" sentence="6" t_id="108">approving</token>
<token number="108" sentence="6" t_id="109">a</token>
<token number="109" sentence="6" t_id="110">measure</token>
<token number="110" sentence="6" t_id="111">on</token>
<token number="111" sentence="6" t_id="112">October</token>
<token number="112" sentence="6" t_id="113">18</token>
<token number="113" sentence="6" t_id="114">to</token>
<token number="114" sentence="6" t_id="115">send</token>
<token number="115" sentence="6" t_id="116">Turkish</token>
<token number="116" sentence="6" t_id="117">troops</token>
<token number="117" sentence="6" t_id="118">into</token>
<token number="118" sentence="6" t_id="119">Iraq</token>
<token number="119" sentence="6" t_id="120">in</token>
<token number="120" sentence="6" t_id="121">an</token>
<token number="121" sentence="6" t_id="122">attempt</token>
<token number="122" sentence="6" t_id="123">to</token>
<token number="123" sentence="6" t_id="124">take</token>
<token number="124" sentence="6" t_id="125">out</token>
<token number="125" sentence="6" t_id="126">militants</token>
<token number="126" sentence="6" t_id="127">of</token>
<token number="127" sentence="6" t_id="128">the</token>
<token number="128" sentence="6" t_id="129">Kurdistan</token>
<token number="129" sentence="6" t_id="130">Workers</token>
<token number="130" sentence="6" t_id="131">Party</token>
<token number="131" sentence="6" t_id="132">(</token>
<token number="132" sentence="6" t_id="133">PKK</token>
<token number="133" sentence="6" t_id="134">)</token>
<token number="134" sentence="6" t_id="135">.</token>
<token number="135" sentence="7" t_id="136">This</token>
<token number="136" sentence="7" t_id="137">sent</token>
<token number="137" sentence="7" t_id="138">oil</token>
<token number="138" sentence="7" t_id="139">prices</token>
<token number="139" sentence="7" t_id="140">skyrocketing</token>
<token number="140" sentence="7" t_id="141">to</token>
<token number="141" sentence="7" t_id="142">the</token>
<token number="142" sentence="7" t_id="143">highest</token>
<token number="143" sentence="7" t_id="144">prices</token>
<token number="144" sentence="7" t_id="145">in</token>
<token number="145" sentence="7" t_id="146">history</token>
<token number="146" sentence="7" t_id="147">,</token>
<token number="147" sentence="7" t_id="148">with</token>
<token number="148" sentence="7" t_id="149">the</token>
<token number="149" sentence="7" t_id="150">highest</token>
<token number="150" sentence="7" t_id="151">record</token>
<token number="151" sentence="7" t_id="152">being</token>
<token number="152" sentence="7" t_id="153">just</token>
<token number="153" sentence="7" t_id="154">over</token>
<token number="154" sentence="7" t_id="155">US$</token>
<token number="155" sentence="7" t_id="156">89.00</token>
<token number="156" sentence="7" t_id="157">,</token>
<token number="157" sentence="7" t_id="158">which</token>
<token number="158" sentence="7" t_id="159">was</token>
<token number="159" sentence="7" t_id="160">set</token>
<token number="160" sentence="7" t_id="161">on</token>
<token number="161" sentence="7" t_id="162">October</token>
<token number="162" sentence="7" t_id="163">18</token>
<token number="163" sentence="7" t_id="164">.</token>
<token number="164" sentence="8" t_id="165">Fears</token>
<token number="165" sentence="8" t_id="166">that</token>
<token number="166" sentence="8" t_id="167">the</token>
<token number="167" sentence="8" t_id="168">housing</token>
<token number="168" sentence="8" t_id="169">market</token>
<token number="169" sentence="8" t_id="170">in</token>
<token number="170" sentence="8" t_id="171">the</token>
<token number="171" sentence="8" t_id="172">U.S.</token>
<token number="172" sentence="8" t_id="173">has</token>
<token number="173" sentence="8" t_id="174">come</token>
<token number="174" sentence="8" t_id="175">to</token>
<token number="175" sentence="8" t_id="176">a</token>
<token number="176" sentence="8" t_id="177">standstill</token>
<token number="177" sentence="8" t_id="178">has</token>
<token number="178" sentence="8" t_id="179">also</token>
<token number="179" sentence="8" t_id="180">lead</token>
<token number="180" sentence="8" t_id="181">Caterpillar</token>
<token number="181" sentence="8" t_id="182">Inc.</token>
<token number="182" sentence="8" t_id="183">,</token>
<token number="183" sentence="8" t_id="184">which</token>
<token number="184" sentence="8" t_id="185">manufactures</token>
<token number="185" sentence="8" t_id="186">and</token>
<token number="186" sentence="8" t_id="187">sells</token>
<token number="187" sentence="8" t_id="188">construction</token>
<token number="188" sentence="8" t_id="189">equipment</token>
<token number="189" sentence="8" t_id="190">to</token>
<token number="190" sentence="8" t_id="191">issue</token>
<token number="191" sentence="8" t_id="192">a</token>
<token number="192" sentence="8" t_id="193">warning</token>
<token number="193" sentence="8" t_id="194">that</token>
<token number="194" sentence="8" t_id="195">the</token>
<token number="195" sentence="8" t_id="196">standstill</token>
<token number="196" sentence="8" t_id="197">would</token>
<token number="197" sentence="8" t_id="198">cause</token>
<token number="198" sentence="8" t_id="199">profits</token>
<token number="199" sentence="8" t_id="200">to</token>
<token number="200" sentence="8" t_id="201">drop</token>
<token number="201" sentence="8" t_id="202">,</token>
<token number="202" sentence="8" t_id="203">and</token>
<token number="203" sentence="8" t_id="204">the</token>
<token number="204" sentence="8" t_id="205">American</token>
<token number="205" sentence="8" t_id="206">economy</token>
<token number="206" sentence="8" t_id="207">to</token>
<token number="207" sentence="8" t_id="208">be</token>
<token number="208" sentence="8" t_id="209">severely</token>
<token number="209" sentence="8" t_id="210">hurt</token>
<token number="210" sentence="8" t_id="211">.</token>
<token number="211" sentence="9" t_id="212">On</token>
<token number="212" sentence="9" t_id="213">Friday</token>
<token number="213" sentence="9" t_id="214">their</token>
<token number="214" sentence="9" t_id="215">stocks</token>
<token number="215" sentence="9" t_id="216">lost</token>
<token number="216" sentence="9" t_id="217">nearly</token>
<token number="217" sentence="9" t_id="218">six</token>
<token number="218" sentence="9" t_id="219">percent</token>
<token number="219" sentence="9" t_id="220">to</token>
<token number="220" sentence="9" t_id="221">close</token>
<token number="221" sentence="9" t_id="222">at</token>
<token number="222" sentence="9" t_id="223">$</token>
<token number="223" sentence="9" t_id="224">73.57</token>
<token number="224" sentence="9" t_id="225">.</token>
<token number="225" sentence="10" t_id="226">Investors</token>
<token number="226" sentence="10" t_id="227">and</token>
<token number="227" sentence="10" t_id="228">experts</token>
<token number="228" sentence="10" t_id="229">of</token>
<token number="229" sentence="10" t_id="230">the</token>
<token number="230" sentence="10" t_id="231">markets</token>
<token number="231" sentence="10" t_id="232">are</token>
<token number="232" sentence="10" t_id="233">disturbed</token>
<token number="233" sentence="10" t_id="234">by</token>
<token number="234" sentence="10" t_id="235">the</token>
<token number="235" sentence="10" t_id="236">losses</token>
<token number="236" sentence="10" t_id="237">calling</token>
<token number="237" sentence="10" t_id="238">the</token>
<token number="238" sentence="10" t_id="239">situation</token>
<token number="239" sentence="10" t_id="240">ugly</token>
<token number="240" sentence="10" t_id="241">.</token>
<token number="241" sentence="11" t_id="242">``</token>
<token number="242" sentence="11" t_id="243">It</token>
<token number="243" sentence="11" t_id="244">'s</token>
<token number="244" sentence="11" t_id="245">pretty</token>
<token number="245" sentence="11" t_id="246">ugly</token>
<token number="246" sentence="11" t_id="247">.</token>
<token number="247" sentence="12" t_id="248">A</token>
<token number="248" sentence="12" t_id="249">company</token>
<token number="249" sentence="12" t_id="250">like</token>
<token number="250" sentence="12" t_id="251">Caterpillar</token>
<token number="251" sentence="12" t_id="252">should</token>
<token number="252" sentence="12" t_id="253">be</token>
<token number="253" sentence="12" t_id="254">a</token>
<token number="254" sentence="12" t_id="255">poster</token>
<token number="255" sentence="12" t_id="256">child</token>
<token number="256" sentence="12" t_id="257">for</token>
<token number="257" sentence="12" t_id="258">global</token>
<token number="258" sentence="12" t_id="259">growth</token>
<token number="259" sentence="12" t_id="260">and</token>
<token number="260" sentence="12" t_id="261">benefits</token>
<token number="261" sentence="12" t_id="262">of</token>
<token number="262" sentence="12" t_id="263">the</token>
<token number="263" sentence="12" t_id="264">weak</token>
<token number="264" sentence="12" t_id="265">dollar</token>
<token number="265" sentence="12" t_id="266">.</token>
<token number="266" sentence="13" t_id="267">It</token>
<token number="267" sentence="13" t_id="268">makes</token>
<token number="268" sentence="13" t_id="269">you</token>
<token number="269" sentence="13" t_id="270">question</token>
<token number="270" sentence="13" t_id="271">:</token>
<token number="271" sentence="13" t_id="272">Is</token>
<token number="272" sentence="13" t_id="273">global</token>
<token number="273" sentence="13" t_id="274">growth</token>
<token number="274" sentence="13" t_id="275">really</token>
<token number="275" sentence="13" t_id="276">that</token>
<token number="276" sentence="13" t_id="277">strong</token>
<token number="277" sentence="13" t_id="278">?</token>
<token number="278" sentence="14" t_id="279">Has</token>
<token number="279" sentence="14" t_id="280">the</token>
<token number="280" sentence="14" t_id="281">earnings</token>
<token number="281" sentence="14" t_id="282">kick</token>
<token number="282" sentence="14" t_id="283">from</token>
<token number="283" sentence="14" t_id="284">the</token>
<token number="284" sentence="14" t_id="285">weak</token>
<token number="285" sentence="14" t_id="286">dollar</token>
<token number="286" sentence="14" t_id="287">played</token>
<token number="287" sentence="14" t_id="288">itself</token>
<token number="288" sentence="14" t_id="289">out</token>
<token number="289" sentence="14" t_id="290">?</token>
<token number="290" sentence="14" t_id="291">''</token>
<token number="291" sentence="15" t_id="292">said</token>
<token number="292" sentence="15" t_id="293">Bell</token>
<token number="293" sentence="15" t_id="294">Curve</token>
<token number="294" sentence="15" t_id="295">Trading</token>
<token number="295" sentence="15" t_id="296">chief</token>
<token number="296" sentence="15" t_id="297">strategy</token>
<token number="297" sentence="15" t_id="298">expert</token>
<token number="298" sentence="15" t_id="299">,</token>
<token number="299" sentence="15" t_id="300">Bill</token>
<token number="300" sentence="15" t_id="301">Strazzullo</token>
<token number="301" sentence="15" t_id="302">.</token>
<token number="302" sentence="16" t_id="303">Others</token>
<token number="303" sentence="16" t_id="304">believe</token>
<token number="304" sentence="16" t_id="305">that</token>
<token number="305" sentence="16" t_id="306">the</token>
<token number="306" sentence="16" t_id="307">losses</token>
<token number="307" sentence="16" t_id="308">were</token>
<token number="308" sentence="16" t_id="309">a</token>
<token number="309" sentence="16" t_id="310">way</token>
<token number="310" sentence="16" t_id="311">of</token>
<token number="311" sentence="16" t_id="312">emotionally</token>
<token number="312" sentence="16" t_id="313">responding</token>
<token number="313" sentence="16" t_id="314">to</token>
<token number="314" sentence="16" t_id="315">the</token>
<token number="315" sentence="16" t_id="316">events</token>
<token number="316" sentence="16" t_id="317">of</token>
<token number="317" sentence="16" t_id="318">`</token>
<token number="318" sentence="16" t_id="319">Black</token>
<token number="319" sentence="16" t_id="320">Monday</token>
<token number="320" sentence="16" t_id="321">.</token>
<token number="321" sentence="17" t_id="322">'</token>
<token number="322" sentence="17" t_id="323">``</token>
<token number="323" sentence="17" t_id="324">Some</token>
<token number="324" sentence="17" t_id="325">of</token>
<token number="325" sentence="17" t_id="326">the</token>
<token number="326" sentence="17" t_id="327">earnings</token>
<token number="327" sentence="17" t_id="328">reports</token>
<token number="328" sentence="17" t_id="329">were</token>
<token number="329" sentence="17" t_id="330">a</token>
<token number="330" sentence="17" t_id="331">little</token>
<token number="331" sentence="17" t_id="332">disappointing</token>
<token number="332" sentence="17" t_id="333">but</token>
<token number="333" sentence="17" t_id="334">not</token>
<token number="334" sentence="17" t_id="335">that</token>
<token number="335" sentence="17" t_id="336">bad</token>
<token number="336" sentence="17" t_id="337">.</token>
<token number="337" sentence="18" t_id="338">I</token>
<token number="338" sentence="18" t_id="339">think</token>
<token number="339" sentence="18" t_id="340">we</token>
<token number="340" sentence="18" t_id="341">'re</token>
<token number="341" sentence="18" t_id="342">responding</token>
<token number="342" sentence="18" t_id="343">emotionally</token>
<token number="343" sentence="18" t_id="344">to</token>
<token number="344" sentence="18" t_id="345">the</token>
<token number="345" sentence="18" t_id="346">20th</token>
<token number="346" sentence="18" t_id="347">anniversary</token>
<token number="347" sentence="18" t_id="348">of</token>
<token number="348" sentence="18" t_id="349">the</token>
<token number="349" sentence="18" t_id="350">October</token>
<token number="350" sentence="18" t_id="351">1987</token>
<token number="351" sentence="18" t_id="352">stock</token>
<token number="352" sentence="18" t_id="353">market</token>
<token number="353" sentence="18" t_id="354">crash</token>
<token number="354" sentence="18" t_id="355">.</token>
<token number="355" sentence="19" t_id="356">I'</token>
<token number="356" sentence="19" t_id="357">d</token>
<token number="357" sentence="19" t_id="358">like</token>
<token number="358" sentence="19" t_id="359">to</token>
<token number="359" sentence="19" t_id="360">laugh</token>
<token number="360" sentence="19" t_id="361">except</token>
<token number="361" sentence="19" t_id="362">it</token>
<token number="362" sentence="19" t_id="363">hurts</token>
<token number="363" sentence="19" t_id="364">,</token>
<token number="364" sentence="19" t_id="365">''</token>
<token number="365" sentence="19" t_id="366">said</token>
<token number="366" sentence="19" t_id="367">T</token>
<token number="367" sentence="19" t_id="368">Rowe</token>
<token number="368" sentence="19" t_id="369">Price</token>
<token number="369" sentence="19" t_id="370">Head</token>
<token number="370" sentence="19" t_id="371">trader</token>
<token number="371" sentence="19" t_id="372">,</token>
<token number="372" sentence="19" t_id="373">Andy</token>
<token number="373" sentence="19" t_id="374">Brooks</token>
<token number="374" sentence="19" t_id="375">.</token>
<token number="375" sentence="20" t_id="376">The</token>
<token number="376" sentence="20" t_id="377">NASDAQ</token>
<token number="377" sentence="20" t_id="378">also</token>
<token number="378" sentence="20" t_id="379">took</token>
<token number="379" sentence="20" t_id="380">heavy</token>
<token number="380" sentence="20" t_id="381">losses</token>
<token number="381" sentence="20" t_id="382">to</token>
<token number="382" sentence="20" t_id="383">close</token>
<token number="383" sentence="20" t_id="384">down</token>
<token number="384" sentence="20" t_id="385">74.15</token>
<token number="385" sentence="20" t_id="386">points</token>
<token number="386" sentence="20" t_id="387">or</token>
<token number="387" sentence="20" t_id="388">-2.64</token>
<token number="388" sentence="20" t_id="389">%</token>
<token number="389" sentence="20" t_id="390">,</token>
<token number="390" sentence="20" t_id="391">closing</token>
<token number="391" sentence="20" t_id="392">at</token>
<token number="392" sentence="20" t_id="393">2,725.16</token>
<token number="393" sentence="20" t_id="394">.</token>
<token number="394" sentence="21" t_id="395">The</token>
<token number="395" sentence="21" t_id="396">S&amp;P</token>
<token number="396" sentence="21" t_id="397">500</token>
<token number="397" sentence="21" t_id="398">was</token>
<token number="398" sentence="21" t_id="399">also</token>
<token number="399" sentence="21" t_id="400">hit</token>
<token number="400" sentence="21" t_id="401">hard</token>
<token number="401" sentence="21" t_id="402">,</token>
<token number="402" sentence="21" t_id="403">losing</token>
<token number="403" sentence="21" t_id="404">39.45</token>
<token number="404" sentence="21" t_id="405">points</token>
<token number="405" sentence="21" t_id="406">,</token>
<token number="406" sentence="21" t_id="407">or</token>
<token number="407" sentence="21" t_id="408">-2.56</token>
<token number="408" sentence="21" t_id="409">%</token>
<token number="409" sentence="21" t_id="410">,</token>
<token number="410" sentence="21" t_id="411">closing</token>
<token number="411" sentence="21" t_id="412">at</token>
<token number="412" sentence="21" t_id="413">1,500.63</token>
<token number="413" sentence="21" t_id="414">.</token>
<Markables>
<ENTITY_MENTION comment="" head="Dow Jones" m_id="22" syntactic_type="NAM">
<token_anchor t_id="73"/>
<token_anchor t_id="74"/>
<token_anchor t_id="75"/>
</ENTITY_MENTION>
<ENTITY_MENTION comment="" head="" m_id="26" syntactic_type="">
<token_anchor t_id="81"/>
<token_anchor t_id="82"/>
</ENTITY_MENTION>
<ENTITY_MENTION comment="" head="" m_id="46" syntactic_type="HLS">
<token_anchor t_id="15"/>
</ENTITY_MENTION>
<ENTITY_MENTION comment="" head="stock markets" m_id="51" syntactic_type="NOM">
<token_anchor t_id="1"/>
<token_anchor t_id="2"/>
<token_anchor t_id="3"/>
</ENTITY_MENTION>
<ENTITY_MENTION comment="" head="US" m_id="52" syntactic_type="NAM">
<token_anchor t_id="1"/>
</ENTITY_MENTION>
<ENTITY_MENTION comment="" head="Dow Jones" m_id="9" syntactic_type="NAM">
<token_anchor t_id="35"/>
<token_anchor t_id="36"/>
<token_anchor t_id="37"/>
<token_anchor t_id="38"/>
<token_anchor t_id="39"/>
<token_anchor t_id="40"/>
<token_anchor t_id="41"/>
<token_anchor t_id="42"/>
</ENTITY_MENTION>
<ENTITY_MENTION comment="" head="United States" m_id="10" syntactic_type="NAM">
<token_anchor t_id="36"/>
<token_anchor t_id="37"/>
</ENTITY_MENTION>
<ENTITY_MENTION comment="" head="market" m_id="15" syntactic_type="NOM">
<token_anchor t_id="58"/>
<token_anchor t_id="59"/>
</ENTITY_MENTION>
<EVENT_MENTION aspect="NONE" certainty="CERTAIN" comment="" m_id="19" modality="" polarity="POS" pos="VERB" pred="lose" special_cases="NONE" tense="PRESPART" time="NON_FUTURE">
<token_anchor t_id="65"/>
</EVENT_MENTION>
<EVENT_MENTION aspect="NONE" certainty="CERTAIN" comment="" m_id="23" modality="" polarity="NEG" pos="VERB" pred="break" special_cases="NONE" tense="PAST" time="NON_FUTURE">
<token_anchor t_id="77"/>
</EVENT_MENTION>
<EVENT_MENTION aspect="PERFECTIVE" certainty="CERTAIN" comment="" m_id="24" modality="" polarity="POS" pos="VERB" pred="know" special_cases="GEN" tense="PRESENT" time="NON_FUTURE">
<token_anchor t_id="48"/>
<token_anchor t_id="49"/>
</EVENT_MENTION>
<EVENT_MENTION aspect="NONE" certainty="CERTAIN" comment="" m_id="27" modality="" polarity="POS" pos="VERB" pred="close" special_cases="NONE" tense="PAST" time="NON_FUTURE">
<token_anchor t_id="83"/>
<token_anchor t_id="84"/>
</EVENT_MENTION>
<EVENT_MENTION aspect="NONE" certainty="CERTAIN" comment="" m_id="42" modality="" polarity="POS" pos="NOUN" pred="record" special_cases="NONE" tense="NONE" time="NON_FUTURE">
<token_anchor t_id="79"/>
</EVENT_MENTION>
<EVENT_MENTION aspect="NONE" certainty="CERTAIN" comment="" m_id="2" modality="" polarity="POS" pos="VERB" pred="say" special_cases="NONE" tense="PRESENT" time="NON_FUTURE">
<token_anchor t_id="16"/>
</EVENT_MENTION>
<EVENT_MENTION aspect="NONE" certainty="CERTAIN" comment="" m_id="3" modality="" polarity="POS" pos="VERB" pred="tend" special_cases="NONE" tense="PRESENT" time="NON_FUTURE">
<token_anchor t_id="18"/>
</EVENT_MENTION>
<EVENT_MENTION aspect="NONE" certainty="CERTAIN" comment="" m_id="53" modality="" polarity="POS" pos="VERB" pred="tumble" special_cases="NONE" tense="PRESENT" time="NON_FUTURE">
<token_anchor t_id="4"/>
</EVENT_MENTION>
<EVENT_MENTION aspect="NONE" certainty="POSSIBLE" comment="" m_id="4" modality="" polarity="POS" pos="VERB" pred="repeat" special_cases="NONE" tense="INFINITIVE" time="FUTURE">
<token_anchor t_id="20"/>
</EVENT_MENTION>
<EVENT_MENTION aspect="" certainty="CERTAIN" comment="" m_id="54" modality="" polarity="POS" pos="NOUN" pred="anniversary" special_cases="NONE" tense="" time="NON_FUTURE">
<token_anchor t_id="10"/>
</EVENT_MENTION>
<EVENT_MENTION aspect="NONE" certainty="CERTAIN" comment="" m_id="5" modality="" polarity="POS" pos="VERB" pred="mark" special_cases="NONE" tense="PAST" time="NON_FUTURE">
<token_anchor t_id="24"/>
</EVENT_MENTION>
<EVENT_MENTION aspect="NONE" certainty="CERTAIN" comment="" m_id="11" modality="" polarity="POS" pos="VERB" pred="crash" special_cases="NONE" tense="PAST" time="NON_FUTURE">
<token_anchor t_id="43"/>
</EVENT_MENTION>
<EVENT_MENTION aspect="NONE" certainty="CERTAIN" comment="" m_id="13" modality="" polarity="POS" pos="NOUN" pred="crash" special_cases="NONE" tense="NONE" time="NON_FUTURE">
<token_anchor t_id="56"/>
</EVENT_MENTION>
<EVENT_MENTION aspect="NONE" certainty="CERTAIN" comment="" m_id="14" modality="" polarity="POS" pos="VERB" pred="send" special_cases="NONE" tense="PAST" time="NON_FUTURE">
<token_anchor t_id="57"/>
</EVENT_MENTION>
<EVENT_MENTION aspect="NONE" certainty="CERTAIN" comment="" m_id="16" modality="" polarity="POS" pos="VERB" pred="tumbledown" special_cases="NONE" tense="PRESPART" time="NON_FUTURE">
<token_anchor t_id="60"/>
<token_anchor t_id="61"/>
</EVENT_MENTION>
<SIGNAL comment="" m_id="20">
<token_anchor t_id="70"/>
</SIGNAL>
<SIGNAL comment="" m_id="25">
<token_anchor t_id="80"/>
</SIGNAL>
<SIGNAL comment="" m_id="56">
<token_anchor t_id="5"/>
</SIGNAL>
<SIGNAL comment="" m_id="7">
<token_anchor t_id="30"/>
</SIGNAL>
<SIGNAL comment="" m_id="12">
<token_anchor t_id="45"/>
</SIGNAL>
<TIMEX3 anchorTimeID="1" beginPoint="" comment="" endPoint="" functionInDocument="NONE" m_id="21" type="DATE" value="2007-10-20">
<token_anchor t_id="71"/>
</TIMEX3>
<TIMEX3 anchorTimeID="6" beginPoint="" comment="" endPoint="" functionInDocument="NONE" m_id="35" type="DATE" value="1987-10-20">
<token_anchor t_id="51"/>
<token_anchor t_id="52"/>
</TIMEX3>
<TIMEX3 anchorTimeID="" beginPoint="" comment="" endPoint="" functionInDocument="CREATION_TIME" m_id="1" type="DATE" value="2007-10-20">
<token_anchor t_id="11"/>
<token_anchor t_id="12"/>
<token_anchor t_id="13"/>
<token_anchor t_id="14"/>
</TIMEX3>
<TIMEX3 anchorTimeID="6" beginPoint="" comment="" endPoint="" functionInDocument="NONE" m_id="48" type="DATE" value="2007-10-20">
<token_anchor t_id="23"/>
</TIMEX3>
<TIMEX3 anchorTimeID="" beginPoint="" comment="" endPoint="" functionInDocument="NONE" m_id="55" type="DATE" value="1987-10-20">
<token_anchor t_id="7"/>
<token_anchor t_id="8"/>
</TIMEX3>
<TIMEX3 anchorTimeID="" beginPoint="49" comment="" endPoint="1" functionInDocument="NONE" m_id="6" type="DATE" value="P20Y">
<token_anchor t_id="31"/>
<token_anchor t_id="32"/>
<token_anchor t_id="33"/>
</TIMEX3>
<TIMEX3 anchorTimeID="" beginPoint="" comment="" endPoint="" functionInDocument="NONE" m_id="8" type="DATE" value="P1D">
<token_anchor t_id="25"/>
<token_anchor t_id="26"/>
</TIMEX3>
<VALUE comment="" m_id="28" type="QUANTITY">
<token_anchor t_id="85"/>
<token_anchor t_id="86"/>
</VALUE>
<VALUE comment="" m_id="29" type="PERCENT">
<token_anchor t_id="89"/>
<token_anchor t_id="90"/>
<token_anchor t_id="91"/>
</VALUE>
<VALUE comment="" m_id="17" type="QUANTITY">
<token_anchor t_id="62"/>
<token_anchor t_id="63"/>
</VALUE>
<VALUE comment="" m_id="18" type="PERCENT">
<token_anchor t_id="66"/>
<token_anchor t_id="67"/>
<token_anchor t_id="68"/>
</VALUE>
<TIMEX3 TAG_DESCRIPTOR="19871020" anchorTimeID="" beginPoint="" comment="" endPoint="" functionInDocument="NONE" m_id="49" type="DATE" value="1987-10-20"/>









<ENTITY_MENTION m_id="75">
  <token_anchor t_id="35"/>
  <token_anchor t_id="36"/>
  <token_anchor t_id="37"/>
  <token_anchor t_id="38"/>
  <token_anchor t_id="39"/>
  <token_anchor t_id="40"/>
  <token_anchor t_id="41"/>
</ENTITY_MENTION>

<EVENT TAG_DESCRIPTOR="lose" class="OTHER" comment="" external_ref="" m_id="50"/>
<EVENT TAG_DESCRIPTOR="send" class="GRAMMATICAL" comment="" external_ref="" m_id="39"/><EVENT TAG_DESCRIPTOR="know" class="SPEECH_COGNITIVE" comment="" external_ref="" m_id="38"/>
<EVENT TAG_DESCRIPTOR="crash" class="OTHER" comment="" external_ref="" m_id="37"/><EVENT TAG_DESCRIPTOR="mark" class="OTHER" comment="" external_ref="" m_id="34"/>

<EVENT TAG_DESCRIPTOR="repeat" class="OTHER" comment="" external_ref="" m_id="32"/><EVENT TAG_DESCRIPTOR="break 19 october 2007 dow" class="OTHER" instance_id="OTH40782793123033450" m_id="93"/>
<EVENT TAG_DESCRIPTOR="tend" class="GRAMMATICAL" comment="" external_ref="" m_id="31"/><EVENT TAG_DESCRIPTOR="say" class="SPEECH_COGNITIVE" comment="" external_ref="" m_id="30"/>
<EVENT TAG_DESCRIPTOR="close" class="OTHER" comment="" external_ref="" m_id="45"/><EVENT TAG_DESCRIPTOR="record" class="OTHER" comment="" external_ref="" m_id="43"/>
<EVENT TAG_DESCRIPTOR="tumble" class="OTHER" comment="" external_ref="" m_id="40"/><EVENT TAG_DESCRIPTOR="anniversary" class="OTHER" comment="" external_ref="" m_id="59"/>

<EVENT TAG_DESCRIPTOR="tumble" class="OTHER" instance_id="OTH40544900001763052" m_id="83"/><ENTITY TAG_DESCRIPTOR="US stock markets" ent_type="FIN" instance_id="FIN39326930888384754" m_id="92"/>
<ENTITY TAG_DESCRIPTOR="Dow Jones Industrial Average" ent_type="FIN" external_ref="http://dbpedia.org/resource/Dow_Jones_Industrial_Average" instance_id="FIN39323676120351079" m_id="90"/>
<ENTITY TAG_DESCRIPTOR="Dow Jones Industrial Average market" ent_type="FIN" instance_id="FIN44152585775576774" m_id="87"/>
<ENTITY TAG_DESCRIPTOR="some people" ent_type="PER" instance_id="PER44178858062304293" m_id="84"/>
<ENTITY TAG_DESCRIPTOR="United States of America " ent_type="LOC" external_ref="http://dbpedia.org/resource/United_States" instance_id="LOC27735327659249054" m_id="82"/></Markables>
<Relations>
<GLINK r_id="112052">
<source m_id="3"/>
<target m_id="4"/>
</GLINK>
<SLINK r_id="112053">
<source m_id="2"/>
<target m_id="3"/>
</SLINK>
<HAS_PARTICIPANT comment="" r_id="112066" sem_role="Arg0" sem_role_framework="PROPBANK">
<source m_id="2"/>
<target m_id="46"/>
</HAS_PARTICIPANT>
<HAS_PARTICIPANT comment="" r_id="112067" sem_role="Arg1" sem_role_framework="PROPBANK">
<source m_id="11"/>
<target m_id="9"/>
</HAS_PARTICIPANT>
<HAS_PARTICIPANT comment="" r_id="112068" sem_role="Arg0" sem_role_framework="PROPBANK">
<source m_id="19"/>
<target m_id="15"/>
</HAS_PARTICIPANT>
<HAS_PARTICIPANT comment="" r_id="112069" sem_role="Arg1" sem_role_framework="PROPBANK">
<source m_id="16"/>
<target m_id="15"/>
</HAS_PARTICIPANT>
<HAS_PARTICIPANT comment="" r_id="112070" sem_role="Arg0" sem_role_framework="PROPBANK">
<source m_id="23"/>
<target m_id="22"/>
</HAS_PARTICIPANT>
<HAS_PARTICIPANT comment="" r_id="112071" sem_role="Arg1" sem_role_framework="PROPBANK">
<source m_id="27"/>
<target m_id="26"/>
</HAS_PARTICIPANT>
<TLINK comment="" r_id="112073" reltype="INCLUDES" signalID="">
<source m_id="1"/>
<target m_id="2"/>
</TLINK>
<TLINK comment="" r_id="112074" reltype="AFTER" signalID="">
<source m_id="1"/>
<target m_id="14"/>
</TLINK>
<TLINK comment="" r_id="112075" reltype="INCLUDES" signalID="">
<source m_id="1"/>
<target m_id="23"/>
</TLINK>
<TLINK comment="" r_id="112076" reltype="BEGUN_BY" signalID="">
<source m_id="5"/>
<target m_id="11"/>
</TLINK>
<TLINK comment="" r_id="112077" reltype="BEGUN_BY" signalID="">
<source m_id="14"/>
<target m_id="13"/>
</TLINK>
<CLINK r_id="112078">
<source m_id="13"/>
<target m_id="16"/>
</CLINK>
<CLINK r_id="112079">
<source m_id="13"/>
<target m_id="19"/>
</CLINK>
<GLINK r_id="112080">
<source m_id="14"/>
<target m_id="16"/>
</GLINK>
<GLINK r_id="112082">
<source m_id="14"/>
<target m_id="19"/>
</GLINK>
<TLINK comment="" r_id="112083" reltype="BEGUN_BY" signalID="25">
<source m_id="23"/>
<target m_id="27"/>
</TLINK>
<TLINK comment="" r_id="112084" reltype="ENDS" signalID="">
<source m_id="23"/>
<target m_id="42"/>
</TLINK>
<TLINK comment="" r_id="112086" reltype="INCLUDES" signalID="7">
<source m_id="6"/>
<target m_id="11"/>
</TLINK>
<TLINK comment="" r_id="112087" reltype="BEFORE" signalID="">
<source m_id="14"/>
<target m_id="23"/>
</TLINK>
<TLINK comment="" r_id="112088" reltype="BEGINS" signalID="">
<source m_id="6"/>
<target m_id="24"/>
</TLINK>
<TLINK comment="" r_id="112089" reltype="SIMULTANEOUS" signalID="">
<source m_id="48"/>
<target m_id="6"/>
</TLINK>
<TLINK comment="" r_id="112090" reltype="INCLUDES" signalID="20">
<source m_id="21"/>
<target m_id="23"/>
</TLINK>
<TLINK comment="" r_id="112091" reltype="SIMULTANEOUS" signalID="">
<source m_id="1"/>
<target m_id="5"/>
</TLINK>
<TLINK comment="" r_id="112092" reltype="SIMULTANEOUS" signalID="">
<source m_id="48"/>
<target m_id="35"/>
</TLINK>
<TLINK comment="" r_id="112093" reltype="IS_INCLUDED" signalID="12">
<source m_id="11"/>
<target m_id="35"/>
</TLINK>
<HAS_PARTICIPANT comment="" r_id="112182" sem_role="Arg2" sem_role_framework="PROPBANK">
<source m_id="16"/>
<target m_id="17"/>
</HAS_PARTICIPANT>
<HAS_PARTICIPANT comment="" r_id="112183" sem_role="Arg1" sem_role_framework="PROPBANK">
<source m_id="19"/>
<target m_id="18"/>
</HAS_PARTICIPANT>
<HAS_PARTICIPANT comment="" r_id="112184" sem_role="Argm-OTHER" sem_role_framework="PROPBANK">
<source m_id="27"/>
<target m_id="28"/>
</HAS_PARTICIPANT>
<GLINK r_id="112226">
<source m_id="23"/>
<target m_id="42"/>
</GLINK>
<HAS_PARTICIPANT comment="" r_id="163033" sem_role="Arg1" sem_role_framework="PROPBANK">
<source m_id="53"/>
<target m_id="51"/>
</HAS_PARTICIPANT>




























<REFERS_TO r_id="163051">
<source m_id="10"/>
<source m_id="52"/>
<target m_id="82"/>
</REFERS_TO>
<REFERS_TO r_id="163052">
<source m_id="53"/>
<target m_id="83"/>
</REFERS_TO>


<REFERS_TO r_id="163055">
<source m_id="26"/>
<source m_id="15"/>
<source m_id="9"/>
<target m_id="87"/>
</REFERS_TO>
<REFERS_TO r_id="163056">
<source m_id="46"/>
<target m_id="84"/>
</REFERS_TO>

<REFERS_TO r_id="163058">
<source m_id="27"/>
<target m_id="45"/>
</REFERS_TO>
<REFERS_TO r_id="163059">
<source m_id="42"/>
<target m_id="43"/>
</REFERS_TO>
<REFERS_TO r_id="163060">
<source m_id="16"/>
<target m_id="40"/>
</REFERS_TO>

<REFERS_TO r_id="163062">
<source m_id="22"/>
<source m_id="75"/>
<target m_id="90"/>
</REFERS_TO>
<REFERS_TO r_id="163063">
<source m_id="23"/>
<target m_id="93"/>
</REFERS_TO>
<REFERS_TO r_id="163064">
<source m_id="51"/>
<target m_id="92"/>
</REFERS_TO>


<REFERS_TO r_id="163067">
<source m_id="14"/>
<target m_id="39"/>
</REFERS_TO>
<REFERS_TO r_id="163068">
<source m_id="24"/>
<target m_id="38"/>
</REFERS_TO>
<REFERS_TO r_id="163069">
<source m_id="54"/>
<target m_id="59"/>
</REFERS_TO>
<REFERS_TO r_id="163070">
<source m_id="4"/>
<target m_id="32"/>
</REFERS_TO>
<REFERS_TO r_id="163071">
<source m_id="3"/>
<target m_id="31"/>
</REFERS_TO>
<REFERS_TO r_id="163072">
<source m_id="2"/>
<target m_id="30"/>
</REFERS_TO>
<REFERS_TO r_id="163073">
<source m_id="11"/>
<source m_id="13"/>
<target m_id="37"/>
</REFERS_TO>
<REFERS_TO r_id="163074">
<source m_id="19"/>
<target m_id="50"/>
</REFERS_TO>
<REFERS_TO r_id="163075">
<source m_id="5"/>
<target m_id="34"/>
</REFERS_TO>
</Relations>
</Document>