<?xml version="1.0" ?><Document doc_id="101354" doc_name="101354_Apple_releases_iPhone_SDK,_announces_upcoming_update" lang="en" url="http://en.wikinews.org/wiki/Apple_releases_iPhone_SDK,_announces_upcoming_update">
<token number="0" sentence="0" t_id="1">Apple</token>
<token number="1" sentence="0" t_id="2">releases</token>
<token number="2" sentence="0" t_id="3">iPhone</token>
<token number="3" sentence="0" t_id="4">SDK</token>
<token number="4" sentence="0" t_id="5">,</token>
<token number="5" sentence="0" t_id="6">announces</token>
<token number="6" sentence="0" t_id="7">upcoming</token>
<token number="7" sentence="0" t_id="8">update</token>
<token number="8" sentence="1" t_id="9">March</token>
<token number="9" sentence="1" t_id="10">06</token>
<token number="10" sentence="1" t_id="11">,</token>
<token number="11" sentence="1" t_id="12">2008</token>
<token number="12" sentence="2" t_id="13">During</token>
<token number="13" sentence="2" t_id="14">a</token>
<token number="14" sentence="2" t_id="15">media</token>
<token number="15" sentence="2" t_id="16">event</token>
<token number="16" sentence="2" t_id="17">held</token>
<token number="17" sentence="2" t_id="18">at</token>
<token number="18" sentence="2" t_id="19">its</token>
<token number="19" sentence="2" t_id="20">Cupertino</token>
<token number="20" sentence="2" t_id="21">headquarters</token>
<token number="21" sentence="2" t_id="22">,</token>
<token number="22" sentence="2" t_id="23">Apple</token>
<token number="23" sentence="2" t_id="24">released</token>
<token number="24" sentence="2" t_id="25">the</token>
<token number="25" sentence="2" t_id="26">long</token>
<token number="26" sentence="2" t_id="27">awaited</token>
<token number="27" sentence="2" t_id="28">iPhones</token>
<token number="28" sentence="2" t_id="29">Software</token>
<token number="29" sentence="2" t_id="30">Development</token>
<token number="30" sentence="2" t_id="31">Kit</token>
<token number="31" sentence="2" t_id="32">(</token>
<token number="32" sentence="2" t_id="33">SDK</token>
<token number="33" sentence="2" t_id="34">)</token>
<token number="34" sentence="2" t_id="35">and</token>
<token number="35" sentence="2" t_id="36">the</token>
<token number="36" sentence="2" t_id="37">associated</token>
<token number="37" sentence="2" t_id="38">iTunes</token>
<token number="38" sentence="2" t_id="39">``</token>
<token number="39" sentence="2" t_id="40">App</token>
<token number="40" sentence="2" t_id="41">Store</token>
<token number="41" sentence="2" t_id="42">''</token>
<token number="42" sentence="2" t_id="43">and</token>
<token number="43" sentence="2" t_id="44">iPhone</token>
<token number="44" sentence="2" t_id="45">Developer</token>
<token number="45" sentence="2" t_id="46">Program</token>
<token number="46" sentence="2" t_id="47">.</token>
<token number="47" sentence="3" t_id="48">The</token>
<token number="48" sentence="3" t_id="49">SDK</token>
<token number="49" sentence="3" t_id="50">will</token>
<token number="50" sentence="3" t_id="51">allow</token>
<token number="51" sentence="3" t_id="52">third</token>
<token number="52" sentence="3" t_id="53">party</token>
<token number="53" sentence="3" t_id="54">software</token>
<token number="54" sentence="3" t_id="55">developers</token>
<token number="55" sentence="3" t_id="56">to</token>
<token number="56" sentence="3" t_id="57">create</token>
<token number="57" sentence="3" t_id="58">applications</token>
<token number="58" sentence="3" t_id="59">for</token>
<token number="59" sentence="3" t_id="60">the</token>
<token number="60" sentence="3" t_id="61">iPhone</token>
<token number="61" sentence="3" t_id="62">and</token>
<token number="62" sentence="3" t_id="63">then</token>
<token number="63" sentence="3" t_id="64">distribute</token>
<token number="64" sentence="3" t_id="65">them</token>
<token number="65" sentence="3" t_id="66">on</token>
<token number="66" sentence="3" t_id="67">the</token>
<token number="67" sentence="3" t_id="68">iTunes</token>
<token number="68" sentence="3" t_id="69">Apps</token>
<token number="69" sentence="3" t_id="70">Stores</token>
<token number="70" sentence="3" t_id="71">.</token>
<token number="71" sentence="4" t_id="72">Any</token>
<token number="72" sentence="4" t_id="73">members</token>
<token number="73" sentence="4" t_id="74">of</token>
<token number="74" sentence="4" t_id="75">the</token>
<token number="75" sentence="4" t_id="76">iPhone</token>
<token number="76" sentence="4" t_id="77">Developer</token>
<token number="77" sentence="4" t_id="78">Program</token>
<token number="78" sentence="4" t_id="79">can</token>
<token number="79" sentence="4" t_id="80">add</token>
<token number="80" sentence="4" t_id="81">applications</token>
<token number="81" sentence="4" t_id="82">to</token>
<token number="82" sentence="4" t_id="83">the</token>
<token number="83" sentence="4" t_id="84">store</token>
<token number="84" sentence="4" t_id="85">for</token>
<token number="85" sentence="4" t_id="86">free</token>
<token number="86" sentence="4" t_id="87">;</token>
<token number="87" sentence="4" t_id="88">the</token>
<token number="88" sentence="4" t_id="89">program</token>
<token number="89" sentence="4" t_id="90">costs</token>
<token number="90" sentence="4" t_id="91">$</token>
<token number="91" sentence="4" t_id="92">99</token>
<token number="92" sentence="4" t_id="93">(</token>
<token number="93" sentence="4" t_id="94">USD</token>
<token number="94" sentence="4" t_id="95">)</token>
<token number="95" sentence="4" t_id="96">to</token>
<token number="96" sentence="4" t_id="97">join</token>
<token number="97" sentence="4" t_id="98">.</token>
<token number="98" sentence="5" t_id="99">Developers</token>
<token number="99" sentence="5" t_id="100">will</token>
<token number="100" sentence="5" t_id="101">be</token>
<token number="101" sentence="5" t_id="102">able</token>
<token number="102" sentence="5" t_id="103">to</token>
<token number="103" sentence="5" t_id="104">set</token>
<token number="104" sentence="5" t_id="105">the</token>
<token number="105" sentence="5" t_id="106">price</token>
<token number="106" sentence="5" t_id="107">of</token>
<token number="107" sentence="5" t_id="108">the</token>
<token number="108" sentence="5" t_id="109">applications</token>
<token number="109" sentence="5" t_id="110">or</token>
<token number="110" sentence="5" t_id="111">release</token>
<token number="111" sentence="5" t_id="112">them</token>
<token number="112" sentence="5" t_id="113">for</token>
<token number="113" sentence="5" t_id="114">free</token>
<token number="114" sentence="5" t_id="115">.</token>
<token number="115" sentence="6" t_id="116">All</token>
<token number="116" sentence="6" t_id="117">applications</token>
<token number="117" sentence="6" t_id="118">will</token>
<token number="118" sentence="6" t_id="119">have</token>
<token number="119" sentence="6" t_id="120">to</token>
<token number="120" sentence="6" t_id="121">be</token>
<token number="121" sentence="6" t_id="122">approved</token>
<token number="122" sentence="6" t_id="123">by</token>
<token number="123" sentence="6" t_id="124">Apple</token>
<token number="124" sentence="6" t_id="125">before</token>
<token number="125" sentence="6" t_id="126">being</token>
<token number="126" sentence="6" t_id="127">allowed</token>
<token number="127" sentence="6" t_id="128">on</token>
<token number="128" sentence="6" t_id="129">the</token>
<token number="129" sentence="6" t_id="130">store</token>
<token number="130" sentence="6" t_id="131">.</token>
<token number="131" sentence="7" t_id="132">Some</token>
<token number="132" sentence="7" t_id="133">of</token>
<token number="133" sentence="7" t_id="134">the</token>
<token number="134" sentence="7" t_id="135">disallowed</token>
<token number="135" sentence="7" t_id="136">categories</token>
<token number="136" sentence="7" t_id="137">are</token>
<token number="137" sentence="7" t_id="138">``</token>
<token number="138" sentence="7" t_id="139">porn</token>
<token number="139" sentence="7" t_id="140">''</token>
<token number="140" sentence="7" t_id="141">,</token>
<token number="141" sentence="7" t_id="142">excessive</token>
<token number="142" sentence="7" t_id="143">bandwidth</token>
<token number="143" sentence="7" t_id="144">users</token>
<token number="144" sentence="7" t_id="145">and</token>
<token number="145" sentence="7" t_id="146">anything</token>
<token number="146" sentence="7" t_id="147">malicious</token>
<token number="147" sentence="7" t_id="148">or</token>
<token number="148" sentence="7" t_id="149">illegal</token>
<token number="149" sentence="7" t_id="150">.</token>
<token number="150" sentence="8" t_id="151">VoIP</token>
<token number="151" sentence="8" t_id="152">applications</token>
<token number="152" sentence="8" t_id="153">would</token>
<token number="153" sentence="8" t_id="154">be</token>
<token number="154" sentence="8" t_id="155">allowed</token>
<token number="155" sentence="8" t_id="156">over</token>
<token number="156" sentence="8" t_id="157">Wi-Fi</token>
<token number="157" sentence="8" t_id="158">only</token>
<token number="158" sentence="8" t_id="159">.</token>
<token number="159" sentence="9" t_id="160">Enterprises</token>
<token number="160" sentence="9" t_id="161">can</token>
<token number="161" sentence="9" t_id="162">setup</token>
<token number="162" sentence="9" t_id="163">private</token>
<token number="163" sentence="9" t_id="164">pages</token>
<token number="164" sentence="9" t_id="165">on</token>
<token number="165" sentence="9" t_id="166">the</token>
<token number="166" sentence="9" t_id="167">store</token>
<token number="167" sentence="9" t_id="168">to</token>
<token number="168" sentence="9" t_id="169">distribute</token>
<token number="169" sentence="9" t_id="170">internal</token>
<token number="170" sentence="9" t_id="171">applications</token>
<token number="171" sentence="9" t_id="172">.</token>
<token number="172" sentence="10" t_id="173">At</token>
<token number="173" sentence="10" t_id="174">the</token>
<token number="174" sentence="10" t_id="175">event</token>
<token number="175" sentence="10" t_id="176">several</token>
<token number="176" sentence="10" t_id="177">third</token>
<token number="177" sentence="10" t_id="178">party</token>
<token number="178" sentence="10" t_id="179">developers</token>
<token number="179" sentence="10" t_id="180">that</token>
<token number="180" sentence="10" t_id="181">had</token>
<token number="181" sentence="10" t_id="182">been</token>
<token number="182" sentence="10" t_id="183">given</token>
<token number="183" sentence="10" t_id="184">early</token>
<token number="184" sentence="10" t_id="185">access</token>
<token number="185" sentence="10" t_id="186">to</token>
<token number="186" sentence="10" t_id="187">the</token>
<token number="187" sentence="10" t_id="188">SDK</token>
<token number="188" sentence="10" t_id="189">demonstrated</token>
<token number="189" sentence="10" t_id="190">their</token>
<token number="190" sentence="10" t_id="191">applications</token>
<token number="191" sentence="10" t_id="192">.</token>
<token number="192" sentence="11" t_id="193">Among</token>
<token number="193" sentence="11" t_id="194">the</token>
<token number="194" sentence="11" t_id="195">applications</token>
<token number="195" sentence="11" t_id="196">demonstrated</token>
<token number="196" sentence="11" t_id="197">were</token>
<token number="197" sentence="11" t_id="198">EA</token>
<token number="198" sentence="11" t_id="199">'s</token>
<token number="199" sentence="11" t_id="200">Spore</token>
<token number="200" sentence="11" t_id="201">,</token>
<token number="201" sentence="11" t_id="202">AOL</token>
<token number="202" sentence="11" t_id="203">'s</token>
<token number="203" sentence="11" t_id="204">AIM</token>
<token number="204" sentence="11" t_id="205">instant</token>
<token number="205" sentence="11" t_id="206">messenger</token>
<token number="206" sentence="11" t_id="207">and</token>
<token number="207" sentence="11" t_id="208">a</token>
<token number="208" sentence="11" t_id="209">client</token>
<token number="209" sentence="11" t_id="210">for</token>
<token number="210" sentence="11" t_id="211">epocrates</token>
<token number="211" sentence="11" t_id="212">,</token>
<token number="212" sentence="11" t_id="213">a</token>
<token number="213" sentence="11" t_id="214">drug</token>
<token number="214" sentence="11" t_id="215">reference</token>
<token number="215" sentence="11" t_id="216">service</token>
<token number="216" sentence="11" t_id="217">.</token>
<token number="217" sentence="12" t_id="218">The</token>
<token number="218" sentence="12" t_id="219">company</token>
<token number="219" sentence="12" t_id="220">also</token>
<token number="220" sentence="12" t_id="221">announced</token>
<token number="221" sentence="12" t_id="222">the</token>
<token number="222" sentence="12" t_id="223">iPhone</token>
<token number="223" sentence="12" t_id="224">2.0</token>
<token number="224" sentence="12" t_id="225">update</token>
<token number="225" sentence="12" t_id="226">that</token>
<token number="226" sentence="12" t_id="227">was</token>
<token number="227" sentence="12" t_id="228">released</token>
<token number="228" sentence="12" t_id="229">as</token>
<token number="229" sentence="12" t_id="230">a</token>
<token number="230" sentence="12" t_id="231">closed</token>
<token number="231" sentence="12" t_id="232">beta</token>
<token number="232" sentence="12" t_id="233">for</token>
<token number="233" sentence="12" t_id="234">developers</token>
<token number="234" sentence="12" t_id="235">and</token>
<token number="235" sentence="12" t_id="236">is</token>
<token number="236" sentence="12" t_id="237">scheduled</token>
<token number="237" sentence="12" t_id="238">for</token>
<token number="238" sentence="12" t_id="239">public</token>
<token number="239" sentence="12" t_id="240">release</token>
<token number="240" sentence="12" t_id="241">in</token>
<token number="241" sentence="12" t_id="242">June</token>
<token number="242" sentence="12" t_id="243">.</token>
<token number="243" sentence="13" t_id="244">In</token>
<token number="244" sentence="13" t_id="245">the</token>
<token number="245" sentence="13" t_id="246">new</token>
<token number="246" sentence="13" t_id="247">version</token>
<token number="247" sentence="13" t_id="248">Apple</token>
<token number="248" sentence="13" t_id="249">has</token>
<token number="249" sentence="13" t_id="250">been</token>
<token number="250" sentence="13" t_id="251">focusing</token>
<token number="251" sentence="13" t_id="252">on</token>
<token number="252" sentence="13" t_id="253">enterprise</token>
<token number="253" sentence="13" t_id="254">features</token>
<token number="254" sentence="13" t_id="255">in</token>
<token number="255" sentence="13" t_id="256">an</token>
<token number="256" sentence="13" t_id="257">attempt</token>
<token number="257" sentence="13" t_id="258">to</token>
<token number="258" sentence="13" t_id="259">compete</token>
<token number="259" sentence="13" t_id="260">with</token>
<token number="260" sentence="13" t_id="261">rivals</token>
<token number="261" sentence="13" t_id="262">like</token>
<token number="262" sentence="13" t_id="263">RIM</token>
<token number="263" sentence="13" t_id="264">'s</token>
<token number="264" sentence="13" t_id="265">BlackBerry</token>
<token number="265" sentence="13" t_id="266">and</token>
<token number="266" sentence="13" t_id="267">Microsoft</token>
<token number="267" sentence="13" t_id="268">'s</token>
<token number="268" sentence="13" t_id="269">Windows</token>
<token number="269" sentence="13" t_id="270">Mobile</token>
<token number="270" sentence="13" t_id="271">.</token>
<token number="271" sentence="14" t_id="272">The</token>
<token number="272" sentence="14" t_id="273">update</token>
<token number="273" sentence="14" t_id="274">adds</token>
<token number="274" sentence="14" t_id="275">support</token>
<token number="275" sentence="14" t_id="276">for</token>
<token number="276" sentence="14" t_id="277">ActiveSync</token>
<token number="277" sentence="14" t_id="278">,</token>
<token number="278" sentence="14" t_id="279">which</token>
<token number="279" sentence="14" t_id="280">Apple</token>
<token number="280" sentence="14" t_id="281">has</token>
<token number="281" sentence="14" t_id="282">licensed</token>
<token number="282" sentence="14" t_id="283">from</token>
<token number="283" sentence="14" t_id="284">rival</token>
<token number="284" sentence="14" t_id="285">Microsoft</token>
<token number="285" sentence="14" t_id="286">,</token>
<token number="286" sentence="14" t_id="287">WPA2</token>
<token number="287" sentence="14" t_id="288">and</token>
<token number="288" sentence="14" t_id="289">virtual</token>
<token number="289" sentence="14" t_id="290">private</token>
<token number="290" sentence="14" t_id="291">network</token>
<token number="291" sentence="14" t_id="292">support</token>
<token number="292" sentence="14" t_id="293">.</token>
<token number="293" sentence="15" t_id="294">The</token>
<token number="294" sentence="15" t_id="295">update</token>
<token number="295" sentence="15" t_id="296">will</token>
<token number="296" sentence="15" t_id="297">also</token>
<token number="297" sentence="15" t_id="298">be</token>
<token number="298" sentence="15" t_id="299">available</token>
<token number="299" sentence="15" t_id="300">to</token>
<token number="300" sentence="15" t_id="301">iPod</token>
<token number="301" sentence="15" t_id="302">Touch</token>
<token number="302" sentence="15" t_id="303">users</token>
<token number="303" sentence="15" t_id="304">for</token>
<token number="304" sentence="15" t_id="305">what</token>
<token number="305" sentence="15" t_id="306">Steve</token>
<token number="306" sentence="15" t_id="307">Jobs</token>
<token number="307" sentence="15" t_id="308">described</token>
<token number="308" sentence="15" t_id="309">as</token>
<token number="309" sentence="15" t_id="310">``</token>
<token number="310" sentence="15" t_id="311">a</token>
<token number="311" sentence="15" t_id="312">nominal</token>
<token number="312" sentence="15" t_id="313">charge</token>
<token number="313" sentence="15" t_id="314">''</token>
<token number="314" sentence="15" t_id="315">,</token>
<token number="315" sentence="15" t_id="316">as</token>
<token number="316" sentence="15" t_id="317">Apple</token>
<token number="317" sentence="15" t_id="318">have</token>
<token number="318" sentence="15" t_id="319">done</token>
<token number="319" sentence="15" t_id="320">in</token>
<token number="320" sentence="15" t_id="321">the</token>
<token number="321" sentence="15" t_id="322">past</token>
<token number="322" sentence="15" t_id="323">with</token>
<token number="323" sentence="15" t_id="324">the</token>
<token number="324" sentence="15" t_id="325">previous</token>
<token number="325" sentence="15" t_id="326">iPod</token>
<token number="326" sentence="15" t_id="327">Touch</token>
<token number="327" sentence="15" t_id="328">and</token>
<token number="328" sentence="15" t_id="329">MacBook</token>
<token number="329" sentence="15" t_id="330">Wi-Fi</token>
<token number="330" sentence="15" t_id="331">updates</token>
<token number="331" sentence="15" t_id="332">.</token>
<Markables>
<ENTITY_MENTION comment="" head="" m_id="1" syntactic_type="NOM">
<token_anchor t_id="88"/>
<token_anchor t_id="89"/>
</ENTITY_MENTION>
<ENTITY_MENTION comment="" head="" m_id="2" syntactic_type="NOM">
<token_anchor t_id="99"/>
</ENTITY_MENTION>
<ENTITY_MENTION comment="" head="" m_id="3" syntactic_type="PRO">
<token_anchor t_id="19"/>
</ENTITY_MENTION>
<ENTITY_MENTION comment="" head="" m_id="4" syntactic_type="PRO">
<token_anchor t_id="112"/>
</ENTITY_MENTION>
<ENTITY_MENTION comment="" head="" m_id="5" syntactic_type="NAM">
<token_anchor t_id="75"/>
<token_anchor t_id="76"/>
<token_anchor t_id="77"/>
<token_anchor t_id="78"/>
</ENTITY_MENTION>
<ENTITY_MENTION comment="" head="" m_id="6" syntactic_type="NOM">
<token_anchor t_id="105"/>
<token_anchor t_id="106"/>
</ENTITY_MENTION>
<ENTITY_MENTION comment="" head="" m_id="7" syntactic_type="NOM">
<token_anchor t_id="108"/>
<token_anchor t_id="109"/>
</ENTITY_MENTION>
<ENTITY_MENTION comment="" head="" m_id="8" syntactic_type="NOM">
<token_anchor t_id="19"/>
<token_anchor t_id="20"/>
<token_anchor t_id="21"/>
</ENTITY_MENTION>
<ENTITY_MENTION comment="" head="" m_id="9" syntactic_type="NAM">
<token_anchor t_id="23"/>
</ENTITY_MENTION>
<ENTITY_MENTION comment="" head="" m_id="10" syntactic_type="NAM">
<token_anchor t_id="25"/>
<token_anchor t_id="26"/>
<token_anchor t_id="27"/>
<token_anchor t_id="28"/>
<token_anchor t_id="29"/>
<token_anchor t_id="30"/>
<token_anchor t_id="31"/>
</ENTITY_MENTION>
<ENTITY_MENTION comment="" head="" m_id="11" syntactic_type="NAM">
<token_anchor t_id="36"/>
<token_anchor t_id="37"/>
<token_anchor t_id="38"/>
<token_anchor t_id="39"/>
<token_anchor t_id="40"/>
<token_anchor t_id="41"/>
</ENTITY_MENTION>
<ENTITY_MENTION comment="" head="" m_id="68" syntactic_type="NAM">
<token_anchor t_id="33"/>
</ENTITY_MENTION>
<ENTITY_MENTION comment="" head="" m_id="12" syntactic_type="NAM">
<token_anchor t_id="44"/>
<token_anchor t_id="45"/>
<token_anchor t_id="46"/>
</ENTITY_MENTION>
<ENTITY_MENTION comment="" head="" m_id="13" syntactic_type="NAM">
<token_anchor t_id="48"/>
<token_anchor t_id="49"/>
</ENTITY_MENTION>
<ENTITY_MENTION comment="" head="developers" m_id="14" syntactic_type="NOM">
<token_anchor t_id="52"/>
<token_anchor t_id="53"/>
<token_anchor t_id="54"/>
<token_anchor t_id="55"/>
</ENTITY_MENTION>
<ENTITY_MENTION comment="" head="" m_id="15" syntactic_type="NOM">
<token_anchor t_id="58"/>
</ENTITY_MENTION>
<ENTITY_MENTION comment="" head="" m_id="16" syntactic_type="NAM">
<token_anchor t_id="1"/>
</ENTITY_MENTION>
<ENTITY_MENTION comment="" head="" m_id="17" syntactic_type="NAM">
<token_anchor t_id="60"/>
<token_anchor t_id="61"/>
</ENTITY_MENTION>
<ENTITY_MENTION comment="" head="" m_id="18" syntactic_type="NAM">
<token_anchor t_id="3"/>
<token_anchor t_id="4"/>
</ENTITY_MENTION>
<ENTITY_MENTION comment="" head="" m_id="19" syntactic_type="PRO">
<token_anchor t_id="65"/>
</ENTITY_MENTION>
<ENTITY_MENTION comment="" head="" m_id="20" syntactic_type="NAM">
<token_anchor t_id="67"/>
<token_anchor t_id="68"/>
<token_anchor t_id="69"/>
<token_anchor t_id="70"/>
</ENTITY_MENTION>
<ENTITY_MENTION comment="" head="" m_id="21" syntactic_type="PTV">
<token_anchor t_id="72"/>
<token_anchor t_id="73"/>
<token_anchor t_id="74"/>
<token_anchor t_id="75"/>
<token_anchor t_id="76"/>
<token_anchor t_id="77"/>
<token_anchor t_id="78"/>
</ENTITY_MENTION>
<ENTITY_MENTION comment="" head="" m_id="22" syntactic_type="NOM">
<token_anchor t_id="81"/>
</ENTITY_MENTION>
<ENTITY_MENTION comment="" head="" m_id="23" syntactic_type="NOM">
<token_anchor t_id="83"/>
<token_anchor t_id="84"/>
</ENTITY_MENTION>
<EVENT_MENTION aspect="NONE" certainty="CERTAIN" comment="" m_id="29" modality="can" polarity="POS" pos="VERB" pred="add" special_cases="NONE" tense="NONE" time="NON_FUTURE">
<token_anchor t_id="80"/>
</EVENT_MENTION>
<EVENT_MENTION aspect="NONE" certainty="CERTAIN" comment="" m_id="30" modality="" polarity="POS" pos="VERB" pred="join" special_cases="NONE" tense="INFINITIVE" time="NON_FUTURE">
<token_anchor t_id="97"/>
</EVENT_MENTION>
<EVENT_MENTION aspect="NONE" certainty="CERTAIN" comment="" m_id="31" modality="" polarity="POS" pos="VERB" pred="set" special_cases="NONE" tense="INFINITIVE" time="FUTURE">
<token_anchor t_id="104"/>
</EVENT_MENTION>
<EVENT_MENTION aspect="NONE" certainty="CERTAIN" comment="" m_id="32" modality="" polarity="POS" pos="VERB" pred="release" special_cases="NONE" tense="INFINITIVE" time="FUTURE">
<token_anchor t_id="111"/>
</EVENT_MENTION>
<EVENT_MENTION aspect="NONE" certainty="CERTAIN" comment="" m_id="33" modality="" polarity="POS" pos="VERB" pred="hold" special_cases="NONE" tense="PAST" time="NON_FUTURE">
<token_anchor t_id="17"/>
</EVENT_MENTION>
<EVENT_MENTION aspect="NONE" certainty="CERTAIN" comment="" m_id="34" modality="" polarity="POS" pos="VERB" pred="release" special_cases="NONE" tense="PRESENT" time="NON_FUTURE">
<token_anchor t_id="2"/>
</EVENT_MENTION>
<EVENT_MENTION aspect="NONE" certainty="CERTAIN" comment="" m_id="35" modality="" polarity="POS" pos="VERB" pred="announce" special_cases="NONE" tense="PRESENT" time="NON_FUTURE">
<token_anchor t_id="6"/>
</EVENT_MENTION>
<EVENT_MENTION aspect="NONE" certainty="CERTAIN" comment="" m_id="36" modality="" polarity="POS" pos="NOUN" pred="update" special_cases="NONE" tense="NONE" time="FUTURE">
<token_anchor t_id="8"/>
</EVENT_MENTION>
<EVENT_MENTION aspect="NONE" certainty="CERTAIN" comment="" m_id="37" modality="" polarity="POS" pos="VERB" pred="cost" special_cases="NONE" tense="PRESENT" time="NON_FUTURE">
<token_anchor t_id="90"/>
</EVENT_MENTION>
<EVENT_MENTION aspect="NONE" certainty="CERTAIN" comment="" m_id="38" modality="" polarity="POS" pos="VERB" pred="be" special_cases="NONE" tense="FUTURE" time="FUTURE">
<token_anchor t_id="101"/>
<token_anchor t_id="102"/>
</EVENT_MENTION>
<EVENT_MENTION aspect="" certainty="CERTAIN" comment="" m_id="69" modality="" polarity="POS" pos="" pred="" special_cases="NONE" tense="" time="FUTURE">
<token_anchor t_id="104"/>
<token_anchor t_id="111"/>
</EVENT_MENTION>
<EVENT_MENTION aspect="" certainty="" comment="" m_id="71" modality="" polarity="" pos="" pred="" special_cases="" tense="" time="">
<token_anchor t_id="2"/>
<token_anchor t_id="6"/>
</EVENT_MENTION>
<EVENT_MENTION aspect="NONE" certainty="CERTAIN" comment="" m_id="24" modality="" polarity="POS" pos="NOUN" pred="event" special_cases="NONE" tense="NONE" time="NON_FUTURE">
<token_anchor t_id="15"/>
<token_anchor t_id="16"/>
</EVENT_MENTION>
<EVENT_MENTION aspect="NONE" certainty="CERTAIN" comment="" m_id="25" modality="" polarity="POS" pos="VERB" pred="release" special_cases="NONE" tense="PAST" time="NON_FUTURE">
<token_anchor t_id="24"/>
</EVENT_MENTION>
<EVENT_MENTION aspect="NONE" certainty="CERTAIN" comment="" m_id="26" modality="" polarity="POS" pos="VERB" pred="allow" special_cases="NONE" tense="FUTURE" time="FUTURE">
<token_anchor t_id="51"/>
</EVENT_MENTION>
<EVENT_MENTION aspect="NONE" certainty="CERTAIN" comment="" m_id="27" modality="" polarity="POS" pos="VERB" pred="create" special_cases="NONE" tense="INFINITIVE" time="FUTURE">
<token_anchor t_id="57"/>
</EVENT_MENTION>
<EVENT_MENTION aspect="NONE" certainty="CERTAIN" comment="" m_id="28" modality="" polarity="POS" pos="VERB" pred="distribute" special_cases="NONE" tense="INFINITIVE" time="FUTURE">
<token_anchor t_id="64"/>
</EVENT_MENTION>
<SIGNAL comment="" m_id="39">
<token_anchor t_id="13"/>
</SIGNAL>
<SIGNAL comment="" m_id="40">
<token_anchor t_id="63"/>
</SIGNAL>
<TIMEX3 anchorTimeID="41" beginPoint="" comment="" endPoint="" functionInDocument="CREATION_TIME" m_id="41" type="DATE" value="2008-03-06">
<token_anchor t_id="9"/>
<token_anchor t_id="10"/>
<token_anchor t_id="11"/>
<token_anchor t_id="12"/>
</TIMEX3>
<VALUE comment="" m_id="42" type="MONEY">
<token_anchor t_id="91"/>
<token_anchor t_id="92"/>
<token_anchor t_id="93"/>
<token_anchor t_id="94"/>
</VALUE>
<EVENT TAG_DESCRIPTOR="release" class="OTHER" comment="" external_ref="" m_id="53"/>
<EVENT TAG_DESCRIPTOR="set" class="OTHER" comment="" external_ref="" m_id="54"/>
<EVENT TAG_DESCRIPTOR="join" class="OTHER" comment="" external_ref="" m_id="55"/>
<EVENT TAG_DESCRIPTOR="add" class="OTHER" comment="" external_ref="" m_id="56"/>
<EVENT TAG_DESCRIPTOR="distribute" class="OTHER" comment="" external_ref="" m_id="57"/>
<EVENT TAG_DESCRIPTOR="create" class="OTHER" comment="" external_ref="" m_id="58"/>
<EVENT TAG_DESCRIPTOR="allow" class="OTHER" comment="" external_ref="" m_id="59"/>
<EVENT TAG_DESCRIPTOR="media event" class="OTHER" comment="" external_ref="" m_id="61"/>
<EVENT TAG_DESCRIPTOR="held" class="OTHER" comment="" external_ref="" m_id="62"/>
<EVENT TAG_DESCRIPTOR="releases" class="OTHER" comment="" external_ref="" m_id="63"/>
<EVENT TAG_DESCRIPTOR="announces" class="SPEECH_COGNITIVE" comment="" external_ref="" m_id="64"/>
<EVENT TAG_DESCRIPTOR="update" class="OTHER" comment="" external_ref="" m_id="65"/>
<EVENT TAG_DESCRIPTOR="costs" class="OTHER" comment="" external_ref="" m_id="66"/>
<EVENT TAG_DESCRIPTOR="be" class="GRAMMATICAL" comment="" external_ref="" m_id="67"/>
<EVENT TAG_DESCRIPTOR="set and release" class="OTHER" comment="" external_ref="" m_id="70"/>
<ENTITY TAG_DESCRIPTOR="iTunes music store" ent_type="PRO" external_ref="http://dbpedia.org/resource/ITunes_Store" instance_id="PRO19274271475601598" m_id="80"/>
<EVENT TAG_DESCRIPTOR="released-SE - (iTunes Music Store)" class="OTHER" external_ref="release.01" instance_id="OTH57464600415490962" m_id="81"/><ENTITY TAG_DESCRIPTOR="iPhone developer program" ent_type="PRO" instance_id="PRO55761091256683626" m_id="105"/>
<ENTITY TAG_DESCRIPTOR="members of the iPhone Developer Program " ent_type="PER" instance_id="PER55761288463185272" m_id="106"/><ENTITY TAG_DESCRIPTOR="IPHONE (GENERIC)" ent_type="PRO" external_ref="http://dbpedia.org/resource/IPhone" instance_id="PRO19274272065484084" m_id="107"/>
<ENTITY TAG_DESCRIPTOR="Apple headquarters at Cupertino" ent_type="LOC" instance_id="LOC55760546207313569" m_id="108"/><ENTITY TAG_DESCRIPTOR="iPhone application price" ent_type="FIN" instance_id="FIN55761332965798032" m_id="109"/>
<ENTITY TAG_DESCRIPTOR="iPhone SDK" ent_type="PRO" external_ref="http://dbpedia.org/resource/IOS_SDK" instance_id="PRO55760846045968890" m_id="110"/><ENTITY TAG_DESCRIPTOR="APPLE" ent_type="ORG" external_ref="http://dbpedia.org/resource/Apple_Inc." instance_id="ORG19274271187160719" m_id="111"/>
<ENTITY TAG_DESCRIPTOR="software developers" ent_type="PER" instance_id="PER56086603337165650" m_id="112"/><ENTITY TAG_DESCRIPTOR="iPhone applications" ent_type="PRO" instance_id="PRO55761173367321809" m_id="113"/>


</Markables>
<Relations>








<HAS_PARTICIPANT comment="" r_id="361632" sem_role="Argm-LOC" sem_role_framework="PROPBANK">
<source m_id="24"/>
<target m_id="8"/>
</HAS_PARTICIPANT>
<HAS_PARTICIPANT comment="" r_id="361633" sem_role="Arg0" sem_role_framework="PROPBANK">
<source m_id="25"/>
<target m_id="9"/>
</HAS_PARTICIPANT>
<HAS_PARTICIPANT comment="" r_id="361634" sem_role="Arg1" sem_role_framework="PROPBANK">
<source m_id="25"/>
<target m_id="10"/>
</HAS_PARTICIPANT>
<HAS_PARTICIPANT comment="" r_id="361635" sem_role="Arg1" sem_role_framework="PROPBANK">
<source m_id="25"/>
<target m_id="11"/>
</HAS_PARTICIPANT>
<HAS_PARTICIPANT comment="" r_id="361636" sem_role="Arg1" sem_role_framework="PROPBANK">
<source m_id="25"/>
<target m_id="12"/>
</HAS_PARTICIPANT>
<HAS_PARTICIPANT comment="" r_id="361637" sem_role="Arg0" sem_role_framework="PROPBANK">
<source m_id="26"/>
<target m_id="13"/>
</HAS_PARTICIPANT>
<HAS_PARTICIPANT comment="" r_id="361638" sem_role="Arg1" sem_role_framework="PROPBANK">
<source m_id="26"/>
<target m_id="14"/>
</HAS_PARTICIPANT>
<HAS_PARTICIPANT comment="" r_id="361639" sem_role="Arg0" sem_role_framework="PROPBANK">
<source m_id="27"/>
<target m_id="14"/>
</HAS_PARTICIPANT>
<HAS_PARTICIPANT comment="" r_id="361640" sem_role="Arg1" sem_role_framework="PROPBANK">
<source m_id="27"/>
<target m_id="15"/>
</HAS_PARTICIPANT>
<HAS_PARTICIPANT comment="" r_id="361641" sem_role="Arg0" sem_role_framework="PROPBANK">
<source m_id="28"/>
<target m_id="14"/>
</HAS_PARTICIPANT>
<HAS_PARTICIPANT comment="" r_id="361642" sem_role="Arg1" sem_role_framework="PROPBANK">
<source m_id="28"/>
<target m_id="19"/>
</HAS_PARTICIPANT>
<HAS_PARTICIPANT comment="" r_id="361643" sem_role="Arg0" sem_role_framework="PROPBANK">
<source m_id="29"/>
<target m_id="21"/>
</HAS_PARTICIPANT>
<HAS_PARTICIPANT comment="" r_id="361644" sem_role="Arg1" sem_role_framework="PROPBANK">
<source m_id="29"/>
<target m_id="22"/>
</HAS_PARTICIPANT>
<HAS_PARTICIPANT comment="" r_id="361646" sem_role="Arg1" sem_role_framework="PROPBANK">
<source m_id="31"/>
<target m_id="6"/>
</HAS_PARTICIPANT>
<HAS_PARTICIPANT comment="" r_id="361648" sem_role="Arg1" sem_role_framework="PROPBANK">
<source m_id="32"/>
<target m_id="4"/>
</HAS_PARTICIPANT>

<HAS_PARTICIPANT comment="" r_id="361650" sem_role="Arg1" sem_role_framework="PROPBANK">
<source m_id="33"/>
<target m_id="8"/>
</HAS_PARTICIPANT>
<TLINK comment="" r_id="361651" reltype="INCLUDES" signalID="39">
<source m_id="24"/>
<target m_id="25"/>
</TLINK>
<TLINK comment="" r_id="361652" reltype="SIMULTANEOUS" signalID="">
<source m_id="24"/>
<target m_id="33"/>
</TLINK>



<SLINK r_id="361663">
<source m_id="35"/>
<target m_id="36"/>
</SLINK>
<HAS_PARTICIPANT comment="" r_id="361664" sem_role="Arg0" sem_role_framework="PROPBANK">
<source m_id="34"/>
<target m_id="16"/>
</HAS_PARTICIPANT>
<HAS_PARTICIPANT comment="" r_id="361665" sem_role="Arg1" sem_role_framework="PROPBANK">
<source m_id="34"/>
<target m_id="18"/>
</HAS_PARTICIPANT>
<HAS_PARTICIPANT comment="" r_id="361666" sem_role="Arg0" sem_role_framework="PROPBANK">
<source m_id="35"/>
<target m_id="16"/>
</HAS_PARTICIPANT>

<HAS_PARTICIPANT comment="" r_id="361668" sem_role="Arg1" sem_role_framework="PROPBANK">
<source m_id="37"/>
<target m_id="1"/>
</HAS_PARTICIPANT>
<HAS_PARTICIPANT comment="" r_id="361669" sem_role="Arg2" sem_role_framework="PROPBANK">
<source m_id="37"/>
<target m_id="42"/>
</HAS_PARTICIPANT>
<GLINK r_id="361670">
<source m_id="38"/>
<target m_id="31"/>
</GLINK>
<HAS_PARTICIPANT comment="" r_id="361671" sem_role="Arg0" sem_role_framework="PROPBANK">
<source m_id="38"/>
<target m_id="2"/>
</HAS_PARTICIPANT>

<GLINK r_id="366558">
<source m_id="38"/>
<target m_id="32"/>
</GLINK>

<TLINK comment="" r_id="366578" reltype="AFTER" signalID="">
<source m_id="41"/>
<target m_id="25"/>
</TLINK>
<TLINK comment="" r_id="366579" reltype="BEFORE" signalID="">
<source m_id="41"/>
<target m_id="26"/>
</TLINK>
<TLINK comment="" r_id="366580" reltype="BEFORE" signalID="">
<source m_id="41"/>
<target m_id="38"/>
</TLINK>
<TLINK comment="" r_id="366581" reltype="BEFORE" signalID="">
<source m_id="25"/>
<target m_id="26"/>
</TLINK>
<TLINK comment="" r_id="366582" reltype="AFTER" signalID="">
<source m_id="41"/>
<target m_id="33"/>
</TLINK>












<REFERS_TO r_id="366595">
<source m_id="4"/>
<source m_id="7"/>
<source m_id="15"/>
<source m_id="19"/>
<source m_id="22"/>
<target m_id="113"/>
</REFERS_TO>
<REFERS_TO r_id="366596">
<source m_id="14"/>
<target m_id="112"/>
</REFERS_TO>
<REFERS_TO r_id="366597">
<source m_id="24"/>
<target m_id="61"/>
</REFERS_TO>
<REFERS_TO r_id="366598">
<source m_id="33"/>
<target m_id="62"/>
</REFERS_TO>
<REFERS_TO r_id="366599">
<source m_id="34"/>
<target m_id="63"/>
</REFERS_TO>
<REFERS_TO r_id="366600">
<source m_id="35"/>
<target m_id="64"/>
</REFERS_TO>
<REFERS_TO r_id="366601">
<source m_id="36"/>
<target m_id="65"/>
</REFERS_TO>
<REFERS_TO r_id="366602">
<source m_id="37"/>
<target m_id="66"/>
</REFERS_TO>
<REFERS_TO r_id="366603">
<source m_id="38"/>
<target m_id="67"/>
</REFERS_TO>
<REFERS_TO r_id="366604">
<source m_id="11"/>
<source m_id="20"/>
<source m_id="23"/>
<target m_id="80"/>
</REFERS_TO>
<REFERS_TO r_id="366605">
<source m_id="25"/>
<target m_id="81"/>
</REFERS_TO>
<REFERS_TO r_id="366606">
<source m_id="8"/>
<target m_id="108"/>
</REFERS_TO>
<REFERS_TO r_id="366607">
<source m_id="6"/>
<target m_id="109"/>
</REFERS_TO>
<REFERS_TO r_id="366608">
<source m_id="69"/>
<target m_id="70"/>
</REFERS_TO>
<REFERS_TO r_id="366609">
<source m_id="2"/>
<source m_id="21"/>
<target m_id="106"/>
</REFERS_TO>
<REFERS_TO r_id="366610">
<source m_id="17"/>
<target m_id="107"/>
</REFERS_TO>
<REFERS_TO r_id="366611">
<source m_id="1"/>
<source m_id="5"/>
<source m_id="12"/>
<target m_id="105"/>
</REFERS_TO>
<REFERS_TO r_id="366612">
<source m_id="26"/>
<target m_id="59"/>
</REFERS_TO>
<REFERS_TO r_id="366613">
<source m_id="27"/>
<target m_id="58"/>
</REFERS_TO>
<REFERS_TO r_id="366614">
<source m_id="30"/>
<target m_id="55"/>
</REFERS_TO>
<REFERS_TO r_id="366615">
<source m_id="31"/>
<target m_id="54"/>
</REFERS_TO>
<REFERS_TO r_id="366616">
<source m_id="28"/>
<target m_id="57"/>
</REFERS_TO>
<REFERS_TO r_id="366617">
<source m_id="29"/>
<target m_id="56"/>
</REFERS_TO>

<REFERS_TO r_id="366619">
<source m_id="32"/>
<target m_id="53"/>
</REFERS_TO>

<REFERS_TO r_id="366621">
<source m_id="3"/>
<source m_id="9"/>
<source m_id="16"/>
<target m_id="111"/>
</REFERS_TO>
<REFERS_TO r_id="366622">
<source m_id="10"/>
<source m_id="68"/>
<source m_id="13"/>
<source m_id="18"/>
<target m_id="110"/>
</REFERS_TO>
</Relations>
</Document>