<?xml version="1.0" ?><Document doc_id="21302" doc_name="21302_Apple_unveils_iPod_nano" lang="en" url="http://en.wikinews.org/wiki/Apple_unveils_iPod_nano">
<token number="0" sentence="0" t_id="1">Apple</token>
<token number="1" sentence="0" t_id="2">unveils</token>
<token number="2" sentence="0" t_id="3">iPod</token>
<token number="3" sentence="0" t_id="4">nano</token>
<token number="4" sentence="1" t_id="5">September</token>
<token number="5" sentence="1" t_id="6">7</token>
<token number="6" sentence="1" t_id="7">,</token>
<token number="7" sentence="1" t_id="8">2005</token>
<token number="8" sentence="2" t_id="9">Apple</token>
<token number="9" sentence="2" t_id="10">today</token>
<token number="10" sentence="2" t_id="11">unveiled</token>
<token number="11" sentence="2" t_id="12">its</token>
<token number="12" sentence="2" t_id="13">latest</token>
<token number="13" sentence="2" t_id="14">addition</token>
<token number="14" sentence="2" t_id="15">to</token>
<token number="15" sentence="2" t_id="16">the</token>
<token number="16" sentence="2" t_id="17">iPod</token>
<token number="17" sentence="2" t_id="18">line</token>
<token number="18" sentence="2" t_id="19">,</token>
<token number="19" sentence="2" t_id="20">the</token>
<token number="20" sentence="2" t_id="21">iPod</token>
<token number="21" sentence="2" t_id="22">nano</token>
<token number="22" sentence="2" t_id="23">.</token>
<token number="23" sentence="3" t_id="24">The</token>
<token number="24" sentence="3" t_id="25">announcement</token>
<token number="25" sentence="3" t_id="26">came</token>
<token number="26" sentence="3" t_id="27">today</token>
<token number="27" sentence="3" t_id="28">at</token>
<token number="28" sentence="3" t_id="29">a</token>
<token number="29" sentence="3" t_id="30">special</token>
<token number="30" sentence="3" t_id="31">music</token>
<token number="31" sentence="3" t_id="32">event</token>
<token number="32" sentence="3" t_id="33">hosted</token>
<token number="33" sentence="3" t_id="34">by</token>
<token number="34" sentence="3" t_id="35">Apple</token>
<token number="35" sentence="3" t_id="36">,</token>
<token number="36" sentence="3" t_id="37">held</token>
<token number="37" sentence="3" t_id="38">in</token>
<token number="38" sentence="3" t_id="39">the</token>
<token number="39" sentence="3" t_id="40">Moscone</token>
<token number="40" sentence="3" t_id="41">West</token>
<token number="41" sentence="3" t_id="42">Convention</token>
<token number="42" sentence="3" t_id="43">Center</token>
<token number="43" sentence="3" t_id="44">in</token>
<token number="44" sentence="3" t_id="45">San</token>
<token number="45" sentence="3" t_id="46">Francisco</token>
<token number="46" sentence="3" t_id="47">.</token>
<token number="47" sentence="4" t_id="48">The</token>
<token number="48" sentence="4" t_id="49">iPod</token>
<token number="49" sentence="4" t_id="50">Nano</token>
<token number="50" sentence="4" t_id="51">comes</token>
<token number="51" sentence="4" t_id="52">in</token>
<token number="52" sentence="4" t_id="53">two</token>
<token number="53" sentence="4" t_id="54">colors</token>
<token number="54" sentence="4" t_id="55">,</token>
<token number="55" sentence="4" t_id="56">white</token>
<token number="56" sentence="4" t_id="57">and</token>
<token number="57" sentence="4" t_id="58">black</token>
<token number="58" sentence="4" t_id="59">,</token>
<token number="59" sentence="4" t_id="60">as</token>
<token number="60" sentence="4" t_id="61">well</token>
<token number="61" sentence="4" t_id="62">as</token>
<token number="62" sentence="4" t_id="63">two</token>
<token number="63" sentence="4" t_id="64">sizes</token>
<token number="64" sentence="4" t_id="65">,</token>
<token number="65" sentence="4" t_id="66">a</token>
<token number="66" sentence="4" t_id="67">2GB</token>
<token number="67" sentence="4" t_id="68">and</token>
<token number="68" sentence="4" t_id="69">a</token>
<token number="69" sentence="4" t_id="70">4GB</token>
<token number="70" sentence="4" t_id="71">,</token>
<token number="71" sentence="4" t_id="72">capable</token>
<token number="72" sentence="4" t_id="73">of</token>
<token number="73" sentence="4" t_id="74">holding</token>
<token number="74" sentence="4" t_id="75">500</token>
<token number="75" sentence="4" t_id="76">and</token>
<token number="76" sentence="4" t_id="77">1,000</token>
<token number="77" sentence="4" t_id="78">songs</token>
<token number="78" sentence="4" t_id="79">and</token>
<token number="79" sentence="4" t_id="80">will</token>
<token number="80" sentence="4" t_id="81">cost</token>
<token number="81" sentence="4" t_id="82">$</token>
<token number="82" sentence="4" t_id="83">199</token>
<token number="83" sentence="4" t_id="84">and</token>
<token number="84" sentence="4" t_id="85">$</token>
<token number="85" sentence="4" t_id="86">249</token>
<token number="86" sentence="4" t_id="87">USD</token>
<token number="87" sentence="4" t_id="88">respectively</token>
<token number="88" sentence="4" t_id="89">.</token>
<token number="89" sentence="5" t_id="90">The</token>
<token number="90" sentence="5" t_id="91">iPod</token>
<token number="91" sentence="5" t_id="92">nano</token>
<token number="92" sentence="5" t_id="93">is</token>
<token number="93" sentence="5" t_id="94">the</token>
<token number="94" sentence="5" t_id="95">second</token>
<token number="95" sentence="5" t_id="96">model</token>
<token number="96" sentence="5" t_id="97">of</token>
<token number="97" sentence="5" t_id="98">the</token>
<token number="98" sentence="5" t_id="99">iPod</token>
<token number="99" sentence="5" t_id="100">family</token>
<token number="100" sentence="5" t_id="101">to</token>
<token number="101" sentence="5" t_id="102">utilize</token>
<token number="102" sentence="5" t_id="103">flash</token>
<token number="103" sentence="5" t_id="104">memory</token>
<token number="104" sentence="5" t_id="105">,</token>
<token number="105" sentence="5" t_id="106">after</token>
<token number="106" sentence="5" t_id="107">the</token>
<token number="107" sentence="5" t_id="108">Shuffle</token>
<token number="108" sentence="5" t_id="109">was</token>
<token number="109" sentence="5" t_id="110">introduced</token>
<token number="110" sentence="5" t_id="111">in</token>
<token number="111" sentence="5" t_id="112">January</token>
<token number="112" sentence="5" t_id="113">.</token>
<token number="113" sentence="6" t_id="114">The</token>
<token number="114" sentence="6" t_id="115">iPod</token>
<token number="115" sentence="6" t_id="116">nano</token>
<token number="116" sentence="6" t_id="117">replaces</token>
<token number="117" sentence="6" t_id="118">the</token>
<token number="118" sentence="6" t_id="119">similar</token>
<token number="119" sentence="6" t_id="120">iPod</token>
<token number="120" sentence="6" t_id="121">Mini</token>
<token number="121" sentence="6" t_id="122">in</token>
<token number="122" sentence="6" t_id="123">the</token>
<token number="123" sentence="6" t_id="124">iPod</token>
<token number="124" sentence="6" t_id="125">family</token>
<token number="125" sentence="6" t_id="126">.</token>
<token number="126" sentence="7" t_id="127">The</token>
<token number="127" sentence="7" t_id="128">iPod</token>
<token number="128" sentence="7" t_id="129">nano</token>
<token number="129" sentence="7" t_id="130">'s</token>
<token number="130" sentence="7" t_id="131">maximum</token>
<token number="131" sentence="7" t_id="132">capacity</token>
<token number="132" sentence="7" t_id="133">is</token>
<token number="133" sentence="7" t_id="134">2GB</token>
<token number="134" sentence="7" t_id="135">smaller</token>
<token number="135" sentence="7" t_id="136">than</token>
<token number="136" sentence="7" t_id="137">that</token>
<token number="137" sentence="7" t_id="138">of</token>
<token number="138" sentence="7" t_id="139">the</token>
<token number="139" sentence="7" t_id="140">last</token>
<token number="140" sentence="7" t_id="141">version</token>
<token number="141" sentence="7" t_id="142">of</token>
<token number="142" sentence="7" t_id="143">the</token>
<token number="143" sentence="7" t_id="144">iPod</token>
<token number="144" sentence="7" t_id="145">Mini</token>
<token number="145" sentence="7" t_id="146">,</token>
<token number="146" sentence="7" t_id="147">which</token>
<token number="147" sentence="7" t_id="148">held</token>
<token number="148" sentence="7" t_id="149">6GB</token>
<token number="149" sentence="7" t_id="150">for</token>
<token number="150" sentence="7" t_id="151">the</token>
<token number="151" sentence="7" t_id="152">same</token>
<token number="152" sentence="7" t_id="153">price</token>
<token number="153" sentence="7" t_id="154">of</token>
<token number="154" sentence="7" t_id="155">$</token>
<token number="155" sentence="7" t_id="156">249</token>
<token number="156" sentence="7" t_id="157">.</token>
<token number="157" sentence="8" t_id="158">Apple</token>
<token number="158" sentence="8" t_id="159">also</token>
<token number="159" sentence="8" t_id="160">announced</token>
<token number="160" sentence="8" t_id="161">an</token>
<token number="161" sentence="8" t_id="162">iTunes</token>
<token number="162" sentence="8" t_id="163">-</token>
<token number="163" sentence="8" t_id="164">compatible</token>
<token number="164" sentence="8" t_id="165">cell</token>
<token number="165" sentence="8" t_id="166">phone</token>
<token number="166" sentence="8" t_id="167">,</token>
<token number="167" sentence="8" t_id="168">the</token>
<token number="168" sentence="8" t_id="169">Motorola</token>
<token number="169" sentence="8" t_id="170">ROKR</token>
<token number="170" sentence="8" t_id="171">E1</token>
<token number="171" sentence="8" t_id="172">,</token>
<token number="172" sentence="8" t_id="173">which</token>
<token number="173" sentence="8" t_id="174">will</token>
<token number="174" sentence="8" t_id="175">be</token>
<token number="175" sentence="8" t_id="176">available</token>
<token number="176" sentence="8" t_id="177">exclusively</token>
<token number="177" sentence="8" t_id="178">from</token>
<token number="178" sentence="8" t_id="179">Cingular</token>
<token number="179" sentence="8" t_id="180">Wireless</token>
<token number="180" sentence="8" t_id="181">in</token>
<token number="181" sentence="8" t_id="182">the</token>
<token number="182" sentence="8" t_id="183">United</token>
<token number="183" sentence="8" t_id="184">States</token>
<token number="184" sentence="8" t_id="185">,</token>
<token number="185" sentence="8" t_id="186">Virgin</token>
<token number="186" sentence="8" t_id="187">will</token>
<token number="187" sentence="8" t_id="188">be</token>
<token number="188" sentence="8" t_id="189">in</token>
<token number="189" sentence="8" t_id="190">the</token>
<token number="190" sentence="8" t_id="191">UK</token>
<token number="191" sentence="8" t_id="192">.</token>
<token number="192" sentence="9" t_id="193">The</token>
<token number="193" sentence="9" t_id="194">ROKR</token>
<token number="194" sentence="9" t_id="195">has</token>
<token number="195" sentence="9" t_id="196">a</token>
<token number="196" sentence="9" t_id="197">color</token>
<token number="197" sentence="9" t_id="198">display</token>
<token number="198" sentence="9" t_id="199">for</token>
<token number="199" sentence="9" t_id="200">viewing</token>
<token number="200" sentence="9" t_id="201">album</token>
<token number="201" sentence="9" t_id="202">art</token>
<token number="202" sentence="9" t_id="203">and</token>
<token number="203" sentence="9" t_id="204">features</token>
<token number="204" sentence="9" t_id="205">built-in</token>
<token number="205" sentence="9" t_id="206">stereo</token>
<token number="206" sentence="9" t_id="207">speakers</token>
<token number="207" sentence="9" t_id="208">,</token>
<token number="208" sentence="9" t_id="209">as</token>
<token number="209" sentence="9" t_id="210">well</token>
<token number="210" sentence="9" t_id="211">as</token>
<token number="211" sentence="9" t_id="212">stereo</token>
<token number="212" sentence="9" t_id="213">headphones</token>
<token number="213" sentence="9" t_id="214">that</token>
<token number="214" sentence="9" t_id="215">also</token>
<token number="215" sentence="9" t_id="216">serve</token>
<token number="216" sentence="9" t_id="217">as</token>
<token number="217" sentence="9" t_id="218">a</token>
<token number="218" sentence="9" t_id="219">mobile</token>
<token number="219" sentence="9" t_id="220">headset</token>
<token number="220" sentence="9" t_id="221">with</token>
<token number="221" sentence="9" t_id="222">microphone</token>
<token number="222" sentence="9" t_id="223">.</token>
<token number="223" sentence="10" t_id="224">Users</token>
<token number="224" sentence="10" t_id="225">can</token>
<token number="225" sentence="10" t_id="226">randomly</token>
<token number="226" sentence="10" t_id="227">autofill</token>
<token number="227" sentence="10" t_id="228">or</token>
<token number="228" sentence="10" t_id="229">manually</token>
<token number="229" sentence="10" t_id="230">fill</token>
<token number="230" sentence="10" t_id="231">the</token>
<token number="231" sentence="10" t_id="232">mobile</token>
<token number="232" sentence="10" t_id="233">phone</token>
<token number="233" sentence="10" t_id="234">with</token>
<token number="234" sentence="10" t_id="235">playlists</token>
<token number="235" sentence="10" t_id="236">of</token>
<token number="236" sentence="10" t_id="237">music</token>
<token number="237" sentence="10" t_id="238">,</token>
<token number="238" sentence="10" t_id="239">audiobooks</token>
<token number="239" sentence="10" t_id="240">and</token>
<token number="240" sentence="10" t_id="241">Podcasts</token>
<token number="241" sentence="10" t_id="242">from</token>
<token number="242" sentence="10" t_id="243">their</token>
<token number="243" sentence="10" t_id="244">iTunes</token>
<token number="244" sentence="10" t_id="245">library</token>
<token number="245" sentence="10" t_id="246">via</token>
<token number="246" sentence="10" t_id="247">a</token>
<token number="247" sentence="10" t_id="248">USB</token>
<token number="248" sentence="10" t_id="249">1.1</token>
<token number="249" sentence="10" t_id="250">connection</token>
<token number="250" sentence="10" t_id="251">.</token>
<token number="251" sentence="11" t_id="252">The</token>
<token number="252" sentence="11" t_id="253">Motorola</token>
<token number="253" sentence="11" t_id="254">ROKR</token>
<token number="254" sentence="11" t_id="255">pauses</token>
<token number="255" sentence="11" t_id="256">music</token>
<token number="256" sentence="11" t_id="257">automatically</token>
<token number="257" sentence="11" t_id="258">when</token>
<token number="258" sentence="11" t_id="259">users</token>
<token number="259" sentence="11" t_id="260">take</token>
<token number="260" sentence="11" t_id="261">a</token>
<token number="261" sentence="11" t_id="262">call</token>
<token number="262" sentence="11" t_id="263">and</token>
<token number="263" sentence="11" t_id="264">offers</token>
<token number="264" sentence="11" t_id="265">the</token>
<token number="265" sentence="11" t_id="266">ability</token>
<token number="266" sentence="11" t_id="267">to</token>
<token number="267" sentence="11" t_id="268">listen</token>
<token number="268" sentence="11" t_id="269">to</token>
<token number="269" sentence="11" t_id="270">music</token>
<token number="270" sentence="11" t_id="271">while</token>
<token number="271" sentence="11" t_id="272">messaging</token>
<token number="272" sentence="11" t_id="273">or</token>
<token number="273" sentence="11" t_id="274">taking</token>
<token number="274" sentence="11" t_id="275">a</token>
<token number="275" sentence="11" t_id="276">photo</token>
<token number="276" sentence="11" t_id="277">.</token>
<token number="277" sentence="12" t_id="278">It</token>
<token number="278" sentence="12" t_id="279">will</token>
<token number="279" sentence="12" t_id="280">cost</token>
<token number="280" sentence="12" t_id="281">$</token>
<token number="281" sentence="12" t_id="282">250</token>
<token number="282" sentence="12" t_id="283">with</token>
<token number="283" sentence="12" t_id="284">a</token>
<token number="284" sentence="12" t_id="285">two-year</token>
<token number="285" sentence="12" t_id="286">cell</token>
<token number="286" sentence="12" t_id="287">service</token>
<token number="287" sentence="12" t_id="288">contract</token>
<token number="288" sentence="12" t_id="289">.</token>
<token number="289" sentence="13" t_id="290">A</token>
<token number="290" sentence="13" t_id="291">new</token>
<token number="291" sentence="13" t_id="292">version</token>
<token number="292" sentence="13" t_id="293">of</token>
<token number="293" sentence="13" t_id="294">iTunes</token>
<token number="294" sentence="13" t_id="295">was</token>
<token number="295" sentence="13" t_id="296">also</token>
<token number="296" sentence="13" t_id="297">announced</token>
<token number="297" sentence="13" t_id="298">at</token>
<token number="298" sentence="13" t_id="299">the</token>
<token number="299" sentence="13" t_id="300">event</token>
<token number="300" sentence="13" t_id="301">,</token>
<token number="301" sentence="13" t_id="302">bringing</token>
<token number="302" sentence="13" t_id="303">it</token>
<token number="303" sentence="13" t_id="304">to</token>
<token number="304" sentence="13" t_id="305">version</token>
<token number="305" sentence="13" t_id="306">5</token>
<token number="306" sentence="13" t_id="307">.</token>
<token number="307" sentence="14" t_id="308">Along</token>
<token number="308" sentence="14" t_id="309">with</token>
<token number="309" sentence="14" t_id="310">a</token>
<token number="310" sentence="14" t_id="311">new</token>
<token number="311" sentence="14" t_id="312">look</token>
<token number="312" sentence="14" t_id="313">,</token>
<token number="313" sentence="14" t_id="314">it</token>
<token number="314" sentence="14" t_id="315">also</token>
<token number="315" sentence="14" t_id="316">features</token>
<token number="316" sentence="14" t_id="317">a</token>
<token number="317" sentence="14" t_id="318">customizable</token>
<token number="318" sentence="14" t_id="319">randomization</token>
<token number="319" sentence="14" t_id="320">,</token>
<token number="320" sentence="14" t_id="321">improved</token>
<token number="321" sentence="14" t_id="322">search</token>
<token number="322" sentence="14" t_id="323">for</token>
<token number="323" sentence="14" t_id="324">the</token>
<token number="324" sentence="14" t_id="325">Library</token>
<token number="325" sentence="14" t_id="326">and</token>
<token number="326" sentence="14" t_id="327">Music</token>
<token number="327" sentence="14" t_id="328">Store</token>
<token number="328" sentence="14" t_id="329">,</token>
<token number="329" sentence="14" t_id="330">and</token>
<token number="330" sentence="14" t_id="331">greater</token>
<token number="331" sentence="14" t_id="332">parental</token>
<token number="332" sentence="14" t_id="333">controls</token>
<token number="333" sentence="14" t_id="334">on</token>
<token number="334" sentence="14" t_id="335">songs</token>
<token number="335" sentence="14" t_id="336">with</token>
<token number="336" sentence="14" t_id="337">explicit</token>
<token number="337" sentence="14" t_id="338">lyrics</token>
<token number="338" sentence="14" t_id="339">in</token>
<token number="339" sentence="14" t_id="340">the</token>
<token number="340" sentence="14" t_id="341">iTunes</token>
<token number="341" sentence="14" t_id="342">Music</token>
<token number="342" sentence="14" t_id="343">Store</token>
<token number="343" sentence="14" t_id="344">as</token>
<token number="344" sentence="14" t_id="345">well</token>
<token number="345" sentence="14" t_id="346">as</token>
<token number="346" sentence="14" t_id="347">controlling</token>
<token number="347" sentence="14" t_id="348">content</token>
<token number="348" sentence="14" t_id="349">of</token>
<token number="349" sentence="14" t_id="350">Podcasts</token>
<token number="350" sentence="14" t_id="351">.</token>
<Markables>
<ENTITY_MENTION comment="" head="family" m_id="1" syntactic_type="NOM">
<token_anchor t_id="98"/>
<token_anchor t_id="99"/>
<token_anchor t_id="100"/>
</ENTITY_MENTION>
<ENTITY_MENTION comment="" head="memory" m_id="2" syntactic_type="NOM">
<token_anchor t_id="103"/>
<token_anchor t_id="104"/>
</ENTITY_MENTION>
<ENTITY_MENTION comment="" head="" m_id="3" syntactic_type="NAM">
<token_anchor t_id="108"/>
</ENTITY_MENTION>
<ENTITY_MENTION comment="" head="" m_id="4" syntactic_type="NAM">
<token_anchor t_id="9"/>
</ENTITY_MENTION>
<ENTITY_MENTION comment="" head="addition" m_id="5" syntactic_type="NOM">
<token_anchor t_id="12"/>
<token_anchor t_id="13"/>
<token_anchor t_id="14"/>
<token_anchor t_id="15"/>
<token_anchor t_id="16"/>
<token_anchor t_id="17"/>
<token_anchor t_id="18"/>
</ENTITY_MENTION>
<ENTITY_MENTION comment="" head="" m_id="6" syntactic_type="NAM">
<token_anchor t_id="1"/>
</ENTITY_MENTION>
<ENTITY_MENTION comment="" head="" m_id="7" syntactic_type="PRO">
<token_anchor t_id="12"/>
</ENTITY_MENTION>
<ENTITY_MENTION comment="" head="" m_id="8" syntactic_type="NAM">
<token_anchor t_id="3"/>
<token_anchor t_id="4"/>
</ENTITY_MENTION>
<ENTITY_MENTION comment="" head="" m_id="9" syntactic_type="NAM">
<token_anchor t_id="20"/>
<token_anchor t_id="21"/>
<token_anchor t_id="22"/>
</ENTITY_MENTION>
<ENTITY_MENTION comment="" head="" m_id="10" syntactic_type="APP">
<token_anchor t_id="12"/>
<token_anchor t_id="13"/>
<token_anchor t_id="14"/>
<token_anchor t_id="15"/>
<token_anchor t_id="16"/>
<token_anchor t_id="17"/>
<token_anchor t_id="18"/>
<token_anchor t_id="19"/>
<token_anchor t_id="20"/>
<token_anchor t_id="21"/>
<token_anchor t_id="22"/>
</ENTITY_MENTION>
<ENTITY_MENTION comment="" head="" m_id="11" syntactic_type="NAM">
<token_anchor t_id="35"/>
</ENTITY_MENTION>
<ENTITY_MENTION comment="" head="" m_id="12" syntactic_type="NAM">
<token_anchor t_id="39"/>
<token_anchor t_id="40"/>
<token_anchor t_id="41"/>
<token_anchor t_id="42"/>
<token_anchor t_id="43"/>
<token_anchor t_id="44"/>
<token_anchor t_id="45"/>
<token_anchor t_id="46"/>
</ENTITY_MENTION>
<ENTITY_MENTION comment="" head="line" m_id="13" syntactic_type="NOM">
<token_anchor t_id="16"/>
<token_anchor t_id="17"/>
<token_anchor t_id="18"/>
</ENTITY_MENTION>
<ENTITY_MENTION comment="" head="" m_id="14" syntactic_type="NAM">
<token_anchor t_id="45"/>
<token_anchor t_id="46"/>
</ENTITY_MENTION>
<ENTITY_MENTION comment="" head="" m_id="15" syntactic_type="NAM">
<token_anchor t_id="48"/>
<token_anchor t_id="49"/>
<token_anchor t_id="50"/>
</ENTITY_MENTION>
<ENTITY_MENTION comment="" head="" m_id="16" syntactic_type="HLS">
<token_anchor t_id="75"/>
</ENTITY_MENTION>
<ENTITY_MENTION comment="" head="songs" m_id="17" syntactic_type="NOM">
<token_anchor t_id="77"/>
<token_anchor t_id="78"/>
</ENTITY_MENTION>
<ENTITY_MENTION comment="" head="" m_id="18" syntactic_type="CONJ">
<token_anchor t_id="75"/>
<token_anchor t_id="76"/>
<token_anchor t_id="77"/>
<token_anchor t_id="78"/>
</ENTITY_MENTION>
<ENTITY_MENTION comment="" head="" m_id="19" syntactic_type="NAM">
<token_anchor t_id="90"/>
<token_anchor t_id="91"/>
<token_anchor t_id="92"/>
</ENTITY_MENTION>
<ENTITY_MENTION comment="" head="model" m_id="20" syntactic_type="NOM">
<token_anchor t_id="94"/>
<token_anchor t_id="95"/>
<token_anchor t_id="96"/>
<token_anchor t_id="97"/>
<token_anchor t_id="98"/>
<token_anchor t_id="99"/>
<token_anchor t_id="100"/>
<token_anchor t_id="101"/>
<token_anchor t_id="102"/>
<token_anchor t_id="103"/>
<token_anchor t_id="104"/>
</ENTITY_MENTION>
<EVENT_MENTION aspect="NONE" certainty="CERTAIN" comment="" m_id="29" modality="" polarity="POS" pos="VERB" pred="be" special_cases="GEN" tense="PRESENT" time="NON_FUTURE">
<token_anchor t_id="93"/>
</EVENT_MENTION>
<EVENT_MENTION aspect="NONE" certainty="CERTAIN" comment="" m_id="30" modality="" polarity="POS" pos="VERB" pred="utilize" special_cases="NONE" tense="INFINITIVE" time="UNDERSPECIFIED">
<token_anchor t_id="102"/>
</EVENT_MENTION>
<EVENT_MENTION aspect="NONE" certainty="CERTAIN" comment="" m_id="31" modality="" polarity="POS" pos="VERB" pred="introduce" special_cases="NONE" tense="PAST" time="NON_FUTURE">
<token_anchor t_id="110"/>
</EVENT_MENTION>
<EVENT_MENTION aspect="NONE" certainty="CERTAIN" comment="" m_id="32" modality="" polarity="POS" pos="VERB" pred="host" special_cases="NONE" tense="PASTPART" time="NON_FUTURE">
<token_anchor t_id="33"/>
</EVENT_MENTION>
<EVENT_MENTION aspect="NONE" certainty="CERTAIN" comment="" m_id="33" modality="" polarity="POS" pos="NOUN" pred="announcement" special_cases="NONE" tense="NONE" time="NON_FUTURE">
<token_anchor t_id="25"/>
</EVENT_MENTION>
<EVENT_MENTION aspect="" certainty="" comment="" m_id="71" modality="" polarity="" pos="" pred="" special_cases="NONE" tense="" time="">
<token_anchor t_id="51"/>
<token_anchor t_id="81"/>
</EVENT_MENTION>
<EVENT_MENTION aspect="NONE" certainty="CERTAIN" comment="" m_id="21" modality="" polarity="POS" pos="VERB" pred="unveil" special_cases="NONE" tense="PRESENT" time="NON_FUTURE">
<token_anchor t_id="2"/>
</EVENT_MENTION>
<EVENT_MENTION aspect="NONE" certainty="CERTAIN" comment="" m_id="22" modality="" polarity="POS" pos="VERB" pred="unveil" special_cases="NONE" tense="PAST" time="NON_FUTURE">
<token_anchor t_id="11"/>
</EVENT_MENTION>
<EVENT_MENTION aspect="NONE" certainty="CERTAIN" comment="" m_id="23" modality="" polarity="POS" pos="VERB" pred="come" special_cases="NONE" tense="PAST" time="NON_FUTURE">
<token_anchor t_id="26"/>
</EVENT_MENTION>
<EVENT_MENTION aspect="NONE" certainty="CERTAIN" comment="" m_id="24" modality="" polarity="POS" pos="NOUN" pred="event" special_cases="NONE" tense="NONE" time="NON_FUTURE">
<token_anchor t_id="32"/>
</EVENT_MENTION>
<EVENT_MENTION aspect="NONE" certainty="CERTAIN" comment="" m_id="25" modality="" polarity="POS" pos="VERB" pred="hold" special_cases="NONE" tense="PASTPART" time="NON_FUTURE">
<token_anchor t_id="37"/>
</EVENT_MENTION>
<EVENT_MENTION aspect="NONE" certainty="CERTAIN" comment="" m_id="26" modality="" polarity="POS" pos="VERB" pred="come" special_cases="GEN" tense="PRESENT" time="NON_FUTURE">
<token_anchor t_id="51"/>
</EVENT_MENTION>
<EVENT_MENTION aspect="NONE" certainty="CERTAIN" comment="" m_id="27" modality="" polarity="POS" pos="VERB" pred="hold" special_cases="NONE" tense="PRESPART" time="FUTURE">
<token_anchor t_id="74"/>
</EVENT_MENTION>
<EVENT_MENTION aspect="NONE" certainty="CERTAIN" comment="" m_id="28" modality="" polarity="POS" pos="VERB" pred="cost" special_cases="NONE" tense="FUTURE" time="FUTURE">
<token_anchor t_id="81"/>
</EVENT_MENTION>
<SIGNAL comment="" m_id="34">
<token_anchor t_id="106"/>
</SIGNAL>
<SIGNAL comment="" m_id="35">
<token_anchor t_id="111"/>
</SIGNAL>
<TIMEX3 anchorTimeID="" beginPoint="" comment="" endPoint="" functionInDocument="CREATION_TIME" m_id="36" type="DATE" value="2005-09-07">
<token_anchor t_id="5"/>
<token_anchor t_id="6"/>
<token_anchor t_id="7"/>
<token_anchor t_id="8"/>
</TIMEX3>
<TIMEX3 anchorTimeID="36" beginPoint="" comment="" endPoint="" functionInDocument="NONE" m_id="37" type="DATE" value="2005-09-07">
<token_anchor t_id="10"/>
</TIMEX3>
<TIMEX3 anchorTimeID="36" beginPoint="" comment="" endPoint="" functionInDocument="NONE" m_id="38" type="DATE" value="2005-09-07">
<token_anchor t_id="27"/>
</TIMEX3>
<TIMEX3 anchorTimeID="36" beginPoint="" comment="" endPoint="" functionInDocument="NONE" m_id="39" type="DATE" value="2005-01">
<token_anchor t_id="112"/>
</TIMEX3>
<VALUE comment="" m_id="40" type="QUANTITY">
<token_anchor t_id="67"/>
</VALUE>
<VALUE comment="" m_id="41" type="QUANTITY">
<token_anchor t_id="70"/>
</VALUE>
<VALUE comment="" m_id="42" type="QUANTITY">
<token_anchor t_id="75"/>
</VALUE>
<VALUE comment="" m_id="43" type="QUANTITY">
<token_anchor t_id="77"/>
</VALUE>
<VALUE comment="" m_id="44" type="MONEY">
<token_anchor t_id="82"/>
<token_anchor t_id="83"/>
</VALUE>
<VALUE comment="" m_id="45" type="MONEY">
<token_anchor t_id="85"/>
<token_anchor t_id="86"/>
<token_anchor t_id="87"/>
</VALUE>
<VALUE comment="" m_id="46" type="QUANTITY">
<token_anchor t_id="53"/>
</VALUE>
<VALUE comment="" m_id="47" type="QUANTITY">
<token_anchor t_id="63"/>
</VALUE>
<EVENT TAG_DESCRIPTOR="announcement" class="OTHER" comment="" external_ref="" m_id="51"/>
<EVENT TAG_DESCRIPTOR="unveiled" class="OTHER" comment="" external_ref="" m_id="52"/>
<EVENT TAG_DESCRIPTOR="came" class="OTHER" comment="" external_ref="" m_id="58"/>
<EVENT TAG_DESCRIPTOR="music event" class="OTHER" comment="" external_ref="" m_id="59"/>
<EVENT TAG_DESCRIPTOR="hosted" class="OTHER" comment="" external_ref="" m_id="60"/>
<EVENT TAG_DESCRIPTOR="comes" class="OTHER" comment="" external_ref="" m_id="61"/>
<EVENT TAG_DESCRIPTOR="holding" class="OTHER" comment="" external_ref="" m_id="62"/>
<EVENT TAG_DESCRIPTOR="cost" class="OTHER" comment="" external_ref="" m_id="63"/>
<EVENT TAG_DESCRIPTOR="is" class="OTHER" comment="" external_ref="" m_id="64"/>
<EVENT TAG_DESCRIPTOR="utilize" class="OTHER" comment="" external_ref="" m_id="65"/>
<EVENT TAG_DESCRIPTOR="introduced" class="OTHER" comment="" external_ref="" m_id="66"/>
<EVENT TAG_DESCRIPTOR="held" class="OTHER" comment="" external_ref="" m_id="67"/>
<EVENT TAG_DESCRIPTOR="unveils" class="OTHER" comment="" external_ref="" m_id="69"/>
<EVENT TAG_DESCRIPTOR="comes and cost" class="OTHER" comment="" external_ref="" m_id="72"/>
<ENTITY TAG_DESCRIPTOR="flash memory" ent_type="PRO" external_ref="http://dbpedia.org/resource/Flash_memory" instance_id="PRO46917026560160878" m_id="99"/>
<ENTITY TAG_DESCRIPTOR="1000 songs" ent_type="PRO" instance_id="PRO56089407071601687" m_id="100"/><ENTITY TAG_DESCRIPTOR="MWCC" ent_type="LOC" external_ref="http://dbpedia.org/resource/Moscone_Center" instance_id="LOC46916036707383716" m_id="101"/>
<ENTITY TAG_DESCRIPTOR="500 songs" ent_type="PRO" instance_id="PRO56089437928481843" m_id="102"/><ENTITY TAG_DESCRIPTOR="500 and 1000 songs" ent_type="PRO" instance_id="PRO56089460691995227" m_id="103"/>
<ENTITY TAG_DESCRIPTOR="San Francisco" ent_type="LOC" external_ref="http://dbpedia.org/resource/San_Francisco" instance_id="LOC44511261974483951" m_id="104"/><ENTITY TAG_DESCRIPTOR="APPLE" ent_type="ORG" external_ref="http://dbpedia.org/resource/Apple_Inc." instance_id="ORG19274271187160719" m_id="105"/>
<ENTITY TAG_DESCRIPTOR="IPOD NANO" ent_type="PRO" external_ref="http://dbpedia.org/resource/IPod_Nano" instance_id="PRO19274272740361516" m_id="106"/><ENTITY TAG_DESCRIPTOR="iPod line" ent_type="PRO" external_ref="http://dbpedia.org/resource/List_of_iPod_models" instance_id="PRO46916967184271290" m_id="107"/>
<ENTITY TAG_DESCRIPTOR="iPod Shuffle" ent_type="PRO" external_ref="http://dbpedia.org/resource/IPod_Shuffle" instance_id="PRO46916173123226542" m_id="108"/>







</Markables>
<Relations>












<HAS_PARTICIPANT comment="" r_id="360757" sem_role="Arg0" sem_role_framework="PROPBANK">
<source m_id="22"/>
<target m_id="4"/>
</HAS_PARTICIPANT>
<HAS_PARTICIPANT comment="" r_id="360758" sem_role="Arg1" sem_role_framework="PROPBANK">
<source m_id="22"/>
<target m_id="10"/>
</HAS_PARTICIPANT>
<HAS_PARTICIPANT comment="" r_id="360759" sem_role="Arg0" sem_role_framework="PROPBANK">
<source m_id="32"/>
<target m_id="11"/>
</HAS_PARTICIPANT>
<HAS_PARTICIPANT comment="" r_id="360760" sem_role="Argm-LOC" sem_role_framework="PROPBANK">
<source m_id="25"/>
<target m_id="12"/>
</HAS_PARTICIPANT>
<HAS_PARTICIPANT comment="" r_id="360761" sem_role="Arg1" sem_role_framework="PROPBANK">
<source m_id="27"/>
<target m_id="18"/>
</HAS_PARTICIPANT>
<HAS_PARTICIPANT comment="" r_id="360762" sem_role="Arg1" sem_role_framework="PROPBANK">
<source m_id="26"/>
<target m_id="15"/>
</HAS_PARTICIPANT>
<HAS_PARTICIPANT comment="" r_id="360763" sem_role="Arg0" sem_role_framework="PROPBANK">
<source m_id="27"/>
<target m_id="15"/>
</HAS_PARTICIPANT>
<HAS_PARTICIPANT comment="" r_id="360764" sem_role="Arg1" sem_role_framework="PROPBANK">
<source m_id="28"/>
<target m_id="44"/>
</HAS_PARTICIPANT>
<HAS_PARTICIPANT comment="" r_id="360765" sem_role="Arg0" sem_role_framework="PROPBANK">
<source m_id="28"/>
<target m_id="15"/>
</HAS_PARTICIPANT>
<HAS_PARTICIPANT comment="" r_id="360766" sem_role="Arg1" sem_role_framework="PROPBANK">
<source m_id="28"/>
<target m_id="45"/>
</HAS_PARTICIPANT>
<HAS_PARTICIPANT comment="" r_id="360767" sem_role="Arg1" sem_role_framework="PROPBANK">
<source m_id="29"/>
<target m_id="19"/>
</HAS_PARTICIPANT>
<HAS_PARTICIPANT comment="" r_id="360768" sem_role="Arg2" sem_role_framework="PROPBANK">
<source m_id="29"/>
<target m_id="20"/>
</HAS_PARTICIPANT>
<HAS_PARTICIPANT comment="" r_id="360769" sem_role="Arg0" sem_role_framework="PROPBANK">
<source m_id="30"/>
<target m_id="20"/>
</HAS_PARTICIPANT>
<HAS_PARTICIPANT comment="" r_id="360770" sem_role="Arg1" sem_role_framework="PROPBANK">
<source m_id="30"/>
<target m_id="2"/>
</HAS_PARTICIPANT>
<HAS_PARTICIPANT comment="" r_id="360771" sem_role="Arg1" sem_role_framework="PROPBANK">
<source m_id="31"/>
<target m_id="3"/>
</HAS_PARTICIPANT>
<TLINK comment="" r_id="360772" reltype="IS_INCLUDED" signalID="">
<source m_id="22"/>
<target m_id="36"/>
</TLINK>
<TLINK comment="" r_id="360773" reltype="INCLUDES" signalID="">
<source m_id="26"/>
<target m_id="36"/>
</TLINK>
<TLINK comment="" r_id="360774" reltype="IS_INCLUDED" signalID="">
<source m_id="23"/>
<target m_id="26"/>
</TLINK>
<TLINK comment="" r_id="360775" reltype="SIMULTANEOUS" signalID="">
<source m_id="22"/>
<target m_id="23"/>
</TLINK>
<TLINK comment="" r_id="360776" reltype="IS_INCLUDED" signalID="">
<source m_id="29"/>
<target m_id="36"/>
</TLINK>
<TLINK comment="" r_id="360777" reltype="IS_INCLUDED" signalID="">
<source m_id="25"/>
<target m_id="36"/>
</TLINK>
<TLINK comment="" r_id="360778" reltype="IS_INCLUDED" signalID="">
<source m_id="23"/>
<target m_id="36"/>
</TLINK>
<TLINK comment="" r_id="360779" reltype="SIMULTANEOUS" signalID="">
<source m_id="26"/>
<target m_id="29"/>
</TLINK>
<TLINK comment="" r_id="360780" reltype="AFTER" signalID="34">
<source m_id="29"/>
<target m_id="31"/>
</TLINK>
<TLINK comment="" r_id="360781" reltype="BEFORE" signalID="">
<source m_id="26"/>
<target m_id="28"/>
</TLINK>
<TLINK comment="" r_id="360782" reltype="SIMULTANEOUS" signalID="">
<source m_id="23"/>
<target m_id="25"/>
</TLINK>
<TLINK comment="" r_id="360783" reltype="IS_INCLUDED" signalID="">
<source m_id="22"/>
<target m_id="37"/>
</TLINK>
<TLINK comment="" r_id="360784" reltype="IS_INCLUDED" signalID="35">
<source m_id="23"/>
<target m_id="28"/>
</TLINK>
<TLINK comment="" r_id="360785" reltype="IS_INCLUDED" signalID="">
<source m_id="31"/>
<target m_id="39"/>
</TLINK>

<HAS_PARTICIPANT comment="" r_id="360789" sem_role="Arg0" sem_role_framework="PROPBANK">
<source m_id="21"/>
<target m_id="6"/>
</HAS_PARTICIPANT>
<HAS_PARTICIPANT comment="" r_id="360790" sem_role="Arg1" sem_role_framework="PROPBANK">
<source m_id="21"/>
<target m_id="8"/>
</HAS_PARTICIPANT>












<REFERS_TO r_id="366574">
<source m_id="32"/>
<target m_id="60"/>
</REFERS_TO>
<REFERS_TO r_id="366575">
<source m_id="26"/>
<target m_id="61"/>
</REFERS_TO>
<REFERS_TO r_id="366576">
<source m_id="27"/>
<target m_id="62"/>
</REFERS_TO>
<REFERS_TO r_id="366577">
<source m_id="28"/>
<target m_id="63"/>
</REFERS_TO>
<REFERS_TO r_id="366578">
<source m_id="29"/>
<target m_id="64"/>
</REFERS_TO>
<REFERS_TO r_id="366579">
<source m_id="30"/>
<target m_id="65"/>
</REFERS_TO>
<REFERS_TO r_id="366580">
<source m_id="31"/>
<target m_id="66"/>
</REFERS_TO>
<REFERS_TO r_id="366581">
<source m_id="25"/>
<target m_id="67"/>
</REFERS_TO>
<REFERS_TO r_id="366582">
<source m_id="21"/>
<target m_id="69"/>
</REFERS_TO>

<REFERS_TO r_id="366584">
<source m_id="2"/>
<target m_id="99"/>
</REFERS_TO>
<REFERS_TO r_id="366585">
<source m_id="3"/>
<target m_id="108"/>
</REFERS_TO>
<REFERS_TO r_id="366586">
<source m_id="71"/>
<target m_id="72"/>
</REFERS_TO>
<REFERS_TO r_id="366587">
<source m_id="16"/>
<target m_id="102"/>
</REFERS_TO>
<REFERS_TO r_id="366588">
<source m_id="18"/>
<target m_id="103"/>
</REFERS_TO>
<REFERS_TO r_id="366589">
<source m_id="17"/>
<target m_id="100"/>
</REFERS_TO>
<REFERS_TO r_id="366590">
<source m_id="12"/>
<target m_id="101"/>
</REFERS_TO>
<REFERS_TO r_id="366591">
<source m_id="5"/>
<source m_id="8"/>
<source m_id="9"/>
<source m_id="10"/>
<source m_id="15"/>
<source m_id="19"/>
<source m_id="20"/>
<target m_id="106"/>
</REFERS_TO>
<REFERS_TO r_id="366592">
<source m_id="1"/>
<source m_id="13"/>
<target m_id="107"/>
</REFERS_TO>
<REFERS_TO r_id="366593">
<source m_id="14"/>
<target m_id="104"/>
</REFERS_TO>
<REFERS_TO r_id="366594">
<source m_id="4"/>
<source m_id="6"/>
<source m_id="7"/>
<source m_id="11"/>
<target m_id="105"/>
</REFERS_TO>
<REFERS_TO r_id="366595">
<source m_id="24"/>
<target m_id="59"/>
</REFERS_TO>
<REFERS_TO r_id="366596">
<source m_id="23"/>
<target m_id="58"/>
</REFERS_TO>
<REFERS_TO r_id="366597">
<source m_id="33"/>
<target m_id="51"/>
</REFERS_TO>

<REFERS_TO r_id="366599">
<source m_id="22"/>
<target m_id="52"/>
</REFERS_TO>
</Relations>
</Document>