<?xml version="1.0" ?><Document doc_id="23468" doc_name="23468_Apple_plans_another_special_event" lang="en" url="http://en.wikinews.org/wiki/Apple_plans_another_special_event">
<token number="0" sentence="0" t_id="1">Apple</token>
<token number="1" sentence="0" t_id="2">plans</token>
<token number="2" sentence="0" t_id="3">another</token>
<token number="3" sentence="0" t_id="4">special</token>
<token number="4" sentence="0" t_id="5">event</token>
<token number="5" sentence="1" t_id="6">October</token>
<token number="6" sentence="1" t_id="7">04</token>
<token number="7" sentence="1" t_id="8">,</token>
<token number="8" sentence="1" t_id="9">2005</token>
<token number="9" sentence="2" t_id="10">Within</token>
<token number="10" sentence="2" t_id="11">one</token>
<token number="11" sentence="2" t_id="12">month</token>
<token number="12" sentence="2" t_id="13">of</token>
<token number="13" sentence="2" t_id="14">the</token>
<token number="14" sentence="2" t_id="15">iPod</token>
<token number="15" sentence="2" t_id="16">nano</token>
<token number="16" sentence="2" t_id="17">and</token>
<token number="17" sentence="2" t_id="18">iTunes</token>
<token number="18" sentence="2" t_id="19">phone</token>
<token number="19" sentence="2" t_id="20">special</token>
<token number="20" sentence="2" t_id="21">event</token>
<token number="21" sentence="2" t_id="22">,</token>
<token number="22" sentence="2" t_id="23">Apple</token>
<token number="23" sentence="2" t_id="24">Computer</token>
<token number="24" sentence="2" t_id="25">announced</token>
<token number="25" sentence="2" t_id="26">today</token>
<token number="26" sentence="2" t_id="27">another</token>
<token number="27" sentence="2" t_id="28">special</token>
<token number="28" sentence="2" t_id="29">event</token>
<token number="29" sentence="2" t_id="30">to</token>
<token number="30" sentence="2" t_id="31">be</token>
<token number="31" sentence="2" t_id="32">held</token>
<token number="32" sentence="2" t_id="33">on</token>
<token number="33" sentence="2" t_id="34">October</token>
<token number="34" sentence="2" t_id="35">12</token>
<token number="35" sentence="2" t_id="36">.</token>
<token number="36" sentence="3" t_id="37">It</token>
<token number="37" sentence="3" t_id="38">is</token>
<token number="38" sentence="3" t_id="39">to</token>
<token number="39" sentence="3" t_id="40">be</token>
<token number="40" sentence="3" t_id="41">held</token>
<token number="41" sentence="3" t_id="42">at</token>
<token number="42" sentence="3" t_id="43">the</token>
<token number="43" sentence="3" t_id="44">California</token>
<token number="44" sentence="3" t_id="45">Theater</token>
<token number="45" sentence="3" t_id="46">in</token>
<token number="46" sentence="3" t_id="47">downtown</token>
<token number="47" sentence="3" t_id="48">San</token>
<token number="48" sentence="3" t_id="49">Jose</token>
<token number="49" sentence="3" t_id="50">,</token>
<token number="50" sentence="3" t_id="51">California</token>
<token number="51" sentence="3" t_id="52">.</token>
<token number="52" sentence="4" t_id="53">The</token>
<token number="53" sentence="4" t_id="54">invitation</token>
<token number="54" sentence="4" t_id="55">reads</token>
<token number="55" sentence="4" t_id="56">,</token>
<token number="56" sentence="4" t_id="57">``</token>
<token number="57" sentence="4" t_id="58">One</token>
<token number="58" sentence="4" t_id="59">more</token>
<token number="59" sentence="4" t_id="60">thing</token>
<token number="60" sentence="4" t_id="61">...</token>
<token number="61" sentence="4" t_id="62">''</token>
<token number="62" sentence="4" t_id="63">,</token>
<token number="63" sentence="4" t_id="64">the</token>
<token number="64" sentence="4" t_id="65">teasing</token>
<token number="65" sentence="4" t_id="66">tagline</token>
<token number="66" sentence="4" t_id="67">of</token>
<token number="67" sentence="4" t_id="68">Steve</token>
<token number="68" sentence="4" t_id="69">Jobs</token>
<token number="69" sentence="4" t_id="70">.</token>
<token number="70" sentence="5" t_id="71">The</token>
<token number="71" sentence="5" t_id="72">words</token>
<token number="72" sentence="5" t_id="73">were</token>
<token number="73" sentence="5" t_id="74">atop</token>
<token number="74" sentence="5" t_id="75">a</token>
<token number="75" sentence="5" t_id="76">picture</token>
<token number="76" sentence="5" t_id="77">of</token>
<token number="77" sentence="5" t_id="78">closed</token>
<token number="78" sentence="5" t_id="79">theater</token>
<token number="79" sentence="5" t_id="80">curtains</token>
<token number="80" sentence="5" t_id="81">.</token>
<token number="81" sentence="6" t_id="82">Recently</token>
<token number="82" sentence="6" t_id="83">Apple</token>
<token number="83" sentence="6" t_id="84">has</token>
<token number="84" sentence="6" t_id="85">been</token>
<token number="85" sentence="6" t_id="86">gaining</token>
<token number="86" sentence="6" t_id="87">rights</token>
<token number="87" sentence="6" t_id="88">to</token>
<token number="88" sentence="6" t_id="89">sell</token>
<token number="89" sentence="6" t_id="90">music</token>
<token number="90" sentence="6" t_id="91">videos</token>
<token number="91" sentence="6" t_id="92">from</token>
<token number="92" sentence="6" t_id="93">record</token>
<token number="93" sentence="6" t_id="94">labels</token>
<token number="94" sentence="6" t_id="95">.</token>
<token number="95" sentence="7" t_id="96">This</token>
<token number="96" sentence="7" t_id="97">has</token>
<token number="97" sentence="7" t_id="98">increased</token>
<token number="98" sentence="7" t_id="99">rumors</token>
<token number="99" sentence="7" t_id="100">of</token>
<token number="100" sentence="7" t_id="101">a</token>
<token number="101" sentence="7" t_id="102">video</token>
<token number="102" sentence="7" t_id="103">iPod</token>
<token number="103" sentence="7" t_id="104">(</token>
<token number="104" sentence="7" t_id="105">vPod</token>
<token number="105" sentence="7" t_id="106">)</token>
<token number="106" sentence="7" t_id="107">along</token>
<token number="107" sentence="7" t_id="108">with</token>
<token number="108" sentence="7" t_id="109">this</token>
<token number="109" sentence="7" t_id="110">event</token>
<token number="110" sentence="7" t_id="111">.</token>
<token number="111" sentence="8" t_id="112">AppleInsider</token>
<token number="112" sentence="8" t_id="113">is</token>
<token number="113" sentence="8" t_id="114">claiming</token>
<token number="114" sentence="8" t_id="115">that</token>
<token number="115" sentence="8" t_id="116">there</token>
<token number="116" sentence="8" t_id="117">are</token>
<token number="117" sentence="8" t_id="118">sources</token>
<token number="118" sentence="8" t_id="119">that</token>
<token number="119" sentence="8" t_id="120">have</token>
<token number="120" sentence="8" t_id="121">seen</token>
<token number="121" sentence="8" t_id="122">the</token>
<token number="122" sentence="8" t_id="123">new</token>
<token number="123" sentence="8" t_id="124">iPod</token>
<token number="124" sentence="8" t_id="125">.</token>
<token number="125" sentence="9" t_id="126">Alongside</token>
<token number="126" sentence="9" t_id="127">this</token>
<token number="127" sentence="9" t_id="128">rumor</token>
<token number="128" sentence="9" t_id="129">,</token>
<token number="129" sentence="9" t_id="130">AppleInsider</token>
<token number="130" sentence="9" t_id="131">claims</token>
<token number="131" sentence="9" t_id="132">to</token>
<token number="132" sentence="9" t_id="133">have</token>
<token number="133" sentence="9" t_id="134">seen</token>
<token number="134" sentence="9" t_id="135">a</token>
<token number="135" sentence="9" t_id="136">wireless</token>
<token number="136" sentence="9" t_id="137">device</token>
<token number="137" sentence="9" t_id="138">similar</token>
<token number="138" sentence="9" t_id="139">to</token>
<token number="139" sentence="9" t_id="140">Apple</token>
<token number="140" sentence="9" t_id="141">'s</token>
<token number="141" sentence="9" t_id="142">Airport</token>
<token number="142" sentence="9" t_id="143">Express</token>
<token number="143" sentence="9" t_id="144">that</token>
<token number="144" sentence="9" t_id="145">supports</token>
<token number="145" sentence="9" t_id="146">video</token>
<token number="146" sentence="9" t_id="147">.</token>
<token number="147" sentence="10" t_id="148">Other</token>
<token number="148" sentence="10" t_id="149">rumors</token>
<token number="149" sentence="10" t_id="150">for</token>
<token number="150" sentence="10" t_id="151">this</token>
<token number="151" sentence="10" t_id="152">event</token>
<token number="152" sentence="10" t_id="153">include</token>
<token number="153" sentence="10" t_id="154">a</token>
<token number="154" sentence="10" t_id="155">major</token>
<token number="155" sentence="10" t_id="156">iTunes</token>
<token number="156" sentence="10" t_id="157">Music</token>
<token number="157" sentence="10" t_id="158">Store</token>
<token number="158" sentence="10" t_id="159">update</token>
<token number="159" sentence="10" t_id="160">and</token>
<token number="160" sentence="10" t_id="161">a</token>
<token number="161" sentence="10" t_id="162">Macintosh</token>
<token number="162" sentence="10" t_id="163">with</token>
<token number="163" sentence="10" t_id="164">a</token>
<token number="164" sentence="10" t_id="165">Intel</token>
<token number="165" sentence="10" t_id="166">processor</token>
<token number="166" sentence="10" t_id="167">.</token>
<Markables>
<ENTITY_MENTION comment="" head="picture" m_id="1" syntactic_type="NOM">
<token_anchor t_id="75"/>
<token_anchor t_id="76"/>
<token_anchor t_id="77"/>
<token_anchor t_id="78"/>
<token_anchor t_id="79"/>
<token_anchor t_id="80"/>
</ENTITY_MENTION>
<ENTITY_MENTION comment="" head="" m_id="2" syntactic_type="PRE.NAM">
<token_anchor t_id="15"/>
<token_anchor t_id="16"/>
</ENTITY_MENTION>
<ENTITY_MENTION comment="" head="" m_id="3" syntactic_type="PRE.NAM">
<token_anchor t_id="18"/>
<token_anchor t_id="19"/>
</ENTITY_MENTION>
<ENTITY_MENTION comment="" head="" m_id="4" syntactic_type="CONJ">
<token_anchor t_id="15"/>
<token_anchor t_id="16"/>
<token_anchor t_id="17"/>
<token_anchor t_id="18"/>
<token_anchor t_id="19"/>
</ENTITY_MENTION>
<ENTITY_MENTION comment="" head="" m_id="5" syntactic_type="NAM">
<token_anchor t_id="1"/>
</ENTITY_MENTION>
<ENTITY_MENTION comment="" head="" m_id="6" syntactic_type="NAM">
<token_anchor t_id="23"/>
<token_anchor t_id="24"/>
</ENTITY_MENTION>
<ENTITY_MENTION comment="" head="California Theater" m_id="7" syntactic_type="NAM">
<token_anchor t_id="43"/>
<token_anchor t_id="44"/>
<token_anchor t_id="45"/>
<token_anchor t_id="46"/>
<token_anchor t_id="47"/>
<token_anchor t_id="48"/>
<token_anchor t_id="49"/>
<token_anchor t_id="50"/>
<token_anchor t_id="51"/>
</ENTITY_MENTION>
<ENTITY_MENTION comment="" head="" m_id="8" syntactic_type="NAM">
<token_anchor t_id="51"/>
</ENTITY_MENTION>
<ENTITY_MENTION comment="" head="" m_id="9" syntactic_type="NAM">
<token_anchor t_id="47"/>
<token_anchor t_id="48"/>
<token_anchor t_id="49"/>
<token_anchor t_id="50"/>
<token_anchor t_id="51"/>
</ENTITY_MENTION>
<ENTITY_MENTION comment="" head="invitation" m_id="10" syntactic_type="NOM">
<token_anchor t_id="53"/>
<token_anchor t_id="54"/>
</ENTITY_MENTION>
<ENTITY_MENTION comment="" head="" m_id="11" syntactic_type="NAM">
<token_anchor t_id="68"/>
<token_anchor t_id="69"/>
</ENTITY_MENTION>
<EVENT_MENTION aspect="NONE" certainty="CERTAIN" comment="" m_id="13" modality="" polarity="POS" pos="NOUN" pred="event" special_cases="NONE" tense="NONE" time="NON_FUTURE">
<token_anchor t_id="21"/>
</EVENT_MENTION>
<EVENT_MENTION aspect="NONE" certainty="CERTAIN" comment="" m_id="14" modality="" polarity="POS" pos="VERB" pred="announce" special_cases="NONE" tense="PAST" time="NON_FUTURE">
<token_anchor t_id="25"/>
</EVENT_MENTION>
<EVENT_MENTION aspect="NONE" certainty="CERTAIN" comment="" m_id="15" modality="" polarity="POS" pos="NOUN" pred="event" special_cases="NONE" tense="NONE" time="FUTURE">
<token_anchor t_id="29"/>
</EVENT_MENTION>
<EVENT_MENTION aspect="NONE" certainty="CERTAIN" comment="" m_id="16" modality="" polarity="POS" pos="VERB" pred="hold" special_cases="NONE" tense="INFINITIVE" time="FUTURE">
<token_anchor t_id="32"/>
</EVENT_MENTION>
<EVENT_MENTION aspect="NONE" certainty="CERTAIN" comment="" m_id="17" modality="" polarity="POS" pos="OTHER" pred="it" special_cases="NONE" tense="NONE" time="FUTURE">
<token_anchor t_id="37"/>
</EVENT_MENTION>
<EVENT_MENTION aspect="" certainty="CERTAIN" comment="" m_id="18" modality="" polarity="POS" pos="" pred="" special_cases="NONE" tense="" time="FUTURE">
<token_anchor t_id="41"/>
</EVENT_MENTION>
<EVENT_MENTION aspect="NONE" certainty="CERTAIN" comment="" m_id="19" modality="" polarity="POS" pos="VERB" pred="read" special_cases="NONE" tense="PRESENT" time="NON_FUTURE">
<token_anchor t_id="55"/>
</EVENT_MENTION>
<EVENT_MENTION aspect="NONE" certainty="CERTAIN" comment="" m_id="20" modality="" polarity="POS" pos="VERB" pred="be" special_cases="NONE" tense="PAST" time="NON_FUTURE">
<token_anchor t_id="73"/>
</EVENT_MENTION>
<EVENT_MENTION aspect="NONE" certainty="CERTAIN" comment="" m_id="21" modality="" polarity="POS" pos="VERB" pred="plan" special_cases="NONE" tense="PRESENT" time="NON_FUTURE">
<token_anchor t_id="2"/>
</EVENT_MENTION>
<EVENT_MENTION aspect="NONE" certainty="CERTAIN" comment="" m_id="22" modality="" polarity="POS" pos="NOUN" pred="event" special_cases="NONE" tense="NONE" time="FUTURE">
<token_anchor t_id="5"/>
</EVENT_MENTION>
<SIGNAL comment="" m_id="23">
<token_anchor t_id="10"/>
</SIGNAL>
<SIGNAL comment="" m_id="24">
<token_anchor t_id="33"/>
</SIGNAL>
<TIMEX3 anchorTimeID="" beginPoint="" comment="" endPoint="" functionInDocument="CREATION_TIME" m_id="25" type="DATE" value="2005-10-04">
<token_anchor t_id="6"/>
<token_anchor t_id="7"/>
<token_anchor t_id="8"/>
<token_anchor t_id="9"/>
</TIMEX3>
<TIMEX3 anchorTimeID="" beginPoint="" comment="" endPoint="" functionInDocument="NONE" m_id="26" type="DURATION" value="P1M">
<token_anchor t_id="11"/>
<token_anchor t_id="12"/>
</TIMEX3>
<TIMEX3 anchorTimeID="25" beginPoint="" comment="" endPoint="" functionInDocument="NONE" m_id="27" type="DATE" value="2005-10-04">
<token_anchor t_id="26"/>
</TIMEX3>
<TIMEX3 anchorTimeID="" beginPoint="" comment="" endPoint="" functionInDocument="NONE" m_id="28" type="DATE" value="2005-10-12">
<token_anchor t_id="34"/>
<token_anchor t_id="35"/>
</TIMEX3>
<EVENT TAG_DESCRIPTOR="be" class="GRAMMATICAL" comment="" external_ref="" m_id="37"/>
<EVENT TAG_DESCRIPTOR="read" class="OTHER" comment="" external_ref="" m_id="38"/>
<EVENT TAG_DESCRIPTOR="hold" class="GRAMMATICAL" comment="" external_ref="" m_id="39"/>
<EVENT TAG_DESCRIPTOR="another special event" class="OTHER" comment="" external_ref="" m_id="40"/>
<EVENT TAG_DESCRIPTOR="announce" class="SPEECH_COGNITIVE" comment="" external_ref="" m_id="41"/>
<EVENT TAG_DESCRIPTOR="iPod and iTunes event" class="OTHER" comment="" external_ref="" m_id="42"/>
<EVENT TAG_DESCRIPTOR="plan" class="OTHER" comment="" external_ref="" m_id="46"/>
<ENTITY TAG_DESCRIPTOR="Steve Jobs" ent_type="PER" external_ref="http://dbpedia.org/resource/Steve_Jobs " instance_id="PER19274271332322852" m_id="53"/>
<ENTITY TAG_DESCRIPTOR="California Theater" ent_type="PRO" instance_id="PRO56086237151281630" m_id="61"/><ENTITY TAG_DESCRIPTOR="California, US" ent_type="LOC" external_ref="http://dbpedia.org/resource/California" instance_id="LOC27743511041274864" m_id="62"/>
<ENTITY TAG_DESCRIPTOR="IPOD NANO" ent_type="PRO" external_ref="http://dbpedia.org/resource/IPod_Nano" instance_id="PRO19274272740361516" m_id="63"/><ENTITY TAG_DESCRIPTOR="picture of closed theater cutains" ent_type="PRO" instance_id="PRO56086383404421074" m_id="64"/>
<ENTITY TAG_DESCRIPTOR="APPLE" ent_type="ORG" external_ref="http://dbpedia.org/resource/Apple_Inc." instance_id="ORG19274271187160719" m_id="65"/><ENTITY TAG_DESCRIPTOR="invitation" ent_type="PRO" instance_id="PRO56086322032460794" m_id="66"/>
<ENTITY TAG_DESCRIPTOR="iTunes phone" ent_type="PRO" instance_id="PRO55739424832388836" m_id="67"/><ENTITY TAG_DESCRIPTOR="iPod Nano and iTunes phone" ent_type="PRO" instance_id="PRO55739851457142340" m_id="68"/>
<ENTITY TAG_DESCRIPTOR="San Jose, California" ent_type="LOC" external_ref="http://dbpedia.org/resource/San_Jose,_California" instance_id="LOC46995716452946714" m_id="69"/>


</Markables>
<Relations>
<HAS_PARTICIPANT comment="" r_id="360791" sem_role="Arg0" sem_role_framework="PROPBANK">
<source m_id="14"/>
<target m_id="6"/>
</HAS_PARTICIPANT>
<SLINK comment="" r_id="360792">
<source m_id="14"/>
<target m_id="16"/>
</SLINK>
<HAS_PARTICIPANT comment="" r_id="360793" sem_role="Argm-LOC" sem_role_framework="PROPBANK">
<source m_id="18"/>
<target m_id="7"/>
</HAS_PARTICIPANT>
<HAS_PARTICIPANT comment="" r_id="360794" sem_role="Argm-LOC" sem_role_framework="PROPBANK">
<source m_id="18"/>
<target m_id="9"/>
</HAS_PARTICIPANT>
<HAS_PARTICIPANT comment="" r_id="360795" sem_role="Arg3" sem_role_framework="PROPBANK">
<source m_id="19"/>
<target m_id="10"/>
</HAS_PARTICIPANT>
<HAS_PARTICIPANT comment="" r_id="360796" sem_role="Argm-OTHER" sem_role_framework="PROPBANK">
<source m_id="20"/>
<target m_id="1"/>
</HAS_PARTICIPANT>
<TLINK comment="" r_id="360798" reltype="IS_INCLUDED" signalID="">
<source m_id="14"/>
<target m_id="25"/>
</TLINK>
<TLINK comment="" r_id="360799" reltype="IS_INCLUDED" signalID="">
<source m_id="19"/>
<target m_id="25"/>
</TLINK>
<TLINK comment="" r_id="360800" reltype="IS_INCLUDED" signalID="">
<source m_id="20"/>
<target m_id="25"/>
</TLINK>
<TLINK comment="" r_id="360801" reltype="SIMULTANEOUS" signalID="">
<source m_id="14"/>
<target m_id="19"/>
</TLINK>
<TLINK comment="" r_id="360802" reltype="SIMULTANEOUS" signalID="">
<source m_id="19"/>
<target m_id="20"/>
</TLINK>
<TLINK comment="" r_id="360803" reltype="BEFORE" signalID="">
<source m_id="14"/>
<target m_id="16"/>
</TLINK>
<TLINK comment="" r_id="360804" reltype="BEFORE" signalID="23">
<source m_id="13"/>
<target m_id="26"/>
</TLINK>
<TLINK comment="" r_id="360805" reltype="IS_INCLUDED" signalID="">
<source m_id="14"/>
<target m_id="27"/>
</TLINK>
<TLINK comment="" r_id="360806" reltype="IS_INCLUDED" signalID="24">
<source m_id="16"/>
<target m_id="28"/>
</TLINK>






<GLINK comment="" r_id="360821">
<source m_id="16"/>
<target m_id="15"/>
</GLINK>
<GLINK comment="" r_id="360822">
<source m_id="18"/>
<target m_id="17"/>
</GLINK>

<HAS_PARTICIPANT comment="" r_id="360827" sem_role="Arg0" sem_role_framework="PROPBANK">
<source m_id="21"/>
<target m_id="5"/>
</HAS_PARTICIPANT>
<TLINK comment="" r_id="366566" reltype="BEFORE" signalID="">
<source m_id="25"/>
<target m_id="18"/>
</TLINK>











<REFERS_TO r_id="366578">
<source m_id="16"/>
<source m_id="18"/>
<target m_id="39"/>
</REFERS_TO>
<REFERS_TO r_id="366579">
<source m_id="19"/>
<target m_id="38"/>
</REFERS_TO>
<REFERS_TO r_id="366580">
<source m_id="21"/>
<target m_id="46"/>
</REFERS_TO>
<REFERS_TO r_id="366581">
<source m_id="13"/>
<source m_id="22"/>
<target m_id="42"/>
</REFERS_TO>
<REFERS_TO r_id="366582">
<source m_id="20"/>
<target m_id="37"/>
</REFERS_TO>
<REFERS_TO r_id="366583">
<source m_id="15"/>
<source m_id="17"/>
<target m_id="40"/>
</REFERS_TO>
<REFERS_TO r_id="366584">
<source m_id="14"/>
<target m_id="41"/>
</REFERS_TO>
<REFERS_TO r_id="366585">
<source m_id="7"/>
<target m_id="61"/>
</REFERS_TO>
<REFERS_TO r_id="366586">
<source m_id="8"/>
<target m_id="62"/>
</REFERS_TO>
<REFERS_TO r_id="366587">
<source m_id="2"/>
<target m_id="63"/>
</REFERS_TO>
<REFERS_TO r_id="366588">
<source m_id="1"/>
<target m_id="64"/>
</REFERS_TO>
<REFERS_TO r_id="366589">
<source m_id="11"/>
<target m_id="53"/>
</REFERS_TO>
<REFERS_TO r_id="366590">
<source m_id="10"/>
<target m_id="66"/>
</REFERS_TO>
<REFERS_TO r_id="366591">
<source m_id="3"/>
<target m_id="67"/>
</REFERS_TO>
<REFERS_TO r_id="366592">
<source m_id="4"/>
<target m_id="68"/>
</REFERS_TO>
<REFERS_TO r_id="366593">
<source m_id="9"/>
<target m_id="69"/>
</REFERS_TO>


<REFERS_TO r_id="366596">
<source m_id="5"/>
<source m_id="6"/>
<target m_id="65"/>
</REFERS_TO>
</Relations>
</Document>