<?xml version="1.0" ?><Document doc_id="238039" doc_name="238039_Apple_Inc_CEO_Steve" lang="en" url="http://en.wikinews.org/wiki/Apple_Inc._CEO_Steve_Jobs_on_medical_leave">
<token number="0" sentence="0" t_id="1">Apple</token>
<token number="1" sentence="0" t_id="2">Inc.</token>
<token number="2" sentence="0" t_id="3">CEO</token>
<token number="3" sentence="0" t_id="4">Steve</token>
<token number="4" sentence="0" t_id="5">Jobs</token>
<token number="5" sentence="0" t_id="6">on</token>
<token number="6" sentence="0" t_id="7">medical</token>
<token number="7" sentence="0" t_id="8">leave</token>
<token number="8" sentence="1" t_id="9">January</token>
<token number="9" sentence="1" t_id="10">17</token>
<token number="10" sentence="1" t_id="11">,</token>
<token number="11" sentence="1" t_id="12">2011</token>
<token number="12" sentence="2" t_id="13">Steve</token>
<token number="13" sentence="2" t_id="14">Jobs</token>
<token number="14" sentence="2" t_id="15">,</token>
<token number="15" sentence="2" t_id="16">the</token>
<token number="16" sentence="2" t_id="17">chief</token>
<token number="17" sentence="2" t_id="18">executive</token>
<token number="18" sentence="2" t_id="19">officer</token>
<token number="19" sentence="2" t_id="20">of</token>
<token number="20" sentence="2" t_id="21">Apple</token>
<token number="21" sentence="2" t_id="22">Inc.,</token>
<token number="22" sentence="2" t_id="23">announced</token>
<token number="23" sentence="2" t_id="24">Monday</token>
<token number="24" sentence="2" t_id="25">in</token>
<token number="25" sentence="2" t_id="26">an</token>
<token number="26" sentence="2" t_id="27">internal</token>
<token number="27" sentence="2" t_id="28">memo</token>
<token number="28" sentence="2" t_id="29">that</token>
<token number="29" sentence="2" t_id="30">he</token>
<token number="30" sentence="2" t_id="31">would</token>
<token number="31" sentence="2" t_id="32">be</token>
<token number="32" sentence="2" t_id="33">on</token>
<token number="33" sentence="2" t_id="34">medical</token>
<token number="34" sentence="2" t_id="35">leave</token>
<token number="35" sentence="2" t_id="36">for</token>
<token number="36" sentence="2" t_id="37">an</token>
<token number="37" sentence="2" t_id="38">undetermined</token>
<token number="38" sentence="2" t_id="39">period</token>
<token number="39" sentence="2" t_id="40">of</token>
<token number="40" sentence="2" t_id="41">time</token>
<token number="41" sentence="2" t_id="42">.</token>
<token number="42" sentence="3" t_id="43">The</token>
<token number="43" sentence="3" t_id="44">statement</token>
<token number="44" sentence="3" t_id="45">caused</token>
<token number="45" sentence="3" t_id="46">a</token>
<token number="46" sentence="3" t_id="47">sharp</token>
<token number="47" sentence="3" t_id="48">decrease</token>
<token number="48" sentence="3" t_id="49">of</token>
<token number="49" sentence="3" t_id="50">Apple</token>
<token number="50" sentence="3" t_id="51">share</token>
<token number="51" sentence="3" t_id="52">prices</token>
<token number="52" sentence="3" t_id="53">in</token>
<token number="53" sentence="3" t_id="54">foreign</token>
<token number="54" sentence="3" t_id="55">markets</token>
<token number="55" sentence="3" t_id="56">,</token>
<token number="56" sentence="3" t_id="57">while</token>
<token number="57" sentence="3" t_id="58">US</token>
<token number="58" sentence="3" t_id="59">markets</token>
<token number="59" sentence="3" t_id="60">were</token>
<token number="60" sentence="3" t_id="61">closed</token>
<token number="61" sentence="3" t_id="62">in</token>
<token number="62" sentence="3" t_id="63">honor</token>
<token number="63" sentence="3" t_id="64">of</token>
<token number="64" sentence="3" t_id="65">Martin</token>
<token number="65" sentence="3" t_id="66">Luther</token>
<token number="66" sentence="3" t_id="67">King</token>
<token number="67" sentence="3" t_id="68">.</token>
<token number="68" sentence="4" t_id="69">Monday</token>
<token number="69" sentence="4" t_id="70">'s</token>
<token number="70" sentence="4" t_id="71">email</token>
<token number="71" sentence="4" t_id="72">announcement</token>
<token number="72" sentence="4" t_id="73">marked</token>
<token number="73" sentence="4" t_id="74">the</token>
<token number="74" sentence="4" t_id="75">third</token>
<token number="75" sentence="4" t_id="76">time</token>
<token number="76" sentence="4" t_id="77">in</token>
<token number="77" sentence="4" t_id="78">the</token>
<token number="78" sentence="4" t_id="79">past</token>
<token number="79" sentence="4" t_id="80">decade</token>
<token number="80" sentence="4" t_id="81">that</token>
<token number="81" sentence="4" t_id="82">Jobs</token>
<token number="82" sentence="4" t_id="83">,</token>
<token number="83" sentence="4" t_id="84">aged</token>
<token number="84" sentence="4" t_id="85">55</token>
<token number="85" sentence="4" t_id="86">,</token>
<token number="86" sentence="4" t_id="87">has</token>
<token number="87" sentence="4" t_id="88">taken</token>
<token number="88" sentence="4" t_id="89">medical</token>
<token number="89" sentence="4" t_id="90">leave</token>
<token number="90" sentence="4" t_id="91">.</token>
<token number="91" sentence="5" t_id="92">He</token>
<token number="92" sentence="5" t_id="93">fought</token>
<token number="93" sentence="5" t_id="94">pancreatic</token>
<token number="94" sentence="5" t_id="95">cancer</token>
<token number="95" sentence="5" t_id="96">in</token>
<token number="96" sentence="5" t_id="97">2004</token>
<token number="97" sentence="5" t_id="98">and</token>
<token number="98" sentence="5" t_id="99">took</token>
<token number="99" sentence="5" t_id="100">six</token>
<token number="100" sentence="5" t_id="101">months</token>
<token number="101" sentence="5" t_id="102">off</token>
<token number="102" sentence="5" t_id="103">in</token>
<token number="103" sentence="5" t_id="104">early</token>
<token number="104" sentence="5" t_id="105">2009</token>
<token number="105" sentence="5" t_id="106">,</token>
<token number="106" sentence="5" t_id="107">later</token>
<token number="107" sentence="5" t_id="108">revealing</token>
<token number="108" sentence="5" t_id="109">he</token>
<token number="109" sentence="5" t_id="110">had</token>
<token number="110" sentence="5" t_id="111">undergone</token>
<token number="111" sentence="5" t_id="112">a</token>
<token number="112" sentence="5" t_id="113">liver</token>
<token number="113" sentence="5" t_id="114">transplant</token>
<token number="114" sentence="5" t_id="115">.</token>
<token number="115" sentence="6" t_id="116">Jobs</token>
<token number="116" sentence="6" t_id="117">has</token>
<token number="117" sentence="6" t_id="118">not</token>
<token number="118" sentence="6" t_id="119">yet</token>
<token number="119" sentence="6" t_id="120">mentioned</token>
<token number="120" sentence="6" t_id="121">what</token>
<token number="121" sentence="6" t_id="122">prompted</token>
<token number="122" sentence="6" t_id="123">his</token>
<token number="123" sentence="6" t_id="124">decision</token>
<token number="124" sentence="6" t_id="125">this</token>
<token number="125" sentence="6" t_id="126">time</token>
<token number="126" sentence="6" t_id="127">around</token>
<token number="127" sentence="6" t_id="128">,</token>
<token number="128" sentence="6" t_id="129">but</token>
<token number="129" sentence="6" t_id="130">said</token>
<token number="130" sentence="6" t_id="131">he</token>
<token number="131" sentence="6" t_id="132">will</token>
<token number="132" sentence="6" t_id="133">still</token>
<token number="133" sentence="6" t_id="134">be</token>
<token number="134" sentence="6" t_id="135">the</token>
<token number="135" sentence="6" t_id="136">company</token>
<token number="136" sentence="6" t_id="137">'s</token>
<token number="137" sentence="6" t_id="138">CEO</token>
<token number="138" sentence="6" t_id="139">.</token>
<token number="139" sentence="7" t_id="140">He</token>
<token number="140" sentence="7" t_id="141">left</token>
<token number="141" sentence="7" t_id="142">current</token>
<token number="142" sentence="7" t_id="143">chief</token>
<token number="143" sentence="7" t_id="144">operating</token>
<token number="144" sentence="7" t_id="145">officer</token>
<token number="145" sentence="7" t_id="146">Timothy</token>
<token number="146" sentence="7" t_id="147">D.</token>
<token number="147" sentence="7" t_id="148">Cook</token>
<token number="148" sentence="7" t_id="149">in</token>
<token number="149" sentence="7" t_id="150">charge</token>
<token number="150" sentence="7" t_id="151">of</token>
<token number="151" sentence="7" t_id="152">day-to-day</token>
<token number="152" sentence="7" t_id="153">operations</token>
<token number="153" sentence="7" t_id="154">,</token>
<token number="154" sentence="7" t_id="155">the</token>
<token number="155" sentence="7" t_id="156">same</token>
<token number="156" sentence="7" t_id="157">move</token>
<token number="157" sentence="7" t_id="158">made</token>
<token number="158" sentence="7" t_id="159">in</token>
<token number="159" sentence="7" t_id="160">Jobs</token>
<token number="160" sentence="7" t_id="161">'</token>
<token number="161" sentence="7" t_id="162">last</token>
<token number="162" sentence="7" t_id="163">two</token>
<token number="163" sentence="7" t_id="164">absences</token>
<token number="164" sentence="7" t_id="165">.</token>
<token number="165" sentence="8" t_id="166">While</token>
<token number="166" sentence="8" t_id="167">no</token>
<token number="167" sentence="8" t_id="168">additional</token>
<token number="168" sentence="8" t_id="169">comment</token>
<token number="169" sentence="8" t_id="170">has</token>
<token number="170" sentence="8" t_id="171">been</token>
<token number="171" sentence="8" t_id="172">officially</token>
<token number="172" sentence="8" t_id="173">made</token>
<token number="173" sentence="8" t_id="174">by</token>
<token number="174" sentence="8" t_id="175">Apple</token>
<token number="175" sentence="8" t_id="176">,</token>
<token number="176" sentence="8" t_id="177">The</token>
<token number="177" sentence="8" t_id="178">New</token>
<token number="178" sentence="8" t_id="179">York</token>
<token number="179" sentence="8" t_id="180">Times</token>
<token number="180" sentence="8" t_id="181">reported</token>
<token number="181" sentence="8" t_id="182">that</token>
<token number="182" sentence="8" t_id="183">someone</token>
<token number="183" sentence="8" t_id="184">familiar</token>
<token number="184" sentence="8" t_id="185">with</token>
<token number="185" sentence="8" t_id="186">the</token>
<token number="186" sentence="8" t_id="187">situation</token>
<token number="187" sentence="8" t_id="188">said</token>
<token number="188" sentence="8" t_id="189">Jobs</token>
<token number="189" sentence="8" t_id="190">'s</token>
<token number="190" sentence="8" t_id="191">health</token>
<token number="191" sentence="8" t_id="192">has</token>
<token number="192" sentence="8" t_id="193">&quot;</token>
<token number="193" sentence="8" t_id="194">ups</token>
<token number="194" sentence="8" t_id="195">and</token>
<token number="195" sentence="8" t_id="196">downs</token>
<token number="196" sentence="8" t_id="197">&quot;</token>
<token number="197" sentence="8" t_id="198">due</token>
<token number="198" sentence="8" t_id="199">to</token>
<token number="199" sentence="8" t_id="200">problems</token>
<token number="200" sentence="8" t_id="201">with</token>
<token number="201" sentence="8" t_id="202">his</token>
<token number="202" sentence="8" t_id="203">immune</token>
<token number="203" sentence="8" t_id="204">system</token>
<token number="204" sentence="8" t_id="205">,</token>
<token number="205" sentence="8" t_id="206">problems</token>
<token number="206" sentence="8" t_id="207">frequently</token>
<token number="207" sentence="8" t_id="208">experienced</token>
<token number="208" sentence="8" t_id="209">by</token>
<token number="209" sentence="8" t_id="210">those</token>
<token number="210" sentence="8" t_id="211">who</token>
<token number="211" sentence="8" t_id="212">have</token>
<token number="212" sentence="8" t_id="213">had</token>
<token number="213" sentence="8" t_id="214">liver</token>
<token number="214" sentence="8" t_id="215">transplants</token>
<token number="215" sentence="8" t_id="216">.</token>
<token number="216" sentence="9" t_id="217">The</token>
<token number="217" sentence="9" t_id="218">insider</token>
<token number="218" sentence="9" t_id="219">,</token>
<token number="219" sentence="9" t_id="220">who</token>
<token number="220" sentence="9" t_id="221">asked</token>
<token number="221" sentence="9" t_id="222">to</token>
<token number="222" sentence="9" t_id="223">remain</token>
<token number="223" sentence="9" t_id="224">anonymous</token>
<token number="224" sentence="9" t_id="225">,</token>
<token number="225" sentence="9" t_id="226">said</token>
<token number="226" sentence="9" t_id="227">that</token>
<token number="227" sentence="9" t_id="228">,</token>
<token number="228" sentence="9" t_id="229">over</token>
<token number="229" sentence="9" t_id="230">the</token>
<token number="230" sentence="9" t_id="231">past</token>
<token number="231" sentence="9" t_id="232">few</token>
<token number="232" sentence="9" t_id="233">weeks</token>
<token number="233" sentence="9" t_id="234">,</token>
<token number="234" sentence="9" t_id="235">Jobs</token>
<token number="235" sentence="9" t_id="236">'</token>
<token number="236" sentence="9" t_id="237">health</token>
<token number="237" sentence="9" t_id="238">appeared</token>
<token number="238" sentence="9" t_id="239">to</token>
<token number="239" sentence="9" t_id="240">be</token>
<token number="240" sentence="9" t_id="241">deteriorating</token>
<token number="241" sentence="9" t_id="242">and</token>
<token number="242" sentence="9" t_id="243">that</token>
<token number="243" sentence="9" t_id="244">he</token>
<token number="244" sentence="9" t_id="245">was</token>
<token number="245" sentence="9" t_id="246">becoming</token>
<token number="246" sentence="9" t_id="247">thinner</token>
<token number="247" sentence="9" t_id="248">.</token>
<token number="248" sentence="10" t_id="249">Lewis</token>
<token number="249" sentence="10" t_id="250">W.</token>
<token number="250" sentence="10" t_id="251">Teperman</token>
<token number="251" sentence="10" t_id="252">,</token>
<token number="252" sentence="10" t_id="253">a</token>
<token number="253" sentence="10" t_id="254">doctor</token>
<token number="254" sentence="10" t_id="255">at</token>
<token number="255" sentence="10" t_id="256">New</token>
<token number="256" sentence="10" t_id="257">York</token>
<token number="257" sentence="10" t_id="258">University</token>
<token number="258" sentence="10" t_id="259">,</token>
<token number="259" sentence="10" t_id="260">said</token>
<token number="260" sentence="10" t_id="261">,</token>
<token number="261" sentence="10" t_id="262">&quot;</token>
<token number="262" sentence="10" t_id="263">It</token>
<token number="263" sentence="10" t_id="264">’</token>
<token number="264" sentence="10" t_id="265">s</token>
<token number="265" sentence="10" t_id="266">very</token>
<token number="266" sentence="10" t_id="267">common</token>
<token number="267" sentence="10" t_id="268">for</token>
<token number="268" sentence="10" t_id="269">transplant</token>
<token number="269" sentence="10" t_id="270">patients</token>
<token number="270" sentence="10" t_id="271">to</token>
<token number="271" sentence="10" t_id="272">have</token>
<token number="272" sentence="10" t_id="273">issues</token>
<token number="273" sentence="10" t_id="274">that</token>
<token number="274" sentence="10" t_id="275">are</token>
<token number="275" sentence="10" t_id="276">not</token>
<token number="276" sentence="10" t_id="277">life-threatening</token>
<token number="277" sentence="10" t_id="278">.</token>
<token number="278" sentence="10" t_id="279">&quot;</token>
<token number="279" sentence="11" t_id="280">On</token>
<token number="280" sentence="11" t_id="281">its</token>
<token number="281" sentence="11" t_id="282">website</token>
<token number="282" sentence="11" t_id="283">,</token>
<token number="283" sentence="11" t_id="284">Apple</token>
<token number="284" sentence="11" t_id="285">released</token>
<token number="285" sentence="11" t_id="286">the</token>
<token number="286" sentence="11" t_id="287">text</token>
<token number="287" sentence="11" t_id="288">of</token>
<token number="288" sentence="11" t_id="289">Jobs</token>
<token number="289" sentence="11" t_id="290">'s</token>
<token number="290" sentence="11" t_id="291">email</token>
<token number="291" sentence="11" t_id="292">,</token>
<token number="292" sentence="11" t_id="293">which</token>
<token number="293" sentence="11" t_id="294">reads</token>
<token number="294" sentence="11" t_id="295">:</token>
<token number="295" sentence="11" t_id="296">Team</token>
<token number="296" sentence="11" t_id="297">,</token>
<token number="297" sentence="11" t_id="298">At</token>
<token number="298" sentence="11" t_id="299">my</token>
<token number="299" sentence="11" t_id="300">request</token>
<token number="300" sentence="11" t_id="301">,</token>
<token number="301" sentence="11" t_id="302">the</token>
<token number="302" sentence="11" t_id="303">board</token>
<token number="303" sentence="11" t_id="304">of</token>
<token number="304" sentence="11" t_id="305">directors</token>
<token number="305" sentence="11" t_id="306">has</token>
<token number="306" sentence="11" t_id="307">granted</token>
<token number="307" sentence="11" t_id="308">me</token>
<token number="308" sentence="11" t_id="309">a</token>
<token number="309" sentence="11" t_id="310">medical</token>
<token number="310" sentence="11" t_id="311">leave</token>
<token number="311" sentence="11" t_id="312">of</token>
<token number="312" sentence="11" t_id="313">absence</token>
<token number="313" sentence="11" t_id="314">so</token>
<token number="314" sentence="11" t_id="315">I</token>
<token number="315" sentence="11" t_id="316">can</token>
<token number="316" sentence="11" t_id="317">focus</token>
<token number="317" sentence="11" t_id="318">on</token>
<token number="318" sentence="11" t_id="319">my</token>
<token number="319" sentence="11" t_id="320">health</token>
<token number="320" sentence="11" t_id="321">.</token>
<token number="321" sentence="12" t_id="322">I</token>
<token number="322" sentence="12" t_id="323">will</token>
<token number="323" sentence="12" t_id="324">continue</token>
<token number="324" sentence="12" t_id="325">as</token>
<token number="325" sentence="12" t_id="326">CEO</token>
<token number="326" sentence="12" t_id="327">and</token>
<token number="327" sentence="12" t_id="328">be</token>
<token number="328" sentence="12" t_id="329">involved</token>
<token number="329" sentence="12" t_id="330">in</token>
<token number="330" sentence="12" t_id="331">major</token>
<token number="331" sentence="12" t_id="332">strategic</token>
<token number="332" sentence="12" t_id="333">decisions</token>
<token number="333" sentence="12" t_id="334">for</token>
<token number="334" sentence="12" t_id="335">the</token>
<token number="335" sentence="12" t_id="336">company</token>
<token number="336" sentence="12" t_id="337">.</token>
<token number="337" sentence="13" t_id="338">I</token>
<token number="338" sentence="13" t_id="339">have</token>
<token number="339" sentence="13" t_id="340">asked</token>
<token number="340" sentence="13" t_id="341">Tim</token>
<token number="341" sentence="13" t_id="342">Cook</token>
<token number="342" sentence="13" t_id="343">to</token>
<token number="343" sentence="13" t_id="344">be</token>
<token number="344" sentence="13" t_id="345">responsible</token>
<token number="345" sentence="13" t_id="346">for</token>
<token number="346" sentence="13" t_id="347">all</token>
<token number="347" sentence="13" t_id="348">of</token>
<token number="348" sentence="13" t_id="349">Apple</token>
<token number="349" sentence="13" t_id="350">'s</token>
<token number="350" sentence="13" t_id="351">day</token>
<token number="351" sentence="13" t_id="352">to</token>
<token number="352" sentence="13" t_id="353">day</token>
<token number="353" sentence="13" t_id="354">operations</token>
<token number="354" sentence="13" t_id="355">.</token>
<token number="355" sentence="14" t_id="356">I</token>
<token number="356" sentence="14" t_id="357">have</token>
<token number="357" sentence="14" t_id="358">great</token>
<token number="358" sentence="14" t_id="359">confidence</token>
<token number="359" sentence="14" t_id="360">that</token>
<token number="360" sentence="14" t_id="361">Tim</token>
<token number="361" sentence="14" t_id="362">and</token>
<token number="362" sentence="14" t_id="363">the</token>
<token number="363" sentence="14" t_id="364">rest</token>
<token number="364" sentence="14" t_id="365">of</token>
<token number="365" sentence="14" t_id="366">the</token>
<token number="366" sentence="14" t_id="367">executive</token>
<token number="367" sentence="14" t_id="368">management</token>
<token number="368" sentence="14" t_id="369">team</token>
<token number="369" sentence="14" t_id="370">will</token>
<token number="370" sentence="14" t_id="371">do</token>
<token number="371" sentence="14" t_id="372">a</token>
<token number="372" sentence="14" t_id="373">terrific</token>
<token number="373" sentence="14" t_id="374">job</token>
<token number="374" sentence="14" t_id="375">executing</token>
<token number="375" sentence="14" t_id="376">the</token>
<token number="376" sentence="14" t_id="377">exciting</token>
<token number="377" sentence="14" t_id="378">plans</token>
<token number="378" sentence="14" t_id="379">we</token>
<token number="379" sentence="14" t_id="380">have</token>
<token number="380" sentence="14" t_id="381">in</token>
<token number="381" sentence="14" t_id="382">place</token>
<token number="382" sentence="14" t_id="383">for</token>
<token number="383" sentence="14" t_id="384">2011</token>
<token number="384" sentence="14" t_id="385">.</token>
<token number="385" sentence="15" t_id="386">I</token>
<token number="386" sentence="15" t_id="387">love</token>
<token number="387" sentence="15" t_id="388">Apple</token>
<token number="388" sentence="15" t_id="389">so</token>
<token number="389" sentence="15" t_id="390">much</token>
<token number="390" sentence="15" t_id="391">and</token>
<token number="391" sentence="15" t_id="392">hope</token>
<token number="392" sentence="15" t_id="393">to</token>
<token number="393" sentence="15" t_id="394">be</token>
<token number="394" sentence="15" t_id="395">back</token>
<token number="395" sentence="15" t_id="396">as</token>
<token number="396" sentence="15" t_id="397">soon</token>
<token number="397" sentence="15" t_id="398">as</token>
<token number="398" sentence="15" t_id="399">I</token>
<token number="399" sentence="15" t_id="400">can</token>
<token number="400" sentence="15" t_id="401">.</token>
<token number="401" sentence="16" t_id="402">In</token>
<token number="402" sentence="16" t_id="403">the</token>
<token number="403" sentence="16" t_id="404">meantime</token>
<token number="404" sentence="16" t_id="405">,</token>
<token number="405" sentence="16" t_id="406">my</token>
<token number="406" sentence="16" t_id="407">family</token>
<token number="407" sentence="16" t_id="408">and</token>
<token number="408" sentence="16" t_id="409">I</token>
<token number="409" sentence="16" t_id="410">would</token>
<token number="410" sentence="16" t_id="411">deeply</token>
<token number="411" sentence="16" t_id="412">appreciate</token>
<token number="412" sentence="16" t_id="413">respect</token>
<token number="413" sentence="16" t_id="414">for</token>
<token number="414" sentence="16" t_id="415">our</token>
<token number="415" sentence="16" t_id="416">privacy</token>
<token number="416" sentence="16" t_id="417">.</token>
<Markables>
<ENTITY_MENTION comment="" head="" m_id="1" syntactic_type="PRO">
<token_anchor t_id="92"/>
</ENTITY_MENTION>
<ENTITY_MENTION comment="" head="" m_id="2" syntactic_type="APP">
<token_anchor t_id="13"/>
<token_anchor t_id="14"/>
<token_anchor t_id="15"/>
<token_anchor t_id="16"/>
<token_anchor t_id="17"/>
<token_anchor t_id="18"/>
<token_anchor t_id="19"/>
<token_anchor t_id="20"/>
<token_anchor t_id="21"/>
<token_anchor t_id="22"/>
</ENTITY_MENTION>
<ENTITY_MENTION comment="" head="" m_id="3" syntactic_type="PRO">
<token_anchor t_id="109"/>
</ENTITY_MENTION>
<ENTITY_MENTION comment="" head="" m_id="4" syntactic_type="NAM">
<token_anchor t_id="13"/>
<token_anchor t_id="14"/>
</ENTITY_MENTION>
<ENTITY_MENTION comment="" head="officer" m_id="5" syntactic_type="NOM">
<token_anchor t_id="16"/>
<token_anchor t_id="17"/>
<token_anchor t_id="18"/>
<token_anchor t_id="19"/>
<token_anchor t_id="20"/>
<token_anchor t_id="21"/>
<token_anchor t_id="22"/>
</ENTITY_MENTION>
<ENTITY_MENTION comment="" head="" m_id="6" syntactic_type="NAM">
<token_anchor t_id="21"/>
<token_anchor t_id="22"/>
</ENTITY_MENTION>
<ENTITY_MENTION comment="" head="" m_id="7" syntactic_type="PRO">
<token_anchor t_id="30"/>
</ENTITY_MENTION>
<ENTITY_MENTION comment="" head="" m_id="8" syntactic_type="PRE.NAM">
<token_anchor t_id="1"/>
<token_anchor t_id="2"/>
</ENTITY_MENTION>
<ENTITY_MENTION comment="" head="" m_id="9" syntactic_type="APP">
<token_anchor t_id="1"/>
<token_anchor t_id="2"/>
<token_anchor t_id="3"/>
<token_anchor t_id="4"/>
<token_anchor t_id="5"/>
</ENTITY_MENTION>
<ENTITY_MENTION comment="" head="memo" m_id="10" syntactic_type="NOM">
<token_anchor t_id="26"/>
<token_anchor t_id="27"/>
<token_anchor t_id="28"/>
</ENTITY_MENTION>
<ENTITY_MENTION comment="" head="" m_id="11" syntactic_type="NAM">
<token_anchor t_id="50"/>
</ENTITY_MENTION>
<ENTITY_MENTION comment="" head="markets" m_id="12" syntactic_type="NOM">
<token_anchor t_id="54"/>
<token_anchor t_id="55"/>
</ENTITY_MENTION>
<ENTITY_MENTION comment="" head="markets" m_id="13" syntactic_type="NOM">
<token_anchor t_id="58"/>
<token_anchor t_id="59"/>
</ENTITY_MENTION>
<ENTITY_MENTION comment="" head="" m_id="14" syntactic_type="PRE.NAM">
<token_anchor t_id="58"/>
</ENTITY_MENTION>
<ENTITY_MENTION comment="" head="email" m_id="15" syntactic_type="NOM">
<token_anchor t_id="71"/>
</ENTITY_MENTION>
<ENTITY_MENTION comment="" head="" m_id="16" syntactic_type="NAM">
<token_anchor t_id="82"/>
</ENTITY_MENTION>
<ENTITY_MENTION comment="" head="" m_id="17" syntactic_type="">
<token_anchor t_id="82"/>
<token_anchor t_id="83"/>
<token_anchor t_id="84"/>
<token_anchor t_id="85"/>
</ENTITY_MENTION>
<ENTITY_MENTION comment="" head="" m_id="18" syntactic_type="NAM">
<token_anchor t_id="65"/>
<token_anchor t_id="66"/>
<token_anchor t_id="67"/>
</ENTITY_MENTION>
<ENTITY_MENTION comment="" head="" m_id="72" syntactic_type="NAM">
<token_anchor t_id="4"/>
<token_anchor t_id="5"/>
</ENTITY_MENTION>
<ENTITY_MENTION comment="" head="" m_id="73" syntactic_type="NOM">
<token_anchor t_id="1"/>
<token_anchor t_id="2"/>
<token_anchor t_id="3"/>
</ENTITY_MENTION>
<ENTITY_MENTION comment="" head="prices" m_id="74" syntactic_type="NOM">
<token_anchor t_id="50"/>
<token_anchor t_id="51"/>
<token_anchor t_id="52"/>
</ENTITY_MENTION>
<EVENT_MENTION aspect="NONE" certainty="CERTAIN" comment="" m_id="29" modality="" polarity="POS" pos="NOUN" pred="transplant" special_cases="NONE" tense="NONE" time="NON_FUTURE">
<token_anchor t_id="114"/>
</EVENT_MENTION>
<EVENT_MENTION aspect="NONE" certainty="CERTAIN" comment="" m_id="30" modality="" polarity="POS" pos="VERB" pred="announce" special_cases="NONE" tense="PAST" time="NON_FUTURE">
<token_anchor t_id="23"/>
</EVENT_MENTION>
<EVENT_MENTION aspect="NONE" certainty="CERTAIN" comment="" m_id="31" modality="" polarity="POS" pos="NOUN" pred="leave" special_cases="NONE" tense="NONE" time="NON_FUTURE">
<token_anchor t_id="8"/>
</EVENT_MENTION>
<EVENT_MENTION aspect="NONE" certainty="CERTAIN" comment="" m_id="32" modality="would" polarity="POS" pos="VERB" pred="be" special_cases="NONE" tense="NONE" time="FUTURE">
<token_anchor t_id="32"/>
</EVENT_MENTION>
<EVENT_MENTION aspect="NONE" certainty="CERTAIN" comment="" m_id="33" modality="" polarity="POS" pos="NOUN" pred="leave" special_cases="NONE" tense="NONE" time="FUTURE">
<token_anchor t_id="35"/>
</EVENT_MENTION>
<EVENT_MENTION aspect="NONE" certainty="CERTAIN" comment="" m_id="34" modality="" polarity="POS" pos="NOUN" pred="statement" special_cases="NONE" tense="NONE" time="NON_FUTURE">
<token_anchor t_id="44"/>
</EVENT_MENTION>
<EVENT_MENTION aspect="NONE" certainty="CERTAIN" comment="" m_id="35" modality="" polarity="POS" pos="VERB" pred="cause" special_cases="NONE" tense="PAST" time="NON_FUTURE">
<token_anchor t_id="45"/>
</EVENT_MENTION>
<EVENT_MENTION aspect="NONE" certainty="CERTAIN" comment="" m_id="19" modality="" polarity="POS" pos="NOUN" pred="decrease" special_cases="NONE" tense="NONE" time="NON_FUTURE">
<token_anchor t_id="48"/>
</EVENT_MENTION>
<EVENT_MENTION aspect="NONE" certainty="CERTAIN" comment="" m_id="20" modality="" polarity="POS" pos="VERB" pred="close" special_cases="NONE" tense="PAST" time="NON_FUTURE">
<token_anchor t_id="61"/>
</EVENT_MENTION>
<EVENT_MENTION aspect="NONE" certainty="CERTAIN" comment="" m_id="21" modality="" polarity="POS" pos="NOUN" pred="announcement" special_cases="NONE" tense="NONE" time="NON_FUTURE">
<token_anchor t_id="72"/>
</EVENT_MENTION>
<EVENT_MENTION aspect="NONE" certainty="CERTAIN" comment="" m_id="22" modality="" polarity="POS" pos="VERB" pred="mark" special_cases="NONE" tense="PAST" time="NON_FUTURE">
<token_anchor t_id="73"/>
</EVENT_MENTION>
<EVENT_MENTION aspect="" certainty="CERTAIN" comment="" m_id="76" modality="" polarity="POS" pos="" pred="" special_cases="NONE" tense="" time="NON_FUTURE">
<token_anchor t_id="93"/>
<token_anchor t_id="99"/>
<token_anchor t_id="102"/>
</EVENT_MENTION>
<EVENT_MENTION aspect="PERFECTIVE" certainty="CERTAIN" comment="" m_id="23" modality="" polarity="POS" pos="VERB" pred="take" special_cases="NONE" tense="PRESENT" time="NON_FUTURE">
<token_anchor t_id="88"/>
</EVENT_MENTION>
<EVENT_MENTION aspect="NONE" certainty="CERTAIN" comment="" m_id="24" modality="" polarity="POS" pos="NOUN" pred="leave" special_cases="NONE" tense="NONE" time="NON_FUTURE">
<token_anchor t_id="90"/>
</EVENT_MENTION>
<EVENT_MENTION aspect="NONE" certainty="CERTAIN" comment="" m_id="25" modality="" polarity="POS" pos="VERB" pred="fight" special_cases="NONE" tense="PAST" time="NON_FUTURE">
<token_anchor t_id="93"/>
</EVENT_MENTION>
<EVENT_MENTION aspect="NONE" certainty="CERTAIN" comment="" m_id="26" modality="" polarity="POS" pos="VERB" pred="take off" special_cases="NONE" tense="PAST" time="NON_FUTURE">
<token_anchor t_id="99"/>
<token_anchor t_id="102"/>
</EVENT_MENTION>
<EVENT_MENTION aspect="NONE" certainty="CERTAIN" comment="" m_id="27" modality="" polarity="POS" pos="VERB" pred="reveal" special_cases="NONE" tense="PRESPART" time="NON_FUTURE">
<token_anchor t_id="108"/>
</EVENT_MENTION>
<EVENT_MENTION aspect="PERFECTIVE" certainty="CERTAIN" comment="" m_id="28" modality="" polarity="POS" pos="VERB" pred="undergo" special_cases="NONE" tense="PAST" time="NON_FUTURE">
<token_anchor t_id="111"/>
</EVENT_MENTION>
<SIGNAL comment="" m_id="36">
<token_anchor t_id="36"/>
</SIGNAL>
<SIGNAL comment="" m_id="37">
<token_anchor t_id="96"/>
</SIGNAL>
<SIGNAL comment="" m_id="38">
<token_anchor t_id="103"/>
</SIGNAL>
<SIGNAL comment="" m_id="39">
<token_anchor t_id="57"/>
</SIGNAL>
<SIGNAL comment="" m_id="40">
<token_anchor t_id="77"/>
</SIGNAL>
<TIMEX3 anchorTimeID="42" beginPoint="" comment="" endPoint="" functionInDocument="NONE" m_id="41" type="DATE" value="2011-01-17">
<token_anchor t_id="69"/>
</TIMEX3>
<TIMEX3 anchorTimeID="" beginPoint="" comment="" endPoint="" functionInDocument="CREATION_TIME" m_id="42" type="DATE" value="2011-01-17">
<token_anchor t_id="9"/>
<token_anchor t_id="10"/>
<token_anchor t_id="11"/>
<token_anchor t_id="12"/>
</TIMEX3>
<TIMEX3 anchorTimeID="" beginPoint="" comment="" endPoint="" functionInDocument="NONE" m_id="43" type="DATE" value="200">
<token_anchor t_id="78"/>
<token_anchor t_id="79"/>
<token_anchor t_id="80"/>
</TIMEX3>
<TIMEX3 anchorTimeID="42" beginPoint="" comment="" endPoint="" functionInDocument="NONE" m_id="44" type="DATE" value="2011-01-17">
<token_anchor t_id="24"/>
</TIMEX3>
<TIMEX3 anchorTimeID="" beginPoint="44" comment="" endPoint="" functionInDocument="NONE" m_id="45" type="DATE" value="PXD">
<token_anchor t_id="37"/>
<token_anchor t_id="38"/>
<token_anchor t_id="39"/>
<token_anchor t_id="40"/>
<token_anchor t_id="41"/>
</TIMEX3>
<TIMEX3 anchorTimeID="" beginPoint="" comment="" endPoint="" functionInDocument="NONE" m_id="46" type="DATE" value="2004">
<token_anchor t_id="97"/>
</TIMEX3>
<TIMEX3 anchorTimeID="" beginPoint="" comment="" endPoint="" functionInDocument="NONE" m_id="47" type="DURATION" value="P6M">
<token_anchor t_id="100"/>
<token_anchor t_id="101"/>
</TIMEX3>
<TIMEX3 anchorTimeID="" beginPoint="" comment="" endPoint="" functionInDocument="NONE" m_id="48" type="DATE" value="2009">
<token_anchor t_id="104"/>
<token_anchor t_id="105"/>
</TIMEX3>
<TIMEX3 anchorTimeID="" beginPoint="" comment="" endPoint="" functionInDocument="NONE" m_id="49" type="DATE" value="XXXX-XX-XX">
<token_anchor t_id="107"/>
</TIMEX3>
<VALUE comment="" m_id="50" type="QUANTITY">
<token_anchor t_id="85"/>
</VALUE>
<EVENT TAG_DESCRIPTOR="be" class="GRAMMATICAL" comment="" external_ref="" m_id="59"/>
<EVENT TAG_DESCRIPTOR="cause" class="GRAMMATICAL" comment="" external_ref="" m_id="61"/>
<EVENT TAG_DESCRIPTOR="decrease" class="OTHER" comment="" external_ref="" m_id="62"/>
<EVENT TAG_DESCRIPTOR="close" class="OTHER" comment="" external_ref="" m_id="63"/>
<EVENT TAG_DESCRIPTOR="mark" class="OTHER" comment="" external_ref="" m_id="64"/>
<EVENT TAG_DESCRIPTOR="take" class="GRAMMATICAL" comment="" external_ref="" m_id="65"/>
<EVENT TAG_DESCRIPTOR="transplant" class="OTHER" comment="" external_ref="" m_id="69"/>
<EVENT TAG_DESCRIPTOR="fought and took off" class="OTHER" comment="" external_ref="" m_id="77"/>
<EVENT TAG_DESCRIPTOR="medical leave-SE - (Steve Jobs)" class="OTHER" external_ref="leave.01" instance_id="OTH57369277312626415" m_id="150"/>
<EVENT TAG_DESCRIPTOR="announce-SE - Steve Jobs" class="SPEECH_COGNITIVE" external_ref="announce.01;announcement.01;statement.01" instance_id="SPE57472256847519140" m_id="151"/><EVENT TAG_DESCRIPTOR="reveal-SE - (Steve Jobs)" class="SPEECH_COGNITIVE" external_ref="reveal.01" instance_id="SPE57277888850169910" m_id="152"/>
<EVENT TAG_DESCRIPTOR="undergo-SE - (Steve Jobs)" class="OTHER" external_ref="undergo.01" instance_id="OTH57356631545414411" m_id="153"/><EVENT TAG_DESCRIPTOR="took off-SE - (Steve Jobs)" class="OTHER" external_ref="take.18" instance_id="OTH57356471535223902" m_id="154"/>
<EVENT TAG_DESCRIPTOR="fight-SE - (Steve Jobs)" class="OTHER" external_ref="fight.01" instance_id="OTH57301135384410360" m_id="155"/><ENTITY TAG_DESCRIPTOR="Steve Jobs" ent_type="PER" external_ref="http://dbpedia.org/resource/Steve_Jobs " instance_id="PER19274271332322852" m_id="156"/>
<ENTITY TAG_DESCRIPTOR="memo" ent_type="PRO" instance_id="PRO55723580676108497" m_id="157"/><ENTITY TAG_DESCRIPTOR="US stock markets" ent_type="FIN" instance_id="FIN39326930888384754" m_id="158"/>
<ENTITY TAG_DESCRIPTOR="United States of America " ent_type="LOC" external_ref="http://dbpedia.org/resource/United_States" instance_id="LOC27735327659249054" m_id="159"/><ENTITY TAG_DESCRIPTOR="Apple share prices" ent_type="FIN" instance_id="FIN47024731567885425" m_id="160"/>
<ENTITY TAG_DESCRIPTOR="APPLE" ent_type="ORG" external_ref="http://dbpedia.org/resource/Apple_Inc." instance_id="ORG19274271187160719" m_id="161"/><ENTITY TAG_DESCRIPTOR="Martin Luther King" ent_type="PER" external_ref="http://dbpedia.org/resource/Martin_Luther_King,_Jr." instance_id="PER47025249863400556" m_id="162"/>
<ENTITY TAG_DESCRIPTOR="email" ent_type="PRO" instance_id="PRO55723566862843944" m_id="163"/><ENTITY TAG_DESCRIPTOR="Worldwide stock markets" ent_type="FIN" external_ref="http://dbpedia.org/resource/Stock_market" instance_id="FIN40197049224228580" m_id="164"/>
































</Markables>
<Relations>
<HAS_PARTICIPANT comment="" r_id="362226" sem_role="Arg0" sem_role_framework="PROPBANK">
<source m_id="30"/>
<target m_id="2"/>
</HAS_PARTICIPANT>
<HAS_PARTICIPANT comment="" r_id="362227" sem_role="Argm-OTHER" sem_role_framework="PROPBANK">
<source m_id="30"/>
<target m_id="10"/>
</HAS_PARTICIPANT>
<HAS_PARTICIPANT comment="" r_id="362228" sem_role="Arg1" sem_role_framework="PROPBANK">
<source m_id="32"/>
<target m_id="7"/>
</HAS_PARTICIPANT>
<HAS_PARTICIPANT comment="" r_id="362229" sem_role="Arg0" sem_role_framework="PROPBANK">
<source m_id="33"/>
<target m_id="7"/>
</HAS_PARTICIPANT>
<GLINK comment="" r_id="362230">
<source m_id="32"/>
<target m_id="33"/>
</GLINK>
<SLINK comment="" r_id="362231">
<source m_id="30"/>
<target m_id="32"/>
</SLINK>
<HAS_PARTICIPANT comment="" r_id="362232" sem_role="Arg1" sem_role_framework="PROPBANK">
<source m_id="19"/>
<target m_id="11"/>
</HAS_PARTICIPANT>
<HAS_PARTICIPANT comment="" r_id="362233" sem_role="Argm-OTHER" sem_role_framework="PROPBANK">
<source m_id="19"/>
<target m_id="12"/>
</HAS_PARTICIPANT>
<HAS_PARTICIPANT comment="" r_id="362234" sem_role="Arg1" sem_role_framework="PROPBANK">
<source m_id="20"/>
<target m_id="13"/>
</HAS_PARTICIPANT>
<CLINK c-signalID="" comment="" r_id="362235">
<source m_id="34"/>
<target m_id="19"/>
</CLINK>
<GLINK r_id="362236">
<source m_id="35"/>
<target m_id="19"/>
</GLINK>
<HAS_PARTICIPANT comment="" r_id="362237" sem_role="Argm-OTHER" sem_role_framework="PROPBANK">
<source m_id="21"/>
<target m_id="15"/>
</HAS_PARTICIPANT>
<HAS_PARTICIPANT comment="" r_id="362238" sem_role="Arg0" sem_role_framework="PROPBANK">
<source m_id="23"/>
<target m_id="17"/>
</HAS_PARTICIPANT>
<HAS_PARTICIPANT comment="" r_id="362239" sem_role="Arg0" sem_role_framework="PROPBANK">
<source m_id="24"/>
<target m_id="17"/>
</HAS_PARTICIPANT>
<HAS_PARTICIPANT comment="" r_id="362240" sem_role="Arg0" sem_role_framework="PROPBANK">
<source m_id="25"/>
<target m_id="1"/>
</HAS_PARTICIPANT>
<HAS_PARTICIPANT comment="" r_id="362241" sem_role="Arg0" sem_role_framework="PROPBANK">
<source m_id="27"/>
<target m_id="1"/>
</HAS_PARTICIPANT>
<HAS_PARTICIPANT comment="" r_id="362242" sem_role="Arg1" sem_role_framework="PROPBANK">
<source m_id="28"/>
<target m_id="3"/>
</HAS_PARTICIPANT>
<SLINK comment="" r_id="362243">
<source m_id="27"/>
<target m_id="28"/>
</SLINK>
<TLINK comment="" r_id="362244" reltype="IS_INCLUDED" signalID="">
<source m_id="30"/>
<target m_id="42"/>
</TLINK>
<TLINK comment="" r_id="362245" reltype="BEFORE" signalID="">
<source m_id="32"/>
<target m_id="42"/>
</TLINK>
<TLINK comment="" r_id="362246" reltype="IS_INCLUDED" signalID="">
<source m_id="35"/>
<target m_id="42"/>
</TLINK>
<TLINK comment="" r_id="362247" reltype="IS_INCLUDED" signalID="">
<source m_id="20"/>
<target m_id="42"/>
</TLINK>
<TLINK comment="" r_id="362248" reltype="IS_INCLUDED" signalID="">
<source m_id="22"/>
<target m_id="42"/>
</TLINK>
<TLINK comment="" r_id="362249" reltype="BEFORE" signalID="">
<source m_id="23"/>
<target m_id="42"/>
</TLINK>
<TLINK comment="" r_id="362250" reltype="BEFORE" signalID="">
<source m_id="25"/>
<target m_id="42"/>
</TLINK>
<TLINK comment="" r_id="362251" reltype="BEFORE" signalID="">
<source m_id="26"/>
<target m_id="42"/>
</TLINK>
<TLINK comment="" r_id="362252" reltype="BEFORE" signalID="">
<source m_id="30"/>
<target m_id="35"/>
</TLINK>
<TLINK comment="" r_id="362253" reltype="SIMULTANEOUS" signalID="">
<source m_id="35"/>
<target m_id="22"/>
</TLINK>
<TLINK comment="" r_id="362254" reltype="AFTER" signalID="">
<source m_id="22"/>
<target m_id="25"/>
</TLINK>
<TLINK comment="" r_id="362255" reltype="BEFORE" signalID="">
<source m_id="30"/>
<target m_id="32"/>
</TLINK>
<TLINK comment="" r_id="362256" reltype="SIMULTANEOUS" signalID="39">
<source m_id="35"/>
<target m_id="20"/>
</TLINK>
<TLINK comment="" r_id="362257" reltype="BEFORE" signalID="">
<source m_id="25"/>
<target m_id="26"/>
</TLINK>
<TLINK comment="" r_id="362258" reltype="BEFORE" signalID="">
<source m_id="26"/>
<target m_id="27"/>
</TLINK>
<TLINK comment="" r_id="362259" reltype="AFTER" signalID="">
<source m_id="27"/>
<target m_id="28"/>
</TLINK>
<TLINK comment="" r_id="362260" reltype="IS_INCLUDED" signalID="">
<source m_id="30"/>
<target m_id="44"/>
</TLINK>
<TLINK comment="" r_id="362261" reltype="MEASURE" signalID="36">
<source m_id="45"/>
<target m_id="32"/>
</TLINK>
<TLINK comment="" r_id="362262" reltype="IS_INCLUDED" signalID="">
<source m_id="21"/>
<target m_id="41"/>
</TLINK>
<TLINK comment="" r_id="362263" reltype="IS_INCLUDED" signalID="37">
<source m_id="25"/>
<target m_id="46"/>
</TLINK>
<TLINK comment="" r_id="362264" reltype="MEASURE" signalID="">
<source m_id="47"/>
<target m_id="26"/>
</TLINK>
<TLINK comment="" r_id="362265" reltype="IS_INCLUDED" signalID="38">
<source m_id="26"/>
<target m_id="48"/>
</TLINK>
<TLINK comment="" r_id="362266" reltype="IS_INCLUDED" signalID="">
<source m_id="27"/>
<target m_id="49"/>
</TLINK>
<TLINK comment="" r_id="362267" reltype="IS_INCLUDED" signalID="">
<source m_id="28"/>
<target m_id="48"/>
</TLINK>
<TLINK comment="" r_id="362268" reltype="IS_INCLUDED" signalID="">
<source m_id="29"/>
<target m_id="48"/>
</TLINK>
<TLINK comment="" r_id="362269" reltype="BEGINS" signalID="">
<source m_id="44"/>
<target m_id="45"/>
</TLINK>
<TLINK comment="" r_id="362270" reltype="IS_INCLUDED" signalID="38">
<source m_id="47"/>
<target m_id="48"/>
</TLINK>
<TLINK comment="" r_id="362271" reltype="BEFORE" signalID="">
<source m_id="46"/>
<target m_id="48"/>
</TLINK>
<TLINK comment="" r_id="362272" reltype="BEFORE" signalID="">
<source m_id="48"/>
<target m_id="49"/>
</TLINK>







<TLINK comment="" r_id="362292" reltype="BEFORE" signalID="40">
<source m_id="23"/>
<target m_id="43"/>
</TLINK>
<HAS_PARTICIPANT comment="" r_id="362296" sem_role="Arg0" sem_role_framework="PROPBANK">
<source m_id="31"/>
<target m_id="9"/>
</HAS_PARTICIPANT>
<GLINK r_id="362297">
<source m_id="23"/>
<target m_id="24"/>
</GLINK>






















<REFERS_TO r_id="366592">
<source m_id="30"/>
<source m_id="34"/>
<source m_id="21"/>
<target m_id="151"/>
</REFERS_TO>
<REFERS_TO r_id="366593">
<source m_id="31"/>
<source m_id="33"/>
<source m_id="24"/>

<target m_id="150"/>
</REFERS_TO>
<REFERS_TO r_id="366594">
<source m_id="28"/>
<target m_id="153"/>
</REFERS_TO>
<REFERS_TO r_id="366595">
<source m_id="27"/>
<target m_id="152"/>
</REFERS_TO>
<REFERS_TO r_id="366596">
<source m_id="25"/>
<target m_id="155"/>
</REFERS_TO>
<REFERS_TO r_id="366597">
<source m_id="26"/>

<target m_id="154"/>
</REFERS_TO>
<REFERS_TO r_id="366598">
<source m_id="10"/>
<target m_id="157"/>
</REFERS_TO>
<REFERS_TO r_id="366599">
<source m_id="1"/>
<source m_id="2"/>
<source m_id="3"/>
<source m_id="4"/>
<source m_id="5"/>
<source m_id="7"/>
<source m_id="9"/>
<source m_id="16"/>
<source m_id="72"/>
<source m_id="73"/>
<source m_id="17"/>




















<target m_id="156"/>
</REFERS_TO>
<REFERS_TO r_id="366600">
<source m_id="14"/>
<target m_id="159"/>
</REFERS_TO>
<REFERS_TO r_id="366601">
<source m_id="13"/>
<target m_id="158"/>
</REFERS_TO>



<REFERS_TO r_id="366605">
<source m_id="35"/>
<target m_id="61"/>
</REFERS_TO>
<REFERS_TO r_id="366606">
<source m_id="19"/>
<target m_id="62"/>
</REFERS_TO>
<REFERS_TO r_id="366607">
<source m_id="20"/>
<target m_id="63"/>
</REFERS_TO>
<REFERS_TO r_id="366608">
<source m_id="22"/>
<target m_id="64"/>
</REFERS_TO>
<REFERS_TO r_id="366609">
<source m_id="23"/>
<target m_id="65"/>
</REFERS_TO>
<REFERS_TO r_id="366610">
<source m_id="29"/>
<target m_id="69"/>
</REFERS_TO>




<REFERS_TO r_id="366615">
<source m_id="76"/>
<target m_id="77"/>
</REFERS_TO>
<REFERS_TO r_id="366616">
<source m_id="12"/>
<target m_id="164"/>
</REFERS_TO>
<REFERS_TO r_id="366617">
<source m_id="74"/>
<target m_id="160"/>
</REFERS_TO>
<REFERS_TO r_id="366618">
<source m_id="6"/>
<source m_id="8"/>
<source m_id="11"/>
<target m_id="161"/>
</REFERS_TO>
<REFERS_TO r_id="366619">
<source m_id="18"/>
<target m_id="162"/>
</REFERS_TO>
<REFERS_TO r_id="366620">
<source m_id="15"/>
<target m_id="163"/>
</REFERS_TO>
<REFERS_TO r_id="366621">
<source m_id="32"/>
<target m_id="59"/>
</REFERS_TO>
</Relations>
</Document>