<?xml version="1.0" ?><Document doc_id="279494" doc_name="279494_Apple_executive_Steve" lang="en" url="http://en.wikinews.org/wiki/Apple_executive_Steve_Jobs_resigns">
<token number="0" sentence="0" t_id="1">Apple</token>
<token number="1" sentence="0" t_id="2">executive</token>
<token number="2" sentence="0" t_id="3">Steve</token>
<token number="3" sentence="0" t_id="4">Jobs</token>
<token number="4" sentence="0" t_id="5">resigns</token>
<token number="5" sentence="1" t_id="6">August</token>
<token number="6" sentence="1" t_id="7">25</token>
<token number="7" sentence="1" t_id="8">,</token>
<token number="8" sentence="1" t_id="9">2011</token>
<token number="9" sentence="2" t_id="10">Steve</token>
<token number="10" sentence="2" t_id="11">Jobs</token>
<token number="11" sentence="2" t_id="12">,</token>
<token number="12" sentence="2" t_id="13">founder</token>
<token number="13" sentence="2" t_id="14">of</token>
<token number="14" sentence="2" t_id="15">Apple</token>
<token number="15" sentence="2" t_id="16">,</token>
<token number="16" sentence="2" t_id="17">has</token>
<token number="17" sentence="2" t_id="18">chosen</token>
<token number="18" sentence="2" t_id="19">to</token>
<token number="19" sentence="2" t_id="20">step</token>
<token number="20" sentence="2" t_id="21">down</token>
<token number="21" sentence="2" t_id="22">from</token>
<token number="22" sentence="2" t_id="23">his</token>
<token number="23" sentence="2" t_id="24">post</token>
<token number="24" sentence="2" t_id="25">as</token>
<token number="25" sentence="2" t_id="26">CEO</token>
<token number="26" sentence="2" t_id="27">of</token>
<token number="27" sentence="2" t_id="28">the</token>
<token number="28" sentence="2" t_id="29">company</token>
<token number="29" sentence="2" t_id="30">.</token>
<token number="30" sentence="3" t_id="31">The</token>
<token number="31" sentence="3" t_id="32">former</token>
<token number="32" sentence="3" t_id="33">Chief</token>
<token number="33" sentence="3" t_id="34">Operating</token>
<token number="34" sentence="3" t_id="35">Officer</token>
<token number="35" sentence="3" t_id="36">,</token>
<token number="36" sentence="3" t_id="37">Tim</token>
<token number="37" sentence="3" t_id="38">Cook</token>
<token number="38" sentence="3" t_id="39">will</token>
<token number="39" sentence="3" t_id="40">be</token>
<token number="40" sentence="3" t_id="41">succeeding</token>
<token number="41" sentence="3" t_id="42">Jobs</token>
<token number="42" sentence="3" t_id="43">as</token>
<token number="43" sentence="3" t_id="44">CEO</token>
<token number="44" sentence="3" t_id="45">.</token>
<token number="45" sentence="4" t_id="46">Jobs</token>
<token number="46" sentence="4" t_id="47">resigned</token>
<token number="47" sentence="4" t_id="48">in</token>
<token number="48" sentence="4" t_id="49">a</token>
<token number="49" sentence="4" t_id="50">letter</token>
<token number="50" sentence="4" t_id="51">to</token>
<token number="51" sentence="4" t_id="52">Apple</token>
<token number="52" sentence="4" t_id="53">'s</token>
<token number="53" sentence="4" t_id="54">board</token>
<token number="54" sentence="4" t_id="55">of</token>
<token number="55" sentence="4" t_id="56">directors</token>
<token number="56" sentence="4" t_id="57">stating</token>
<token number="57" sentence="4" t_id="58">,</token>
<token number="58" sentence="4" t_id="59">&quot;</token>
<token number="59" sentence="4" t_id="60">I</token>
<token number="60" sentence="4" t_id="61">have</token>
<token number="61" sentence="4" t_id="62">always</token>
<token number="62" sentence="4" t_id="63">said</token>
<token number="63" sentence="4" t_id="64">if</token>
<token number="64" sentence="4" t_id="65">there</token>
<token number="65" sentence="4" t_id="66">ever</token>
<token number="66" sentence="4" t_id="67">came</token>
<token number="67" sentence="4" t_id="68">a</token>
<token number="68" sentence="4" t_id="69">day</token>
<token number="69" sentence="4" t_id="70">when</token>
<token number="70" sentence="4" t_id="71">I</token>
<token number="71" sentence="4" t_id="72">could</token>
<token number="72" sentence="4" t_id="73">no</token>
<token number="73" sentence="4" t_id="74">longer</token>
<token number="74" sentence="4" t_id="75">meet</token>
<token number="75" sentence="4" t_id="76">my</token>
<token number="76" sentence="4" t_id="77">duties</token>
<token number="77" sentence="4" t_id="78">and</token>
<token number="78" sentence="4" t_id="79">expectations</token>
<token number="79" sentence="4" t_id="80">as</token>
<token number="80" sentence="4" t_id="81">Apple</token>
<token number="81" sentence="4" t_id="82">’</token>
<token number="82" sentence="4" t_id="83">s</token>
<token number="83" sentence="4" t_id="84">C.E.O.,</token>
<token number="84" sentence="4" t_id="85">I</token>
<token number="85" sentence="4" t_id="86">would</token>
<token number="86" sentence="4" t_id="87">be</token>
<token number="87" sentence="4" t_id="88">the</token>
<token number="88" sentence="4" t_id="89">first</token>
<token number="89" sentence="4" t_id="90">to</token>
<token number="90" sentence="4" t_id="91">let</token>
<token number="91" sentence="4" t_id="92">you</token>
<token number="92" sentence="4" t_id="93">know</token>
<token number="93" sentence="4" t_id="94">.</token>
<token number="94" sentence="5" t_id="95">Unfortunately</token>
<token number="95" sentence="5" t_id="96">,</token>
<token number="96" sentence="5" t_id="97">that</token>
<token number="97" sentence="5" t_id="98">day</token>
<token number="98" sentence="5" t_id="99">has</token>
<token number="99" sentence="5" t_id="100">come</token>
<token number="100" sentence="5" t_id="101">.</token>
<token number="101" sentence="5" t_id="102">&quot;</token>
<token number="102" sentence="6" t_id="103">In</token>
<token number="103" sentence="6" t_id="104">that</token>
<token number="104" sentence="6" t_id="105">same</token>
<token number="105" sentence="6" t_id="106">letter</token>
<token number="106" sentence="6" t_id="107">,</token>
<token number="107" sentence="6" t_id="108">Jobs</token>
<token number="108" sentence="6" t_id="109">stated</token>
<token number="109" sentence="6" t_id="110">that</token>
<token number="110" sentence="6" t_id="111">his</token>
<token number="111" sentence="6" t_id="112">desire</token>
<token number="112" sentence="6" t_id="113">was</token>
<token number="113" sentence="6" t_id="114">to</token>
<token number="114" sentence="6" t_id="115">remain</token>
<token number="115" sentence="6" t_id="116">as</token>
<token number="116" sentence="6" t_id="117">chairman</token>
<token number="117" sentence="6" t_id="118">of</token>
<token number="118" sentence="6" t_id="119">the</token>
<token number="119" sentence="6" t_id="120">board</token>
<token number="120" sentence="6" t_id="121">.</token>
<token number="121" sentence="7" t_id="122">Steve</token>
<token number="122" sentence="7" t_id="123">Jobs</token>
<token number="123" sentence="7" t_id="124">has</token>
<token number="124" sentence="7" t_id="125">been</token>
<token number="125" sentence="7" t_id="126">fighting</token>
<token number="126" sentence="7" t_id="127">pancreatic</token>
<token number="127" sentence="7" t_id="128">cancer</token>
<token number="128" sentence="7" t_id="129">since</token>
<token number="129" sentence="7" t_id="130">2004</token>
<token number="130" sentence="7" t_id="131">and</token>
<token number="131" sentence="7" t_id="132">has</token>
<token number="132" sentence="7" t_id="133">been</token>
<token number="133" sentence="7" t_id="134">on</token>
<token number="134" sentence="7" t_id="135">medical</token>
<token number="135" sentence="7" t_id="136">leave</token>
<token number="136" sentence="7" t_id="137">since</token>
<token number="137" sentence="7" t_id="138">January</token>
<token number="138" sentence="7" t_id="139">of</token>
<token number="139" sentence="7" t_id="140">this</token>
<token number="140" sentence="7" t_id="141">year</token>
<token number="141" sentence="7" t_id="142">.</token>
<token number="142" sentence="8" t_id="143">This</token>
<token number="143" sentence="8" t_id="144">was</token>
<token number="144" sentence="8" t_id="145">Jobs</token>
<token number="145" sentence="8" t_id="146">'</token>
<token number="146" sentence="8" t_id="147">third</token>
<token number="147" sentence="8" t_id="148">period</token>
<token number="148" sentence="8" t_id="149">of</token>
<token number="149" sentence="8" t_id="150">medical</token>
<token number="150" sentence="8" t_id="151">leave</token>
<token number="151" sentence="8" t_id="152">.</token>
<token number="152" sentence="9" t_id="153">He</token>
<token number="153" sentence="9" t_id="154">briefly</token>
<token number="154" sentence="9" t_id="155">made</token>
<token number="155" sentence="9" t_id="156">an</token>
<token number="156" sentence="9" t_id="157">appearance</token>
<token number="157" sentence="9" t_id="158">in</token>
<token number="158" sentence="9" t_id="159">March</token>
<token number="159" sentence="9" t_id="160">and</token>
<token number="160" sentence="9" t_id="161">June</token>
<token number="161" sentence="9" t_id="162">to</token>
<token number="162" sentence="9" t_id="163">unveil</token>
<token number="163" sentence="9" t_id="164">the</token>
<token number="164" sentence="9" t_id="165">iPad</token>
<token number="165" sentence="9" t_id="166">2</token>
<token number="166" sentence="9" t_id="167">and</token>
<token number="167" sentence="9" t_id="168">the</token>
<token number="168" sentence="9" t_id="169">iCloud</token>
<token number="169" sentence="9" t_id="170">,</token>
<token number="170" sentence="9" t_id="171">an</token>
<token number="171" sentence="9" t_id="172">online</token>
<token number="172" sentence="9" t_id="173">cloud</token>
<token number="173" sentence="9" t_id="174">computing</token>
<token number="174" sentence="9" t_id="175">service</token>
<token number="175" sentence="9" t_id="176">.</token>
<token number="176" sentence="10" t_id="177">In</token>
<token number="177" sentence="10" t_id="178">part</token>
<token number="178" sentence="10" t_id="179">of</token>
<token number="179" sentence="10" t_id="180">his</token>
<token number="180" sentence="10" t_id="181">resignation</token>
<token number="181" sentence="10" t_id="182">,</token>
<token number="182" sentence="10" t_id="183">Jobs</token>
<token number="183" sentence="10" t_id="184">left</token>
<token number="184" sentence="10" t_id="185">this</token>
<token number="185" sentence="10" t_id="186">farewell</token>
<token number="186" sentence="10" t_id="187">,</token>
<token number="187" sentence="10" t_id="188">&quot;</token>
<token number="188" sentence="10" t_id="189">I</token>
<token number="189" sentence="10" t_id="190">have</token>
<token number="190" sentence="10" t_id="191">made</token>
<token number="191" sentence="10" t_id="192">some</token>
<token number="192" sentence="10" t_id="193">of</token>
<token number="193" sentence="10" t_id="194">the</token>
<token number="194" sentence="10" t_id="195">best</token>
<token number="195" sentence="10" t_id="196">friends</token>
<token number="196" sentence="10" t_id="197">of</token>
<token number="197" sentence="10" t_id="198">my</token>
<token number="198" sentence="10" t_id="199">life</token>
<token number="199" sentence="10" t_id="200">at</token>
<token number="200" sentence="10" t_id="201">Apple</token>
<token number="201" sentence="10" t_id="202">,</token>
<token number="202" sentence="10" t_id="203">and</token>
<token number="203" sentence="10" t_id="204">I</token>
<token number="204" sentence="10" t_id="205">thank</token>
<token number="205" sentence="10" t_id="206">you</token>
<token number="206" sentence="10" t_id="207">all</token>
<token number="207" sentence="10" t_id="208">for</token>
<token number="208" sentence="10" t_id="209">the</token>
<token number="209" sentence="10" t_id="210">many</token>
<token number="210" sentence="10" t_id="211">years</token>
<token number="211" sentence="10" t_id="212">of</token>
<token number="212" sentence="10" t_id="213">being</token>
<token number="213" sentence="10" t_id="214">able</token>
<token number="214" sentence="10" t_id="215">to</token>
<token number="215" sentence="10" t_id="216">work</token>
<token number="216" sentence="10" t_id="217">alongside</token>
<token number="217" sentence="10" t_id="218">you</token>
<token number="218" sentence="10" t_id="219">.</token>
<token number="219" sentence="10" t_id="220">&quot;</token>
<token number="220" sentence="11" t_id="221">Tim</token>
<token number="221" sentence="11" t_id="222">Cook</token>
<token number="222" sentence="11" t_id="223">was</token>
<token number="223" sentence="11" t_id="224">personally</token>
<token number="224" sentence="11" t_id="225">recommended</token>
<token number="225" sentence="11" t_id="226">by</token>
<token number="226" sentence="11" t_id="227">Jobs</token>
<token number="227" sentence="11" t_id="228">to</token>
<token number="228" sentence="11" t_id="229">take</token>
<token number="229" sentence="11" t_id="230">over</token>
<token number="230" sentence="11" t_id="231">as</token>
<token number="231" sentence="11" t_id="232">CEO</token>
<token number="232" sentence="11" t_id="233">and</token>
<token number="233" sentence="11" t_id="234">has</token>
<token number="234" sentence="11" t_id="235">been</token>
<token number="235" sentence="11" t_id="236">serving</token>
<token number="236" sentence="11" t_id="237">as</token>
<token number="237" sentence="11" t_id="238">interim</token>
<token number="238" sentence="11" t_id="239">CEO</token>
<token number="239" sentence="11" t_id="240">since</token>
<token number="240" sentence="11" t_id="241">the</token>
<token number="241" sentence="11" t_id="242">beginning</token>
<token number="242" sentence="11" t_id="243">of</token>
<token number="243" sentence="11" t_id="244">Jobs</token>
<token number="244" sentence="11" t_id="245">'</token>
<token number="245" sentence="11" t_id="246">medical</token>
<token number="246" sentence="11" t_id="247">leave</token>
<token number="247" sentence="11" t_id="248">.</token>
<token number="248" sentence="12" t_id="249">Before</token>
<token number="249" sentence="12" t_id="250">his</token>
<token number="250" sentence="12" t_id="251">post</token>
<token number="251" sentence="12" t_id="252">at</token>
<token number="252" sentence="12" t_id="253">Apple,</token>
<token number="253" sentence="12" t_id="254">Cook</token>
<token number="254" sentence="12" t_id="255">held</token>
<token number="255" sentence="12" t_id="256">positions</token>
<token number="256" sentence="12" t_id="257">at</token>
<token number="257" sentence="12" t_id="258">IBM</token>
<token number="258" sentence="12" t_id="259">and</token>
<token number="259" sentence="12" t_id="260">Compaq.</token>
<token number="260" sentence="13" t_id="261">He</token>
<token number="261" sentence="13" t_id="262">is</token>
<token number="262" sentence="13" t_id="263">known</token>
<token number="263" sentence="13" t_id="264">for</token>
<token number="264" sentence="13" t_id="265">staying</token>
<token number="265" sentence="13" t_id="266">out</token>
<token number="266" sentence="13" t_id="267">of</token>
<token number="267" sentence="13" t_id="268">the</token>
<token number="268" sentence="13" t_id="269">spotlight</token>
<token number="269" sentence="13" t_id="270">.</token>
<token number="270" sentence="14" t_id="271">Due</token>
<token number="271" sentence="14" t_id="272">to</token>
<token number="272" sentence="14" t_id="273">an</token>
<token number="273" sentence="14" t_id="274">operational</token>
<token number="274" sentence="14" t_id="275">overhaul</token>
<token number="275" sentence="14" t_id="276">by</token>
<token number="276" sentence="14" t_id="277">Cook</token>
<token number="277" sentence="14" t_id="278">,</token>
<token number="278" sentence="14" t_id="279">he</token>
<token number="279" sentence="14" t_id="280">is</token>
<token number="280" sentence="14" t_id="281">credited</token>
<token number="281" sentence="14" t_id="282">with</token>
<token number="282" sentence="14" t_id="283">the</token>
<token number="283" sentence="14" t_id="284">success</token>
<token number="284" sentence="14" t_id="285">of</token>
<token number="285" sentence="14" t_id="286">the</token>
<token number="286" sentence="14" t_id="287">iPad</token>
<token number="287" sentence="14" t_id="288">and</token>
<token number="288" sentence="14" t_id="289">MacBook</token>
<token number="289" sentence="14" t_id="290">Air</token>
<token number="290" sentence="14" t_id="291">.</token>
<token number="291" sentence="15" t_id="292">He</token>
<token number="292" sentence="15" t_id="293">also</token>
<token number="293" sentence="15" t_id="294">stood</token>
<token number="294" sentence="15" t_id="295">in</token>
<token number="295" sentence="15" t_id="296">Steve</token>
<token number="296" sentence="15" t_id="297">Jobs</token>
<token number="297" sentence="15" t_id="298">'</token>
<token number="298" sentence="15" t_id="299">place</token>
<token number="299" sentence="15" t_id="300">while</token>
<token number="300" sentence="15" t_id="301">the</token>
<token number="301" sentence="15" t_id="302">CEO</token>
<token number="302" sentence="15" t_id="303">underwent</token>
<token number="303" sentence="15" t_id="304">liver</token>
<token number="304" sentence="15" t_id="305">transplant</token>
<token number="305" sentence="15" t_id="306">surgery</token>
<token number="306" sentence="15" t_id="307">.</token>
<token number="307" sentence="16" t_id="308">He</token>
<token number="308" sentence="16" t_id="309">received</token>
<token number="309" sentence="16" t_id="310">$</token>
<token number="310" sentence="16" t_id="311">59</token>
<token number="311" sentence="16" t_id="312">million</token>
<token number="312" sentence="16" t_id="313">for</token>
<token number="313" sentence="16" t_id="314">his</token>
<token number="314" sentence="16" t_id="315">performance</token>
<token number="315" sentence="16" t_id="316">in</token>
<token number="316" sentence="16" t_id="317">the</token>
<token number="317" sentence="16" t_id="318">position</token>
<token number="318" sentence="16" t_id="319">.</token>
<token number="319" sentence="17" t_id="320">Analyst</token>
<token number="320" sentence="17" t_id="321">Charles</token>
<token number="321" sentence="17" t_id="322">Golvin</token>
<token number="322" sentence="17" t_id="323">predicts</token>
<token number="323" sentence="17" t_id="324">that</token>
<token number="324" sentence="17" t_id="325">the</token>
<token number="325" sentence="17" t_id="326">resignation</token>
<token number="326" sentence="17" t_id="327">will</token>
<token number="327" sentence="17" t_id="328">not</token>
<token number="328" sentence="17" t_id="329">begin</token>
<token number="329" sentence="17" t_id="330">to</token>
<token number="330" sentence="17" t_id="331">affect</token>
<token number="331" sentence="17" t_id="332">Apple</token>
<token number="332" sentence="17" t_id="333">performance</token>
<token number="333" sentence="17" t_id="334">for</token>
<token number="334" sentence="17" t_id="335">1.5</token>
<token number="335" sentence="17" t_id="336">to</token>
<token number="336" sentence="17" t_id="337">2</token>
<token number="337" sentence="17" t_id="338">years</token>
<token number="338" sentence="17" t_id="339">.</token>
<token number="339" sentence="18" t_id="340">Many</token>
<token number="340" sentence="18" t_id="341">of</token>
<token number="341" sentence="18" t_id="342">the</token>
<token number="342" sentence="18" t_id="343">new</token>
<token number="343" sentence="18" t_id="344">products</token>
<token number="344" sentence="18" t_id="345">are</token>
<token number="345" sentence="18" t_id="346">already</token>
<token number="346" sentence="18" t_id="347">under</token>
<token number="347" sentence="18" t_id="348">development</token>
<token number="348" sentence="18" t_id="349">and</token>
<token number="349" sentence="18" t_id="350">Jobs</token>
<token number="350" sentence="18" t_id="351">will</token>
<token number="351" sentence="18" t_id="352">continue</token>
<token number="352" sentence="18" t_id="353">to</token>
<token number="353" sentence="18" t_id="354">steer</token>
<token number="354" sentence="18" t_id="355">the</token>
<token number="355" sentence="18" t_id="356">company</token>
<token number="356" sentence="18" t_id="357">from</token>
<token number="357" sentence="18" t_id="358">his</token>
<token number="358" sentence="18" t_id="359">position</token>
<token number="359" sentence="18" t_id="360">as</token>
<token number="360" sentence="18" t_id="361">chairman</token>
<token number="361" sentence="18" t_id="362">of</token>
<token number="362" sentence="18" t_id="363">the</token>
<token number="363" sentence="18" t_id="364">board</token>
<token number="364" sentence="18" t_id="365">.</token>
<token number="365" sentence="19" t_id="366">Art</token>
<token number="366" sentence="19" t_id="367">Levinson</token>
<token number="367" sentence="19" t_id="368">,</token>
<token number="368" sentence="19" t_id="369">chairman</token>
<token number="369" sentence="19" t_id="370">of</token>
<token number="370" sentence="19" t_id="371">Genentech</token>
<token number="371" sentence="19" t_id="372">and</token>
<token number="372" sentence="19" t_id="373">a</token>
<token number="373" sentence="19" t_id="374">member</token>
<token number="374" sentence="19" t_id="375">of</token>
<token number="375" sentence="19" t_id="376">the</token>
<token number="376" sentence="19" t_id="377">board</token>
<token number="377" sentence="19" t_id="378">,</token>
<token number="378" sentence="19" t_id="379">adds</token>
<token number="379" sentence="19" t_id="380">,</token>
<token number="380" sentence="19" t_id="381">&quot;</token>
<token number="381" sentence="19" t_id="382">Steve</token>
<token number="382" sentence="19" t_id="383">will</token>
<token number="383" sentence="19" t_id="384">continue</token>
<token number="384" sentence="19" t_id="385">to</token>
<token number="385" sentence="19" t_id="386">serve</token>
<token number="386" sentence="19" t_id="387">Apple</token>
<token number="387" sentence="19" t_id="388">with</token>
<token number="388" sentence="19" t_id="389">his</token>
<token number="389" sentence="19" t_id="390">unique</token>
<token number="390" sentence="19" t_id="391">insights</token>
<token number="391" sentence="19" t_id="392">,</token>
<token number="392" sentence="19" t_id="393">creativity</token>
<token number="393" sentence="19" t_id="394">and</token>
<token number="394" sentence="19" t_id="395">inspiration</token>
<token number="395" sentence="19" t_id="396">&quot;</token>
<token number="396" sentence="19" t_id="397">.</token>
<token number="397" sentence="20" t_id="398">A</token>
<token number="398" sentence="20" t_id="399">contrary</token>
<token number="399" sentence="20" t_id="400">view</token>
<token number="400" sentence="20" t_id="401">is</token>
<token number="401" sentence="20" t_id="402">offered</token>
<token number="402" sentence="20" t_id="403">by</token>
<token number="403" sentence="20" t_id="404">Charles</token>
<token number="404" sentence="20" t_id="405">O</token>
<token number="405" sentence="20" t_id="406">'Reilly</token>
<token number="406" sentence="20" t_id="407">,</token>
<token number="407" sentence="20" t_id="408">a</token>
<token number="408" sentence="20" t_id="409">management</token>
<token number="409" sentence="20" t_id="410">expert</token>
<token number="410" sentence="20" t_id="411">at</token>
<token number="411" sentence="20" t_id="412">Stanford</token>
<token number="412" sentence="20" t_id="413">University</token>
<token number="413" sentence="20" t_id="414">,</token>
<token number="414" sentence="20" t_id="415">who</token>
<token number="415" sentence="20" t_id="416">stated</token>
<token number="416" sentence="20" t_id="417">,</token>
<token number="417" sentence="20" t_id="418">&quot;</token>
<token number="418" sentence="20" t_id="419">Great</token>
<token number="419" sentence="20" t_id="420">companies</token>
<token number="420" sentence="20" t_id="421">rarely</token>
<token number="421" sentence="20" t_id="422">go</token>
<token number="422" sentence="20" t_id="423">from</token>
<token number="423" sentence="20" t_id="424">strength</token>
<token number="424" sentence="20" t_id="425">to</token>
<token number="425" sentence="20" t_id="426">strength</token>
<token number="426" sentence="20" t_id="427">&quot;</token>
<token number="427" sentence="20" t_id="428">.</token>
<token number="428" sentence="21" t_id="429">Richard</token>
<token number="429" sentence="21" t_id="430">Doherty</token>
<token number="430" sentence="21" t_id="431">attributes</token>
<token number="431" sentence="21" t_id="432">Steve</token>
<token number="432" sentence="21" t_id="433">Jobs</token>
<token number="433" sentence="21" t_id="434">'</token>
<token number="434" sentence="21" t_id="435">success</token>
<token number="435" sentence="21" t_id="436">as</token>
<token number="436" sentence="21" t_id="437">the</token>
<token number="437" sentence="21" t_id="438">ability</token>
<token number="438" sentence="21" t_id="439">to</token>
<token number="439" sentence="21" t_id="440">hold</token>
<token number="440" sentence="21" t_id="441">off</token>
<token number="441" sentence="21" t_id="442">on</token>
<token number="442" sentence="21" t_id="443">a</token>
<token number="443" sentence="21" t_id="444">product</token>
<token number="444" sentence="21" t_id="445">until</token>
<token number="445" sentence="21" t_id="446">it</token>
<token number="446" sentence="21" t_id="447">is</token>
<token number="447" sentence="21" t_id="448">perfect</token>
<token number="448" sentence="21" t_id="449">.</token>
<token number="449" sentence="22" t_id="450">He</token>
<token number="450" sentence="22" t_id="451">states</token>
<token number="451" sentence="22" t_id="452">&quot;</token>
<token number="452" sentence="22" t_id="453">A</token>
<token number="453" sentence="22" t_id="454">lot</token>
<token number="454" sentence="22" t_id="455">of</token>
<token number="455" sentence="22" t_id="456">products</token>
<token number="456" sentence="22" t_id="457">could</token>
<token number="457" sentence="22" t_id="458">have</token>
<token number="458" sentence="22" t_id="459">gotten</token>
<token number="459" sentence="22" t_id="460">to</token>
<token number="460" sentence="22" t_id="461">market</token>
<token number="461" sentence="22" t_id="462">earlier</token>
<token number="462" sentence="22" t_id="463">,</token>
<token number="463" sentence="22" t_id="464">but</token>
<token number="464" sentence="22" t_id="465">he</token>
<token number="465" sentence="22" t_id="466">wanted</token>
<token number="466" sentence="22" t_id="467">it</token>
<token number="467" sentence="22" t_id="468">better</token>
<token number="468" sentence="22" t_id="469">.</token>
<token number="469" sentence="22" t_id="470">&quot;</token>
<token number="470" sentence="23" t_id="471">In</token>
<token number="471" sentence="23" t_id="472">light</token>
<token number="472" sentence="23" t_id="473">of</token>
<token number="473" sentence="23" t_id="474">the</token>
<token number="474" sentence="23" t_id="475">revelation</token>
<token number="475" sentence="23" t_id="476">,</token>
<token number="476" sentence="23" t_id="477">Apple</token>
<token number="477" sentence="23" t_id="478">shares</token>
<token number="478" sentence="23" t_id="479">(</token>
<token number="479" sentence="23" t_id="480">AAPL</token>
<token number="480" sentence="23" t_id="481">)</token>
<token number="481" sentence="23" t_id="482">slid</token>
<token number="482" sentence="23" t_id="483">$</token>
<token number="483" sentence="23" t_id="484">19.37</token>
<token number="484" sentence="23" t_id="485">in</token>
<token number="485" sentence="23" t_id="486">after</token>
<token number="486" sentence="23" t_id="487">hours</token>
<token number="487" sentence="23" t_id="488">trading—a</token>
<token number="488" sentence="23" t_id="489">-</token>
<token number="489" sentence="23" t_id="490">a</token>
<token number="490" sentence="23" t_id="491">drop</token>
<token number="491" sentence="23" t_id="492">of</token>
<token number="492" sentence="23" t_id="493">over</token>
<token number="493" sentence="23" t_id="494">5</token>
<token number="494" sentence="23" t_id="495">%</token>
<token number="495" sentence="23" t_id="496">.</token>
<token number="496" sentence="24" t_id="497">Since</token>
<token number="497" sentence="24" t_id="498">market</token>
<token number="498" sentence="24" t_id="499">open</token>
<token number="499" sentence="24" t_id="500">,</token>
<token number="500" sentence="24" t_id="501">Apple</token>
<token number="501" sentence="24" t_id="502">shares</token>
<token number="502" sentence="24" t_id="503">rose</token>
<token number="503" sentence="24" t_id="504">to</token>
<token number="504" sentence="24" t_id="505">$</token>
<token number="505" sentence="24" t_id="506">373.72</token>
<token number="506" sentence="24" t_id="507">,</token>
<token number="507" sentence="24" t_id="508">a</token>
<token number="508" sentence="24" t_id="509">drop</token>
<token number="509" sentence="24" t_id="510">of</token>
<token number="510" sentence="24" t_id="511">only</token>
<token number="511" sentence="24" t_id="512">$</token>
<token number="512" sentence="24" t_id="513">2.46</token>
<token number="513" sentence="24" t_id="514">since</token>
<token number="514" sentence="24" t_id="515">Wednesday</token>
<token number="515" sentence="24" t_id="516">'s</token>
<token number="516" sentence="24" t_id="517">close</token>
<token number="517" sentence="24" t_id="518">.</token>
<Markables>
<ENTITY_MENTION comment="" head="" m_id="1" syntactic_type="NAM">
<token_anchor t_id="81"/>
</ENTITY_MENTION>
<ENTITY_MENTION comment="" head="" m_id="2" syntactic_type="APP">
<token_anchor t_id="1"/>
<token_anchor t_id="2"/>
<token_anchor t_id="3"/>
<token_anchor t_id="4"/>
</ENTITY_MENTION>
<ENTITY_MENTION comment="" head="" m_id="3" syntactic_type="PRO">
<token_anchor t_id="85"/>
</ENTITY_MENTION>
<ENTITY_MENTION comment="" head="" m_id="4" syntactic_type="PRO">
<token_anchor t_id="92"/>
</ENTITY_MENTION>
<ENTITY_MENTION comment="" head="" m_id="5" syntactic_type="NOM">
<token_anchor t_id="26"/>
</ENTITY_MENTION>
<ENTITY_MENTION comment="" head="" m_id="6" syntactic_type="APP">
<token_anchor t_id="10"/>
<token_anchor t_id="11"/>
<token_anchor t_id="12"/>
<token_anchor t_id="13"/>
<token_anchor t_id="14"/>
<token_anchor t_id="15"/>
</ENTITY_MENTION>
<ENTITY_MENTION comment="" head="" m_id="7" syntactic_type="NOM">
<token_anchor t_id="44"/>
</ENTITY_MENTION>
<ENTITY_MENTION comment="" head="" m_id="8" syntactic_type="NAM">
<token_anchor t_id="10"/>
<token_anchor t_id="11"/>
</ENTITY_MENTION>
<ENTITY_MENTION comment="" head="" m_id="9" syntactic_type="NOM">
<token_anchor t_id="81"/>
<token_anchor t_id="82"/>
<token_anchor t_id="83"/>
<token_anchor t_id="84"/>
</ENTITY_MENTION>
<ENTITY_MENTION comment="" head="founder" m_id="10" syntactic_type="NOM">
<token_anchor t_id="13"/>
<token_anchor t_id="14"/>
<token_anchor t_id="15"/>
</ENTITY_MENTION>
<ENTITY_MENTION comment="" head="" m_id="11" syntactic_type="NAM">
<token_anchor t_id="15"/>
</ENTITY_MENTION>
<ENTITY_MENTION comment="" head="" m_id="12" syntactic_type="PRO">
<token_anchor t_id="23"/>
</ENTITY_MENTION>
<ENTITY_MENTION comment="" head="company" m_id="13" syntactic_type="NOM">
<token_anchor t_id="28"/>
<token_anchor t_id="29"/>
</ENTITY_MENTION>
<ENTITY_MENTION comment="" head="letter" m_id="14" syntactic_type="NOM">
<token_anchor t_id="49"/>
<token_anchor t_id="50"/>
<token_anchor t_id="51"/>
<token_anchor t_id="52"/>
<token_anchor t_id="53"/>
<token_anchor t_id="54"/>
<token_anchor t_id="55"/>
<token_anchor t_id="56"/>
</ENTITY_MENTION>
<ENTITY_MENTION comment="" head="" m_id="15" syntactic_type="NAM">
<token_anchor t_id="37"/>
<token_anchor t_id="38"/>
</ENTITY_MENTION>
<ENTITY_MENTION comment="" head="" m_id="68" syntactic_type="NAM">
<token_anchor t_id="3"/>
<token_anchor t_id="4"/>
</ENTITY_MENTION>
<ENTITY_MENTION comment="" head="" m_id="16" syntactic_type="APP">
<token_anchor t_id="31"/>
<token_anchor t_id="32"/>
<token_anchor t_id="33"/>
<token_anchor t_id="34"/>
<token_anchor t_id="35"/>
<token_anchor t_id="36"/>
<token_anchor t_id="37"/>
<token_anchor t_id="38"/>
</ENTITY_MENTION>
<ENTITY_MENTION comment="" head="" m_id="69" syntactic_type="NOM">
<token_anchor t_id="1"/>
<token_anchor t_id="2"/>
</ENTITY_MENTION>
<ENTITY_MENTION comment="" head="officer" m_id="17" syntactic_type="NOM">
<token_anchor t_id="31"/>
<token_anchor t_id="32"/>
<token_anchor t_id="33"/>
<token_anchor t_id="34"/>
<token_anchor t_id="35"/>
</ENTITY_MENTION>
<ENTITY_MENTION comment="" head="" m_id="18" syntactic_type="NAM">
<token_anchor t_id="42"/>
</ENTITY_MENTION>
<ENTITY_MENTION comment="" head="" m_id="19" syntactic_type="NAM">
<token_anchor t_id="46"/>
</ENTITY_MENTION>
<ENTITY_MENTION comment="" head="board" m_id="20" syntactic_type="NOM">
<token_anchor t_id="52"/>
<token_anchor t_id="53"/>
<token_anchor t_id="54"/>
<token_anchor t_id="55"/>
<token_anchor t_id="56"/>
</ENTITY_MENTION>
<ENTITY_MENTION comment="" head="" m_id="21" syntactic_type="NAM">
<token_anchor t_id="52"/>
</ENTITY_MENTION>
<ENTITY_MENTION comment="" head="" m_id="22" syntactic_type="PRO">
<token_anchor t_id="60"/>
</ENTITY_MENTION>
<ENTITY_MENTION comment="" head="" m_id="23" syntactic_type="PRO">
<token_anchor t_id="71"/>
</ENTITY_MENTION>
<ENTITY_MENTION comment="" head="" m_id="24" syntactic_type="PRO">
<token_anchor t_id="76"/>
</ENTITY_MENTION>
<ENTITY_MENTION comment="" head="" m_id="25" syntactic_type="PRE.NAM">
<token_anchor t_id="1"/>
</ENTITY_MENTION>
<EVENT_MENTION aspect="NONE" certainty="CERTAIN" comment="" m_id="29" modality="" polarity="POS" pos="VERB" pred="let" special_cases="COND_MAIN_CLAUSE" tense="INFINITIVE" time="FUTURE">
<token_anchor t_id="91"/>
</EVENT_MENTION>
<EVENT_MENTION aspect="NONE" certainty="CERTAIN" comment="" m_id="30" modality="" polarity="POS" pos="VERB" pred="know" special_cases="COND_MAIN_CLAUSE" tense="INFINITIVE" time="FUTURE">
<token_anchor t_id="93"/>
</EVENT_MENTION>
<EVENT_MENTION aspect="PERFECTIVE" certainty="CERTAIN" comment="" m_id="31" modality="" polarity="POS" pos="VERB" pred="choose" special_cases="NONE" tense="PRESENT" time="NON_FUTURE">
<token_anchor t_id="18"/>
</EVENT_MENTION>
<EVENT_MENTION aspect="NONE" certainty="CERTAIN" comment="" m_id="32" modality="" polarity="POS" pos="VERB" pred="resign" special_cases="NONE" tense="PRESENT" time="NON_FUTURE">
<token_anchor t_id="5"/>
</EVENT_MENTION>
<EVENT_MENTION aspect="" certainty="" comment="" m_id="33" modality="" polarity="" pos="" pred="" special_cases="" tense="" time="">
<token_anchor t_id="77"/>
<token_anchor t_id="79"/>
</EVENT_MENTION>
<EVENT_MENTION aspect="NONE" certainty="CERTAIN" comment="" m_id="34" modality="" polarity="POS" pos="VERB" pred="step-down" special_cases="NONE" tense="INFINITIVE" time="UNDERSPECIFIED">
<token_anchor t_id="20"/>
<token_anchor t_id="21"/>
</EVENT_MENTION>
<EVENT_MENTION aspect="NONE" certainty="CERTAIN" comment="" m_id="35" modality="" polarity="POS" pos="NOUN" pred="post" special_cases="NONE" tense="NONE" time="NON_FUTURE">
<token_anchor t_id="24"/>
</EVENT_MENTION>
<EVENT_MENTION aspect="PERFECTIVE" certainty="CERTAIN" comment="" m_id="36" modality="" polarity="POS" pos="VERB" pred="come" special_cases="NONE" tense="PRESENT" time="NON_FUTURE">
<token_anchor t_id="100"/>
</EVENT_MENTION>
<EVENT_MENTION aspect="PROGRESSIVE" certainty="CERTAIN" comment="" m_id="37" modality="" polarity="POS" pos="VERB" pred="succeed" special_cases="NONE" tense="FUTURE" time="FUTURE">
<token_anchor t_id="41"/>
</EVENT_MENTION>
<EVENT_MENTION aspect="NONE" certainty="CERTAIN" comment="" m_id="38" modality="" polarity="POS" pos="VERB" pred="resign" special_cases="NONE" tense="PAST" time="NON_FUTURE">
<token_anchor t_id="47"/>
</EVENT_MENTION>
<EVENT_MENTION aspect="NONE" certainty="CERTAIN" comment="" m_id="39" modality="" polarity="POS" pos="VERB" pred="state" special_cases="NONE" tense="PRESPART" time="NON_FUTURE">
<token_anchor t_id="57"/>
</EVENT_MENTION>
<EVENT_MENTION aspect="PERFECTIVE" certainty="CERTAIN" comment="" m_id="40" modality="" polarity="POS" pos="VERB" pred="say" special_cases="NONE" tense="PRESENT" time="NON_FUTURE">
<token_anchor t_id="63"/>
</EVENT_MENTION>
<EVENT_MENTION aspect="NONE" certainty="UNDERSPECIFIED" comment="" m_id="41" modality="" polarity="POS" pos="VERB" pred="come" special_cases="COND_IF_CLAUSE" tense="PAST" time="FUTURE">
<token_anchor t_id="67"/>
</EVENT_MENTION>
<EVENT_MENTION aspect="NONE" certainty="UNDERSPECIFIED" comment="" m_id="42" modality="could" polarity="NEG" pos="VERB" pred="meet" special_cases="COND_IF_CLAUSE" tense="NONE" time="FUTURE">
<token_anchor t_id="75"/>
</EVENT_MENTION>
<EVENT_MENTION aspect="NONE" certainty="UNDERSPECIFIED" comment="" m_id="26" modality="" polarity="POS" pos="NOUN" pred="duty" special_cases="COND_IF_CLAUSE" tense="NONE" time="NON_FUTURE">
<token_anchor t_id="77"/>
</EVENT_MENTION>
<EVENT_MENTION aspect="NONE" certainty="UNDERSPECIFIED" comment="" m_id="27" modality="" polarity="POS" pos="NOUN" pred="expectation" special_cases="COND_IF_CLAUSE" tense="NONE" time="NON_FUTURE">
<token_anchor t_id="79"/>
</EVENT_MENTION>
<EVENT_MENTION aspect="NONE" certainty="CERTAIN" comment="" m_id="28" modality="would" polarity="POS" pos="VERB" pred="be" special_cases="COND_MAIN_CLAUSE" tense="NONE" time="FUTURE">
<token_anchor t_id="87"/>
</EVENT_MENTION>
<SIGNAL comment="" m_id="43">
<token_anchor t_id="70"/>
</SIGNAL>
<TIMEX3 anchorTimeID="" beginPoint="" comment="" endPoint="" functionInDocument="NONE" m_id="44" type="DATE" value="PRESENT_REF">
<token_anchor t_id="97"/>
<token_anchor t_id="98"/>
</TIMEX3>
<TIMEX3 anchorTimeID="" beginPoint="" comment="" endPoint="" functionInDocument="CREATION_TIME" m_id="45" type="DATE" value="2011-08-25">
<token_anchor t_id="6"/>
<token_anchor t_id="7"/>
<token_anchor t_id="8"/>
<token_anchor t_id="9"/>
</TIMEX3>
<TIMEX3 anchorTimeID="" beginPoint="" comment="" endPoint="" functionInDocument="NONE" m_id="46" type="DATE" value="FUTURE_REF">
<token_anchor t_id="68"/>
<token_anchor t_id="69"/>
</TIMEX3>
<EVENT TAG_DESCRIPTOR="choose" class="SPEECH_COGNITIVE" comment="" external_ref="" m_id="52"/>
<EVENT TAG_DESCRIPTOR="CEO" class="OTHER" comment="" external_ref="" m_id="54"/>
<EVENT TAG_DESCRIPTOR="state" class="SPEECH_COGNITIVE" comment="" external_ref="" m_id="56"/>
<EVENT TAG_DESCRIPTOR="come" class="OTHER" comment="" external_ref="" m_id="58"/>
<EVENT TAG_DESCRIPTOR="meet" class="OTHER" comment="" external_ref="" m_id="59"/>
<EVENT TAG_DESCRIPTOR="duty" class="OTHER" comment="" external_ref="" m_id="60"/>
<EVENT TAG_DESCRIPTOR="expectation" class="OTHER" comment="" external_ref="" m_id="61"/>
<EVENT TAG_DESCRIPTOR="duty+expectation" class="MIX" comment="" external_ref="" m_id="62"/>
<EVENT TAG_DESCRIPTOR="be" class="GRAMMATICAL" comment="" external_ref="" m_id="63"/>
<EVENT TAG_DESCRIPTOR="let" class="GRAMMATICAL" comment="" external_ref="" m_id="64"/>
<EVENT TAG_DESCRIPTOR="know" class="SPEECH_COGNITIVE" comment="" external_ref="" m_id="65"/>
<EVENT TAG_DESCRIPTOR="succeed-SE - (Steve Jobs)" class="OTHER" external_ref="succeed.02" instance_id="OTH57278021453784899" m_id="147"/>
<ENTITY TAG_DESCRIPTOR="Steve Jobs" ent_type="PER" external_ref="http://dbpedia.org/resource/Steve_Jobs " instance_id="PER19274271332322852" m_id="148"/><EVENT TAG_DESCRIPTOR="resigned-SE - (Steve Jobs)" class="OTHER" external_ref="resign.01" instance_id="OTH57384457951243371" m_id="157"/>
<EVENT TAG_DESCRIPTOR="say-SE - (Steve Jobs)" class="SPEECH_COGNITIVE" external_ref="say.01" instance_id="SPE57277450457046382" m_id="158"/><ENTITY TAG_DESCRIPTOR="APPLE" ent_type="ORG" external_ref="http://dbpedia.org/resource/Apple_Inc." instance_id="ORG19274271187160719" m_id="159"/>
<ENTITY TAG_DESCRIPTOR="letter" ent_type="PRO" instance_id="PRO55723848352423769" m_id="160"/><ENTITY TAG_DESCRIPTOR="Tim Cook" ent_type="PER" external_ref="http://dbpedia.org/resource/Tim_Cook" instance_id="PER47024236158754443" m_id="161"/>
<ENTITY TAG_DESCRIPTOR="board of directors of Apple" ent_type="PER" instance_id="PER55723825533988283" m_id="162"/><ENTITY TAG_DESCRIPTOR="Apple's CEO" ent_type="PER" instance_id="PER55723818524474486" m_id="163"/>


































</Markables>
<Relations>
<HAS_PARTICIPANT comment="" r_id="362367" sem_role="Arg0" sem_role_framework="PROPBANK">
<source m_id="31"/>
<target m_id="6"/>
</HAS_PARTICIPANT>
<HAS_PARTICIPANT comment="" r_id="362368" sem_role="Arg0" sem_role_framework="PROPBANK">
<source m_id="35"/>
<target m_id="12"/>
</HAS_PARTICIPANT>
<HAS_PARTICIPANT comment="" r_id="362369" sem_role="Arg0" sem_role_framework="PROPBANK">
<source m_id="37"/>
<target m_id="16"/>
</HAS_PARTICIPANT>
<HAS_PARTICIPANT comment="" r_id="362370" sem_role="Arg1" sem_role_framework="PROPBANK">
<source m_id="37"/>
<target m_id="18"/>
</HAS_PARTICIPANT>
<HAS_PARTICIPANT comment="" r_id="362371" sem_role="Arg0" sem_role_framework="PROPBANK">
<source m_id="38"/>
<target m_id="19"/>
</HAS_PARTICIPANT>
<HAS_PARTICIPANT comment="" r_id="362372" sem_role="Argm-OTHER" sem_role_framework="PROPBANK">
<source m_id="38"/>
<target m_id="14"/>
</HAS_PARTICIPANT>
<HAS_PARTICIPANT comment="" r_id="362373" sem_role="Arg0" sem_role_framework="PROPBANK">
<source m_id="39"/>
<target m_id="19"/>
</HAS_PARTICIPANT>
<HAS_PARTICIPANT comment="" r_id="362374" sem_role="Arg0" sem_role_framework="PROPBANK">
<source m_id="40"/>
<target m_id="22"/>
</HAS_PARTICIPANT>
<HAS_PARTICIPANT comment="" r_id="362375" sem_role="Arg0" sem_role_framework="PROPBANK">
<source m_id="42"/>
<target m_id="23"/>
</HAS_PARTICIPANT>
<HAS_PARTICIPANT comment="" r_id="362376" sem_role="Arg0" sem_role_framework="PROPBANK">
<source m_id="33"/>
<target m_id="24"/>
</HAS_PARTICIPANT>
<HAS_PARTICIPANT comment="" r_id="362377" sem_role="Arg1" sem_role_framework="PROPBANK">
<source m_id="28"/>
<target m_id="3"/>
</HAS_PARTICIPANT>
<HAS_PARTICIPANT comment="" r_id="362378" sem_role="Arg0" sem_role_framework="PROPBANK">
<source m_id="29"/>
<target m_id="3"/>
</HAS_PARTICIPANT>
<HAS_PARTICIPANT comment="" r_id="362379" sem_role="Arg2" sem_role_framework="PROPBANK">
<source m_id="29"/>
<target m_id="4"/>
</HAS_PARTICIPANT>
<HAS_PARTICIPANT comment="" r_id="362380" sem_role="Arg0" sem_role_framework="PROPBANK">
<source m_id="30"/>
<target m_id="4"/>
</HAS_PARTICIPANT>
<SLINK comment="" r_id="362381">
<source m_id="39"/>
<target m_id="40"/>
</SLINK>
<SLINK comment="" r_id="362382">
<source m_id="40"/>
<target m_id="28"/>
</SLINK>
<GLINK comment="" r_id="362383">
<source m_id="29"/>
<target m_id="30"/>
</GLINK>
<TLINK comment="" r_id="362384" reltype="BEFORE" signalID="">
<source m_id="31"/>
<target m_id="45"/>
</TLINK>
<TLINK comment="" r_id="362385" reltype="AFTER" signalID="">
<source m_id="37"/>
<target m_id="45"/>
</TLINK>
<TLINK comment="" r_id="362386" reltype="BEFORE" signalID="">
<source m_id="38"/>
<target m_id="45"/>
</TLINK>
<TLINK comment="" r_id="362387" reltype="BEFORE" signalID="">
<source m_id="40"/>
<target m_id="45"/>
</TLINK>
<TLINK comment="" r_id="362388" reltype="BEFORE" signalID="">
<source m_id="41"/>
<target m_id="45"/>
</TLINK>
<TLINK comment="" r_id="362389" reltype="BEFORE" signalID="">
<source m_id="42"/>
<target m_id="45"/>
</TLINK>
<TLINK comment="" r_id="362390" reltype="BEFORE" signalID="">
<source m_id="28"/>
<target m_id="45"/>
</TLINK>
<TLINK comment="" r_id="362391" reltype="BEFORE" signalID="">
<source m_id="36"/>
<target m_id="45"/>
</TLINK>
<TLINK comment="" r_id="362392" reltype="BEFORE" signalID="">
<source m_id="31"/>
<target m_id="37"/>
</TLINK>
<TLINK comment="" r_id="362393" reltype="AFTER" signalID="">
<source m_id="37"/>
<target m_id="38"/>
</TLINK>
<TLINK comment="" r_id="362394" reltype="SIMULTANEOUS" signalID="">
<source m_id="38"/>
<target m_id="36"/>
</TLINK>
<TLINK comment="" r_id="362395" reltype="SIMULTANEOUS" signalID="">
<source m_id="38"/>
<target m_id="39"/>
</TLINK>
<TLINK comment="" r_id="362396" reltype="BEFORE" signalID="">
<source m_id="40"/>
<target m_id="28"/>
</TLINK>
<TLINK comment="" r_id="362397" reltype="SIMULTANEOUS" signalID="">
<source m_id="28"/>
<target m_id="41"/>
</TLINK>
<TLINK comment="" r_id="362400" reltype="IS_INCLUDED" signalID="43">
<source m_id="42"/>
<target m_id="46"/>
</TLINK>
<TLINK comment="" r_id="362402" reltype="IS_INCLUDED" signalID="">
<source m_id="36"/>
<target m_id="44"/>
</TLINK>
<TLINK comment="" r_id="362403" reltype="IDENTITY" signalID="">
<source m_id="46"/>
<target m_id="44"/>
</TLINK>











<HAS_PARTICIPANT comment="" r_id="362426" sem_role="Arg0" sem_role_framework="PROPBANK">
<source m_id="32"/>
<target m_id="2"/>
</HAS_PARTICIPANT>
<SLINK r_id="362430">
<source m_id="31"/>
<target m_id="34"/>
</SLINK>





















<REFERS_TO r_id="362470">
<source m_id="32"/>
<source m_id="34"/>
<source m_id="38"/>

<target m_id="157"/>
</REFERS_TO>

<REFERS_TO r_id="362472">
<source m_id="1"/>
<source m_id="11"/>
<source m_id="13"/>
<source m_id="21"/>
<source m_id="25"/>
<target m_id="159"/>
</REFERS_TO>
<REFERS_TO r_id="362473">
<source m_id="40"/>
<target m_id="158"/>
</REFERS_TO>



<REFERS_TO r_id="362477">
<source m_id="26"/>
<target m_id="60"/>
</REFERS_TO>
<REFERS_TO r_id="362478">
<source m_id="27"/>
<target m_id="61"/>
</REFERS_TO>
<REFERS_TO r_id="362479">
<source m_id="33"/>
<target m_id="62"/>
</REFERS_TO>
<REFERS_TO r_id="362480">
<source m_id="28"/>
<target m_id="63"/>
</REFERS_TO>
<REFERS_TO r_id="362481">
<source m_id="29"/>
<target m_id="64"/>
</REFERS_TO>
<REFERS_TO r_id="362482">
<source m_id="30"/>
<target m_id="65"/>
</REFERS_TO>



<REFERS_TO r_id="362486">
<source m_id="37"/>
<target m_id="147"/>
</REFERS_TO>


<REFERS_TO r_id="362489">
<source m_id="2"/>
<source m_id="3"/>
<source m_id="6"/>
<source m_id="8"/>
<source m_id="9"/>
<source m_id="10"/>
<source m_id="68"/>
<source m_id="69"/>
<source m_id="18"/>
<source m_id="19"/>
<source m_id="22"/>
<source m_id="23"/>
<source m_id="12"/>
<source m_id="24"/>














<target m_id="148"/>
</REFERS_TO>
<REFERS_TO r_id="362490">
<source m_id="14"/>
<target m_id="160"/>
</REFERS_TO>
<REFERS_TO r_id="362491">
<source m_id="15"/>
<source m_id="16"/>
<source m_id="17"/>
<target m_id="161"/>
</REFERS_TO>
<REFERS_TO r_id="362492">
<source m_id="4"/>
<source m_id="20"/>
<target m_id="162"/>
</REFERS_TO>
<REFERS_TO r_id="362493">
<source m_id="5"/>
<source m_id="7"/>
<target m_id="163"/>
</REFERS_TO>
<REFERS_TO r_id="362494">
<source m_id="42"/>
<target m_id="59"/>
</REFERS_TO>
<REFERS_TO r_id="362495">
<source m_id="36"/>
<source m_id="41"/>
<target m_id="58"/>
</REFERS_TO>
<REFERS_TO r_id="362496">
<source m_id="35"/>
<target m_id="54"/>
</REFERS_TO>
<REFERS_TO r_id="362497">
<source m_id="39"/>
<target m_id="56"/>
</REFERS_TO>
<REFERS_TO r_id="362498">
<source m_id="31"/>
<target m_id="52"/>
</REFERS_TO>
</Relations>
</Document>