<?xml version="1.0" ?><Document doc_id="287096" doc_name="287096_Apple_Inc_co_founder" lang="en" url="http://en.wikinews.org/wiki/Apple_Inc._co-founder_Steve_Jobs_dies_aged_56">
<token number="0" sentence="0" t_id="1">Apple</token>
<token number="1" sentence="0" t_id="2">Inc.</token>
<token number="2" sentence="0" t_id="3">co-founder</token>
<token number="3" sentence="0" t_id="4">Steve</token>
<token number="4" sentence="0" t_id="5">Jobs</token>
<token number="5" sentence="0" t_id="6">dies</token>
<token number="6" sentence="0" t_id="7">aged</token>
<token number="7" sentence="0" t_id="8">56</token>
<token number="8" sentence="1" t_id="9">October</token>
<token number="9" sentence="1" t_id="10">6</token>
<token number="10" sentence="1" t_id="11">,</token>
<token number="11" sentence="1" t_id="12">2011</token>
<token number="12" sentence="2" t_id="13">The</token>
<token number="13" sentence="2" t_id="14">co-founder</token>
<token number="14" sentence="2" t_id="15">and</token>
<token number="15" sentence="2" t_id="16">former</token>
<token number="16" sentence="2" t_id="17">chief</token>
<token number="17" sentence="2" t_id="18">executive</token>
<token number="18" sentence="2" t_id="19">officer</token>
<token number="19" sentence="2" t_id="20">of</token>
<token number="20" sentence="2" t_id="21">Apple</token>
<token number="21" sentence="2" t_id="22">Inc.</token>
<token number="22" sentence="2" t_id="23">Steve</token>
<token number="23" sentence="2" t_id="24">Jobs</token>
<token number="24" sentence="2" t_id="25">has</token>
<token number="25" sentence="2" t_id="26">died</token>
<token number="26" sentence="2" t_id="27">yesterday</token>
<token number="27" sentence="2" t_id="28">at</token>
<token number="28" sentence="2" t_id="29">the</token>
<token number="29" sentence="2" t_id="30">age</token>
<token number="30" sentence="2" t_id="31">of</token>
<token number="31" sentence="2" t_id="32">56</token>
<token number="32" sentence="2" t_id="33">,</token>
<token number="33" sentence="2" t_id="34">according</token>
<token number="34" sentence="2" t_id="35">to</token>
<token number="35" sentence="2" t_id="36">the</token>
<token number="36" sentence="2" t_id="37">company</token>
<token number="37" sentence="2" t_id="38">website</token>
<token number="38" sentence="2" t_id="39">.</token>
<token number="39" sentence="3" t_id="40">On</token>
<token number="40" sentence="3" t_id="41">August</token>
<token number="41" sentence="3" t_id="42">24</token>
<token number="42" sentence="3" t_id="43">,</token>
<token number="43" sentence="3" t_id="44">Jobs</token>
<token number="44" sentence="3" t_id="45">resigned</token>
<token number="45" sentence="3" t_id="46">from</token>
<token number="46" sentence="3" t_id="47">his</token>
<token number="47" sentence="3" t_id="48">post</token>
<token number="48" sentence="3" t_id="49">as</token>
<token number="49" sentence="3" t_id="50">CEO</token>
<token number="50" sentence="3" t_id="51">.</token>
<token number="51" sentence="4" t_id="52">He</token>
<token number="52" sentence="4" t_id="53">has</token>
<token number="53" sentence="4" t_id="54">been</token>
<token number="54" sentence="4" t_id="55">fighting</token>
<token number="55" sentence="4" t_id="56">pancreatic</token>
<token number="56" sentence="4" t_id="57">cancer</token>
<token number="57" sentence="4" t_id="58">since</token>
<token number="58" sentence="4" t_id="59">2004</token>
<token number="59" sentence="4" t_id="60">.</token>
<token number="60" sentence="5" t_id="61">Jobs</token>
<token number="61" sentence="5" t_id="62">,</token>
<token number="62" sentence="5" t_id="63">born</token>
<token number="63" sentence="5" t_id="64">in</token>
<token number="64" sentence="5" t_id="65">San</token>
<token number="65" sentence="5" t_id="66">Francisco</token>
<token number="66" sentence="5" t_id="67">on</token>
<token number="67" sentence="5" t_id="68">February</token>
<token number="68" sentence="5" t_id="69">24</token>
<token number="69" sentence="5" t_id="70">,</token>
<token number="70" sentence="5" t_id="71">1955</token>
<token number="71" sentence="5" t_id="72">,</token>
<token number="72" sentence="5" t_id="73">has</token>
<token number="73" sentence="5" t_id="74">built</token>
<token number="74" sentence="5" t_id="75">the</token>
<token number="75" sentence="5" t_id="76">most</token>
<token number="76" sentence="5" t_id="77">valuable</token>
<token number="77" sentence="5" t_id="78">technology</token>
<token number="78" sentence="5" t_id="79">company</token>
<token number="79" sentence="5" t_id="80">in</token>
<token number="80" sentence="5" t_id="81">the</token>
<token number="81" sentence="5" t_id="82">world</token>
<token number="82" sentence="5" t_id="83">,</token>
<token number="83" sentence="5" t_id="84">with</token>
<token number="84" sentence="5" t_id="85">a</token>
<token number="85" sentence="5" t_id="86">market</token>
<token number="86" sentence="5" t_id="87">value</token>
<token number="87" sentence="5" t_id="88">of</token>
<token number="88" sentence="5" t_id="89">$</token>
<token number="89" sentence="5" t_id="90">348.8</token>
<token number="90" sentence="5" t_id="91">billion</token>
<token number="91" sentence="5" t_id="92">.</token>
<token number="92" sentence="6" t_id="93">He</token>
<token number="93" sentence="6" t_id="94">started</token>
<token number="94" sentence="6" t_id="95">Apple</token>
<token number="95" sentence="6" t_id="96">in</token>
<token number="96" sentence="6" t_id="97">1976</token>
<token number="97" sentence="6" t_id="98">,</token>
<token number="98" sentence="6" t_id="99">and</token>
<token number="99" sentence="6" t_id="100">in</token>
<token number="100" sentence="6" t_id="101">1984</token>
<token number="101" sentence="6" t_id="102">the</token>
<token number="102" sentence="6" t_id="103">first</token>
<token number="103" sentence="6" t_id="104">Macintosh</token>
<token number="104" sentence="6" t_id="105">personal</token>
<token number="105" sentence="6" t_id="106">computer</token>
<token number="106" sentence="6" t_id="107">was</token>
<token number="107" sentence="6" t_id="108">released</token>
<token number="108" sentence="6" t_id="109">to</token>
<token number="109" sentence="6" t_id="110">the</token>
<token number="110" sentence="6" t_id="111">public</token>
<token number="111" sentence="6" t_id="112">.</token>
<token number="112" sentence="7" t_id="113">One</token>
<token number="113" sentence="7" t_id="114">year</token>
<token number="114" sentence="7" t_id="115">later</token>
<token number="115" sentence="7" t_id="116">he</token>
<token number="116" sentence="7" t_id="117">was</token>
<token number="117" sentence="7" t_id="118">fired</token>
<token number="118" sentence="7" t_id="119">from</token>
<token number="119" sentence="7" t_id="120">the</token>
<token number="120" sentence="7" t_id="121">company</token>
<token number="121" sentence="7" t_id="122">and</token>
<token number="122" sentence="7" t_id="123">he</token>
<token number="123" sentence="7" t_id="124">founded</token>
<token number="124" sentence="7" t_id="125">NeXT</token>
<token number="125" sentence="7" t_id="126">.</token>
<token number="126" sentence="8" t_id="127">In</token>
<token number="127" sentence="8" t_id="128">1986</token>
<token number="128" sentence="8" t_id="129">he</token>
<token number="129" sentence="8" t_id="130">bought</token>
<token number="130" sentence="8" t_id="131">Pixar</token>
<token number="131" sentence="8" t_id="132">which</token>
<token number="132" sentence="8" t_id="133">was</token>
<token number="133" sentence="8" t_id="134">acquired</token>
<token number="134" sentence="8" t_id="135">by</token>
<token number="135" sentence="8" t_id="136">The</token>
<token number="136" sentence="8" t_id="137">Walt</token>
<token number="137" sentence="8" t_id="138">Disney</token>
<token number="138" sentence="8" t_id="139">Company</token>
<token number="139" sentence="8" t_id="140">in</token>
<token number="140" sentence="8" t_id="141">2005</token>
<token number="141" sentence="8" t_id="142">.</token>
<token number="142" sentence="9" t_id="143">In</token>
<token number="143" sentence="9" t_id="144">1996</token>
<token number="144" sentence="9" t_id="145">,</token>
<token number="145" sentence="9" t_id="146">following</token>
<token number="146" sentence="9" t_id="147">Apple</token>
<token number="147" sentence="9" t_id="148">Computer</token>
<token number="148" sentence="9" t_id="149">'s</token>
<token number="149" sentence="9" t_id="150">purchase</token>
<token number="150" sentence="9" t_id="151">of</token>
<token number="151" sentence="9" t_id="152">NeXT</token>
<token number="152" sentence="9" t_id="153">,</token>
<token number="153" sentence="9" t_id="154">Jobs</token>
<token number="154" sentence="9" t_id="155">returned</token>
<token number="155" sentence="9" t_id="156">to</token>
<token number="156" sentence="9" t_id="157">Apple</token>
<token number="157" sentence="9" t_id="158">and</token>
<token number="158" sentence="9" t_id="159">soon</token>
<token number="159" sentence="9" t_id="160">after</token>
<token number="160" sentence="9" t_id="161">reassumed</token>
<token number="161" sentence="9" t_id="162">the</token>
<token number="162" sentence="9" t_id="163">role</token>
<token number="163" sentence="9" t_id="164">of</token>
<token number="164" sentence="9" t_id="165">CEO</token>
<token number="165" sentence="9" t_id="166">.</token>
<token number="166" sentence="10" t_id="167">In</token>
<token number="167" sentence="10" t_id="168">1998</token>
<token number="168" sentence="10" t_id="169">Apple</token>
<token number="169" sentence="10" t_id="170">introduced</token>
<token number="170" sentence="10" t_id="171">the</token>
<token number="171" sentence="10" t_id="172">iMac</token>
<token number="172" sentence="10" t_id="173">personal</token>
<token number="173" sentence="10" t_id="174">computer</token>
<token number="174" sentence="10" t_id="175">,</token>
<token number="175" sentence="10" t_id="176">in</token>
<token number="176" sentence="10" t_id="177">2001</token>
<token number="177" sentence="10" t_id="178">the</token>
<token number="178" sentence="10" t_id="179">iPod</token>
<token number="179" sentence="10" t_id="180">music</token>
<token number="180" sentence="10" t_id="181">player</token>
<token number="181" sentence="10" t_id="182">and</token>
<token number="182" sentence="10" t_id="183">the</token>
<token number="183" sentence="10" t_id="184">following</token>
<token number="184" sentence="10" t_id="185">year</token>
<token number="185" sentence="10" t_id="186">the</token>
<token number="186" sentence="10" t_id="187">Mac</token>
<token number="187" sentence="10" t_id="188">OS</token>
<token number="188" sentence="10" t_id="189">X</token>
<token number="189" sentence="10" t_id="190">operating</token>
<token number="190" sentence="10" t_id="191">system</token>
<token number="191" sentence="10" t_id="192">was</token>
<token number="192" sentence="10" t_id="193">released</token>
<token number="193" sentence="10" t_id="194">.</token>
<token number="194" sentence="11" t_id="195">2007</token>
<token number="195" sentence="11" t_id="196">was</token>
<token number="196" sentence="11" t_id="197">the</token>
<token number="197" sentence="11" t_id="198">year</token>
<token number="198" sentence="11" t_id="199">of</token>
<token number="199" sentence="11" t_id="200">the</token>
<token number="200" sentence="11" t_id="201">iPhone</token>
<token number="201" sentence="11" t_id="202">smartphone</token>
<token number="202" sentence="11" t_id="203">,</token>
<token number="203" sentence="11" t_id="204">then</token>
<token number="204" sentence="11" t_id="205">the</token>
<token number="205" sentence="11" t_id="206">iPad</token>
<token number="206" sentence="11" t_id="207">tablet</token>
<token number="207" sentence="11" t_id="208">computer</token>
<token number="208" sentence="11" t_id="209">in</token>
<token number="209" sentence="11" t_id="210">2010</token>
<token number="210" sentence="11" t_id="211">.</token>
<token number="211" sentence="12" t_id="212">A</token>
<token number="212" sentence="12" t_id="213">statement</token>
<token number="213" sentence="12" t_id="214">on</token>
<token number="214" sentence="12" t_id="215">Apple</token>
<token number="215" sentence="12" t_id="216">'s</token>
<token number="216" sentence="12" t_id="217">website</token>
<token number="217" sentence="12" t_id="218">,</token>
<token number="218" sentence="12" t_id="219">the</token>
<token number="219" sentence="12" t_id="220">homepage</token>
<token number="220" sentence="12" t_id="221">of</token>
<token number="221" sentence="12" t_id="222">which</token>
<token number="222" sentence="12" t_id="223">currently</token>
<token number="223" sentence="12" t_id="224">displays</token>
<token number="224" sentence="12" t_id="225">a</token>
<token number="225" sentence="12" t_id="226">black</token>
<token number="226" sentence="12" t_id="227">and</token>
<token number="227" sentence="12" t_id="228">white</token>
<token number="228" sentence="12" t_id="229">photograph</token>
<token number="229" sentence="12" t_id="230">and</token>
<token number="230" sentence="12" t_id="231">the</token>
<token number="231" sentence="12" t_id="232">text</token>
<token number="232" sentence="12" t_id="233">&quot;</token>
<token number="233" sentence="12" t_id="234">Steve</token>
<token number="234" sentence="12" t_id="235">Jobs</token>
<token number="235" sentence="12" t_id="236">1955-2011</token>
<token number="236" sentence="12" t_id="237">&quot;</token>
<token number="237" sentence="12" t_id="238">,</token>
<token number="238" sentence="12" t_id="239">states</token>
<token number="239" sentence="12" t_id="240">:</token>
<token number="240" sentence="12" t_id="241">“</token>
<token number="241" sentence="12" t_id="242">Apple</token>
<token number="242" sentence="12" t_id="243">has</token>
<token number="243" sentence="12" t_id="244">lost</token>
<token number="244" sentence="12" t_id="245">a</token>
<token number="245" sentence="12" t_id="246">visionary</token>
<token number="246" sentence="12" t_id="247">and</token>
<token number="247" sentence="12" t_id="248">creative</token>
<token number="248" sentence="12" t_id="249">genius</token>
<token number="249" sentence="12" t_id="250">,</token>
<token number="250" sentence="12" t_id="251">and</token>
<token number="251" sentence="12" t_id="252">the</token>
<token number="252" sentence="12" t_id="253">world</token>
<token number="253" sentence="12" t_id="254">has</token>
<token number="254" sentence="12" t_id="255">lost</token>
<token number="255" sentence="12" t_id="256">an</token>
<token number="256" sentence="12" t_id="257">amazing</token>
<token number="257" sentence="12" t_id="258">human</token>
<token number="258" sentence="12" t_id="259">being</token>
<token number="259" sentence="12" t_id="260">.</token>
<token number="260" sentence="13" t_id="261">Those</token>
<token number="261" sentence="13" t_id="262">of</token>
<token number="262" sentence="13" t_id="263">us</token>
<token number="263" sentence="13" t_id="264">who</token>
<token number="264" sentence="13" t_id="265">have</token>
<token number="265" sentence="13" t_id="266">been</token>
<token number="266" sentence="13" t_id="267">fortunate</token>
<token number="267" sentence="13" t_id="268">enough</token>
<token number="268" sentence="13" t_id="269">to</token>
<token number="269" sentence="13" t_id="270">know</token>
<token number="270" sentence="13" t_id="271">and</token>
<token number="271" sentence="13" t_id="272">work</token>
<token number="272" sentence="13" t_id="273">with</token>
<token number="273" sentence="13" t_id="274">Steve</token>
<token number="274" sentence="13" t_id="275">have</token>
<token number="275" sentence="13" t_id="276">lost</token>
<token number="276" sentence="13" t_id="277">a</token>
<token number="277" sentence="13" t_id="278">dear</token>
<token number="278" sentence="13" t_id="279">friend</token>
<token number="279" sentence="13" t_id="280">and</token>
<token number="280" sentence="13" t_id="281">an</token>
<token number="281" sentence="13" t_id="282">inspiring</token>
<token number="282" sentence="13" t_id="283">mentor</token>
<token number="283" sentence="13" t_id="284">.</token>
<token number="284" sentence="14" t_id="285">Steve</token>
<token number="285" sentence="14" t_id="286">leaves</token>
<token number="286" sentence="14" t_id="287">behind</token>
<token number="287" sentence="14" t_id="288">a</token>
<token number="288" sentence="14" t_id="289">company</token>
<token number="289" sentence="14" t_id="290">that</token>
<token number="290" sentence="14" t_id="291">only</token>
<token number="291" sentence="14" t_id="292">he</token>
<token number="292" sentence="14" t_id="293">could</token>
<token number="293" sentence="14" t_id="294">have</token>
<token number="294" sentence="14" t_id="295">built</token>
<token number="295" sentence="14" t_id="296">,</token>
<token number="296" sentence="14" t_id="297">and</token>
<token number="297" sentence="14" t_id="298">his</token>
<token number="298" sentence="14" t_id="299">spirit</token>
<token number="299" sentence="14" t_id="300">will</token>
<token number="300" sentence="14" t_id="301">forever</token>
<token number="301" sentence="14" t_id="302">be</token>
<token number="302" sentence="14" t_id="303">the</token>
<token number="303" sentence="14" t_id="304">foundation</token>
<token number="304" sentence="14" t_id="305">of</token>
<token number="305" sentence="14" t_id="306">Apple</token>
<token number="306" sentence="14" t_id="307">.</token>
<token number="307" sentence="14" t_id="308">”</token>
<token number="308" sentence="15" t_id="309">United</token>
<token number="309" sentence="15" t_id="310">States</token>
<token number="310" sentence="15" t_id="311">President</token>
<token number="311" sentence="15" t_id="312">Barack</token>
<token number="312" sentence="15" t_id="313">Obama</token>
<token number="313" sentence="15" t_id="314">said</token>
<token number="314" sentence="15" t_id="315">&quot;</token>
<token number="315" sentence="15" t_id="316">Steve</token>
<token number="316" sentence="15" t_id="317">was</token>
<token number="317" sentence="15" t_id="318">among</token>
<token number="318" sentence="15" t_id="319">the</token>
<token number="319" sentence="15" t_id="320">greatest</token>
<token number="320" sentence="15" t_id="321">of</token>
<token number="321" sentence="15" t_id="322">American</token>
<token number="322" sentence="15" t_id="323">innovators</token>
<token number="323" sentence="15" t_id="324">—</token>
<token number="324" sentence="15" t_id="325">brave</token>
<token number="325" sentence="15" t_id="326">enough</token>
<token number="326" sentence="15" t_id="327">to</token>
<token number="327" sentence="15" t_id="328">think</token>
<token number="328" sentence="15" t_id="329">differently</token>
<token number="329" sentence="15" t_id="330">,</token>
<token number="330" sentence="15" t_id="331">bold</token>
<token number="331" sentence="15" t_id="332">enough</token>
<token number="332" sentence="15" t_id="333">to</token>
<token number="333" sentence="15" t_id="334">believe</token>
<token number="334" sentence="15" t_id="335">he</token>
<token number="335" sentence="15" t_id="336">could</token>
<token number="336" sentence="15" t_id="337">change</token>
<token number="337" sentence="15" t_id="338">the</token>
<token number="338" sentence="15" t_id="339">world</token>
<token number="339" sentence="15" t_id="340">,</token>
<token number="340" sentence="15" t_id="341">and</token>
<token number="341" sentence="15" t_id="342">talented</token>
<token number="342" sentence="15" t_id="343">enough</token>
<token number="343" sentence="15" t_id="344">to</token>
<token number="344" sentence="15" t_id="345">do</token>
<token number="345" sentence="15" t_id="346">it</token>
<token number="346" sentence="15" t_id="347">&quot;</token>
<token number="347" sentence="15" t_id="348">.</token>
<token number="348" sentence="16" t_id="349">Former</token>
<token number="349" sentence="16" t_id="350">Microsoft</token>
<token number="350" sentence="16" t_id="351">CEO</token>
<token number="351" sentence="16" t_id="352">Bill</token>
<token number="352" sentence="16" t_id="353">Gates</token>
<token number="353" sentence="16" t_id="354">responded</token>
<token number="354" sentence="16" t_id="355">to</token>
<token number="355" sentence="16" t_id="356">Jobs</token>
<token number="356" sentence="16" t_id="357">'</token>
<token number="357" sentence="16" t_id="358">death</token>
<token number="358" sentence="16" t_id="359">with</token>
<token number="359" sentence="16" t_id="360">a</token>
<token number="360" sentence="16" t_id="361">statement</token>
<token number="361" sentence="16" t_id="362">on</token>
<token number="362" sentence="16" t_id="363">his</token>
<token number="363" sentence="16" t_id="364">blog</token>
<token number="364" sentence="16" t_id="365">:</token>
<token number="365" sentence="16" t_id="366">&quot;</token>
<token number="366" sentence="16" t_id="367">The</token>
<token number="367" sentence="16" t_id="368">world</token>
<token number="368" sentence="16" t_id="369">rarely</token>
<token number="369" sentence="16" t_id="370">sees</token>
<token number="370" sentence="16" t_id="371">someone</token>
<token number="371" sentence="16" t_id="372">who</token>
<token number="372" sentence="16" t_id="373">has</token>
<token number="373" sentence="16" t_id="374">had</token>
<token number="374" sentence="16" t_id="375">the</token>
<token number="375" sentence="16" t_id="376">profound</token>
<token number="376" sentence="16" t_id="377">impact</token>
<token number="377" sentence="16" t_id="378">Steve</token>
<token number="378" sentence="16" t_id="379">has</token>
<token number="379" sentence="16" t_id="380">had</token>
<token number="380" sentence="16" t_id="381">,</token>
<token number="381" sentence="16" t_id="382">the</token>
<token number="382" sentence="16" t_id="383">effects</token>
<token number="383" sentence="16" t_id="384">of</token>
<token number="384" sentence="16" t_id="385">which</token>
<token number="385" sentence="16" t_id="386">will</token>
<token number="386" sentence="16" t_id="387">be</token>
<token number="387" sentence="16" t_id="388">felt</token>
<token number="388" sentence="16" t_id="389">for</token>
<token number="389" sentence="16" t_id="390">many</token>
<token number="390" sentence="16" t_id="391">generations</token>
<token number="391" sentence="16" t_id="392">to</token>
<token number="392" sentence="16" t_id="393">come</token>
<token number="393" sentence="16" t_id="394">.</token>
<token number="394" sentence="16" t_id="395">...</token>
<token number="395" sentence="17" t_id="396">I</token>
<token number="396" sentence="17" t_id="397">will</token>
<token number="397" sentence="17" t_id="398">miss</token>
<token number="398" sentence="17" t_id="399">Steve</token>
<token number="399" sentence="17" t_id="400">immensely</token>
<token number="400" sentence="17" t_id="401">.</token>
<token number="401" sentence="17" t_id="402">&quot;</token>
<token number="402" sentence="18" t_id="403">The</token>
<token number="403" sentence="18" t_id="404">current</token>
<token number="404" sentence="18" t_id="405">Microsoft</token>
<token number="405" sentence="18" t_id="406">CEO</token>
<token number="406" sentence="18" t_id="407">Steve</token>
<token number="407" sentence="18" t_id="408">Ballmer</token>
<token number="408" sentence="18" t_id="409">also</token>
<token number="409" sentence="18" t_id="410">expressed</token>
<token number="410" sentence="18" t_id="411">condolences</token>
<token number="411" sentence="18" t_id="412">for</token>
<token number="412" sentence="18" t_id="413">Jobs</token>
<token number="413" sentence="18" t_id="414">and</token>
<token number="414" sentence="18" t_id="415">described</token>
<token number="415" sentence="18" t_id="416">him</token>
<token number="416" sentence="18" t_id="417">as</token>
<token number="417" sentence="18" t_id="418">&quot;</token>
<token number="418" sentence="18" t_id="419">one</token>
<token number="419" sentence="18" t_id="420">of</token>
<token number="420" sentence="18" t_id="421">the</token>
<token number="421" sentence="18" t_id="422">founders</token>
<token number="422" sentence="18" t_id="423">of</token>
<token number="423" sentence="18" t_id="424">our</token>
<token number="424" sentence="18" t_id="425">industry</token>
<token number="425" sentence="18" t_id="426">and</token>
<token number="426" sentence="18" t_id="427">a</token>
<token number="427" sentence="18" t_id="428">true</token>
<token number="428" sentence="18" t_id="429">visionary</token>
<token number="429" sentence="18" t_id="430">&quot;</token>
<token number="430" sentence="18" t_id="431">.</token>
<Markables>
<ENTITY_MENTION comment="" head="company" m_id="1" syntactic_type="NOM">
<token_anchor t_id="75"/>
<token_anchor t_id="76"/>
<token_anchor t_id="77"/>
<token_anchor t_id="78"/>
<token_anchor t_id="79"/>
<token_anchor t_id="80"/>
<token_anchor t_id="81"/>
<token_anchor t_id="82"/>
<token_anchor t_id="83"/>
<token_anchor t_id="84"/>
<token_anchor t_id="85"/>
<token_anchor t_id="86"/>
<token_anchor t_id="87"/>
<token_anchor t_id="88"/>
<token_anchor t_id="89"/>
<token_anchor t_id="90"/>
<token_anchor t_id="91"/>
</ENTITY_MENTION>
<ENTITY_MENTION comment="" head="" m_id="2" syntactic_type="NAM">
<token_anchor t_id="65"/>
<token_anchor t_id="66"/>
</ENTITY_MENTION>
<ENTITY_MENTION comment="" head="value" m_id="3" syntactic_type="NOM">
<token_anchor t_id="85"/>
<token_anchor t_id="86"/>
<token_anchor t_id="87"/>
<token_anchor t_id="88"/>
<token_anchor t_id="89"/>
<token_anchor t_id="90"/>
<token_anchor t_id="91"/>
</ENTITY_MENTION>
<ENTITY_MENTION comment="" head="co-founder" m_id="4" syntactic_type="NOM">
<token_anchor t_id="13"/>
<token_anchor t_id="14"/>
</ENTITY_MENTION>
<ENTITY_MENTION comment="" head="" m_id="48" syntactic_type="NAM">
<token_anchor t_id="4"/>
<token_anchor t_id="5"/>
</ENTITY_MENTION>
<ENTITY_MENTION comment="" head="officer" m_id="5" syntactic_type="NOM">
<token_anchor t_id="16"/>
<token_anchor t_id="17"/>
<token_anchor t_id="18"/>
<token_anchor t_id="19"/>
<token_anchor t_id="20"/>
<token_anchor t_id="21"/>
<token_anchor t_id="22"/>
</ENTITY_MENTION>
<ENTITY_MENTION comment="" head="" m_id="49" syntactic_type="NOM">
<token_anchor t_id="1"/>
<token_anchor t_id="2"/>
<token_anchor t_id="3"/>
</ENTITY_MENTION>
<ENTITY_MENTION comment="" head="" m_id="6" syntactic_type="NAM">
<token_anchor t_id="23"/>
<token_anchor t_id="24"/>
</ENTITY_MENTION>
<ENTITY_MENTION comment="" head="" m_id="50" syntactic_type="NOM">
<token_anchor t_id="81"/>
<token_anchor t_id="82"/>
</ENTITY_MENTION>
<ENTITY_MENTION comment="" head="" m_id="7" syntactic_type="NAM">
<token_anchor t_id="21"/>
<token_anchor t_id="22"/>
</ENTITY_MENTION>
<ENTITY_MENTION comment="" head="" m_id="8" syntactic_type="CONJ">
<token_anchor t_id="13"/>
<token_anchor t_id="14"/>
<token_anchor t_id="15"/>
<token_anchor t_id="16"/>
<token_anchor t_id="17"/>
<token_anchor t_id="18"/>
<token_anchor t_id="19"/>
<token_anchor t_id="20"/>
<token_anchor t_id="21"/>
<token_anchor t_id="22"/>
<token_anchor t_id="23"/>
<token_anchor t_id="24"/>
</ENTITY_MENTION>
<ENTITY_MENTION comment="" head="website" m_id="9" syntactic_type="NOM">
<token_anchor t_id="36"/>
<token_anchor t_id="37"/>
<token_anchor t_id="38"/>
</ENTITY_MENTION>
<ENTITY_MENTION comment="" head="company" m_id="10" syntactic_type="PRE.NOM">
<token_anchor t_id="37"/>
</ENTITY_MENTION>
<ENTITY_MENTION comment="" head="" m_id="11" syntactic_type="NAM">
<token_anchor t_id="44"/>
</ENTITY_MENTION>
<ENTITY_MENTION comment="" head="" m_id="12" syntactic_type="PRO">
<token_anchor t_id="47"/>
</ENTITY_MENTION>
<ENTITY_MENTION comment="" head="" m_id="13" syntactic_type="PRE.NAM">
<token_anchor t_id="1"/>
<token_anchor t_id="2"/>
</ENTITY_MENTION>
<ENTITY_MENTION comment="" head="" m_id="14" syntactic_type="PRO">
<token_anchor t_id="52"/>
</ENTITY_MENTION>
<ENTITY_MENTION comment="" head="" m_id="15" syntactic_type="APP">
<token_anchor t_id="1"/>
<token_anchor t_id="2"/>
<token_anchor t_id="3"/>
<token_anchor t_id="4"/>
<token_anchor t_id="5"/>
</ENTITY_MENTION>
<ENTITY_MENTION comment="" head="" m_id="16" syntactic_type="NAM">
<token_anchor t_id="61"/>
</ENTITY_MENTION>
<ENTITY_MENTION comment="" head="" m_id="17" syntactic_type="APP">
<token_anchor t_id="61"/>
<token_anchor t_id="62"/>
<token_anchor t_id="63"/>
<token_anchor t_id="64"/>
<token_anchor t_id="65"/>
<token_anchor t_id="66"/>
<token_anchor t_id="67"/>
<token_anchor t_id="68"/>
<token_anchor t_id="69"/>
<token_anchor t_id="70"/>
<token_anchor t_id="71"/>
</ENTITY_MENTION>
<ENTITY_MENTION comment="" head="" m_id="18" syntactic_type="NOM">
<token_anchor t_id="50"/>
</ENTITY_MENTION>
<EVENT_MENTION aspect="PERFECTIVE" certainty="CERTAIN" comment="" m_id="19" modality="" polarity="POS" pos="VERB" pred="die" special_cases="NONE" tense="PRESENT" time="NON_FUTURE">
<token_anchor t_id="26"/>
</EVENT_MENTION>
<EVENT_MENTION aspect="NONE" certainty="CERTAIN" comment="" m_id="20" modality="" polarity="POS" pos="VERB" pred="resign" special_cases="NONE" tense="PAST" time="NON_FUTURE">
<token_anchor t_id="45"/>
</EVENT_MENTION>
<EVENT_MENTION aspect="PERFECTIVE_PROGRESSIVE" certainty="CERTAIN" comment="" m_id="21" modality="" polarity="POS" pos="VERB" pred="fight" special_cases="NONE" tense="PRESENT" time="NON_FUTURE">
<token_anchor t_id="55"/>
</EVENT_MENTION>
<EVENT_MENTION aspect="NONE" certainty="CERTAIN" comment="" m_id="22" modality="" polarity="POS" pos="VERB" pred="born" special_cases="NONE" tense="PAST" time="NON_FUTURE">
<token_anchor t_id="63"/>
</EVENT_MENTION>
<EVENT_MENTION aspect="PERFECTIVE" certainty="CERTAIN" comment="" m_id="23" modality="" polarity="POS" pos="VERB" pred="build" special_cases="NONE" tense="PRESENT" time="NON_FUTURE">
<token_anchor t_id="74"/>
</EVENT_MENTION>
<EVENT_MENTION aspect="NONE" certainty="CERTAIN" comment="" m_id="24" modality="" polarity="POS" pos="VERB" pred="die" special_cases="NONE" tense="PRESENT" time="NON_FUTURE">
<token_anchor t_id="6"/>
</EVENT_MENTION>
<SIGNAL comment="" m_id="25">
<token_anchor t_id="40"/>
</SIGNAL>
<SIGNAL comment="" m_id="26">
<token_anchor t_id="58"/>
</SIGNAL>
<SIGNAL comment="" m_id="27">
<token_anchor t_id="67"/>
</SIGNAL>
<TIMEX3 anchorTimeID="" beginPoint="" comment="" endPoint="" functionInDocument="NONE" m_id="29" type="DATE" value="2004">
<token_anchor t_id="59"/>
</TIMEX3>
<TIMEX3 anchorTimeID="" beginPoint="" comment="" endPoint="" functionInDocument="CREATION_TIME" m_id="30" type="DATE" value="2011-10-06">
<token_anchor t_id="9"/>
<token_anchor t_id="10"/>
<token_anchor t_id="11"/>
<token_anchor t_id="12"/>
</TIMEX3>
<TIMEX3 anchorTimeID="30" beginPoint="" comment="" endPoint="" functionInDocument="NONE" m_id="31" type="DATE" value="2011-10-05">
<token_anchor t_id="27"/>
</TIMEX3>
<TIMEX3 anchorTimeID="" beginPoint="" comment="" endPoint="" functionInDocument="NONE" m_id="32" type="DATE" value="1955-02-24">
<token_anchor t_id="68"/>
<token_anchor t_id="69"/>
<token_anchor t_id="70"/>
<token_anchor t_id="71"/>
</TIMEX3>
<TIMEX3 anchorTimeID="" beginPoint="" comment="" endPoint="" functionInDocument="NONE" m_id="28" type="DATE" value="2011-08-24">
<token_anchor t_id="41"/>
<token_anchor t_id="42"/>
</TIMEX3>
<VALUE comment="" m_id="33" type="QUANTITY">
<token_anchor t_id="32"/>
</VALUE>
<VALUE comment="" m_id="34" type="MONEY">
<token_anchor t_id="89"/>
<token_anchor t_id="90"/>
<token_anchor t_id="91"/>
</VALUE>
<VALUE comment="" m_id="35" type="QUANTITY">
<token_anchor t_id="8"/>
</VALUE>
<EVENT TAG_DESCRIPTOR="resigned-SE - (Steve Jobs)" class="OTHER" external_ref="resign.01" instance_id="OTH57384457951243371" m_id="151"/>
<EVENT TAG_DESCRIPTOR="die-SE - (Steve Jobs)" class="OTHER" external_ref="die.01;death.01" instance_id="OTH57385643911894648" m_id="152"/><EVENT TAG_DESCRIPTOR="born-SE - (Steve Jobs)" class="OTHER" external_ref="bear.02" instance_id="OTH57297728195916290" m_id="153"/>
<EVENT TAG_DESCRIPTOR="build-SE - (Steve Jobs)" class="OTHER" external_ref="build.01" instance_id="OTH57298684028504179" m_id="154"/><EVENT TAG_DESCRIPTOR="fight-SE - (Steve Jobs)" class="OTHER" external_ref="fight.01" instance_id="OTH57301135384410360" m_id="155"/>
<ENTITY TAG_DESCRIPTOR="Steve Jobs" ent_type="PER" external_ref="http://dbpedia.org/resource/Steve_Jobs " instance_id="PER19274271332322852" m_id="156"/><ENTITY TAG_DESCRIPTOR="Apple's CEO" ent_type="PER" instance_id="PER55723818524474486" m_id="157"/>
<ENTITY TAG_DESCRIPTOR="market value of Apple Inc." ent_type="FIN" instance_id="FIN47082360918924112" m_id="158"/><ENTITY TAG_DESCRIPTOR="San Francisco" ent_type="LOC" external_ref="http://dbpedia.org/resource/San_Francisco" instance_id="LOC44511261974483951" m_id="159"/>
<ENTITY TAG_DESCRIPTOR="website of Apple Inc." ent_type="PRO" instance_id="PRO47082447420403803" m_id="160"/><ENTITY TAG_DESCRIPTOR="APPLE" ent_type="ORG" external_ref="http://dbpedia.org/resource/Apple_Inc." instance_id="ORG19274271187160719" m_id="161"/>
<ENTITY TAG_DESCRIPTOR="Earth" ent_type="LOC" external_ref="http://dbpedia.org/resource/Earth" instance_id="LOC27738550854291187" m_id="162"/>













































</Markables>
<Relations>
<HAS_PARTICIPANT comment="" r_id="362431" sem_role="Arg1" sem_role_framework="PROPBANK">
<source m_id="19"/>
<target m_id="8"/>
</HAS_PARTICIPANT>
<HAS_PARTICIPANT comment="" r_id="362432" sem_role="Arg0" sem_role_framework="PROPBANK">
<source m_id="20"/>
<target m_id="11"/>
</HAS_PARTICIPANT>
<HAS_PARTICIPANT comment="" r_id="362433" sem_role="Arg0" sem_role_framework="PROPBANK">
<source m_id="21"/>
<target m_id="14"/>
</HAS_PARTICIPANT>
<HAS_PARTICIPANT comment="" r_id="362434" sem_role="Arg0" sem_role_framework="PROPBANK">
<source m_id="23"/>
<target m_id="17"/>
</HAS_PARTICIPANT>
<HAS_PARTICIPANT comment="" r_id="362435" sem_role="Arg1" sem_role_framework="PROPBANK">
<source m_id="23"/>
<target m_id="1"/>
</HAS_PARTICIPANT>
<HAS_PARTICIPANT comment="" r_id="362436" sem_role="Arg1" sem_role_framework="PROPBANK">
<source m_id="22"/>
<target m_id="16"/>
</HAS_PARTICIPANT>
<HAS_PARTICIPANT comment="" r_id="362437" sem_role="Argm-OTHER" sem_role_framework="PROPBANK">
<source m_id="22"/>
<target m_id="2"/>
</HAS_PARTICIPANT>
<TLINK comment="" r_id="362439" reltype="BEFORE" signalID="">
<source m_id="19"/>
<target m_id="30"/>
</TLINK>
<TLINK comment="" r_id="362440" reltype="BEFORE" signalID="">
<source m_id="20"/>
<target m_id="30"/>
</TLINK>
<TLINK comment="" r_id="362441" reltype="BEFORE" signalID="">
<source m_id="21"/>
<target m_id="30"/>
</TLINK>
<TLINK comment="" r_id="362442" reltype="BEFORE" signalID="">
<source m_id="23"/>
<target m_id="30"/>
</TLINK>
<TLINK comment="" r_id="362443" reltype="AFTER" signalID="">
<source m_id="19"/>
<target m_id="20"/>
</TLINK>
<TLINK comment="" r_id="362444" reltype="IS_INCLUDED" signalID="">
<source m_id="20"/>
<target m_id="21"/>
</TLINK>
<TLINK comment="" r_id="362445" reltype="IS_INCLUDED" signalID="">
<source m_id="21"/>
<target m_id="23"/>
</TLINK>
<TLINK comment="" r_id="362446" reltype="IS_INCLUDED" signalID="">
<source m_id="19"/>
<target m_id="31"/>
</TLINK>
<TLINK comment="" r_id="362447" reltype="IS_INCLUDED" signalID="25">
<source m_id="20"/>
<target m_id="28"/>
</TLINK>
<TLINK comment="" r_id="362448" reltype="BEGINS" signalID="26">
<source m_id="21"/>
<target m_id="29"/>
</TLINK>
<TLINK comment="" r_id="362449" reltype="IS_INCLUDED" signalID="27">
<source m_id="22"/>
<target m_id="32"/>
</TLINK>

<HAS_PARTICIPANT comment="" r_id="362464" sem_role="Arg1" sem_role_framework="PROPBANK">
<source m_id="24"/>
<target m_id="15"/>
</HAS_PARTICIPANT>
<HAS_PARTICIPANT comment="" r_id="362465" sem_role="Arg1" sem_role_framework="PROPBANK">
<source m_id="20"/>
<target m_id="18"/>
</HAS_PARTICIPANT>
























<REFERS_TO r_id="366600">
<source m_id="20"/>
<target m_id="151"/>
</REFERS_TO>
<REFERS_TO r_id="366601">
<source m_id="22"/>
<target m_id="153"/>
</REFERS_TO>
<REFERS_TO r_id="366602">
<source m_id="19"/>
<source m_id="24"/>

<target m_id="152"/>
</REFERS_TO>
<REFERS_TO r_id="366603">
<source m_id="21"/>
<target m_id="155"/>
</REFERS_TO>
<REFERS_TO r_id="366604">
<source m_id="23"/>
<target m_id="154"/>
</REFERS_TO>
<REFERS_TO r_id="366605">
<source m_id="18"/>
<target m_id="157"/>
</REFERS_TO>
<REFERS_TO r_id="366606">
<source m_id="17"/>
<source m_id="4"/>
<source m_id="48"/>
<source m_id="5"/>
<source m_id="49"/>
<source m_id="6"/>
<source m_id="8"/>
<source m_id="11"/>
<source m_id="12"/>
<source m_id="14"/>
<source m_id="15"/>
<source m_id="16"/>


























<target m_id="156"/>
</REFERS_TO>
<REFERS_TO r_id="366607">
<source m_id="2"/>
<target m_id="159"/>
</REFERS_TO>
<REFERS_TO r_id="366608">
<source m_id="3"/>
<target m_id="158"/>
</REFERS_TO>













<REFERS_TO r_id="366622">
<source m_id="9"/>
<target m_id="160"/>
</REFERS_TO>
<REFERS_TO r_id="366623">
<source m_id="1"/>
<source m_id="7"/>
<source m_id="10"/>
<source m_id="13"/>
<target m_id="161"/>
</REFERS_TO>
<REFERS_TO r_id="366624">
<source m_id="50"/>
<target m_id="162"/>
</REFERS_TO>
</Relations>
</Document>