<?xml version="1.0" ?><Document doc_id="58207" doc_name="58207_Apple_introduces_iPhone_and_Apple_TV" lang="en" url="http://en.wikinews.org/wiki/Apple_introduces_iPhone_and_Apple_TV">
<token number="0" sentence="0" t_id="1">Apple</token>
<token number="1" sentence="0" t_id="2">introduces</token>
<token number="2" sentence="0" t_id="3">iPhone</token>
<token number="3" sentence="0" t_id="4">and</token>
<token number="4" sentence="0" t_id="5">Apple</token>
<token number="5" sentence="0" t_id="6">TV</token>
<token number="6" sentence="1" t_id="7">January</token>
<token number="7" sentence="1" t_id="8">10</token>
<token number="8" sentence="1" t_id="9">,</token>
<token number="9" sentence="1" t_id="10">2007</token>
<token number="10" sentence="2" t_id="11">Apple</token>
<token number="11" sentence="2" t_id="12">Inc.</token>
<token number="12" sentence="2" t_id="13">today</token>
<token number="13" sentence="2" t_id="14">has</token>
<token number="14" sentence="2" t_id="15">introduced</token>
<token number="15" sentence="2" t_id="16">the</token>
<token number="16" sentence="2" t_id="17">much-anticipated</token>
<token number="17" sentence="2" t_id="18">iPhone</token>
<token number="18" sentence="2" t_id="19">at</token>
<token number="19" sentence="2" t_id="20">the</token>
<token number="20" sentence="2" t_id="21">Macworld</token>
<token number="21" sentence="2" t_id="22">Conference</token>
<token number="22" sentence="2" t_id="23">in</token>
<token number="23" sentence="2" t_id="24">San</token>
<token number="24" sentence="2" t_id="25">Francisco</token>
<token number="25" sentence="2" t_id="26">.</token>
<token number="26" sentence="3" t_id="27">The</token>
<token number="27" sentence="3" t_id="28">iPhone</token>
<token number="28" sentence="3" t_id="29">is</token>
<token number="29" sentence="3" t_id="30">claimed</token>
<token number="30" sentence="3" t_id="31">to</token>
<token number="31" sentence="3" t_id="32">be</token>
<token number="32" sentence="3" t_id="33">``</token>
<token number="33" sentence="3" t_id="34">a</token>
<token number="34" sentence="3" t_id="35">revolutionary</token>
<token number="35" sentence="3" t_id="36">mobile</token>
<token number="36" sentence="3" t_id="37">phone</token>
<token number="37" sentence="3" t_id="38">''</token>
<token number="38" sentence="3" t_id="39">as</token>
<token number="39" sentence="3" t_id="40">stated</token>
<token number="40" sentence="3" t_id="41">on</token>
<token number="41" sentence="3" t_id="42">the</token>
<token number="42" sentence="3" t_id="43">Apple</token>
<token number="43" sentence="3" t_id="44">website</token>
<token number="44" sentence="3" t_id="45">.</token>
<token number="45" sentence="4" t_id="46">The</token>
<token number="46" sentence="4" t_id="47">device</token>
<token number="47" sentence="4" t_id="48">appears</token>
<token number="48" sentence="4" t_id="49">to</token>
<token number="49" sentence="4" t_id="50">be</token>
<token number="50" sentence="4" t_id="51">running</token>
<token number="51" sentence="4" t_id="52">a</token>
<token number="52" sentence="4" t_id="53">mobile</token>
<token number="53" sentence="4" t_id="54">version</token>
<token number="54" sentence="4" t_id="55">of</token>
<token number="55" sentence="4" t_id="56">the</token>
<token number="56" sentence="4" t_id="57">Apple</token>
<token number="57" sentence="4" t_id="58">operating</token>
<token number="58" sentence="4" t_id="59">system</token>
<token number="59" sentence="4" t_id="60">Mac</token>
<token number="60" sentence="4" t_id="61">OSX</token>
<token number="61" sentence="4" t_id="62">.</token>
<token number="62" sentence="5" t_id="63">It</token>
<token number="63" sentence="5" t_id="64">is</token>
<token number="64" sentence="5" t_id="65">approximately</token>
<token number="65" sentence="5" t_id="66">the</token>
<token number="66" sentence="5" t_id="67">same</token>
<token number="67" sentence="5" t_id="68">size</token>
<token number="68" sentence="5" t_id="69">as</token>
<token number="69" sentence="5" t_id="70">a</token>
<token number="70" sentence="5" t_id="71">5th</token>
<token number="71" sentence="5" t_id="72">generation</token>
<token number="72" sentence="5" t_id="73">iPod</token>
<token number="73" sentence="5" t_id="74">,</token>
<token number="74" sentence="5" t_id="75">it</token>
<token number="75" sentence="5" t_id="76">has</token>
<token number="76" sentence="5" t_id="77">a</token>
<token number="77" sentence="5" t_id="78">3.5-inch</token>
<token number="78" sentence="5" t_id="79">LCD</token>
<token number="79" sentence="5" t_id="80">touchscreen</token>
<token number="80" sentence="5" t_id="81">display</token>
<token number="81" sentence="5" t_id="82">that</token>
<token number="82" sentence="5" t_id="83">is</token>
<token number="83" sentence="5" t_id="84">used</token>
<token number="84" sentence="5" t_id="85">to</token>
<token number="85" sentence="5" t_id="86">access</token>
<token number="86" sentence="5" t_id="87">all</token>
<token number="87" sentence="5" t_id="88">features</token>
<token number="88" sentence="5" t_id="89">of</token>
<token number="89" sentence="5" t_id="90">the</token>
<token number="90" sentence="5" t_id="91">phone</token>
<token number="91" sentence="5" t_id="92">including</token>
<token number="92" sentence="5" t_id="93">number</token>
<token number="93" sentence="5" t_id="94">dial</token>
<token number="94" sentence="5" t_id="95">,</token>
<token number="95" sentence="5" t_id="96">as</token>
<token number="96" sentence="5" t_id="97">well</token>
<token number="97" sentence="5" t_id="98">as</token>
<token number="98" sentence="5" t_id="99">making</token>
<token number="99" sentence="5" t_id="100">phone</token>
<token number="100" sentence="5" t_id="101">calls</token>
<token number="101" sentence="5" t_id="102">.</token>
<token number="102" sentence="6" t_id="103">The</token>
<token number="103" sentence="6" t_id="104">iPhone</token>
<token number="104" sentence="6" t_id="105">plays</token>
<token number="105" sentence="6" t_id="106">music</token>
<token number="106" sentence="6" t_id="107">,</token>
<token number="107" sentence="6" t_id="108">movies</token>
<token number="108" sentence="6" t_id="109">,</token>
<token number="109" sentence="6" t_id="110">displays</token>
<token number="110" sentence="6" t_id="111">pictures</token>
<token number="111" sentence="6" t_id="112">and</token>
<token number="112" sentence="6" t_id="113">is</token>
<token number="113" sentence="6" t_id="114">able</token>
<token number="114" sentence="6" t_id="115">to</token>
<token number="115" sentence="6" t_id="116">connect</token>
<token number="116" sentence="6" t_id="117">to</token>
<token number="117" sentence="6" t_id="118">a</token>
<token number="118" sentence="6" t_id="119">wireless</token>
<token number="119" sentence="6" t_id="120">network</token>
<token number="120" sentence="6" t_id="121">.</token>
<token number="121" sentence="7" t_id="122">Apple</token>
<token number="122" sentence="7" t_id="123">CEO</token>
<token number="123" sentence="7" t_id="124">Steve</token>
<token number="124" sentence="7" t_id="125">Jobs</token>
<token number="125" sentence="7" t_id="126">unveiled</token>
<token number="126" sentence="7" t_id="127">the</token>
<token number="127" sentence="7" t_id="128">device</token>
<token number="128" sentence="7" t_id="129">by</token>
<token number="129" sentence="7" t_id="130">walking</token>
<token number="130" sentence="7" t_id="131">onto</token>
<token number="131" sentence="7" t_id="132">the</token>
<token number="132" sentence="7" t_id="133">stage</token>
<token number="133" sentence="7" t_id="134">and</token>
<token number="134" sentence="7" t_id="135">taking</token>
<token number="135" sentence="7" t_id="136">the</token>
<token number="136" sentence="7" t_id="137">iPhone</token>
<token number="137" sentence="7" t_id="138">out</token>
<token number="138" sentence="7" t_id="139">of</token>
<token number="139" sentence="7" t_id="140">his</token>
<token number="140" sentence="7" t_id="141">jeans</token>
<token number="141" sentence="7" t_id="142">pocket</token>
<token number="142" sentence="7" t_id="143">.</token>
<token number="143" sentence="8" t_id="144">During</token>
<token number="144" sentence="8" t_id="145">his</token>
<token number="145" sentence="8" t_id="146">2</token>
<token number="146" sentence="8" t_id="147">hour</token>
<token number="147" sentence="8" t_id="148">speech</token>
<token number="148" sentence="8" t_id="149">he</token>
<token number="149" sentence="8" t_id="150">stated</token>
<token number="150" sentence="8" t_id="151">that</token>
<token number="151" sentence="8" t_id="152">``</token>
<token number="152" sentence="8" t_id="153">Today</token>
<token number="153" sentence="8" t_id="154">Apple</token>
<token number="154" sentence="8" t_id="155">is</token>
<token number="155" sentence="8" t_id="156">going</token>
<token number="156" sentence="8" t_id="157">to</token>
<token number="157" sentence="8" t_id="158">reinvent</token>
<token number="158" sentence="8" t_id="159">the</token>
<token number="159" sentence="8" t_id="160">phone</token>
<token number="160" sentence="8" t_id="161">,</token>
<token number="161" sentence="8" t_id="162">We</token>
<token number="162" sentence="8" t_id="163">are</token>
<token number="163" sentence="8" t_id="164">going</token>
<token number="164" sentence="8" t_id="165">to</token>
<token number="165" sentence="8" t_id="166">make</token>
<token number="166" sentence="8" t_id="167">history</token>
<token number="167" sentence="8" t_id="168">today</token>
<token number="168" sentence="8" t_id="169">''</token>
<token number="169" sentence="8" t_id="170">.</token>
<token number="170" sentence="9" t_id="171">Today</token>
<token number="171" sentence="9" t_id="172">Apple</token>
<token number="172" sentence="9" t_id="173">also</token>
<token number="173" sentence="9" t_id="174">released</token>
<token number="174" sentence="9" t_id="175">their</token>
<token number="175" sentence="9" t_id="176">Media</token>
<token number="176" sentence="9" t_id="177">Center</token>
<token number="177" sentence="9" t_id="178">device</token>
<token number="178" sentence="9" t_id="179">-</token>
<token number="179" sentence="9" t_id="180">Apple</token>
<token number="180" sentence="9" t_id="181">TV</token>
<token number="181" sentence="9" t_id="182">.</token>
<token number="182" sentence="10" t_id="183">It</token>
<token number="183" sentence="10" t_id="184">will</token>
<token number="184" sentence="10" t_id="185">directly</token>
<token number="185" sentence="10" t_id="186">compete</token>
<token number="186" sentence="10" t_id="187">with</token>
<token number="187" sentence="10" t_id="188">Microsoft</token>
<token number="188" sentence="10" t_id="189">'s</token>
<token number="189" sentence="10" t_id="190">Media</token>
<token number="190" sentence="10" t_id="191">Center</token>
<token number="191" sentence="10" t_id="192">operating</token>
<token number="192" sentence="10" t_id="193">system</token>
<token number="193" sentence="10" t_id="194">.</token>
<token number="194" sentence="11" t_id="195">Apple</token>
<token number="195" sentence="11" t_id="196">has</token>
<token number="196" sentence="11" t_id="197">taken</token>
<token number="197" sentence="11" t_id="198">a</token>
<token number="198" sentence="11" t_id="199">different</token>
<token number="199" sentence="11" t_id="200">approach</token>
<token number="200" sentence="11" t_id="201">to</token>
<token number="201" sentence="11" t_id="202">the</token>
<token number="202" sentence="11" t_id="203">media</token>
<token number="203" sentence="11" t_id="204">center</token>
<token number="204" sentence="11" t_id="205">market</token>
<token number="205" sentence="11" t_id="206">;</token>
<token number="206" sentence="11" t_id="207">rather</token>
<token number="207" sentence="11" t_id="208">than</token>
<token number="208" sentence="11" t_id="209">storing</token>
<token number="209" sentence="11" t_id="210">content</token>
<token number="210" sentence="11" t_id="211">(</token>
<token number="211" sentence="11" t_id="212">such</token>
<token number="212" sentence="11" t_id="213">as</token>
<token number="213" sentence="11" t_id="214">movies</token>
<token number="214" sentence="11" t_id="215">,</token>
<token number="215" sentence="11" t_id="216">music</token>
<token number="216" sentence="11" t_id="217">and</token>
<token number="217" sentence="11" t_id="218">photos</token>
<token number="218" sentence="11" t_id="219">)</token>
<token number="219" sentence="11" t_id="220">on</token>
<token number="220" sentence="11" t_id="221">the</token>
<token number="221" sentence="11" t_id="222">device</token>
<token number="222" sentence="11" t_id="223">,</token>
<token number="223" sentence="11" t_id="224">Apple</token>
<token number="224" sentence="11" t_id="225">TV</token>
<token number="225" sentence="11" t_id="226">connects</token>
<token number="226" sentence="11" t_id="227">to</token>
<token number="227" sentence="11" t_id="228">a</token>
<token number="228" sentence="11" t_id="229">computer</token>
<token number="229" sentence="11" t_id="230">(</token>
<token number="230" sentence="11" t_id="231">Mac</token>
<token number="231" sentence="11" t_id="232">and</token>
<token number="232" sentence="11" t_id="233">Windows</token>
<token number="233" sentence="11" t_id="234">)</token>
<token number="234" sentence="11" t_id="235">over</token>
<token number="235" sentence="11" t_id="236">a</token>
<token number="236" sentence="11" t_id="237">wirless</token>
<token number="237" sentence="11" t_id="238">network</token>
<token number="238" sentence="11" t_id="239">connection</token>
<token number="239" sentence="11" t_id="240">and</token>
<token number="240" sentence="11" t_id="241">plays</token>
<token number="241" sentence="11" t_id="242">all</token>
<token number="242" sentence="11" t_id="243">content</token>
<token number="243" sentence="11" t_id="244">stored</token>
<token number="244" sentence="11" t_id="245">on</token>
<token number="245" sentence="11" t_id="246">that</token>
<token number="246" sentence="11" t_id="247">computer</token>
<token number="247" sentence="11" t_id="248">.</token>
<token number="248" sentence="12" t_id="249">This</token>
<token number="249" sentence="12" t_id="250">makes</token>
<token number="250" sentence="12" t_id="251">it</token>
<token number="251" sentence="12" t_id="252">substantially</token>
<token number="252" sentence="12" t_id="253">easier</token>
<token number="253" sentence="12" t_id="254">for</token>
<token number="254" sentence="12" t_id="255">users</token>
<token number="255" sentence="12" t_id="256">to</token>
<token number="256" sentence="12" t_id="257">organize</token>
<token number="257" sentence="12" t_id="258">their</token>
<token number="258" sentence="12" t_id="259">media</token>
<token number="259" sentence="12" t_id="260">content</token>
<token number="260" sentence="12" t_id="261">.</token>
<Markables>
<ENTITY_MENTION comment="" head="phone" m_id="1" syntactic_type="NOM">
<token_anchor t_id="90"/>
<token_anchor t_id="91"/>
</ENTITY_MENTION>
<ENTITY_MENTION comment="" head="Apple Inc." m_id="2" syntactic_type="NAM">
<token_anchor t_id="11"/>
<token_anchor t_id="12"/>
</ENTITY_MENTION>
<ENTITY_MENTION comment="" head="display" m_id="3" syntactic_type="NOM">
<token_anchor t_id="77"/>
<token_anchor t_id="78"/>
<token_anchor t_id="79"/>
<token_anchor t_id="80"/>
<token_anchor t_id="81"/>
<token_anchor t_id="82"/>
<token_anchor t_id="83"/>
<token_anchor t_id="84"/>
<token_anchor t_id="85"/>
<token_anchor t_id="86"/>
<token_anchor t_id="87"/>
<token_anchor t_id="88"/>
<token_anchor t_id="89"/>
<token_anchor t_id="90"/>
<token_anchor t_id="91"/>
<token_anchor t_id="92"/>
<token_anchor t_id="93"/>
<token_anchor t_id="94"/>
<token_anchor t_id="95"/>
<token_anchor t_id="96"/>
<token_anchor t_id="97"/>
<token_anchor t_id="98"/>
<token_anchor t_id="99"/>
<token_anchor t_id="100"/>
<token_anchor t_id="101"/>
</ENTITY_MENTION>
<ENTITY_MENTION comment="" head="features" m_id="4" syntactic_type="NOM">
<token_anchor t_id="87"/>
<token_anchor t_id="88"/>
<token_anchor t_id="89"/>
<token_anchor t_id="90"/>
<token_anchor t_id="91"/>
<token_anchor t_id="92"/>
<token_anchor t_id="93"/>
<token_anchor t_id="94"/>
<token_anchor t_id="95"/>
<token_anchor t_id="96"/>
<token_anchor t_id="97"/>
<token_anchor t_id="98"/>
<token_anchor t_id="99"/>
<token_anchor t_id="100"/>
<token_anchor t_id="101"/>
</ENTITY_MENTION>
<ENTITY_MENTION comment="" head="dial" m_id="5" syntactic_type="NOM">
<token_anchor t_id="93"/>
<token_anchor t_id="94"/>
</ENTITY_MENTION>
<ENTITY_MENTION comment="" head="iPhone" m_id="6" syntactic_type="NAM">
<token_anchor t_id="16"/>
<token_anchor t_id="17"/>
<token_anchor t_id="18"/>
</ENTITY_MENTION>
<ENTITY_MENTION comment="" head="calls" m_id="7" syntactic_type="NOM">
<token_anchor t_id="99"/>
<token_anchor t_id="100"/>
<token_anchor t_id="101"/>
</ENTITY_MENTION>
<ENTITY_MENTION comment="" head="San Francisco" m_id="8" syntactic_type="NAM">
<token_anchor t_id="24"/>
<token_anchor t_id="25"/>
</ENTITY_MENTION>
<ENTITY_MENTION comment="" head="" m_id="9" syntactic_type="CONJ">
<token_anchor t_id="93"/>
<token_anchor t_id="94"/>
<token_anchor t_id="95"/>
<token_anchor t_id="96"/>
<token_anchor t_id="97"/>
<token_anchor t_id="98"/>
<token_anchor t_id="99"/>
<token_anchor t_id="100"/>
<token_anchor t_id="101"/>
</ENTITY_MENTION>
<ENTITY_MENTION comment="" head="iPhone" m_id="10" syntactic_type="NAM">
<token_anchor t_id="27"/>
<token_anchor t_id="28"/>
</ENTITY_MENTION>
<ENTITY_MENTION comment="" head="phone" m_id="11" syntactic_type="NOM">
<token_anchor t_id="34"/>
<token_anchor t_id="35"/>
<token_anchor t_id="36"/>
<token_anchor t_id="37"/>
</ENTITY_MENTION>
<ENTITY_MENTION comment="" head="website" m_id="12" syntactic_type="NOM">
<token_anchor t_id="42"/>
<token_anchor t_id="43"/>
<token_anchor t_id="44"/>
</ENTITY_MENTION>
<ENTITY_MENTION comment="" head="device" m_id="13" syntactic_type="NOM">
<token_anchor t_id="46"/>
<token_anchor t_id="47"/>
</ENTITY_MENTION>
<ENTITY_MENTION comment="" head="Apple" m_id="14" syntactic_type="NAM">
<token_anchor t_id="1"/>
</ENTITY_MENTION>
<ENTITY_MENTION comment="" head="version" m_id="15" syntactic_type="NOM">
<token_anchor t_id="52"/>
<token_anchor t_id="53"/>
<token_anchor t_id="54"/>
<token_anchor t_id="55"/>
<token_anchor t_id="56"/>
<token_anchor t_id="57"/>
<token_anchor t_id="58"/>
<token_anchor t_id="59"/>
<token_anchor t_id="60"/>
<token_anchor t_id="61"/>
</ENTITY_MENTION>
<ENTITY_MENTION comment="" head="iPhone" m_id="16" syntactic_type="NAM">
<token_anchor t_id="3"/>
</ENTITY_MENTION>
<ENTITY_MENTION comment="" head="Mac OSX" m_id="17" syntactic_type="NAM">
<token_anchor t_id="56"/>
<token_anchor t_id="57"/>
<token_anchor t_id="58"/>
<token_anchor t_id="59"/>
<token_anchor t_id="60"/>
<token_anchor t_id="61"/>
</ENTITY_MENTION>
<ENTITY_MENTION comment="" head="Apple TV" m_id="18" syntactic_type="NAM">
<token_anchor t_id="5"/>
<token_anchor t_id="6"/>
</ENTITY_MENTION>
<ENTITY_MENTION comment="" head="Apple" m_id="19" syntactic_type="PRE.NAM">
<token_anchor t_id="57"/>
</ENTITY_MENTION>
<ENTITY_MENTION comment="" head="" m_id="20" syntactic_type="CONJ">
<token_anchor t_id="3"/>
<token_anchor t_id="4"/>
<token_anchor t_id="5"/>
<token_anchor t_id="6"/>
</ENTITY_MENTION>
<ENTITY_MENTION comment="" head="it" m_id="21" syntactic_type="PRO">
<token_anchor t_id="63"/>
</ENTITY_MENTION>
<ENTITY_MENTION comment="" head="iPod" m_id="22" syntactic_type="NAM">
<token_anchor t_id="70"/>
<token_anchor t_id="71"/>
<token_anchor t_id="72"/>
<token_anchor t_id="73"/>
</ENTITY_MENTION>
<ENTITY_MENTION comment="" head="Apple" m_id="23" syntactic_type="PRE.NAM">
<token_anchor t_id="5"/>
</ENTITY_MENTION>
<ENTITY_MENTION comment="" head="it" m_id="24" syntactic_type="PRO">
<token_anchor t_id="75"/>
</ENTITY_MENTION>
<ENTITY_MENTION comment="" head="that" m_id="25" syntactic_type="PRO">
<token_anchor t_id="82"/>
</ENTITY_MENTION>
<ENTITY_MENTION comment="" head="Apple" m_id="26" syntactic_type="PRE.NAM">
<token_anchor t_id="43"/>
</ENTITY_MENTION>
<EVENT_MENTION aspect="NONE" certainty="CERTAIN" comment="" m_id="29" modality="" polarity="POS" pos="VERB" pred="claim" special_cases="NONE" tense="PRESENT" time="NON_FUTURE">
<token_anchor t_id="30"/>
</EVENT_MENTION>
<EVENT_MENTION aspect="NONE" certainty="CERTAIN" comment="" m_id="30" modality="" polarity="POS" pos="VERB" pred="be" special_cases="NONE" tense="INFINITIVE" time="FUTURE">
<token_anchor t_id="32"/>
</EVENT_MENTION>
<EVENT_MENTION aspect="NONE" certainty="CERTAIN" comment="" m_id="31" modality="" polarity="POS" pos="VERB" pred="state" special_cases="NONE" tense="PAST" time="NON_FUTURE">
<token_anchor t_id="40"/>
</EVENT_MENTION>
<EVENT_MENTION aspect="NONE" certainty="CERTAIN" comment="" m_id="32" modality="" polarity="POS" pos="VERB" pred="appear" special_cases="NONE" tense="PRESENT" time="NON_FUTURE">
<token_anchor t_id="48"/>
</EVENT_MENTION>
<EVENT_MENTION aspect="PROGRESSIVE" certainty="POSSIBLE" comment="" m_id="33" modality="" polarity="POS" pos="VERB" pred="run" special_cases="NONE" tense="INFINITIVE" time="FUTURE">
<token_anchor t_id="51"/>
</EVENT_MENTION>
<EVENT_MENTION aspect="NONE" certainty="CERTAIN" comment="" m_id="34" modality="" polarity="POS" pos="VERB" pred="be" special_cases="NONE" tense="PRESENT" time="NON_FUTURE">
<token_anchor t_id="64"/>
</EVENT_MENTION>
<EVENT_MENTION aspect="NONE" certainty="CERTAIN" comment="" m_id="35" modality="" polarity="POS" pos="VERB" pred="have" special_cases="GEN" tense="PRESENT" time="NON_FUTURE">
<token_anchor t_id="76"/>
</EVENT_MENTION>
<EVENT_MENTION aspect="NONE" certainty="CERTAIN" comment="" m_id="36" modality="" polarity="POS" pos="VERB" pred="use" special_cases="GEN" tense="PRESENT" time="NON_FUTURE">
<token_anchor t_id="84"/>
</EVENT_MENTION>
<EVENT_MENTION aspect="NONE" certainty="CERTAIN" comment="" m_id="37" modality="" polarity="POS" pos="VERB" pred="access" special_cases="GEN" tense="INFINITIVE" time="FUTURE">
<token_anchor t_id="86"/>
</EVENT_MENTION>
<EVENT_MENTION aspect="NONE" certainty="CERTAIN" comment="" m_id="38" modality="" polarity="POS" pos="VERB" pred="introduce" special_cases="NONE" tense="PRESENT" time="NON_FUTURE">
<token_anchor t_id="2"/>
</EVENT_MENTION>
<EVENT_MENTION aspect="NONE" certainty="CERTAIN" comment="" m_id="27" modality="" polarity="POS" pos="NOUN" pred="conference" special_cases="NONE" tense="NONE" time="NON_FUTURE">
<token_anchor t_id="22"/>
</EVENT_MENTION>
<EVENT_MENTION aspect="PERFECTIVE" certainty="CERTAIN" comment="" m_id="28" modality="" polarity="POS" pos="VERB" pred="introduce" special_cases="NONE" tense="PRESENT" time="NON_FUTURE">
<token_anchor t_id="15"/>
</EVENT_MENTION>
<TIMEX3 anchorTimeID="" beginPoint="" comment="" endPoint="" functionInDocument="CREATION_TIME" m_id="39" type="DATE" value="2007-01-10">
<token_anchor t_id="7"/>
<token_anchor t_id="8"/>
<token_anchor t_id="9"/>
<token_anchor t_id="10"/>
</TIMEX3>
<TIMEX3 anchorTimeID="39" beginPoint="" comment="" endPoint="" functionInDocument="NONE" m_id="40" type="DATE" value="2007-01-10">
<token_anchor t_id="13"/>
</TIMEX3>
<VALUE comment="" m_id="41" type="QUANTITY">
<token_anchor t_id="78"/>
</VALUE>
<VALUE comment="" m_id="42" type="QUANTITY">
<token_anchor t_id="71"/>
</VALUE>
<EVENT TAG_DESCRIPTOR="introduce" class="OTHER" comment="" external_ref="" m_id="44"/>
<EVENT TAG_DESCRIPTOR="Conference" class="OTHER" comment="" external_ref="" m_id="46"/>
<EVENT TAG_DESCRIPTOR="claim" class="SPEECH_COGNITIVE" comment="" external_ref="" m_id="48"/>
<EVENT TAG_DESCRIPTOR="be" class="GRAMMATICAL" comment="" external_ref="" m_id="49"/>
<EVENT TAG_DESCRIPTOR="state" class="SPEECH_COGNITIVE" comment="" external_ref="" m_id="51"/>
<EVENT TAG_DESCRIPTOR="appear" class="GRAMMATICAL" comment="" external_ref="" m_id="53"/>
<EVENT TAG_DESCRIPTOR="run" class="OTHER" comment="" external_ref="" m_id="54"/>
<EVENT TAG_DESCRIPTOR="have" class="GRAMMATICAL" comment="" external_ref="" m_id="58"/>
<EVENT TAG_DESCRIPTOR="use" class="GRAMMATICAL" comment="" external_ref="" m_id="60"/>
<EVENT TAG_DESCRIPTOR="access" class="OTHER" comment="" external_ref="" m_id="61"/>
<ENTITY TAG_DESCRIPTOR="IPOD" ent_type="PRO" external_ref="http://dbpedia.org/resource/IPod" instance_id="PRO19274272200451092" m_id="100"/>
<ENTITY TAG_DESCRIPTOR="iPhone and Apple TV" ent_type="PRO" instance_id="PRO55725465371074692" m_id="104"/><ENTITY TAG_DESCRIPTOR="Mac OS X" ent_type="PRO" external_ref="http://dbpedia.org/resource/OS_X" instance_id="PRO47185698076592168" m_id="105"/>
<ENTITY TAG_DESCRIPTOR="number dial" ent_type="PRO" instance_id="PRO55725824557210799" m_id="106"/><ENTITY TAG_DESCRIPTOR="Apple TV" ent_type="PRO" external_ref="http://dbpedia.org/resource/Apple_TV" instance_id="PRO55725378273822469" m_id="108"/>
<ENTITY TAG_DESCRIPTOR="mobile version of Mac OS X" ent_type="PRO" instance_id="PRO55725646074536589" m_id="109"/><ENTITY TAG_DESCRIPTOR="website of Apple Inc." ent_type="PRO" instance_id="PRO47082447420403803" m_id="110"/>
<ENTITY TAG_DESCRIPTOR="all features of the iPhone" ent_type="PRO" instance_id="PRO56155231981286331" m_id="111"/><ENTITY TAG_DESCRIPTOR="APPLE" ent_type="ORG" external_ref="http://dbpedia.org/resource/Apple_Inc." instance_id="ORG19274271187160719" m_id="112"/>
<ENTITY TAG_DESCRIPTOR="dial number and make phone calls" ent_type="PRO" instance_id="PRO55725855566434151" m_id="113"/><ENTITY TAG_DESCRIPTOR="San Francisco" ent_type="LOC" external_ref="http://dbpedia.org/resource/San_Francisco" instance_id="LOC44511261974483951" m_id="114"/>
<ENTITY TAG_DESCRIPTOR="make phone calls" ent_type="PRO" instance_id="PRO55725840407942274" m_id="115"/><ENTITY TAG_DESCRIPTOR="a 3.5 inch LCD touchscreen display" ent_type="PRO" instance_id="PRO55725795171162773" m_id="116"/>
<ENTITY TAG_DESCRIPTOR="IPHONE (GENERIC)" ent_type="PRO" external_ref="http://dbpedia.org/resource/IPhone" instance_id="PRO19274272065484084" m_id="117"/>












</Markables>
<Relations>










<TLINK comment="" r_id="361281" reltype="INCLUDES" signalID="">
<source m_id="39"/>
<target m_id="28"/>
</TLINK>
<TLINK comment="" r_id="361282" reltype="INCLUDES" signalID="">
<source m_id="39"/>
<target m_id="29"/>
</TLINK>
<TLINK comment="" r_id="361283" reltype="INCLUDES" signalID="">
<source m_id="39"/>
<target m_id="31"/>
</TLINK>
<TLINK comment="" r_id="361284" reltype="BEGINS" signalID="">
<source m_id="39"/>
<target m_id="32"/>
</TLINK>
<TLINK comment="" r_id="361285" reltype="BEGINS" signalID="">
<source m_id="39"/>
<target m_id="34"/>
</TLINK>
<TLINK comment="" r_id="361286" reltype="BEGINS" signalID="">
<source m_id="39"/>
<target m_id="35"/>
</TLINK>
<TLINK comment="" r_id="361287" reltype="BEGINS" signalID="">
<source m_id="39"/>
<target m_id="36"/>
</TLINK>
<TLINK comment="" r_id="361288" reltype="BEGINS" signalID="">
<source m_id="28"/>
<target m_id="30"/>
</TLINK>
<TLINK comment="" r_id="361289" reltype="BEGINS" signalID="">
<source m_id="30"/>
<target m_id="33"/>
</TLINK>
<TLINK comment="" r_id="361290" reltype="SIMULTANEOUS" signalID="">
<source m_id="33"/>
<target m_id="34"/>
</TLINK>
<GLINK comment="" r_id="361291">
<source m_id="32"/>
<target m_id="33"/>
</GLINK>
<SLINK comment="" r_id="361292">
<source m_id="29"/>
<target m_id="30"/>
</SLINK>
<SLINK r_id="361293">
<source m_id="31"/>
<target m_id="29"/>
</SLINK>
<TLINK comment="" r_id="361294" reltype="SIMULTANEOUS" signalID="">
<source m_id="34"/>
<target m_id="35"/>
</TLINK>
<TLINK comment="" r_id="361295" reltype="IS_INCLUDED" signalID="">
<source m_id="28"/>
<target m_id="27"/>
</TLINK>
<HAS_PARTICIPANT comment="" r_id="361296" sem_role="Arg0" sem_role_framework="PROPBANK">
<source m_id="28"/>
<target m_id="2"/>
</HAS_PARTICIPANT>
<TLINK comment="" r_id="361297" reltype="INCLUDES" signalID="">
<source m_id="40"/>
<target m_id="28"/>
</TLINK>
<HAS_PARTICIPANT comment="" r_id="361298" sem_role="Arg1" sem_role_framework="PROPBANK">
<source m_id="28"/>
<target m_id="6"/>
</HAS_PARTICIPANT>
<HAS_PARTICIPANT comment="" r_id="361299" sem_role="Argm-LOC" sem_role_framework="PROPBANK">
<source m_id="28"/>
<target m_id="8"/>
</HAS_PARTICIPANT>
<HAS_PARTICIPANT comment="" r_id="361300" sem_role="Arg1" sem_role_framework="PROPBANK">
<source m_id="29"/>
<target m_id="10"/>
</HAS_PARTICIPANT>
<HAS_PARTICIPANT comment="" r_id="361301" sem_role="Arg2" sem_role_framework="PROPBANK">
<source m_id="30"/>
<target m_id="11"/>
</HAS_PARTICIPANT>
<HAS_PARTICIPANT comment="" r_id="361302" sem_role="Arg1" sem_role_framework="PROPBANK">
<source m_id="31"/>
<target m_id="11"/>
</HAS_PARTICIPANT>
<HAS_PARTICIPANT comment="" r_id="361303" sem_role="Arg1" sem_role_framework="PROPBANK">
<source m_id="32"/>
<target m_id="13"/>
</HAS_PARTICIPANT>
<HAS_PARTICIPANT comment="" r_id="361304" sem_role="Arg0" sem_role_framework="PROPBANK">
<source m_id="34"/>
<target m_id="21"/>
</HAS_PARTICIPANT>
<HAS_PARTICIPANT comment="" r_id="361305" sem_role="Arg1" sem_role_framework="PROPBANK">
<source m_id="34"/>
<target m_id="22"/>
</HAS_PARTICIPANT>
<HAS_PARTICIPANT comment="" r_id="361306" sem_role="Arg1" sem_role_framework="PROPBANK">
<source m_id="35"/>
<target m_id="24"/>
</HAS_PARTICIPANT>
<HAS_PARTICIPANT comment="" r_id="361307" sem_role="Arg1" sem_role_framework="PROPBANK">
<source m_id="35"/>
<target m_id="3"/>
</HAS_PARTICIPANT>
<HAS_PARTICIPANT comment="" r_id="361308" sem_role="Arg1" sem_role_framework="PROPBANK">
<source m_id="36"/>
<target m_id="25"/>
</HAS_PARTICIPANT>
<HAS_PARTICIPANT comment="" r_id="361309" sem_role="Arg1" sem_role_framework="PROPBANK">
<source m_id="37"/>
<target m_id="4"/>
</HAS_PARTICIPANT>
<CLINK r_id="361311">
<source m_id="36"/>
<target m_id="37"/>
</CLINK>
<HAS_PARTICIPANT comment="" r_id="361316" sem_role="Arg1" sem_role_framework="PROPBANK">
<source m_id="33"/>
<target m_id="15"/>
</HAS_PARTICIPANT>
<HAS_PARTICIPANT comment="" r_id="361319" sem_role="Arg0" sem_role_framework="PROPBANK">
<source m_id="38"/>
<target m_id="14"/>
</HAS_PARTICIPANT>
<HAS_PARTICIPANT comment="" r_id="361320" sem_role="Arg1" sem_role_framework="PROPBANK">
<source m_id="38"/>
<target m_id="20"/>
</HAS_PARTICIPANT>




















<REFERS_TO r_id="361346">
<source m_id="7"/>
<target m_id="115"/>
</REFERS_TO>
<REFERS_TO r_id="361347">
<source m_id="37"/>
<target m_id="61"/>
</REFERS_TO>
<REFERS_TO r_id="361348">
<source m_id="1"/>
<source m_id="6"/>
<source m_id="10"/>
<source m_id="11"/>
<source m_id="13"/>
<source m_id="16"/>
<source m_id="21"/>
<source m_id="24"/>
<target m_id="117"/>
</REFERS_TO>
<REFERS_TO r_id="361349">
<source m_id="3"/>
<source m_id="25"/>
<target m_id="116"/>
</REFERS_TO>
<REFERS_TO r_id="361350">
<source m_id="4"/>
<target m_id="111"/>
</REFERS_TO>
<REFERS_TO r_id="361351">
<source m_id="12"/>
<target m_id="110"/>
</REFERS_TO>
<REFERS_TO r_id="361352">
<source m_id="9"/>
<target m_id="113"/>
</REFERS_TO>
<REFERS_TO r_id="361353">
<source m_id="2"/>
<source m_id="14"/>
<source m_id="19"/>
<source m_id="23"/>
<source m_id="26"/>
<target m_id="112"/>
</REFERS_TO>
<REFERS_TO r_id="361354">
<source m_id="29"/>
<target m_id="48"/>
</REFERS_TO>
<REFERS_TO r_id="361355">
<source m_id="30"/>
<source m_id="34"/>
<target m_id="49"/>
</REFERS_TO>
<REFERS_TO r_id="361356">
<source m_id="27"/>
<target m_id="46"/>
</REFERS_TO>
<REFERS_TO r_id="361357">
<source m_id="28"/>
<source m_id="38"/>
<target m_id="44"/>
</REFERS_TO>

<REFERS_TO r_id="361359">
<source m_id="18"/>
<target m_id="108"/>
</REFERS_TO>
<REFERS_TO r_id="361360">
<source m_id="15"/>
<target m_id="109"/>
</REFERS_TO>


<REFERS_TO r_id="361363">
<source m_id="22"/>
<target m_id="100"/>
</REFERS_TO>
<REFERS_TO r_id="361364">
<source m_id="5"/>
<target m_id="106"/>
</REFERS_TO>
<REFERS_TO r_id="361365">
<source m_id="20"/>
<target m_id="104"/>
</REFERS_TO>
<REFERS_TO r_id="361366">
<source m_id="17"/>
<target m_id="105"/>
</REFERS_TO>
<REFERS_TO r_id="361367">
<source m_id="36"/>
<target m_id="60"/>
</REFERS_TO>
<REFERS_TO r_id="361368">
<source m_id="35"/>
<target m_id="58"/>
</REFERS_TO>
<REFERS_TO r_id="361369">
<source m_id="8"/>
<target m_id="114"/>
</REFERS_TO>
<REFERS_TO r_id="361370">
<source m_id="33"/>
<target m_id="54"/>
</REFERS_TO>
<REFERS_TO r_id="361371">
<source m_id="31"/>
<target m_id="51"/>
</REFERS_TO>

<REFERS_TO r_id="361373">
<source m_id="32"/>
<target m_id="53"/>
</REFERS_TO>

</Relations>
</Document>