{"corpus_airbus/5403_Boeing Launch Systems": {"mention_text": "Boeing Launch Systems", "sentence_str": "Boeing's Launch Systems, Launch Services and Delta Program business units are to be allowed to bid once more for U.S. space launch contracts, the USAF has announced.", "mention_head": "unknown", "mention_tokens_amount": 3, "tolerance": 0.5}, "corpus_apple/9549_integrates utilizes": {"mention_text": "integrates utilizes", "sentence_str": "Entirely new features have also been rolled out in this release : Spotlight integrates search in the core of the OS, and utilizes meta-data in its algorithm.", "mention_head": "search", "mention_tokens_amount": 2, "tolerance": 10.0}}