<?xml version="1.0" ?><Document doc_id="118147" doc_name="118147_US_automaker_bailout_deal_fails_to_pass_Senate" lang="en" url="http://en.wikinews.org/wiki/US_automaker_bailout_deal_fails_to_pass_Senate">
<token number="0" sentence="0" t_id="1">US</token>
<token number="1" sentence="0" t_id="2">automaker</token>
<token number="2" sentence="0" t_id="3">bailout</token>
<token number="3" sentence="0" t_id="4">deal</token>
<token number="4" sentence="0" t_id="5">fails</token>
<token number="5" sentence="0" t_id="6">to</token>
<token number="6" sentence="0" t_id="7">pass</token>
<token number="7" sentence="0" t_id="8">Senate</token>
<token number="8" sentence="1" t_id="9">December</token>
<token number="9" sentence="1" t_id="10">12</token>
<token number="10" sentence="1" t_id="11">,</token>
<token number="11" sentence="1" t_id="12">2008</token>
<token number="12" sentence="2" t_id="13">A</token>
<token number="13" sentence="2" t_id="14">US$</token>
<token number="14" sentence="2" t_id="15">14</token>
<token number="15" sentence="2" t_id="16">billion</token>
<token number="16" sentence="2" t_id="17">bailout</token>
<token number="17" sentence="2" t_id="18">package</token>
<token number="18" sentence="2" t_id="19">deal</token>
<token number="19" sentence="2" t_id="20">for</token>
<token number="20" sentence="2" t_id="21">the</token>
<token number="21" sentence="2" t_id="22">``</token>
<token number="22" sentence="2" t_id="23">Big</token>
<token number="23" sentence="2" t_id="24">Three</token>
<token number="24" sentence="2" t_id="25">''</token>
<token number="25" sentence="2" t_id="26">United</token>
<token number="26" sentence="2" t_id="27">States</token>
<token number="27" sentence="2" t_id="28">automakers</token>
<token number="28" sentence="2" t_id="29">--</token>
<token number="29" sentence="2" t_id="30">Chrysler</token>
<token number="30" sentence="2" t_id="31">,</token>
<token number="31" sentence="2" t_id="32">Ford</token>
<token number="32" sentence="2" t_id="33">,</token>
<token number="33" sentence="2" t_id="34">and</token>
<token number="34" sentence="2" t_id="35">General</token>
<token number="35" sentence="2" t_id="36">Motors</token>
<token number="36" sentence="2" t_id="37">--</token>
<token number="37" sentence="2" t_id="38">has</token>
<token number="38" sentence="2" t_id="39">been</token>
<token number="39" sentence="2" t_id="40">rejected</token>
<token number="40" sentence="2" t_id="41">in</token>
<token number="41" sentence="2" t_id="42">the</token>
<token number="42" sentence="2" t_id="43">United</token>
<token number="43" sentence="2" t_id="44">States</token>
<token number="44" sentence="2" t_id="45">Senate</token>
<token number="45" sentence="2" t_id="46">after</token>
<token number="46" sentence="2" t_id="47">failing</token>
<token number="47" sentence="2" t_id="48">a</token>
<token number="48" sentence="2" t_id="49">procedural</token>
<token number="49" sentence="2" t_id="50">vote</token>
<token number="50" sentence="2" t_id="51">.</token>
<token number="51" sentence="3" t_id="52">The</token>
<token number="52" sentence="3" t_id="53">bill</token>
<token number="53" sentence="3" t_id="54">was</token>
<token number="54" sentence="3" t_id="55">rejected</token>
<token number="55" sentence="3" t_id="56">after</token>
<token number="56" sentence="3" t_id="57">bipartisan</token>
<token number="57" sentence="3" t_id="58">discussions</token>
<token number="58" sentence="3" t_id="59">on</token>
<token number="59" sentence="3" t_id="60">the</token>
<token number="60" sentence="3" t_id="61">bailout</token>
<token number="61" sentence="3" t_id="62">broke</token>
<token number="62" sentence="3" t_id="63">down</token>
<token number="63" sentence="3" t_id="64">when</token>
<token number="64" sentence="3" t_id="65">Republican</token>
<token number="65" sentence="3" t_id="66">Party</token>
<token number="66" sentence="3" t_id="67">leaders</token>
<token number="67" sentence="3" t_id="68">insisted</token>
<token number="68" sentence="3" t_id="69">that</token>
<token number="69" sentence="3" t_id="70">the</token>
<token number="70" sentence="3" t_id="71">United</token>
<token number="71" sentence="3" t_id="72">Auto</token>
<token number="72" sentence="3" t_id="73">Workers</token>
<token number="73" sentence="3" t_id="74">(</token>
<token number="74" sentence="3" t_id="75">UAW</token>
<token number="75" sentence="3" t_id="76">)</token>
<token number="76" sentence="3" t_id="77">union</token>
<token number="77" sentence="3" t_id="78">agree</token>
<token number="78" sentence="3" t_id="79">to</token>
<token number="79" sentence="3" t_id="80">increase</token>
<token number="80" sentence="3" t_id="81">wage</token>
<token number="81" sentence="3" t_id="82">cuts</token>
<token number="82" sentence="3" t_id="83">by</token>
<token number="83" sentence="3" t_id="84">next</token>
<token number="84" sentence="3" t_id="85">year</token>
<token number="85" sentence="3" t_id="86">in</token>
<token number="86" sentence="3" t_id="87">order</token>
<token number="87" sentence="3" t_id="88">to</token>
<token number="88" sentence="3" t_id="89">bring</token>
<token number="89" sentence="3" t_id="90">their</token>
<token number="90" sentence="3" t_id="91">pay</token>
<token number="91" sentence="3" t_id="92">into</token>
<token number="92" sentence="3" t_id="93">line</token>
<token number="93" sentence="3" t_id="94">with</token>
<token number="94" sentence="3" t_id="95">those</token>
<token number="95" sentence="3" t_id="96">of</token>
<token number="96" sentence="3" t_id="97">Japanese</token>
<token number="97" sentence="3" t_id="98">automobile</token>
<token number="98" sentence="3" t_id="99">companies</token>
<token number="99" sentence="3" t_id="100">in</token>
<token number="100" sentence="3" t_id="101">the</token>
<token number="101" sentence="3" t_id="102">United</token>
<token number="102" sentence="3" t_id="103">States</token>
<token number="103" sentence="3" t_id="104">.</token>
<token number="104" sentence="4" t_id="105">The</token>
<token number="105" sentence="4" t_id="106">UAW</token>
<token number="106" sentence="4" t_id="107">refused</token>
<token number="107" sentence="4" t_id="108">to</token>
<token number="108" sentence="4" t_id="109">meet</token>
<token number="109" sentence="4" t_id="110">the</token>
<token number="110" sentence="4" t_id="111">demands</token>
<token number="111" sentence="4" t_id="112">.</token>
<token number="112" sentence="5" t_id="113">The</token>
<token number="113" sentence="5" t_id="114">final</token>
<token number="114" sentence="5" t_id="115">vote</token>
<token number="115" sentence="5" t_id="116">count</token>
<token number="116" sentence="5" t_id="117">in</token>
<token number="117" sentence="5" t_id="118">the</token>
<token number="118" sentence="5" t_id="119">Senate</token>
<token number="119" sentence="5" t_id="120">was</token>
<token number="120" sentence="5" t_id="121">52-35</token>
<token number="121" sentence="5" t_id="122">,</token>
<token number="122" sentence="5" t_id="123">eight</token>
<token number="123" sentence="5" t_id="124">short</token>
<token number="124" sentence="5" t_id="125">of</token>
<token number="125" sentence="5" t_id="126">the</token>
<token number="126" sentence="5" t_id="127">60</token>
<token number="127" sentence="5" t_id="128">needed</token>
<token number="128" sentence="5" t_id="129">to</token>
<token number="129" sentence="5" t_id="130">pass</token>
<token number="130" sentence="5" t_id="131">.</token>
<token number="131" sentence="6" t_id="132">Only</token>
<token number="132" sentence="6" t_id="133">ten</token>
<token number="133" sentence="6" t_id="134">Republicans</token>
<token number="134" sentence="6" t_id="135">joined</token>
<token number="135" sentence="6" t_id="136">forty</token>
<token number="136" sentence="6" t_id="137">Democrats</token>
<token number="137" sentence="6" t_id="138">and</token>
<token number="138" sentence="6" t_id="139">two</token>
<token number="139" sentence="6" t_id="140">independents</token>
<token number="140" sentence="6" t_id="141">in</token>
<token number="141" sentence="6" t_id="142">voting</token>
<token number="142" sentence="6" t_id="143">for</token>
<token number="143" sentence="6" t_id="144">the</token>
<token number="144" sentence="6" t_id="145">bill</token>
<token number="145" sentence="6" t_id="146">.</token>
<token number="146" sentence="7" t_id="147">Three</token>
<token number="147" sentence="7" t_id="148">Democrats</token>
<token number="148" sentence="7" t_id="149">voted</token>
<token number="149" sentence="7" t_id="150">with</token>
<token number="150" sentence="7" t_id="151">thirty-one</token>
<token number="151" sentence="7" t_id="152">Republicans</token>
<token number="152" sentence="7" t_id="153">against</token>
<token number="153" sentence="7" t_id="154">it</token>
<token number="154" sentence="7" t_id="155">.</token>
<token number="155" sentence="8" t_id="156">Senate</token>
<token number="156" sentence="8" t_id="157">Majority</token>
<token number="157" sentence="8" t_id="158">leader</token>
<token number="158" sentence="8" t_id="159">Harry</token>
<token number="159" sentence="8" t_id="160">Reid</token>
<token number="160" sentence="8" t_id="161">said</token>
<token number="161" sentence="8" t_id="162">that</token>
<token number="162" sentence="8" t_id="163">he</token>
<token number="163" sentence="8" t_id="164">was</token>
<token number="164" sentence="8" t_id="165">``</token>
<token number="165" sentence="8" t_id="166">terribly</token>
<token number="166" sentence="8" t_id="167">disappointed</token>
<token number="167" sentence="8" t_id="168">''</token>
<token number="168" sentence="8" t_id="169">by</token>
<token number="169" sentence="8" t_id="170">the</token>
<token number="170" sentence="8" t_id="171">failure</token>
<token number="171" sentence="8" t_id="172">of</token>
<token number="172" sentence="8" t_id="173">the</token>
<token number="173" sentence="8" t_id="174">bill</token>
<token number="174" sentence="8" t_id="175">to</token>
<token number="175" sentence="8" t_id="176">pass</token>
<token number="176" sentence="8" t_id="177">.</token>
<token number="177" sentence="9" t_id="178">``</token>
<token number="178" sentence="9" t_id="179">I</token>
<token number="179" sentence="9" t_id="180">dread</token>
<token number="180" sentence="9" t_id="181">looking</token>
<token number="181" sentence="9" t_id="182">at</token>
<token number="182" sentence="9" t_id="183">Wall</token>
<token number="183" sentence="9" t_id="184">Street</token>
<token number="184" sentence="9" t_id="185">tomorrow</token>
<token number="185" sentence="9" t_id="186">.</token>
<token number="186" sentence="10" t_id="187">It</token>
<token number="187" sentence="10" t_id="188">'s</token>
<token number="188" sentence="10" t_id="189">not</token>
<token number="189" sentence="10" t_id="190">going</token>
<token number="190" sentence="10" t_id="191">to</token>
<token number="191" sentence="10" t_id="192">be</token>
<token number="192" sentence="10" t_id="193">a</token>
<token number="193" sentence="10" t_id="194">pleasant</token>
<token number="194" sentence="10" t_id="195">sight</token>
<token number="195" sentence="10" t_id="196">,</token>
<token number="196" sentence="10" t_id="197">''</token>
<token number="197" sentence="10" t_id="198">Reid</token>
<token number="198" sentence="10" t_id="199">said</token>
<token number="199" sentence="10" t_id="200">.</token>
<token number="200" sentence="11" t_id="201">``</token>
<token number="201" sentence="11" t_id="202">Millions</token>
<token number="202" sentence="11" t_id="203">of</token>
<token number="203" sentence="11" t_id="204">Americans</token>
<token number="204" sentence="11" t_id="205">,</token>
<token number="205" sentence="11" t_id="206">not</token>
<token number="206" sentence="11" t_id="207">only</token>
<token number="207" sentence="11" t_id="208">the</token>
<token number="208" sentence="11" t_id="209">auto</token>
<token number="209" sentence="11" t_id="210">workers</token>
<token number="210" sentence="11" t_id="211">but</token>
<token number="211" sentence="11" t_id="212">people</token>
<token number="212" sentence="11" t_id="213">who</token>
<token number="213" sentence="11" t_id="214">sell</token>
<token number="214" sentence="11" t_id="215">cars</token>
<token number="215" sentence="11" t_id="216">,</token>
<token number="216" sentence="11" t_id="217">car</token>
<token number="217" sentence="11" t_id="218">dealerships</token>
<token number="218" sentence="11" t_id="219">,</token>
<token number="219" sentence="11" t_id="220">people</token>
<token number="220" sentence="11" t_id="221">who</token>
<token number="221" sentence="11" t_id="222">work</token>
<token number="222" sentence="11" t_id="223">on</token>
<token number="223" sentence="11" t_id="224">cars</token>
<token number="224" sentence="11" t_id="225">are</token>
<token number="225" sentence="11" t_id="226">going</token>
<token number="226" sentence="11" t_id="227">to</token>
<token number="227" sentence="11" t_id="228">be</token>
<token number="228" sentence="11" t_id="229">directly</token>
<token number="229" sentence="11" t_id="230">impacted</token>
<token number="230" sentence="11" t_id="231">and</token>
<token number="231" sentence="11" t_id="232">affected</token>
<token number="232" sentence="11" t_id="233">.</token>
<token number="233" sentence="11" t_id="234">''</token>
<token number="234" sentence="12" t_id="235">Republican</token>
<token number="235" sentence="12" t_id="236">Senator</token>
<token number="236" sentence="12" t_id="237">Bob</token>
<token number="237" sentence="12" t_id="238">Corker</token>
<token number="238" sentence="12" t_id="239">was</token>
<token number="239" sentence="12" t_id="240">also</token>
<token number="240" sentence="12" t_id="241">unhappy</token>
<token number="241" sentence="12" t_id="242">about</token>
<token number="242" sentence="12" t_id="243">the</token>
<token number="243" sentence="12" t_id="244">rejection</token>
<token number="244" sentence="12" t_id="245">.</token>
<token number="245" sentence="13" t_id="246">``</token>
<token number="246" sentence="13" t_id="247">We</token>
<token number="247" sentence="13" t_id="248">were</token>
<token number="248" sentence="13" t_id="249">about</token>
<token number="249" sentence="13" t_id="250">three</token>
<token number="250" sentence="13" t_id="251">words</token>
<token number="251" sentence="13" t_id="252">away</token>
<token number="252" sentence="13" t_id="253">from</token>
<token number="253" sentence="13" t_id="254">a</token>
<token number="254" sentence="13" t_id="255">deal</token>
<token number="255" sentence="13" t_id="256">.</token>
<token number="256" sentence="14" t_id="257">We</token>
<token number="257" sentence="14" t_id="258">solved</token>
<token number="258" sentence="14" t_id="259">everything</token>
<token number="259" sentence="14" t_id="260">substantively</token>
<token number="260" sentence="14" t_id="261">and</token>
<token number="261" sentence="14" t_id="262">about</token>
<token number="262" sentence="14" t_id="263">three</token>
<token number="263" sentence="14" t_id="264">words</token>
<token number="264" sentence="14" t_id="265">keep</token>
<token number="265" sentence="14" t_id="266">us</token>
<token number="266" sentence="14" t_id="267">from</token>
<token number="267" sentence="14" t_id="268">reaching</token>
<token number="268" sentence="14" t_id="269">a</token>
<token number="269" sentence="14" t_id="270">conclusion</token>
<token number="270" sentence="14" t_id="271">,</token>
<token number="271" sentence="14" t_id="272">''</token>
<token number="272" sentence="14" t_id="273">he</token>
<token number="273" sentence="14" t_id="274">said</token>
<token number="274" sentence="14" t_id="275">.</token>
<token number="275" sentence="15" t_id="276">Some</token>
<token number="276" sentence="15" t_id="277">Democrats</token>
<token number="277" sentence="15" t_id="278">now</token>
<token number="278" sentence="15" t_id="279">want</token>
<token number="279" sentence="15" t_id="280">U.S.</token>
<token number="280" sentence="15" t_id="281">President</token>
<token number="281" sentence="15" t_id="282">Bush</token>
<token number="282" sentence="15" t_id="283">to</token>
<token number="283" sentence="15" t_id="284">reserve</token>
<token number="284" sentence="15" t_id="285">a</token>
<token number="285" sentence="15" t_id="286">portion</token>
<token number="286" sentence="15" t_id="287">of</token>
<token number="287" sentence="15" t_id="288">the</token>
<token number="288" sentence="15" t_id="289">$</token>
<token number="289" sentence="15" t_id="290">700</token>
<token number="290" sentence="15" t_id="291">billion</token>
<token number="291" sentence="15" t_id="292">bailout</token>
<token number="292" sentence="15" t_id="293">package</token>
<token number="293" sentence="15" t_id="294">earmarked</token>
<token number="294" sentence="15" t_id="295">for</token>
<token number="295" sentence="15" t_id="296">Wall</token>
<token number="296" sentence="15" t_id="297">Street</token>
<token number="297" sentence="15" t_id="298">to</token>
<token number="298" sentence="15" t_id="299">assist</token>
<token number="299" sentence="15" t_id="300">the</token>
<token number="300" sentence="15" t_id="301">flagging</token>
<token number="301" sentence="15" t_id="302">car</token>
<token number="302" sentence="15" t_id="303">industry</token>
<token number="303" sentence="15" t_id="304">.</token>
<token number="304" sentence="16" t_id="305">Stock</token>
<token number="305" sentence="16" t_id="306">markets</token>
<token number="306" sentence="16" t_id="307">worldwide</token>
<token number="307" sentence="16" t_id="308">fell</token>
<token number="308" sentence="16" t_id="309">dramatically</token>
<token number="309" sentence="16" t_id="310">on</token>
<token number="310" sentence="16" t_id="311">the</token>
<token number="311" sentence="16" t_id="312">news</token>
<token number="312" sentence="16" t_id="313">,</token>
<token number="313" sentence="16" t_id="314">with</token>
<token number="314" sentence="16" t_id="315">Japan</token>
<token number="315" sentence="16" t_id="316">'s</token>
<token number="316" sentence="16" t_id="317">Nikkei</token>
<token number="317" sentence="16" t_id="318">average</token>
<token number="318" sentence="16" t_id="319">losing</token>
<token number="319" sentence="16" t_id="320">484.68</token>
<token number="320" sentence="16" t_id="321">points</token>
<token number="321" sentence="16" t_id="322">,</token>
<token number="322" sentence="16" t_id="323">or</token>
<token number="323" sentence="16" t_id="324">5.6</token>
<token number="324" sentence="16" t_id="325">percent</token>
<token number="325" sentence="16" t_id="326">,</token>
<token number="326" sentence="16" t_id="327">reaching</token>
<token number="327" sentence="16" t_id="328">a</token>
<token number="328" sentence="16" t_id="329">level</token>
<token number="329" sentence="16" t_id="330">of</token>
<token number="330" sentence="16" t_id="331">8253.87</token>
<token number="331" sentence="16" t_id="332">points</token>
<token number="332" sentence="16" t_id="333">.</token>
<token number="333" sentence="17" t_id="334">Shares</token>
<token number="334" sentence="17" t_id="335">in</token>
<token number="335" sentence="17" t_id="336">the</token>
<token number="336" sentence="17" t_id="337">auto</token>
<token number="337" sentence="17" t_id="338">companies</token>
<token number="338" sentence="17" t_id="339">Toyota</token>
<token number="339" sentence="17" t_id="340">,</token>
<token number="340" sentence="17" t_id="341">Nissan</token>
<token number="341" sentence="17" t_id="342">and</token>
<token number="342" sentence="17" t_id="343">Honda</token>
<token number="343" sentence="17" t_id="344">all</token>
<token number="344" sentence="17" t_id="345">dropped</token>
<token number="345" sentence="17" t_id="346">by</token>
<token number="346" sentence="17" t_id="347">no</token>
<token number="347" sentence="17" t_id="348">less</token>
<token number="348" sentence="17" t_id="349">than</token>
<token number="349" sentence="17" t_id="350">10</token>
<token number="350" sentence="17" t_id="351">percent</token>
<token number="351" sentence="17" t_id="352">apiece</token>
<token number="352" sentence="17" t_id="353">.</token>
<token number="353" sentence="18" t_id="354">European</token>
<token number="354" sentence="18" t_id="355">stocks</token>
<token number="355" sentence="18" t_id="356">,</token>
<token number="356" sentence="18" t_id="357">such</token>
<token number="357" sentence="18" t_id="358">as</token>
<token number="358" sentence="18" t_id="359">those</token>
<token number="359" sentence="18" t_id="360">in</token>
<token number="360" sentence="18" t_id="361">the</token>
<token number="361" sentence="18" t_id="362">United</token>
<token number="362" sentence="18" t_id="363">Kingdom</token>
<token number="363" sentence="18" t_id="364">and</token>
<token number="364" sentence="18" t_id="365">Germany</token>
<token number="365" sentence="18" t_id="366">,</token>
<token number="366" sentence="18" t_id="367">also</token>
<token number="367" sentence="18" t_id="368">lost</token>
<token number="368" sentence="18" t_id="369">ground</token>
<token number="369" sentence="18" t_id="370">,</token>
<token number="370" sentence="18" t_id="371">with</token>
<token number="371" sentence="18" t_id="372">the</token>
<token number="372" sentence="18" t_id="373">FTSE-100</token>
<token number="373" sentence="18" t_id="374">index</token>
<token number="374" sentence="18" t_id="375">of</token>
<token number="375" sentence="18" t_id="376">leading</token>
<token number="376" sentence="18" t_id="377">shares</token>
<token number="377" sentence="18" t_id="378">falling</token>
<token number="378" sentence="18" t_id="379">176.3</token>
<token number="379" sentence="18" t_id="380">points</token>
<token number="380" sentence="18" t_id="381">to</token>
<token number="381" sentence="18" t_id="382">a</token>
<token number="382" sentence="18" t_id="383">level</token>
<token number="383" sentence="18" t_id="384">of</token>
<token number="384" sentence="18" t_id="385">4,211</token>
<token number="385" sentence="18" t_id="386">at</token>
<token number="386" sentence="18" t_id="387">midday</token>
<token number="387" sentence="18" t_id="388">.</token>
<Markables>
<ENTITY_MENTION comment="" head="" m_id="19" syntactic_type="PRE.NAM">
<token_anchor t_id="65"/>
<token_anchor t_id="66"/>
</ENTITY_MENTION>
<ENTITY_MENTION comment="" head="" m_id="85" syntactic_type="PRE.NAM">
<token_anchor t_id="1"/>
</ENTITY_MENTION>
<ENTITY_MENTION comment="" head="" m_id="20" syntactic_type="NAM">
<token_anchor t_id="70"/>
<token_anchor t_id="71"/>
<token_anchor t_id="72"/>
<token_anchor t_id="73"/>
<token_anchor t_id="74"/>
<token_anchor t_id="75"/>
<token_anchor t_id="76"/>
<token_anchor t_id="77"/>
</ENTITY_MENTION>
<ENTITY_MENTION comment="" head="" m_id="86" syntactic_type="">
<token_anchor t_id="1"/>
<token_anchor t_id="2"/>
</ENTITY_MENTION>
<ENTITY_MENTION comment="" head="" m_id="21" syntactic_type="">
<token_anchor t_id="81"/>
</ENTITY_MENTION>
<ENTITY_MENTION comment="" head="" m_id="87" syntactic_type="">
<token_anchor t_id="8"/>
</ENTITY_MENTION>
<ENTITY_MENTION comment="" head="" m_id="22" syntactic_type="">
<token_anchor t_id="90"/>
</ENTITY_MENTION>
<ENTITY_MENTION comment="" head="" m_id="23" syntactic_type="">
<token_anchor t_id="95"/>
<token_anchor t_id="96"/>
<token_anchor t_id="97"/>
<token_anchor t_id="98"/>
<token_anchor t_id="99"/>
<token_anchor t_id="100"/>
<token_anchor t_id="101"/>
<token_anchor t_id="102"/>
<token_anchor t_id="103"/>
</ENTITY_MENTION>
<ENTITY_MENTION comment="" head="" m_id="24" syntactic_type="">
<token_anchor t_id="97"/>
<token_anchor t_id="98"/>
<token_anchor t_id="99"/>
</ENTITY_MENTION>
<ENTITY_MENTION comment="" head="" m_id="25" syntactic_type="NAM">
<token_anchor t_id="101"/>
<token_anchor t_id="102"/>
<token_anchor t_id="103"/>
</ENTITY_MENTION>
<ENTITY_MENTION comment="" head="" m_id="91" syntactic_type="">
<token_anchor t_id="1"/>
<token_anchor t_id="2"/>
<token_anchor t_id="3"/>
</ENTITY_MENTION>
<ENTITY_MENTION comment="" head="" m_id="93" syntactic_type="PRE.NAM">
<token_anchor t_id="97"/>
</ENTITY_MENTION>
<ENTITY_MENTION comment="" head="" m_id="1" syntactic_type="PRE.NAM">
<token_anchor t_id="26"/>
<token_anchor t_id="27"/>
</ENTITY_MENTION>
<ENTITY_MENTION comment="" head="" m_id="2" syntactic_type="NAM">
<token_anchor t_id="30"/>
</ENTITY_MENTION>
<ENTITY_MENTION comment="" head="" m_id="3" syntactic_type="NAM">
<token_anchor t_id="32"/>
</ENTITY_MENTION>
<ENTITY_MENTION comment="" head="" m_id="4" syntactic_type="NAM">
<token_anchor t_id="35"/>
<token_anchor t_id="36"/>
</ENTITY_MENTION>
<ENTITY_MENTION comment="" head="" m_id="5" syntactic_type="NAM">
<token_anchor t_id="42"/>
<token_anchor t_id="43"/>
<token_anchor t_id="44"/>
<token_anchor t_id="45"/>
</ENTITY_MENTION>
<ENTITY_MENTION comment="" head="" m_id="6" syntactic_type="PRE.NAM">
<token_anchor t_id="43"/>
<token_anchor t_id="44"/>
</ENTITY_MENTION>
<ENTITY_MENTION comment="" head="" m_id="39" syntactic_type="">
<token_anchor t_id="90"/>
<token_anchor t_id="91"/>
</ENTITY_MENTION>
<ENTITY_MENTION comment="" head="" m_id="7" syntactic_type="NAM">
<token_anchor t_id="21"/>
<token_anchor t_id="22"/>
<token_anchor t_id="23"/>
<token_anchor t_id="24"/>
<token_anchor t_id="25"/>
<token_anchor t_id="26"/>
<token_anchor t_id="27"/>
<token_anchor t_id="28"/>
</ENTITY_MENTION>
<ENTITY_MENTION comment="" head="" m_id="40" syntactic_type="NAM">
<token_anchor t_id="105"/>
<token_anchor t_id="106"/>
</ENTITY_MENTION>
<ENTITY_MENTION comment="" head="" m_id="8" syntactic_type="">
<token_anchor t_id="30"/>
<token_anchor t_id="31"/>
<token_anchor t_id="32"/>
<token_anchor t_id="33"/>
<token_anchor t_id="34"/>
<token_anchor t_id="35"/>
<token_anchor t_id="36"/>
</ENTITY_MENTION>
<ENTITY_MENTION comment="" head="" m_id="9" syntactic_type="">
<token_anchor t_id="21"/>
<token_anchor t_id="22"/>
<token_anchor t_id="23"/>
<token_anchor t_id="24"/>
<token_anchor t_id="25"/>
<token_anchor t_id="26"/>
<token_anchor t_id="27"/>
<token_anchor t_id="28"/>
<token_anchor t_id="29"/>
<token_anchor t_id="30"/>
<token_anchor t_id="31"/>
<token_anchor t_id="32"/>
<token_anchor t_id="33"/>
<token_anchor t_id="34"/>
<token_anchor t_id="35"/>
<token_anchor t_id="36"/>
</ENTITY_MENTION>
<ENTITY_MENTION comment="" head="" m_id="44" syntactic_type="NAM">
<token_anchor t_id="118"/>
<token_anchor t_id="119"/>
</ENTITY_MENTION>
<ENTITY_MENTION comment="" head="" m_id="16" syntactic_type="">
<token_anchor t_id="13"/>
<token_anchor t_id="14"/>
<token_anchor t_id="15"/>
<token_anchor t_id="16"/>
<token_anchor t_id="17"/>
<token_anchor t_id="18"/>
</ENTITY_MENTION>
<ENTITY_MENTION comment="" head="" m_id="17" syntactic_type="">
<token_anchor t_id="60"/>
<token_anchor t_id="61"/>
</ENTITY_MENTION>
<ENTITY_MENTION comment="" head="" m_id="18" syntactic_type="">
<token_anchor t_id="65"/>
<token_anchor t_id="66"/>
<token_anchor t_id="67"/>
</ENTITY_MENTION>
<EVENT_MENTION aspect="NONE" certainty="CERTAIN" comment="" m_id="51" modality="" polarity="UNDERSPECIFIED" pos="VERB" pred="" special_cases="NONE" tense="INFINITIVE" time="NON_FUTURE">
<token_anchor t_id="130"/>
</EVENT_MENTION>
<EVENT_MENTION aspect="NONE" certainty="CERTAIN" comment="" m_id="88" modality="" polarity="POS" pos="NOUN" pred="" special_cases="NONE" tense="NONE" time="UNDERSPECIFIED">
<token_anchor t_id="4"/>
</EVENT_MENTION>
<EVENT_MENTION aspect="NONE" certainty="CERTAIN" comment="" m_id="89" modality="" polarity="POS" pos="VERB" pred="" special_cases="NONE" tense="PRESENT" time="NON_FUTURE">
<token_anchor t_id="5"/>
</EVENT_MENTION>
<EVENT_MENTION aspect="NONE" certainty="CERTAIN" comment="" m_id="90" modality="" polarity="NEG" pos="VERB" pred="" special_cases="NONE" tense="INFINITIVE" time="NON_FUTURE">
<token_anchor t_id="7"/>
</EVENT_MENTION>
<EVENT_MENTION aspect="PERFECTIVE" certainty="CERTAIN" comment="" m_id="26" modality="" polarity="POS" pos="VERB" pred="" special_cases="NONE" tense="PAST" time="NON_FUTURE">
<token_anchor t_id="55"/>
</EVENT_MENTION>
<EVENT_MENTION aspect="NONE" certainty="CERTAIN" comment="" m_id="27" modality="" polarity="UNDERSPECIFIED" pos="NOUN" pred="" special_cases="NONE" tense="NONE" time="NON_FUTURE">
<token_anchor t_id="58"/>
</EVENT_MENTION>
<EVENT_MENTION aspect="PERFECTIVE" certainty="CERTAIN" comment="" m_id="28" modality="" polarity="POS" pos="" pred="" special_cases="NONE" tense="PAST" time="NON_FUTURE">
<token_anchor t_id="62"/>
<token_anchor t_id="63"/>
</EVENT_MENTION>
<EVENT_MENTION aspect="PROGRESSIVE" certainty="CERTAIN" comment="" m_id="29" modality="" polarity="POS" pos="VERB" pred="" special_cases="NONE" tense="PAST" time="NON_FUTURE">
<token_anchor t_id="68"/>
</EVENT_MENTION>
<EVENT_MENTION aspect="NONE" certainty="CERTAIN" comment="" m_id="30" modality="" polarity="POS" pos="VERB" pred="" special_cases="NONE" tense="PRESENT" time="NON_FUTURE">
<token_anchor t_id="78"/>
</EVENT_MENTION>
<EVENT_MENTION aspect="NONE" certainty="UNDERSPECIFIED" comment="" m_id="31" modality="" polarity="POS" pos="VERB" pred="" special_cases="NONE" tense="INFINITIVE" time="NON_FUTURE">
<token_anchor t_id="80"/>
</EVENT_MENTION>
<EVENT_MENTION aspect="NONE" certainty="POSSIBLE" comment="" m_id="32" modality="" polarity="POS" pos="NOUN" pred="" special_cases="NONE" tense="NONE" time="FUTURE">
<token_anchor t_id="82"/>
</EVENT_MENTION>
<EVENT_MENTION aspect="NONE" certainty="POSSIBLE" comment="" m_id="33" modality="" polarity="POS" pos="VERB" pred="" special_cases="NONE" tense="INFINITIVE" time="FUTURE">
<token_anchor t_id="89"/>
</EVENT_MENTION>
<EVENT_MENTION aspect="NONE" certainty="CERTAIN" comment="" m_id="41" modality="" polarity="POS" pos="VERB" pred="" special_cases="NONE" tense="PAST" time="NON_FUTURE">
<token_anchor t_id="107"/>
</EVENT_MENTION>
<EVENT_MENTION aspect="NONE" certainty="CERTAIN" comment="" m_id="42" modality="" polarity="NEG" pos="VERB" pred="" special_cases="NONE" tense="INFINITIVE" time="NON_FUTURE">
<token_anchor t_id="109"/>
</EVENT_MENTION>
<EVENT_MENTION aspect="NONE" certainty="CERTAIN" comment="" m_id="43" modality="" polarity="UNDERSPECIFIED" pos="NOUN" pred="" special_cases="NONE" tense="NONE" time="NON_FUTURE">
<token_anchor t_id="111"/>
</EVENT_MENTION>
<EVENT_MENTION aspect="NONE" certainty="CERTAIN" comment="" m_id="11" modality="" polarity="NEG" pos="NOUN" pred="" special_cases="NONE" tense="NONE" time="NON_FUTURE">
<token_anchor t_id="19"/>
</EVENT_MENTION>
<EVENT_MENTION aspect="NONE" certainty="CERTAIN" comment="" m_id="12" modality="" polarity="POS" pos="VERB" pred="" special_cases="NONE" tense="PAST" time="NON_FUTURE">
<token_anchor t_id="40"/>
</EVENT_MENTION>
<EVENT_MENTION aspect="PERFECTIVE_PROGRESSIVE" certainty="CERTAIN" comment="" m_id="13" modality="" polarity="POS" pos="VERB" pred="" special_cases="NONE" tense="PRESPART" time="NON_FUTURE">
<token_anchor t_id="47"/>
</EVENT_MENTION>
<EVENT_MENTION aspect="NONE" certainty="CERTAIN" comment="" m_id="14" modality="" polarity="NEG" pos="NOUN" pred="" special_cases="NONE" tense="NONE" time="NON_FUTURE">
<token_anchor t_id="50"/>
</EVENT_MENTION>
<EVENT_MENTION aspect="NONE" certainty="CERTAIN" comment="" m_id="47" modality="" polarity="UNDERSPECIFIED" pos="NOUN" pred="" special_cases="NONE" tense="NONE" time="NON_FUTURE">
<token_anchor t_id="116"/>
</EVENT_MENTION>
<EVENT_MENTION aspect="NONE" certainty="CERTAIN" comment="" m_id="48" modality="" polarity="POS" pos="VERB" pred="" special_cases="NONE" tense="PAST" time="NON_FUTURE">
<token_anchor t_id="120"/>
</EVENT_MENTION>
<EVENT_MENTION aspect="NONE" certainty="CERTAIN" comment="" m_id="49" modality="" polarity="POS" pos="OTHER" pred="" special_cases="NONE" tense="NONE" time="NON_FUTURE">
<token_anchor t_id="124"/>
</EVENT_MENTION>
<EVENT_MENTION aspect="PERFECTIVE" certainty="CERTAIN" comment="" m_id="50" modality="" polarity="POS" pos="VERB" pred="" special_cases="NONE" tense="PASTPART" time="NON_FUTURE">
<token_anchor t_id="128"/>
</EVENT_MENTION>
<SIGNAL comment="" m_id="34">
<token_anchor t_id="56"/>
</SIGNAL>
<SIGNAL comment="" m_id="35">
<token_anchor t_id="64"/>
</SIGNAL>
<SIGNAL comment="" m_id="36">
<token_anchor t_id="83"/>
</SIGNAL>
<SIGNAL comment="" m_id="15">
<token_anchor t_id="46"/>
</SIGNAL>
<TIMEX3 anchorTimeID="38" beginPoint="" comment="" endPoint="" functionInDocument="NONE" m_id="37" type="DATE" value="2009">
<token_anchor t_id="84"/>
<token_anchor t_id="85"/>
</TIMEX3>
<TIMEX3 anchorTimeID="" beginPoint="" comment="" endPoint="" functionInDocument="CREATION_TIME" m_id="38" type="DATE" value="2008-12-12">
<token_anchor t_id="9"/>
<token_anchor t_id="10"/>
<token_anchor t_id="11"/>
<token_anchor t_id="12"/>
</TIMEX3>
<VALUE comment="" m_id="92" type="QUANTITY">
<token_anchor t_id="127"/>
</VALUE>
<VALUE comment="" m_id="10" type="MONEY">
<token_anchor t_id="14"/>
<token_anchor t_id="15"/>
<token_anchor t_id="16"/>
</VALUE>
<VALUE comment="" m_id="45" type="QUANTITY">
<token_anchor t_id="121"/>
</VALUE>
<VALUE comment="" m_id="46" type="QUANTITY">
<token_anchor t_id="123"/>
</VALUE>
<ENTITY_MENTION m_id="94">
  <token_anchor t_id="339"/>
</ENTITY_MENTION>
<ENTITY_MENTION m_id="95">
  <token_anchor t_id="215"/>
</ENTITY_MENTION>
<ENTITY_MENTION m_id="101">
  <token_anchor t_id="217"/>
</ENTITY_MENTION>
<ENTITY_MENTION m_id="103">
  <token_anchor t_id="337"/>
</ENTITY_MENTION>
<ENTITY_MENTION m_id="111">
  <token_anchor t_id="98"/>
</ENTITY_MENTION>
<ENTITY_MENTION m_id="114">
  <token_anchor t_id="302"/>
</ENTITY_MENTION>
<ENTITY_MENTION m_id="115">
  <token_anchor t_id="224"/>
</ENTITY_MENTION>
<ENTITY_MENTION m_id="119">
  <token_anchor t_id="209"/>
</ENTITY_MENTION>
<EVENT TAG_DESCRIPTOR="agree-EHU" class="OTHER" instance_id="OTH39219973982728023" m_id="131"/><EVENT TAG_DESCRIPTOR="deal" class="OTHER" comment="" external_ref="" m_id="84"/>
<EVENT TAG_DESCRIPTOR="reject" class="SPEECH_COGNITIVE" comment="" external_ref="" m_id="83"/><EVENT TAG_DESCRIPTOR="fail" class="GRAMMATICAL" comment="" external_ref="" m_id="82"/>
<EVENT TAG_DESCRIPTOR="vote" class="OTHER" comment="" external_ref="" m_id="81"/><EVENT TAG_DESCRIPTOR="discussion" class="SPEECH_COGNITIVE" comment="" external_ref="" m_id="80"/>
<EVENT TAG_DESCRIPTOR="Refuse-EHU" class="SPEECH_COGNITIVE" instance_id="SPE40515756121164744" m_id="128"/><EVENT TAG_DESCRIPTOR="break down" class="GRAMMATICAL" comment="" external_ref="" m_id="79"/>
<EVENT TAG_DESCRIPTOR="insist" class="SPEECH_COGNITIVE" comment="" external_ref="" m_id="78"/><EVENT TAG_DESCRIPTOR="increase" class="GRAMMATICAL" comment="" external_ref="" m_id="76"/>
<EVENT TAG_DESCRIPTOR="cut" class="OTHER" comment="" external_ref="" m_id="75"/><EVENT TAG_DESCRIPTOR="bring" class="OTHER" comment="" external_ref="" m_id="74"/>
<EVENT TAG_DESCRIPTOR="meet" class="OTHER" comment="" external_ref="" m_id="72"/><EVENT TAG_DESCRIPTOR="demands" class="OTHER" comment="" external_ref="" m_id="71"/>
<EVENT TAG_DESCRIPTOR="count" class="OTHER" comment="" external_ref="" m_id="70"/><EVENT TAG_DESCRIPTOR="be" class="GRAMMATICAL" comment="" external_ref="" m_id="69"/>
<EVENT TAG_DESCRIPTOR="short" class="OTHER" comment="" external_ref="" m_id="68"/><EVENT TAG_DESCRIPTOR="need" class="OTHER" comment="" external_ref="" m_id="67"/>
<EVENT TAG_DESCRIPTOR="pass" class="OTHER" comment="" external_ref="" m_id="66"/><ENTITY TAG_DESCRIPTOR="the Big Three" ent_type="ORG" external_ref="http://dbpedia.org/resource/Big_Three_(automobile_manufacturers)" instance_id="ORG45380052734067095" m_id="139"/>
<ENTITY TAG_DESCRIPTOR="Toyota" ent_type="ORG" external_ref="http://dbpedia.org/resource/Toyota" instance_id="ORG37406424004775673" m_id="138"/><ENTITY TAG_DESCRIPTOR="Ford" ent_type="ORG" external_ref="http://dbpedia.org/resource/Ford_Motor_Company" instance_id="ORG37406423869806668" m_id="137"/>
<ENTITY TAG_DESCRIPTOR="wage" ent_type="FIN" instance_id="FIN45379935914596337" m_id="136"/><ENTITY TAG_DESCRIPTOR="automobile" ent_type="PRO" instance_id="PRO37402535305680047" m_id="135"/>
<ENTITY TAG_DESCRIPTOR="United Auto Workers" ent_type="ORG" external_ref="http://dbpedia.org/resource/United_Automobile_Workers" instance_id="ORG37406424696739278" m_id="134"/><ENTITY TAG_DESCRIPTOR="pay of Japanese companies" ent_type="FIN" instance_id="FIN45379912795619839" m_id="133"/>
<ENTITY TAG_DESCRIPTOR="UAW pay" ent_type="FIN" instance_id="FIN47026500320042741" m_id="132"/><ENTITY TAG_DESCRIPTOR="Republican Party" ent_type="ORG" external_ref="http://dbpedia.org/resource/American_Republican_Party" instance_id="ORG45379957372632803" m_id="130"/>
<ENTITY TAG_DESCRIPTOR="United States of America " ent_type="LOC" external_ref="http://dbpedia.org/resource/United_States" instance_id="LOC27735327659249054" m_id="129"/><ENTITY TAG_DESCRIPTOR="US Senate" ent_type="ORG" external_ref="http://dbpedia.org/resource/United_States_Senate" instance_id="ORG45380017412943428" m_id="127"/>
<ENTITY TAG_DESCRIPTOR="General Motors" ent_type="ORG" external_ref="http://dbpedia.org/resource/General_Motors" instance_id="ORG37406424148086837" m_id="144"/><ENTITY TAG_DESCRIPTOR="Japanese automobile companies" ent_type="ORG" instance_id="ORG45380159679636514" m_id="143"/>
<ENTITY TAG_DESCRIPTOR="Big Three bailout" ent_type="FIN" instance_id="FIN45379890707582984" m_id="142"/><ENTITY TAG_DESCRIPTOR="Republican Party leaders" ent_type="PER" instance_id="PER45380090326557907" m_id="141"/>
<ENTITY TAG_DESCRIPTOR="Chrysler" ent_type="ORG" external_ref="http://dbpedia.org/resource/Chrysler" instance_id="ORG37406423422624299" m_id="140"/><ENTITY TAG_DESCRIPTOR="Japan" comment="" ent_class="" ent_type="LOC" external_ref="" m_id="145"/></Markables>
<Relations>
<HAS_PARTICIPANT comment="" r_id="115061" sem_role="Arg2" sem_role_framework="PROPBANK">
<source m_id="11"/>
<target m_id="16"/>
</HAS_PARTICIPANT>
<HAS_PARTICIPANT comment="" r_id="115062" sem_role="Arg0" sem_role_framework="PROPBANK">
<source m_id="11"/>
<target m_id="9"/>
</HAS_PARTICIPANT>
<HAS_PARTICIPANT comment="" r_id="115063" sem_role="Argm-LOC" sem_role_framework="PROPBANK">
<source m_id="12"/>
<target m_id="5"/>
</HAS_PARTICIPANT>
<GLINK comment="" r_id="115064">
<source m_id="13"/>
<target m_id="14"/>
</GLINK>
<HAS_PARTICIPANT comment="" r_id="115066" sem_role="Arg1" sem_role_framework="PROPBANK">
<source m_id="27"/>
<target m_id="17"/>
</HAS_PARTICIPANT>
<HAS_PARTICIPANT comment="" r_id="115067" sem_role="Arg0" sem_role_framework="PROPBANK">
<source m_id="29"/>
<target m_id="18"/>
</HAS_PARTICIPANT>
<HAS_PARTICIPANT comment="" r_id="115068" sem_role="Arg0" sem_role_framework="PROPBANK">
<source m_id="30"/>
<target m_id="20"/>
</HAS_PARTICIPANT>
<HAS_PARTICIPANT comment="" r_id="115069" sem_role="Arg1" sem_role_framework="PROPBANK">
<source m_id="32"/>
<target m_id="21"/>
</HAS_PARTICIPANT>
<HAS_PARTICIPANT comment="" r_id="115070" sem_role="Argm-OTHER" sem_role_framework="PROPBANK">
<source m_id="33"/>
<target m_id="23"/>
</HAS_PARTICIPANT>
<HAS_PARTICIPANT comment="" r_id="115071" sem_role="Arg1" sem_role_framework="PROPBANK">
<source m_id="33"/>
<target m_id="39"/>
</HAS_PARTICIPANT>
<SLINK comment="" r_id="115072">
<source m_id="29"/>
<target m_id="30"/>
</SLINK>
<SLINK comment="" r_id="115073">
<source m_id="30"/>
<target m_id="31"/>
</SLINK>
<HAS_PARTICIPANT comment="" r_id="115074" sem_role="Arg0" sem_role_framework="PROPBANK">
<source m_id="41"/>
<target m_id="40"/>
</HAS_PARTICIPANT>
<SLINK comment="" r_id="115077">
<source m_id="41"/>
<target m_id="42"/>
</SLINK>
<HAS_PARTICIPANT comment="" r_id="115079" sem_role="Argm-LOC" sem_role_framework="PROPBANK">
<source m_id="47"/>
<target m_id="44"/>
</HAS_PARTICIPANT>
<HAS_PARTICIPANT comment="" r_id="115080" sem_role="Arg2" sem_role_framework="PROPBANK">
<source m_id="48"/>
<target m_id="45"/>
</HAS_PARTICIPANT>
<HAS_PARTICIPANT comment="" r_id="115081" sem_role="Arg2" sem_role_framework="PROPBANK">
<source m_id="49"/>
<target m_id="46"/>
</HAS_PARTICIPANT>
<HAS_PARTICIPANT comment="" r_id="115082" sem_role="Arg1" sem_role_framework="PROPBANK">
<source m_id="50"/>
<target m_id="92"/>
</HAS_PARTICIPANT>
<TLINK comment="" r_id="115083" reltype="BEFORE" signalID="">
<source m_id="12"/>
<target m_id="38"/>
</TLINK>
<TLINK comment="" r_id="115084" reltype="BEFORE" signalID="">
<source m_id="26"/>
<target m_id="38"/>
</TLINK>
<TLINK comment="" r_id="115085" reltype="BEFORE" signalID="">
<source m_id="28"/>
<target m_id="38"/>
</TLINK>
<TLINK comment="" r_id="115086" reltype="BEFORE" signalID="">
<source m_id="29"/>
<target m_id="38"/>
</TLINK>
<TLINK comment="" r_id="115087" reltype="IS_INCLUDED" signalID="">
<source m_id="30"/>
<target m_id="38"/>
</TLINK>
<TLINK comment="" r_id="115088" reltype="BEFORE" signalID="">
<source m_id="41"/>
<target m_id="38"/>
</TLINK>
<TLINK comment="" r_id="115089" reltype="BEFORE" signalID="">
<source m_id="48"/>
<target m_id="38"/>
</TLINK>
<TLINK comment="" r_id="115090" reltype="IDENTITY" signalID="">
<source m_id="12"/>
<target m_id="26"/>
</TLINK>
<TLINK comment="" r_id="115091" reltype="BEFORE" signalID="">
<source m_id="26"/>
<target m_id="41"/>
</TLINK>
<TLINK comment="" r_id="115092" reltype="BEFORE" signalID="">
<source m_id="41"/>
<target m_id="48"/>
</TLINK>
<TLINK comment="" r_id="115093" reltype="AFTER" signalID="15">
<source m_id="12"/>
<target m_id="13"/>
</TLINK>
<TLINK comment="" r_id="115094" reltype="AFTER" signalID="34">
<source m_id="26"/>
<target m_id="28"/>
</TLINK>
<TLINK comment="" r_id="115095" reltype="SIMULTANEOUS" signalID="35">
<source m_id="28"/>
<target m_id="29"/>
</TLINK>
<TLINK comment="" r_id="115096" reltype="SIMULTANEOUS" signalID="">
<source m_id="29"/>
<target m_id="30"/>
</TLINK>
<TLINK comment="" r_id="115097" reltype="BEFORE" signalID="">
<source m_id="41"/>
<target m_id="42"/>
</TLINK>
<TLINK comment="" r_id="115098" reltype="IS_INCLUDED" signalID="36">
<source m_id="31"/>
<target m_id="37"/>
</TLINK>
<SLINK comment="" r_id="162571">
<source m_id="12"/>
<target m_id="11"/>
</SLINK>
<GLINK comment="" r_id="162572">
<source m_id="31"/>
<target m_id="32"/>
</GLINK>
<GLINK comment="" r_id="162573">
<source m_id="48"/>
<target m_id="47"/>
</GLINK>
<GLINK comment="" r_id="162574">
<source m_id="48"/>
<target m_id="49"/>
</GLINK>
<HAS_PARTICIPANT comment="" r_id="242786" sem_role="Arg0" sem_role_framework="PROPBANK">
<source m_id="90"/>
<target m_id="87"/>
</HAS_PARTICIPANT>
<GLINK comment="" r_id="242787">
<source m_id="89"/>
<target m_id="90"/>
</GLINK>
<HAS_PARTICIPANT comment="" r_id="242788" sem_role="Arg2" sem_role_framework="PROPBANK">
<source m_id="88"/>
<target m_id="91"/>
</HAS_PARTICIPANT>





































<REFERS_TO r_id="242807">
<source m_id="95"/>
<source m_id="101"/>
<source m_id="103"/>
<source m_id="111"/>
<source m_id="114"/>
<source m_id="115"/>
<source m_id="119"/>
<target m_id="135"/>
</REFERS_TO>
<REFERS_TO r_id="242808">
<source m_id="20"/>
<source m_id="40"/>
<source m_id="22"/>
<target m_id="134"/>
</REFERS_TO>
<REFERS_TO r_id="242809">
<source m_id="47"/>
<target m_id="70"/>
</REFERS_TO>
<REFERS_TO r_id="242810">
<source m_id="23"/>
<target m_id="133"/>
</REFERS_TO>
<REFERS_TO r_id="242811">
<source m_id="13"/>
<source m_id="89"/>
<target m_id="82"/>
</REFERS_TO>
<REFERS_TO r_id="242812">
<source m_id="30"/>
<target m_id="131"/>
</REFERS_TO>
<REFERS_TO r_id="242813">
<source m_id="19"/>
<target m_id="130"/>
</REFERS_TO>
<REFERS_TO r_id="242814">
<source m_id="3"/>
<target m_id="137"/>
</REFERS_TO>
<REFERS_TO r_id="242815">
<source m_id="21"/>
<target m_id="136"/>
</REFERS_TO>
<REFERS_TO r_id="242816">
<source m_id="51"/>
<source m_id="90"/>
<target m_id="66"/>
</REFERS_TO>
<REFERS_TO r_id="242817">
<source m_id="50"/>
<target m_id="67"/>
</REFERS_TO>
<REFERS_TO r_id="242818">
<source m_id="49"/>
<target m_id="68"/>
</REFERS_TO>
<REFERS_TO r_id="242819">
<source m_id="12"/>
<source m_id="26"/>
<target m_id="83"/>
</REFERS_TO>
<REFERS_TO r_id="242820">
<source m_id="27"/>
<target m_id="80"/>
</REFERS_TO>
<REFERS_TO r_id="242821">
<source m_id="14"/>
<target m_id="81"/>
</REFERS_TO>
<REFERS_TO r_id="242822">
<source m_id="9"/>
<source m_id="86"/>
<source m_id="7"/>
<source m_id="8"/>
<target m_id="139"/>
</REFERS_TO>
<REFERS_TO r_id="242823">
<source m_id="11"/>
<source m_id="88"/>
<target m_id="84"/>
</REFERS_TO>
<REFERS_TO r_id="242824">
<source m_id="94"/>
<target m_id="138"/>
</REFERS_TO>
<REFERS_TO r_id="242825">
<source m_id="4"/>
<target m_id="144"/>
</REFERS_TO>
<REFERS_TO r_id="242826">
<source m_id="93"/>
<target m_id="145"/>
</REFERS_TO>
<REFERS_TO r_id="242827">
<source m_id="16"/>
<source m_id="17"/>
<source m_id="91"/>
<target m_id="142"/>
</REFERS_TO>
<REFERS_TO r_id="242828">
<source m_id="24"/>
<target m_id="143"/>
</REFERS_TO>
<REFERS_TO r_id="242829">
<source m_id="2"/>
<target m_id="140"/>
</REFERS_TO>
<REFERS_TO r_id="242830">
<source m_id="18"/>
<target m_id="141"/>
</REFERS_TO>
<REFERS_TO r_id="242831">
<source m_id="31"/>
<target m_id="76"/>
</REFERS_TO>
<REFERS_TO r_id="242832">
<source m_id="32"/>
<target m_id="75"/>
</REFERS_TO>
<REFERS_TO r_id="242833">
<source m_id="33"/>
<target m_id="74"/>
</REFERS_TO>
<REFERS_TO r_id="242834">
<source m_id="42"/>
<target m_id="72"/>
</REFERS_TO>
<REFERS_TO r_id="242835">
<source m_id="43"/>
<target m_id="71"/>
</REFERS_TO>
<REFERS_TO r_id="242836">
<source m_id="44"/>
<source m_id="5"/>
<source m_id="87"/>
<target m_id="127"/>
</REFERS_TO>
<REFERS_TO r_id="242837">
<source m_id="41"/>
<target m_id="128"/>
</REFERS_TO>
<REFERS_TO r_id="242838">
<source m_id="25"/>
<source m_id="1"/>
<source m_id="6"/>
<source m_id="85"/>
<target m_id="129"/>
</REFERS_TO>
<REFERS_TO r_id="242839">
<source m_id="48"/>
<target m_id="69"/>
</REFERS_TO>
<REFERS_TO r_id="242840">
<source m_id="28"/>
<target m_id="79"/>
</REFERS_TO>
<REFERS_TO r_id="242841">
<source m_id="29"/>
<target m_id="78"/>
</REFERS_TO>
<REFERS_TO r_id="242842">
<source m_id="39"/>
<target m_id="132"/>
</REFERS_TO>
</Relations>
</Document>