<?xml version="1.0" ?><Document doc_id="121134" doc_name="121134_US_automakers_GM_and_Chrysler_seek_more_government_aid" lang="en" url="http://en.wikinews.org/wiki/US_automakers_GM_and_Chrysler_seek_more_government_aid">
<token number="0" sentence="0" t_id="1">US</token>
<token number="1" sentence="0" t_id="2">automakers</token>
<token number="2" sentence="0" t_id="3">GM</token>
<token number="3" sentence="0" t_id="4">and</token>
<token number="4" sentence="0" t_id="5">Chrysler</token>
<token number="5" sentence="0" t_id="6">seek</token>
<token number="6" sentence="0" t_id="7">more</token>
<token number="7" sentence="0" t_id="8">government</token>
<token number="8" sentence="0" t_id="9">aid</token>
<token number="9" sentence="1" t_id="10">February</token>
<token number="10" sentence="1" t_id="11">18</token>
<token number="11" sentence="1" t_id="12">,</token>
<token number="12" sentence="1" t_id="13">2009</token>
<token number="13" sentence="2" t_id="14">The</token>
<token number="14" sentence="2" t_id="15">United</token>
<token number="15" sentence="2" t_id="16">States</token>
<token number="16" sentence="2" t_id="17">auto</token>
<token number="17" sentence="2" t_id="18">manufacturer</token>
<token number="18" sentence="2" t_id="19">Chrysler</token>
<token number="19" sentence="2" t_id="20">,</token>
<token number="20" sentence="2" t_id="21">which</token>
<token number="21" sentence="2" t_id="22">has</token>
<token number="22" sentence="2" t_id="23">been</token>
<token number="23" sentence="2" t_id="24">badly</token>
<token number="24" sentence="2" t_id="25">affected</token>
<token number="25" sentence="2" t_id="26">by</token>
<token number="26" sentence="2" t_id="27">the</token>
<token number="27" sentence="2" t_id="28">ongoing</token>
<token number="28" sentence="2" t_id="29">recession</token>
<token number="29" sentence="2" t_id="30">,</token>
<token number="30" sentence="2" t_id="31">has</token>
<token number="31" sentence="2" t_id="32">asked</token>
<token number="32" sentence="2" t_id="33">the</token>
<token number="33" sentence="2" t_id="34">US</token>
<token number="34" sentence="2" t_id="35">government</token>
<token number="35" sentence="2" t_id="36">for</token>
<token number="36" sentence="2" t_id="37">an</token>
<token number="37" sentence="2" t_id="38">additional</token>
<token number="38" sentence="2" t_id="39">US$</token>
<token number="39" sentence="2" t_id="40">5</token>
<token number="40" sentence="2" t_id="41">billion</token>
<token number="41" sentence="2" t_id="42">in</token>
<token number="42" sentence="2" t_id="43">aid</token>
<token number="43" sentence="2" t_id="44">on</token>
<token number="44" sentence="2" t_id="45">top</token>
<token number="45" sentence="2" t_id="46">of</token>
<token number="46" sentence="2" t_id="47">the</token>
<token number="47" sentence="2" t_id="48">four</token>
<token number="48" sentence="2" t_id="49">billion</token>
<token number="49" sentence="2" t_id="50">it</token>
<token number="50" sentence="2" t_id="51">has</token>
<token number="51" sentence="2" t_id="52">already</token>
<token number="52" sentence="2" t_id="53">received</token>
<token number="53" sentence="2" t_id="54">,</token>
<token number="54" sentence="2" t_id="55">saying</token>
<token number="55" sentence="2" t_id="56">that</token>
<token number="56" sentence="2" t_id="57">it</token>
<token number="57" sentence="2" t_id="58">plans</token>
<token number="58" sentence="2" t_id="59">to</token>
<token number="59" sentence="2" t_id="60">fire</token>
<token number="60" sentence="2" t_id="61">three</token>
<token number="61" sentence="2" t_id="62">thousand</token>
<token number="62" sentence="2" t_id="63">employees</token>
<token number="63" sentence="2" t_id="64">.</token>
<token number="64" sentence="3" t_id="65">At</token>
<token number="65" sentence="3" t_id="66">the</token>
<token number="66" sentence="3" t_id="67">end</token>
<token number="67" sentence="3" t_id="68">of</token>
<token number="68" sentence="3" t_id="69">last</token>
<token number="69" sentence="3" t_id="70">year</token>
<token number="70" sentence="3" t_id="71">,</token>
<token number="71" sentence="3" t_id="72">the</token>
<token number="72" sentence="3" t_id="73">auto</token>
<token number="73" sentence="3" t_id="74">maker</token>
<token number="74" sentence="3" t_id="75">had</token>
<token number="75" sentence="3" t_id="76">just</token>
<token number="76" sentence="3" t_id="77">over</token>
<token number="77" sentence="3" t_id="78">54,000</token>
<token number="78" sentence="3" t_id="79">employees</token>
<token number="79" sentence="3" t_id="80">,</token>
<token number="80" sentence="3" t_id="81">meaning</token>
<token number="81" sentence="3" t_id="82">that</token>
<token number="82" sentence="3" t_id="83">the</token>
<token number="83" sentence="3" t_id="84">layoffs</token>
<token number="84" sentence="3" t_id="85">will</token>
<token number="85" sentence="3" t_id="86">equal</token>
<token number="86" sentence="3" t_id="87">about</token>
<token number="87" sentence="3" t_id="88">six</token>
<token number="88" sentence="3" t_id="89">percent</token>
<token number="89" sentence="3" t_id="90">of</token>
<token number="90" sentence="3" t_id="91">its</token>
<token number="91" sentence="3" t_id="92">total</token>
<token number="92" sentence="3" t_id="93">workforce</token>
<token number="93" sentence="3" t_id="94">.</token>
<token number="94" sentence="4" t_id="95">In</token>
<token number="95" sentence="4" t_id="96">addition</token>
<token number="96" sentence="4" t_id="97">,</token>
<token number="97" sentence="4" t_id="98">Chrysler</token>
<token number="98" sentence="4" t_id="99">will</token>
<token number="99" sentence="4" t_id="100">cut</token>
<token number="100" sentence="4" t_id="101">the</token>
<token number="101" sentence="4" t_id="102">Chrysler</token>
<token number="102" sentence="4" t_id="103">Aspen</token>
<token number="103" sentence="4" t_id="104">,</token>
<token number="104" sentence="4" t_id="105">PT</token>
<token number="105" sentence="4" t_id="106">Cruiser</token>
<token number="106" sentence="4" t_id="107">,</token>
<token number="107" sentence="4" t_id="108">and</token>
<token number="108" sentence="4" t_id="109">Durango</token>
<token number="109" sentence="4" t_id="110">from</token>
<token number="110" sentence="4" t_id="111">production</token>
<token number="111" sentence="4" t_id="112">.</token>
<token number="112" sentence="5" t_id="113">Another</token>
<token number="113" sentence="5" t_id="114">automaker</token>
<token number="114" sentence="5" t_id="115">,</token>
<token number="115" sentence="5" t_id="116">General</token>
<token number="116" sentence="5" t_id="117">Motors</token>
<token number="117" sentence="5" t_id="118">(</token>
<token number="118" sentence="5" t_id="119">GM</token>
<token number="119" sentence="5" t_id="120">)</token>
<token number="120" sentence="5" t_id="121">,</token>
<token number="121" sentence="5" t_id="122">announced</token>
<token number="122" sentence="5" t_id="123">that</token>
<token number="123" sentence="5" t_id="124">it</token>
<token number="124" sentence="5" t_id="125">seeks</token>
<token number="125" sentence="5" t_id="126">$</token>
<token number="126" sentence="5" t_id="127">16.6</token>
<token number="127" sentence="5" t_id="128">billion</token>
<token number="128" sentence="5" t_id="129">in</token>
<token number="129" sentence="5" t_id="130">loans</token>
<token number="130" sentence="5" t_id="131">from</token>
<token number="131" sentence="5" t_id="132">the</token>
<token number="132" sentence="5" t_id="133">government</token>
<token number="133" sentence="5" t_id="134">,</token>
<token number="134" sentence="5" t_id="135">in</token>
<token number="135" sentence="5" t_id="136">addition</token>
<token number="136" sentence="5" t_id="137">to</token>
<token number="137" sentence="5" t_id="138">the</token>
<token number="138" sentence="5" t_id="139">$</token>
<token number="139" sentence="5" t_id="140">13.4</token>
<token number="140" sentence="5" t_id="141">billion</token>
<token number="141" sentence="5" t_id="142">that</token>
<token number="142" sentence="5" t_id="143">it</token>
<token number="143" sentence="5" t_id="144">has</token>
<token number="144" sentence="5" t_id="145">already</token>
<token number="145" sentence="5" t_id="146">received</token>
<token number="146" sentence="5" t_id="147">.</token>
<token number="147" sentence="6" t_id="148">GM</token>
<token number="148" sentence="6" t_id="149">plans</token>
<token number="149" sentence="6" t_id="150">to</token>
<token number="150" sentence="6" t_id="151">lay</token>
<token number="151" sentence="6" t_id="152">off</token>
<token number="152" sentence="6" t_id="153">47,000</token>
<token number="153" sentence="6" t_id="154">employees</token>
<token number="154" sentence="6" t_id="155">and</token>
<token number="155" sentence="6" t_id="156">close</token>
<token number="156" sentence="6" t_id="157">five</token>
<token number="157" sentence="6" t_id="158">factories</token>
<token number="158" sentence="6" t_id="159">.</token>
<token number="159" sentence="7" t_id="160">GM</token>
<token number="160" sentence="7" t_id="161">says</token>
<token number="161" sentence="7" t_id="162">that</token>
<token number="162" sentence="7" t_id="163">it</token>
<token number="163" sentence="7" t_id="164">might</token>
<token number="164" sentence="7" t_id="165">need</token>
<token number="165" sentence="7" t_id="166">as</token>
<token number="166" sentence="7" t_id="167">much</token>
<token number="167" sentence="7" t_id="168">as</token>
<token number="168" sentence="7" t_id="169">$</token>
<token number="169" sentence="7" t_id="170">30</token>
<token number="170" sentence="7" t_id="171">billion</token>
<token number="171" sentence="7" t_id="172">from</token>
<token number="172" sentence="7" t_id="173">the</token>
<token number="173" sentence="7" t_id="174">US</token>
<token number="174" sentence="7" t_id="175">Treasury</token>
<token number="175" sentence="7" t_id="176">Department</token>
<token number="176" sentence="7" t_id="177">,</token>
<token number="177" sentence="7" t_id="178">an</token>
<token number="178" sentence="7" t_id="179">increase</token>
<token number="179" sentence="7" t_id="180">over</token>
<token number="180" sentence="7" t_id="181">their</token>
<token number="181" sentence="7" t_id="182">previous</token>
<token number="182" sentence="7" t_id="183">estimate</token>
<token number="183" sentence="7" t_id="184">of</token>
<token number="184" sentence="7" t_id="185">$</token>
<token number="185" sentence="7" t_id="186">18</token>
<token number="186" sentence="7" t_id="187">billion</token>
<token number="187" sentence="7" t_id="188">.</token>
<token number="188" sentence="8" t_id="189">The</token>
<token number="189" sentence="8" t_id="190">company</token>
<token number="190" sentence="8" t_id="191">has</token>
<token number="191" sentence="8" t_id="192">warned</token>
<token number="192" sentence="8" t_id="193">that</token>
<token number="193" sentence="8" t_id="194">it</token>
<token number="194" sentence="8" t_id="195">might</token>
<token number="195" sentence="8" t_id="196">run</token>
<token number="196" sentence="8" t_id="197">out</token>
<token number="197" sentence="8" t_id="198">of</token>
<token number="198" sentence="8" t_id="199">money</token>
<token number="199" sentence="8" t_id="200">by</token>
<token number="200" sentence="8" t_id="201">March</token>
<token number="201" sentence="8" t_id="202">if</token>
<token number="202" sentence="8" t_id="203">more</token>
<token number="203" sentence="8" t_id="204">aid</token>
<token number="204" sentence="8" t_id="205">was</token>
<token number="205" sentence="8" t_id="206">not</token>
<token number="206" sentence="8" t_id="207">given</token>
<token number="207" sentence="8" t_id="208">.</token>
<token number="208" sentence="9" t_id="209">Rick</token>
<token number="209" sentence="9" t_id="210">Wagoner</token>
<token number="210" sentence="9" t_id="211">,</token>
<token number="211" sentence="9" t_id="212">GM</token>
<token number="212" sentence="9" t_id="213">'s</token>
<token number="213" sentence="9" t_id="214">chief</token>
<token number="214" sentence="9" t_id="215">executive</token>
<token number="215" sentence="9" t_id="216">,</token>
<token number="216" sentence="9" t_id="217">described</token>
<token number="217" sentence="9" t_id="218">the</token>
<token number="218" sentence="9" t_id="219">firm</token>
<token number="219" sentence="9" t_id="220">'s</token>
<token number="220" sentence="9" t_id="221">plan</token>
<token number="221" sentence="9" t_id="222">as</token>
<token number="222" sentence="9" t_id="223">``</token>
<token number="223" sentence="9" t_id="224">comprehensive</token>
<token number="224" sentence="9" t_id="225">,</token>
<token number="225" sentence="9" t_id="226">responsive</token>
<token number="226" sentence="9" t_id="227">,</token>
<token number="227" sentence="9" t_id="228">achievable</token>
<token number="228" sentence="9" t_id="229">,</token>
<token number="229" sentence="9" t_id="230">and</token>
<token number="230" sentence="9" t_id="231">flexible</token>
<token number="231" sentence="9" t_id="232">''</token>
<token number="232" sentence="9" t_id="233">.</token>
<token number="233" sentence="10" t_id="234">``</token>
<token number="234" sentence="10" t_id="235">We</token>
<token number="235" sentence="10" t_id="236">have</token>
<token number="236" sentence="10" t_id="237">a</token>
<token number="237" sentence="10" t_id="238">lot</token>
<token number="238" sentence="10" t_id="239">of</token>
<token number="239" sentence="10" t_id="240">work</token>
<token number="240" sentence="10" t_id="241">in</token>
<token number="241" sentence="10" t_id="242">front</token>
<token number="242" sentence="10" t_id="243">of</token>
<token number="243" sentence="10" t_id="244">us</token>
<token number="244" sentence="10" t_id="245">,</token>
<token number="245" sentence="10" t_id="246">but</token>
<token number="246" sentence="10" t_id="247">I</token>
<token number="247" sentence="10" t_id="248">am</token>
<token number="248" sentence="10" t_id="249">confident</token>
<token number="249" sentence="10" t_id="250">it</token>
<token number="250" sentence="10" t_id="251">will</token>
<token number="251" sentence="10" t_id="252">result</token>
<token number="252" sentence="10" t_id="253">in</token>
<token number="253" sentence="10" t_id="254">a</token>
<token number="254" sentence="10" t_id="255">profitable</token>
<token number="255" sentence="10" t_id="256">General</token>
<token number="256" sentence="10" t_id="257">Motors</token>
<token number="257" sentence="10" t_id="258">,</token>
<token number="258" sentence="10" t_id="259">''</token>
<token number="259" sentence="10" t_id="260">he</token>
<token number="260" sentence="10" t_id="261">said</token>
<token number="261" sentence="10" t_id="262">,</token>
<token number="262" sentence="10" t_id="263">adding</token>
<token number="263" sentence="10" t_id="264">that</token>
<token number="264" sentence="10" t_id="265">``</token>
<token number="265" sentence="10" t_id="266">today</token>
<token number="266" sentence="10" t_id="267">'s</token>
<token number="267" sentence="10" t_id="268">plan</token>
<token number="268" sentence="10" t_id="269">is</token>
<token number="269" sentence="10" t_id="270">significantly</token>
<token number="270" sentence="10" t_id="271">more</token>
<token number="271" sentence="10" t_id="272">aggressive</token>
<token number="272" sentence="10" t_id="273">because</token>
<token number="273" sentence="10" t_id="274">it</token>
<token number="274" sentence="10" t_id="275">has</token>
<token number="275" sentence="10" t_id="276">to</token>
<token number="276" sentence="10" t_id="277">be</token>
<token number="277" sentence="10" t_id="278">.</token>
<token number="278" sentence="10" t_id="279">''</token>
<token number="279" sentence="11" t_id="280">GM</token>
<token number="280" sentence="11" t_id="281">says</token>
<token number="281" sentence="11" t_id="282">that</token>
<token number="282" sentence="11" t_id="283">it</token>
<token number="283" sentence="11" t_id="284">could</token>
<token number="284" sentence="11" t_id="285">be</token>
<token number="285" sentence="11" t_id="286">profitable</token>
<token number="286" sentence="11" t_id="287">in</token>
<token number="287" sentence="11" t_id="288">two</token>
<token number="288" sentence="11" t_id="289">years</token>
<token number="289" sentence="11" t_id="290">'</token>
<token number="290" sentence="11" t_id="291">time</token>
<token number="291" sentence="11" t_id="292">,</token>
<token number="292" sentence="11" t_id="293">and</token>
<token number="293" sentence="11" t_id="294">might</token>
<token number="294" sentence="11" t_id="295">be</token>
<token number="295" sentence="11" t_id="296">able</token>
<token number="296" sentence="11" t_id="297">to</token>
<token number="297" sentence="11" t_id="298">repay</token>
<token number="298" sentence="11" t_id="299">all</token>
<token number="299" sentence="11" t_id="300">its</token>
<token number="300" sentence="11" t_id="301">loans</token>
<token number="301" sentence="11" t_id="302">by</token>
<token number="302" sentence="11" t_id="303">2017</token>
<token number="303" sentence="11" t_id="304">.</token>
<token number="304" sentence="12" t_id="305">A</token>
<token number="305" sentence="12" t_id="306">third</token>
<token number="306" sentence="12" t_id="307">US</token>
<token number="307" sentence="12" t_id="308">car</token>
<token number="308" sentence="12" t_id="309">manufacturer</token>
<token number="309" sentence="12" t_id="310">,</token>
<token number="310" sentence="12" t_id="311">Ford</token>
<token number="311" sentence="12" t_id="312">Motor</token>
<token number="312" sentence="12" t_id="313">Company</token>
<token number="313" sentence="12" t_id="314">,</token>
<token number="314" sentence="12" t_id="315">has</token>
<token number="315" sentence="12" t_id="316">said</token>
<token number="316" sentence="12" t_id="317">that</token>
<token number="317" sentence="12" t_id="318">it</token>
<token number="318" sentence="12" t_id="319">can</token>
<token number="319" sentence="12" t_id="320">make</token>
<token number="320" sentence="12" t_id="321">it</token>
<token number="321" sentence="12" t_id="322">through</token>
<token number="322" sentence="12" t_id="323">this</token>
<token number="323" sentence="12" t_id="324">year</token>
<token number="324" sentence="12" t_id="325">without</token>
<token number="325" sentence="12" t_id="326">any</token>
<token number="326" sentence="12" t_id="327">government</token>
<token number="327" sentence="12" t_id="328">aid</token>
<token number="328" sentence="12" t_id="329">.</token>
<token number="329" sentence="13" t_id="330">The</token>
<token number="330" sentence="13" t_id="331">US</token>
<token number="331" sentence="13" t_id="332">Treasury</token>
<token number="332" sentence="13" t_id="333">Department</token>
<token number="333" sentence="13" t_id="334">will</token>
<token number="334" sentence="13" t_id="335">review</token>
<token number="335" sentence="13" t_id="336">the</token>
<token number="336" sentence="13" t_id="337">car</token>
<token number="337" sentence="13" t_id="338">makers</token>
<token number="338" sentence="13" t_id="339">'</token>
<token number="339" sentence="13" t_id="340">survival</token>
<token number="340" sentence="13" t_id="341">plans</token>
<token number="341" sentence="13" t_id="342">for</token>
<token number="342" sentence="13" t_id="343">several</token>
<token number="343" sentence="13" t_id="344">weeks</token>
<token number="344" sentence="13" t_id="345">before</token>
<token number="345" sentence="13" t_id="346">a</token>
<token number="346" sentence="13" t_id="347">decision</token>
<token number="347" sentence="13" t_id="348">is</token>
<token number="348" sentence="13" t_id="349">made</token>
<token number="349" sentence="13" t_id="350">on</token>
<token number="350" sentence="13" t_id="351">whether</token>
<token number="351" sentence="13" t_id="352">or</token>
<token number="352" sentence="13" t_id="353">not</token>
<token number="353" sentence="13" t_id="354">to</token>
<token number="354" sentence="13" t_id="355">extend</token>
<token number="355" sentence="13" t_id="356">the</token>
<token number="356" sentence="13" t_id="357">loans</token>
<token number="357" sentence="13" t_id="358">.</token>
<token number="358" sentence="14" t_id="359">That</token>
<token number="359" sentence="14" t_id="360">decision</token>
<token number="360" sentence="14" t_id="361">is</token>
<token number="361" sentence="14" t_id="362">due</token>
<token number="362" sentence="14" t_id="363">by</token>
<token number="363" sentence="14" t_id="364">the</token>
<token number="364" sentence="14" t_id="365">end</token>
<token number="365" sentence="14" t_id="366">of</token>
<token number="366" sentence="14" t_id="367">next</token>
<token number="367" sentence="14" t_id="368">month</token>
<token number="368" sentence="14" t_id="369">.</token>
<Markables>
<ENTITY_MENTION comment="" head="" m_id="77" syntactic_type="PRE.NAM">
<token_anchor t_id="1"/>
</ENTITY_MENTION>
<ENTITY_MENTION comment="" head="" m_id="78" syntactic_type="">
<token_anchor t_id="1"/>
<token_anchor t_id="2"/>
</ENTITY_MENTION>
<ENTITY_MENTION comment="" head="" m_id="79" syntactic_type="NAM">
<token_anchor t_id="3"/>
</ENTITY_MENTION>
<ENTITY_MENTION comment="" head="" m_id="24" syntactic_type="">
<token_anchor t_id="72"/>
<token_anchor t_id="73"/>
<token_anchor t_id="74"/>
</ENTITY_MENTION>
<ENTITY_MENTION comment="" head="" m_id="80" syntactic_type="NAM">
<token_anchor t_id="5"/>
</ENTITY_MENTION>
<ENTITY_MENTION comment="" head="" m_id="25" syntactic_type="">
<token_anchor t_id="77"/>
<token_anchor t_id="78"/>
<token_anchor t_id="79"/>
</ENTITY_MENTION>
<ENTITY_MENTION comment="" head="" m_id="81" syntactic_type="">
<token_anchor t_id="3"/>
<token_anchor t_id="4"/>
<token_anchor t_id="5"/>
</ENTITY_MENTION>
<ENTITY_MENTION comment="" head="" m_id="26" syntactic_type="">
<token_anchor t_id="88"/>
<token_anchor t_id="89"/>
<token_anchor t_id="90"/>
<token_anchor t_id="91"/>
<token_anchor t_id="92"/>
<token_anchor t_id="93"/>
</ENTITY_MENTION>
<ENTITY_MENTION comment="" head="" m_id="82" syntactic_type="">
<token_anchor t_id="1"/>
<token_anchor t_id="2"/>
<token_anchor t_id="3"/>
<token_anchor t_id="4"/>
<token_anchor t_id="5"/>
</ENTITY_MENTION>
<ENTITY_MENTION comment="" head="" m_id="27" syntactic_type="">
<token_anchor t_id="91"/>
</ENTITY_MENTION>
<ENTITY_MENTION comment="" head="" m_id="83" syntactic_type="PRE.NAM">
<token_anchor t_id="8"/>
</ENTITY_MENTION>
<ENTITY_MENTION comment="" head="" m_id="84" syntactic_type="">
<token_anchor t_id="7"/>
<token_anchor t_id="8"/>
<token_anchor t_id="9"/>
</ENTITY_MENTION>
<ENTITY_MENTION comment="" head="" m_id="89" syntactic_type="">
<token_anchor t_id="126"/>
<token_anchor t_id="127"/>
<token_anchor t_id="128"/>
<token_anchor t_id="129"/>
<token_anchor t_id="130"/>
</ENTITY_MENTION>
<ENTITY_MENTION comment="" head="" m_id="90" syntactic_type="">
<token_anchor t_id="39"/>
<token_anchor t_id="40"/>
<token_anchor t_id="41"/>
<token_anchor t_id="42"/>
<token_anchor t_id="43"/>
</ENTITY_MENTION>
<ENTITY_MENTION comment="" head="" m_id="93" syntactic_type="NOM">
<token_anchor t_id="91"/>
<token_anchor t_id="92"/>
<token_anchor t_id="93"/>
</ENTITY_MENTION>
<ENTITY_MENTION comment="" head="" m_id="1" syntactic_type="NAM">
<token_anchor t_id="14"/>
<token_anchor t_id="15"/>
<token_anchor t_id="16"/>
<token_anchor t_id="17"/>
<token_anchor t_id="18"/>
<token_anchor t_id="19"/>
</ENTITY_MENTION>
<ENTITY_MENTION comment="" head="" m_id="2" syntactic_type="PRE.NAM">
<token_anchor t_id="15"/>
<token_anchor t_id="16"/>
</ENTITY_MENTION>
<ENTITY_MENTION comment="" head="" m_id="34" syntactic_type="NAM">
<token_anchor t_id="98"/>
</ENTITY_MENTION>
<ENTITY_MENTION comment="" head="" m_id="3" syntactic_type="">
<token_anchor t_id="21"/>
</ENTITY_MENTION>
<ENTITY_MENTION comment="" head="" m_id="35" syntactic_type="NAM">
<token_anchor t_id="101"/>
<token_anchor t_id="102"/>
<token_anchor t_id="103"/>
</ENTITY_MENTION>
<ENTITY_MENTION comment="" head="" m_id="36" syntactic_type="NAM">
<token_anchor t_id="105"/>
<token_anchor t_id="106"/>
</ENTITY_MENTION>
<ENTITY_MENTION comment="" head="" m_id="4" syntactic_type="">
<token_anchor t_id="14"/>
<token_anchor t_id="15"/>
<token_anchor t_id="16"/>
<token_anchor t_id="17"/>
<token_anchor t_id="18"/>
<token_anchor t_id="19"/>
<token_anchor t_id="20"/>
<token_anchor t_id="21"/>
<token_anchor t_id="22"/>
<token_anchor t_id="23"/>
<token_anchor t_id="24"/>
<token_anchor t_id="25"/>
<token_anchor t_id="26"/>
<token_anchor t_id="27"/>
<token_anchor t_id="28"/>
<token_anchor t_id="29"/>
</ENTITY_MENTION>
<ENTITY_MENTION comment="" head="" m_id="37" syntactic_type="NAM">
<token_anchor t_id="109"/>
</ENTITY_MENTION>
<ENTITY_MENTION comment="" head="" m_id="5" syntactic_type="">
<token_anchor t_id="57"/>
</ENTITY_MENTION>
<ENTITY_MENTION comment="" head="" m_id="38" syntactic_type="">
<token_anchor t_id="101"/>
<token_anchor t_id="102"/>
<token_anchor t_id="103"/>
<token_anchor t_id="104"/>
<token_anchor t_id="105"/>
<token_anchor t_id="106"/>
<token_anchor t_id="107"/>
<token_anchor t_id="108"/>
<token_anchor t_id="109"/>
</ENTITY_MENTION>
<ENTITY_MENTION comment="" head="" m_id="6" syntactic_type="">
<token_anchor t_id="61"/>
<token_anchor t_id="62"/>
<token_anchor t_id="63"/>
</ENTITY_MENTION>
<ENTITY_MENTION comment="" head="" m_id="41" syntactic_type="">
<token_anchor t_id="113"/>
<token_anchor t_id="114"/>
</ENTITY_MENTION>
<ENTITY_MENTION comment="" head="" m_id="42" syntactic_type="">
<token_anchor t_id="116"/>
<token_anchor t_id="117"/>
<token_anchor t_id="118"/>
<token_anchor t_id="119"/>
</ENTITY_MENTION>
<ENTITY_MENTION comment="" head="" m_id="10" syntactic_type="">
<token_anchor t_id="33"/>
<token_anchor t_id="34"/>
<token_anchor t_id="35"/>
</ENTITY_MENTION>
<ENTITY_MENTION comment="" head="" m_id="43" syntactic_type="NAM">
<token_anchor t_id="116"/>
<token_anchor t_id="117"/>
</ENTITY_MENTION>
<ENTITY_MENTION comment="" head="" m_id="11" syntactic_type="PRE.NAM">
<token_anchor t_id="34"/>
</ENTITY_MENTION>
<ENTITY_MENTION comment="" head="" m_id="44" syntactic_type="NAM">
<token_anchor t_id="119"/>
</ENTITY_MENTION>
<ENTITY_MENTION comment="" head="" m_id="45" syntactic_type="">
<token_anchor t_id="113"/>
<token_anchor t_id="114"/>
<token_anchor t_id="115"/>
<token_anchor t_id="116"/>
<token_anchor t_id="117"/>
<token_anchor t_id="118"/>
<token_anchor t_id="119"/>
</ENTITY_MENTION>
<ENTITY_MENTION comment="" head="" m_id="46" syntactic_type="">
<token_anchor t_id="124"/>
</ENTITY_MENTION>
<ENTITY_MENTION comment="" head="" m_id="47" syntactic_type="">
<token_anchor t_id="132"/>
<token_anchor t_id="133"/>
</ENTITY_MENTION>
<ENTITY_MENTION comment="" head="" m_id="48" syntactic_type="">
<token_anchor t_id="143"/>
</ENTITY_MENTION>
<ENTITY_MENTION comment="" head="" m_id="16" syntactic_type="">
<token_anchor t_id="50"/>
</ENTITY_MENTION>
<EVENT_MENTION aspect="NONE" certainty="CERTAIN" comment="" m_id="51" modality="" polarity="POS" pos="VERB" pred="" special_cases="NONE" tense="PAST" time="NON_FUTURE">
<token_anchor t_id="122"/>
</EVENT_MENTION>
<EVENT_MENTION aspect="NONE" certainty="CERTAIN" comment="" m_id="52" modality="" polarity="POS" pos="VERB" pred="" special_cases="NONE" tense="PRESENT" time="NON_FUTURE">
<token_anchor t_id="125"/>
</EVENT_MENTION>
<EVENT_MENTION aspect="PERFECTIVE" certainty="CERTAIN" comment="" m_id="53" modality="" polarity="POS" pos="VERB" pred="" special_cases="NONE" tense="PRESENT" time="NON_FUTURE">
<token_anchor t_id="146"/>
</EVENT_MENTION>
<EVENT_MENTION aspect="NONE" certainty="CERTAIN" comment="" m_id="28" modality="" polarity="POS" pos="VERB" pred="" special_cases="NONE" tense="PAST" time="NON_FUTURE">
<token_anchor t_id="75"/>
</EVENT_MENTION>
<EVENT_MENTION aspect="NONE" certainty="CERTAIN" comment="" m_id="29" modality="" polarity="POS" pos="VERB" pred="" special_cases="GEN" tense="PRESPART" time="NON_FUTURE">
<token_anchor t_id="81"/>
</EVENT_MENTION>
<EVENT_MENTION aspect="NONE" certainty="CERTAIN" comment="" m_id="85" modality="" polarity="POS" pos="VERB" pred="" special_cases="NONE" tense="PRESENT" time="NON_FUTURE">
<token_anchor t_id="6"/>
</EVENT_MENTION>
<EVENT_MENTION aspect="NONE" certainty="CERTAIN" comment="" m_id="30" modality="" polarity="POS" pos="NOUN" pred="" special_cases="NONE" tense="NONE" time="NON_FUTURE">
<token_anchor t_id="84"/>
</EVENT_MENTION>
<EVENT_MENTION aspect="NONE" certainty="CERTAIN" comment="" m_id="31" modality="" polarity="POS" pos="VERB" pred="" special_cases="NONE" tense="FUTURE" time="FUTURE">
<token_anchor t_id="86"/>
</EVENT_MENTION>
<EVENT_MENTION aspect="NONE" certainty="CERTAIN" comment="" m_id="39" modality="" polarity="POS" pos="VERB" pred="" special_cases="NONE" tense="FUTURE" time="FUTURE">
<token_anchor t_id="100"/>
</EVENT_MENTION>
<EVENT_MENTION aspect="PERFECTIVE" certainty="CERTAIN" comment="" m_id="7" modality="" polarity="POS" pos="VERB" pred="" special_cases="NONE" tense="PAST" time="NON_FUTURE">
<token_anchor t_id="25"/>
</EVENT_MENTION>
<EVENT_MENTION aspect="NONE" certainty="CERTAIN" comment="" m_id="40" modality="" polarity="POS" pos="NOUN" pred="" special_cases="NONE" tense="NONE" time="NON_FUTURE">
<token_anchor t_id="111"/>
</EVENT_MENTION>
<EVENT_MENTION aspect="NONE" certainty="CERTAIN" comment="" m_id="8" modality="" polarity="POS" pos="NOUN" pred="" special_cases="NONE" tense="NONE" time="NON_FUTURE">
<token_anchor t_id="29"/>
</EVENT_MENTION>
<EVENT_MENTION aspect="PERFECTIVE" certainty="CERTAIN" comment="" m_id="9" modality="" polarity="POS" pos="VERB" pred="" special_cases="NONE" tense="PRESENT" time="NON_FUTURE">
<token_anchor t_id="32"/>
</EVENT_MENTION>
<EVENT_MENTION aspect="PERFECTIVE" certainty="CERTAIN" comment="" m_id="12" modality="" polarity="POS" pos="VERB" pred="" special_cases="NONE" tense="PRESENT" time="NON_FUTURE">
<token_anchor t_id="53"/>
</EVENT_MENTION>
<EVENT_MENTION aspect="PROGRESSIVE" certainty="CERTAIN" comment="" m_id="13" modality="" polarity="POS" pos="VERB" pred="" special_cases="NONE" tense="PRESPART" time="NON_FUTURE">
<token_anchor t_id="55"/>
</EVENT_MENTION>
<EVENT_MENTION aspect="NONE" certainty="CERTAIN" comment="" m_id="14" modality="" polarity="POS" pos="VERB" pred="" special_cases="NONE" tense="PRESENT" time="NON_FUTURE">
<token_anchor t_id="58"/>
</EVENT_MENTION>
<EVENT_MENTION aspect="NONE" certainty="CERTAIN" comment="" m_id="15" modality="" polarity="UNDERSPECIFIED" pos="VERB" pred="" special_cases="NONE" tense="INFINITIVE" time="NON_FUTURE">
<token_anchor t_id="60"/>
</EVENT_MENTION>
<SIGNAL comment="" m_id="22">
<token_anchor t_id="65"/>
</SIGNAL>
<TIMEX3 anchorTimeID="" beginPoint="" comment="" endPoint="" functionInDocument="NONE" m_id="20" type="DATE" value="PRESENT_REF">
<token_anchor t_id="28"/>
</TIMEX3>
<TIMEX3 anchorTimeID="" beginPoint="" comment="" endPoint="" functionInDocument="CREATION_TIME" m_id="21" type="DATE" value="2009-02-18">
<token_anchor t_id="10"/>
<token_anchor t_id="11"/>
<token_anchor t_id="12"/>
<token_anchor t_id="13"/>
</TIMEX3>
<TIMEX3 anchorTimeID="21" beginPoint="" comment="" endPoint="" functionInDocument="NONE" m_id="23" type="DATE" value="2008">
<token_anchor t_id="66"/>
<token_anchor t_id="67"/>
<token_anchor t_id="68"/>
<token_anchor t_id="69"/>
<token_anchor t_id="70"/>
</TIMEX3>
<VALUE comment="" m_id="19" type="QUANTITY">
<token_anchor t_id="61"/>
<token_anchor t_id="62"/>
</VALUE>
<VALUE comment="" m_id="32" type="QUANTITY">
<token_anchor t_id="78"/>
</VALUE>
<VALUE comment="" m_id="33" type="PERCENT">
<token_anchor t_id="88"/>
<token_anchor t_id="89"/>
</VALUE>
<VALUE comment="" m_id="49" type="MONEY">
<token_anchor t_id="126"/>
<token_anchor t_id="127"/>
<token_anchor t_id="128"/>
</VALUE>
<VALUE comment="" m_id="17" type="MONEY">
<token_anchor t_id="39"/>
<token_anchor t_id="40"/>
<token_anchor t_id="41"/>
</VALUE>
<VALUE comment="" m_id="50" type="MONEY">
<token_anchor t_id="139"/>
<token_anchor t_id="140"/>
<token_anchor t_id="141"/>
</VALUE>
<VALUE comment="" m_id="18" type="MONEY">
<token_anchor t_id="48"/>
<token_anchor t_id="49"/>
</VALUE>
<EVENT_MENTION m_id="94">
  <token_anchor t_id="240"/>
</EVENT_MENTION>
<EVENT_MENTION m_id="97">
  <token_anchor t_id="281"/>
</EVENT_MENTION>
<EVENT_MENTION m_id="106">
  <token_anchor t_id="192"/>
</EVENT_MENTION>
<EVENT_MENTION m_id="121">
  <token_anchor t_id="161"/>
</EVENT_MENTION>
<EVENT_MENTION m_id="131">
  <token_anchor t_id="236"/>
</EVENT_MENTION>
<EVENT_MENTION m_id="143">
  <token_anchor t_id="316"/>
</EVENT_MENTION>
<EVENT_MENTION m_id="155">
  <token_anchor t_id="221"/>
</EVENT_MENTION>
<EVENT_MENTION m_id="164">
  <token_anchor t_id="183"/>
</EVENT_MENTION>
<ENTITY_MENTION m_id="98">
  <token_anchor t_id="218"/>
  <token_anchor t_id="219"/>
</ENTITY_MENTION>
<ENTITY_MENTION m_id="100">
  <token_anchor t_id="194"/>
</ENTITY_MENTION>
<ENTITY_MENTION m_id="101">
  <token_anchor t_id="280"/>
</ENTITY_MENTION>
<ENTITY_MENTION m_id="104">
  <token_anchor t_id="337"/>
</ENTITY_MENTION>
<ENTITY_MENTION m_id="105">
  <token_anchor t_id="283"/>
</ENTITY_MENTION>
<ENTITY_MENTION m_id="109">
  <token_anchor t_id="244"/>
</ENTITY_MENTION>
<ENTITY_MENTION m_id="112">
  <token_anchor t_id="300"/>
</ENTITY_MENTION>
<ENTITY_MENTION m_id="117">
  <token_anchor t_id="308"/>
</ENTITY_MENTION>
<ENTITY_MENTION m_id="125">
  <token_anchor t_id="163"/>
</ENTITY_MENTION>
<ENTITY_MENTION m_id="129">
  <token_anchor t_id="160"/>
</ENTITY_MENTION>
<ENTITY_MENTION m_id="132">
  <token_anchor t_id="73"/>
</ENTITY_MENTION>
<ENTITY_MENTION m_id="133">
  <token_anchor t_id="235"/>
</ENTITY_MENTION>
<ENTITY_MENTION m_id="136">
  <token_anchor t_id="212"/>
</ENTITY_MENTION>
<ENTITY_MENTION m_id="139">
  <token_anchor t_id="318"/>
</ENTITY_MENTION>
<ENTITY_MENTION m_id="142">
  <token_anchor t_id="19"/>
</ENTITY_MENTION>
<ENTITY_MENTION m_id="144">
  <token_anchor t_id="17"/>
</ENTITY_MENTION>
<ENTITY_MENTION m_id="146">
  <token_anchor t_id="14"/>
  <token_anchor t_id="15"/>
  <token_anchor t_id="16"/>
  <token_anchor t_id="17"/>
  <token_anchor t_id="18"/>
</ENTITY_MENTION>
<ENTITY_MENTION m_id="148">
  <token_anchor t_id="189"/>
  <token_anchor t_id="190"/>
</ENTITY_MENTION>
<ENTITY_MENTION m_id="156">
  <token_anchor t_id="305"/>
  <token_anchor t_id="306"/>
  <token_anchor t_id="307"/>
  <token_anchor t_id="308"/>
  <token_anchor t_id="309"/>
</ENTITY_MENTION>
<ENTITY_MENTION m_id="159">
  <token_anchor t_id="148"/>
</ENTITY_MENTION>
<ENTITY_MENTION m_id="161">
  <token_anchor t_id="305"/>
  <token_anchor t_id="306"/>
  <token_anchor t_id="307"/>
  <token_anchor t_id="308"/>
  <token_anchor t_id="309"/>
  <token_anchor t_id="310"/>
  <token_anchor t_id="311"/>
  <token_anchor t_id="312"/>
  <token_anchor t_id="313"/>
</ENTITY_MENTION>
<ENTITY_MENTION m_id="162">
  <token_anchor t_id="181"/>
</ENTITY_MENTION>
<ENTITY_MENTION m_id="166">
  <token_anchor t_id="311"/>
  <token_anchor t_id="312"/>
  <token_anchor t_id="313"/>
</ENTITY_MENTION>
<EVENT TAG_DESCRIPTOR="Work-EHU" class="OTHER" instance_id="OTH40538060066332970" m_id="169"/><EVENT TAG_DESCRIPTOR="Plan-EHU" class="OTHER" instance_id="OTH40537992163334094" m_id="197"/>
<EVENT TAG_DESCRIPTOR="Estimate-EHU" class="OTHER" instance_id="OTH40537924637736750" m_id="195"/><EVENT TAG_DESCRIPTOR="Ask-EHU" class="SPEECH_COGNITIVE" instance_id="SPE39650885107362591" m_id="193"/>
<EVENT TAG_DESCRIPTOR="Cut-EHU" class="OTHER" instance_id="OTH40519375200647206" m_id="192"/><EVENT TAG_DESCRIPTOR="Receive-EHU" class="OTHER" instance_id="OTH39830796541122009" m_id="190"/>
<EVENT TAG_DESCRIPTOR="Affect-EHU" class="OTHER" instance_id="OTH41389326982323841" m_id="187"/><EVENT TAG_DESCRIPTOR="Seek-EHU" class="OTHER" instance_id="OTH41483541792139970" m_id="186"/>
<EVENT TAG_DESCRIPTOR="recession" class="OTHER" comment="" external_ref="" m_id="75"/><EVENT TAG_DESCRIPTOR="Have-EHU" class="OTHER" instance_id="OTH39650972023589203" m_id="184"/>
<EVENT TAG_DESCRIPTOR="Say-EHU" class="SPEECH_COGNITIVE" instance_id="SPE39830926892439402" m_id="183"/><EVENT TAG_DESCRIPTOR="Warn-EHU" class="SPEECH_COGNITIVE" instance_id="SPE39831175491863784" m_id="182"/>
<EVENT TAG_DESCRIPTOR="say" class="SPEECH_COGNITIVE" comment="" external_ref="" m_id="72"/><EVENT TAG_DESCRIPTOR="Have-EHU" class="OTHER" instance_id="OTH39831377260535375" m_id="181"/>
<EVENT TAG_DESCRIPTOR="plan" class="SPEECH_COGNITIVE" comment="" external_ref="" m_id="71"/><EVENT TAG_DESCRIPTOR="fire" class="OTHER" comment="" external_ref="" m_id="70"/>
<EVENT TAG_DESCRIPTOR="mean" class="SPEECH_COGNITIVE" comment="" external_ref="" m_id="68"/><EVENT TAG_DESCRIPTOR="Say-EHU" class="SPEECH_COGNITIVE" instance_id="SPE39742855262117139" m_id="177"/>
<EVENT TAG_DESCRIPTOR="layoff" class="OTHER" comment="" external_ref="" m_id="67"/><EVENT TAG_DESCRIPTOR="Seek-EHU" class="OTHER" instance_id="OTH39566157939570499" m_id="176"/>
<EVENT TAG_DESCRIPTOR="equal" class="OTHER" comment="" external_ref="" m_id="66"/><EVENT TAG_DESCRIPTOR="Receive-EHU" class="OTHER" instance_id="OTH41389474407311180" m_id="174"/>
<EVENT TAG_DESCRIPTOR="production" class="OTHER" comment="" external_ref="" m_id="64"/><EVENT TAG_DESCRIPTOR="Announce-EHU" class="SPEECH_COGNITIVE" instance_id="SPE39830644132805758" m_id="173"/>
<EVENT TAG_DESCRIPTOR="Say-EHU" class="SPEECH_COGNITIVE" instance_id="SPE39831655106721725" m_id="172"/><ENTITY TAG_DESCRIPTOR="Chrysler employees fired" ent_type="PER" instance_id="PER47046768610514067" m_id="200"/>
<ENTITY TAG_DESCRIPTOR="Chrysler employees" ent_type="PER" instance_id="PER45384666746948132" m_id="199"/><ENTITY TAG_DESCRIPTOR="General Motors" ent_type="ORG" external_ref="http://dbpedia.org/resource/General_Motors" instance_id="ORG37406424148086837" m_id="198"/>
<ENTITY TAG_DESCRIPTOR="Aspen, Cruiser and Durango" ent_type="PRO" instance_id="PRO47030639291748261" m_id="196"/><ENTITY TAG_DESCRIPTOR="Chrysler aid" ent_type="FIN" instance_id="FIN45384615594082418" m_id="194"/>
<ENTITY TAG_DESCRIPTOR="Ford" ent_type="ORG" external_ref="http://dbpedia.org/resource/Ford_Motor_Company" instance_id="ORG37406423869806668" m_id="191"/><ENTITY TAG_DESCRIPTOR="automobile" ent_type="PRO" instance_id="PRO37402535305680047" m_id="189"/>
<ENTITY TAG_DESCRIPTOR="GM loans" ent_type="FIN" instance_id="FIN45384635587280361" m_id="188"/><ENTITY TAG_DESCRIPTOR="Chrysler Aspen" ent_type="PRO" external_ref="http://dbpedia.org/resource/Dodge_Durango" instance_id="PRO45384697824288060" m_id="185"/>
<ENTITY TAG_DESCRIPTOR="Ford Durango" ent_type="PRO" external_ref="http://dbpedia.org/resource/Ford_Durango" instance_id="PRO45384750115754949" m_id="180"/><ENTITY TAG_DESCRIPTOR="Chrysler PT Cruiser" ent_type="PRO" external_ref="http://dbpedia.org/resource/Chrysler_PT_Cruiser" instance_id="PRO45384771937291453" m_id="179"/>
<ENTITY TAG_DESCRIPTOR="Chrysler" ent_type="ORG" external_ref="http://dbpedia.org/resource/Chrysler" instance_id="ORG37406423422624299" m_id="178"/><ENTITY TAG_DESCRIPTOR="GM and Chrysler aid" ent_type="FIN" instance_id="FIN47030262768688037" m_id="175"/>
<ENTITY TAG_DESCRIPTOR="General Motors and Chrysler" ent_type="ORG" instance_id="ORG37406424291734298" m_id="171"/><ENTITY TAG_DESCRIPTOR="United States of America " ent_type="LOC" external_ref="http://dbpedia.org/resource/United_States" instance_id="LOC27735327659249054" m_id="170"/></Markables>
<Relations>
<HAS_PARTICIPANT comment="" r_id="115332" sem_role="Arg0" sem_role_framework="PROPBANK">
<source m_id="9"/>
<target m_id="4"/>
</HAS_PARTICIPANT>
<HAS_PARTICIPANT comment="" r_id="115333" sem_role="Arg2" sem_role_framework="PROPBANK">
<source m_id="9"/>
<target m_id="10"/>
</HAS_PARTICIPANT>
<HAS_PARTICIPANT comment="" r_id="115334" sem_role="Arg1" sem_role_framework="PROPBANK">
<source m_id="9"/>
<target m_id="90"/>
</HAS_PARTICIPANT>
<HAS_PARTICIPANT comment="" r_id="115335" sem_role="Arg1" sem_role_framework="PROPBANK">
<source m_id="7"/>
<target m_id="3"/>
</HAS_PARTICIPANT>
<HAS_PARTICIPANT comment="" r_id="115336" sem_role="Argm-OTHER" sem_role_framework="PROPBANK">
<source m_id="9"/>
<target m_id="18"/>
</HAS_PARTICIPANT>
<HAS_PARTICIPANT comment="" r_id="115337" sem_role="Arg1" sem_role_framework="PROPBANK">
<source m_id="12"/>
<target m_id="18"/>
</HAS_PARTICIPANT>
<HAS_PARTICIPANT comment="" r_id="115338" sem_role="Arg0" sem_role_framework="PROPBANK">
<source m_id="12"/>
<target m_id="16"/>
</HAS_PARTICIPANT>
<HAS_PARTICIPANT comment="" r_id="115339" sem_role="Arg0" sem_role_framework="PROPBANK">
<source m_id="13"/>
<target m_id="4"/>
</HAS_PARTICIPANT>
<HAS_PARTICIPANT comment="" r_id="115340" sem_role="Arg0" sem_role_framework="PROPBANK">
<source m_id="14"/>
<target m_id="5"/>
</HAS_PARTICIPANT>
<HAS_PARTICIPANT comment="" r_id="115341" sem_role="Arg1" sem_role_framework="PROPBANK">
<source m_id="15"/>
<target m_id="6"/>
</HAS_PARTICIPANT>
<HAS_PARTICIPANT comment="" r_id="115342" sem_role="Arg0" sem_role_framework="PROPBANK">
<source m_id="15"/>
<target m_id="5"/>
</HAS_PARTICIPANT>
<SLINK comment="" r_id="115343">
<source m_id="13"/>
<target m_id="14"/>
</SLINK>
<SLINK comment="" r_id="115344">
<source m_id="14"/>
<target m_id="15"/>
</SLINK>
<HAS_PARTICIPANT comment="" r_id="115368" sem_role="Arg0" sem_role_framework="PROPBANK">
<source m_id="28"/>
<target m_id="24"/>
</HAS_PARTICIPANT>
<HAS_PARTICIPANT comment="" r_id="115369" sem_role="Arg1" sem_role_framework="PROPBANK">
<source m_id="28"/>
<target m_id="25"/>
</HAS_PARTICIPANT>
<HAS_PARTICIPANT comment="" r_id="115370" sem_role="Arg2" sem_role_framework="PROPBANK">
<source m_id="31"/>
<target m_id="26"/>
</HAS_PARTICIPANT>
<HAS_PARTICIPANT comment="" r_id="115371" sem_role="Arg0" sem_role_framework="PROPBANK">
<source m_id="39"/>
<target m_id="34"/>
</HAS_PARTICIPANT>
<HAS_PARTICIPANT comment="" r_id="115372" sem_role="Arg1" sem_role_framework="PROPBANK">
<source m_id="39"/>
<target m_id="38"/>
</HAS_PARTICIPANT>
<HAS_PARTICIPANT comment="" r_id="115373" sem_role="Arg0" sem_role_framework="PROPBANK">
<source m_id="40"/>
<target m_id="34"/>
</HAS_PARTICIPANT>
<HAS_PARTICIPANT comment="" r_id="115374" sem_role="Arg1" sem_role_framework="PROPBANK">
<source m_id="40"/>
<target m_id="38"/>
</HAS_PARTICIPANT>
<HAS_PARTICIPANT comment="" r_id="115375" sem_role="Arg0" sem_role_framework="PROPBANK">
<source m_id="51"/>
<target m_id="45"/>
</HAS_PARTICIPANT>
<HAS_PARTICIPANT comment="" r_id="115376" sem_role="Arg0" sem_role_framework="PROPBANK">
<source m_id="52"/>
<target m_id="46"/>
</HAS_PARTICIPANT>
<HAS_PARTICIPANT comment="" r_id="115377" sem_role="Arg1" sem_role_framework="PROPBANK">
<source m_id="52"/>
<target m_id="89"/>
</HAS_PARTICIPANT>
<HAS_PARTICIPANT comment="" r_id="115381" sem_role="Arg0" sem_role_framework="PROPBANK">
<source m_id="53"/>
<target m_id="48"/>
</HAS_PARTICIPANT>
<HAS_PARTICIPANT comment="" r_id="115382" sem_role="Arg1" sem_role_framework="PROPBANK">
<source m_id="53"/>
<target m_id="50"/>
</HAS_PARTICIPANT>
<SLINK comment="" r_id="115383">
<source m_id="51"/>
<target m_id="52"/>
</SLINK>
<TLINK comment="" r_id="115384" reltype="BEFORE" signalID="">
<source m_id="7"/>
<target m_id="21"/>
</TLINK>
<TLINK comment="" r_id="115385" reltype="BEFORE" signalID="">
<source m_id="9"/>
<target m_id="21"/>
</TLINK>
<TLINK comment="" r_id="115386" reltype="BEFORE" signalID="">
<source m_id="12"/>
<target m_id="21"/>
</TLINK>
<TLINK comment="" r_id="115387" reltype="IS_INCLUDED" signalID="">
<source m_id="14"/>
<target m_id="21"/>
</TLINK>
<TLINK comment="" r_id="115388" reltype="BEFORE" signalID="">
<source m_id="28"/>
<target m_id="21"/>
</TLINK>
<TLINK comment="" r_id="115389" reltype="AFTER" signalID="">
<source m_id="31"/>
<target m_id="21"/>
</TLINK>
<TLINK comment="" r_id="115390" reltype="AFTER" signalID="">
<source m_id="39"/>
<target m_id="21"/>
</TLINK>
<TLINK comment="" r_id="115391" reltype="BEFORE" signalID="">
<source m_id="51"/>
<target m_id="21"/>
</TLINK>
<TLINK comment="" r_id="115392" reltype="IS_INCLUDED" signalID="">
<source m_id="52"/>
<target m_id="21"/>
</TLINK>
<TLINK comment="" r_id="115393" reltype="BEFORE" signalID="">
<source m_id="53"/>
<target m_id="21"/>
</TLINK>
<TLINK comment="" r_id="115394" reltype="AFTER" signalID="">
<source m_id="9"/>
<target m_id="28"/>
</TLINK>
<TLINK comment="" r_id="115395" reltype="BEFORE" signalID="">
<source m_id="28"/>
<target m_id="39"/>
</TLINK>
<TLINK comment="" r_id="115396" reltype="AFTER" signalID="">
<source m_id="39"/>
<target m_id="51"/>
</TLINK>
<TLINK comment="" r_id="115397" reltype="AFTER" signalID="">
<source m_id="9"/>
<target m_id="7"/>
</TLINK>
<TLINK comment="" r_id="115398" reltype="AFTER" signalID="">
<source m_id="9"/>
<target m_id="12"/>
</TLINK>
<TLINK comment="" r_id="115399" reltype="SIMULTANEOUS" signalID="">
<source m_id="9"/>
<target m_id="13"/>
</TLINK>
<TLINK comment="" r_id="115400" reltype="BEFORE" signalID="">
<source m_id="13"/>
<target m_id="14"/>
</TLINK>
<TLINK comment="" r_id="115401" reltype="SIMULTANEOUS" signalID="">
<source m_id="28"/>
<target m_id="29"/>
</TLINK>
<TLINK comment="" r_id="115402" reltype="AFTER" signalID="">
<source m_id="52"/>
<target m_id="53"/>
</TLINK>
<SLINK comment="" r_id="115403">
<source m_id="29"/>
<target m_id="31"/>
</SLINK>
<TLINK comment="" r_id="115404" reltype="BEFORE" signalID="">
<source m_id="51"/>
<target m_id="52"/>
</TLINK>
<TLINK comment="" r_id="115405" reltype="IS_INCLUDED" signalID="">
<source m_id="8"/>
<target m_id="20"/>
</TLINK>
<TLINK comment="" r_id="115406" reltype="BEFORE" signalID="22">
<source m_id="28"/>
<target m_id="23"/>
</TLINK>
<GLINK comment="" r_id="162581">
<source m_id="39"/>
<target m_id="40"/>
</GLINK>
<HAS_PARTICIPANT comment="" r_id="242855" sem_role="Arg0" sem_role_framework="PROPBANK">
<source m_id="85"/>
<target m_id="82"/>
</HAS_PARTICIPANT>
<HAS_PARTICIPANT comment="" r_id="242857" sem_role="Arg1" sem_role_framework="PROPBANK">
<source m_id="85"/>
<target m_id="84"/>
</HAS_PARTICIPANT>








































<REFERS_TO r_id="243694">
<source m_id="25"/>
<source m_id="93"/>
<target m_id="199"/>
</REFERS_TO>
<REFERS_TO r_id="243695">
<source m_id="31"/>
<target m_id="66"/>
</REFERS_TO>
<REFERS_TO r_id="243696">
<source m_id="164"/>
<target m_id="195"/>
</REFERS_TO>
<REFERS_TO r_id="243697">
<source m_id="90"/>
<target m_id="194"/>
</REFERS_TO>
<REFERS_TO r_id="243698">
<source m_id="155"/>
<target m_id="197"/>
</REFERS_TO>
<REFERS_TO r_id="243699">
<source m_id="30"/>
<target m_id="67"/>
</REFERS_TO>
<REFERS_TO r_id="243700">
<source m_id="139"/>
<source m_id="156"/>
<source m_id="161"/>
<source m_id="166"/>
<target m_id="191"/>
</REFERS_TO>
<REFERS_TO r_id="243701">
<source m_id="53"/>
<target m_id="190"/>
</REFERS_TO>
<REFERS_TO r_id="243702">
<source m_id="9"/>
<target m_id="193"/>
</REFERS_TO>
<REFERS_TO r_id="243703">
<source m_id="39"/>
<target m_id="192"/>
</REFERS_TO>
<REFERS_TO r_id="243704">
<source m_id="29"/>
<target m_id="68"/>
</REFERS_TO>
<REFERS_TO r_id="243705">
<source m_id="40"/>
<target m_id="64"/>
</REFERS_TO>
<REFERS_TO r_id="243706">
<source m_id="36"/>
<target m_id="179"/>
</REFERS_TO>
<REFERS_TO r_id="243707">
<source m_id="24"/>
<source m_id="4"/>
<source m_id="80"/>
<source m_id="5"/>
<source m_id="142"/>
<source m_id="1"/>
<source m_id="146"/>
<source m_id="3"/>
<source m_id="34"/>
<source m_id="27"/>
<source m_id="16"/>
<target m_id="178"/>
</REFERS_TO>
<REFERS_TO r_id="243708">
<source m_id="143"/>
<target m_id="177"/>
</REFERS_TO>
<REFERS_TO r_id="243709">
<source m_id="85"/>
<target m_id="176"/>
</REFERS_TO>
<REFERS_TO r_id="243710">
<source m_id="84"/>
<target m_id="175"/>
</REFERS_TO>
<REFERS_TO r_id="243711">
<source m_id="12"/>
<target m_id="174"/>
</REFERS_TO>
<REFERS_TO r_id="243712">
<source m_id="51"/>
<target m_id="173"/>
</REFERS_TO>
<REFERS_TO r_id="243713">
<source m_id="121"/>
<target m_id="172"/>
</REFERS_TO>
<REFERS_TO r_id="243714">
<source m_id="81"/>
<source m_id="82"/>
<source m_id="78"/>
<target m_id="171"/>
</REFERS_TO>
<REFERS_TO r_id="243715">
<source m_id="11"/>
<source m_id="10"/>
<source m_id="77"/>
<source m_id="83"/>
<source m_id="2"/>
<source m_id="47"/>
<target m_id="170"/>
</REFERS_TO>
<REFERS_TO r_id="243716">
<source m_id="42"/>
<source m_id="98"/>
<source m_id="100"/>
<source m_id="101"/>
<source m_id="105"/>
<source m_id="44"/>
<source m_id="109"/>
<source m_id="112"/>
<source m_id="46"/>
<source m_id="79"/>
<source m_id="125"/>
<source m_id="129"/>
<source m_id="133"/>
<source m_id="136"/>
<source m_id="45"/>
<source m_id="43"/>
<source m_id="148"/>
<source m_id="48"/>
<source m_id="41"/>
<source m_id="159"/>
<source m_id="162"/>
<target m_id="198"/>
</REFERS_TO>
<REFERS_TO r_id="243717">
<source m_id="106"/>
<target m_id="182"/>
</REFERS_TO>
<REFERS_TO r_id="243718">
<source m_id="97"/>
<target m_id="183"/>
</REFERS_TO>
<REFERS_TO r_id="243719">
<source m_id="37"/>
<target m_id="180"/>
</REFERS_TO>
<REFERS_TO r_id="243720">
<source m_id="131"/>
<target m_id="181"/>
</REFERS_TO>
<REFERS_TO r_id="243721">
<source m_id="52"/>
<target m_id="186"/>
</REFERS_TO>
<REFERS_TO r_id="243722">
<source m_id="7"/>
<target m_id="187"/>
</REFERS_TO>
<REFERS_TO r_id="243723">
<source m_id="28"/>
<target m_id="184"/>
</REFERS_TO>
<REFERS_TO r_id="243724">
<source m_id="35"/>
<target m_id="185"/>
</REFERS_TO>
<REFERS_TO r_id="243725">
<source m_id="89"/>
<target m_id="188"/>
</REFERS_TO>
<REFERS_TO r_id="243726">
<source m_id="104"/>
<source m_id="117"/>
<source m_id="132"/>
<source m_id="144"/>
<target m_id="189"/>
</REFERS_TO>
<REFERS_TO r_id="243727">
<source m_id="6"/>
<source m_id="26"/>
<target m_id="200"/>
</REFERS_TO>
<REFERS_TO r_id="243728">
<source m_id="38"/>
<target m_id="196"/>
</REFERS_TO>
<REFERS_TO r_id="243729">
<source m_id="8"/>
<target m_id="75"/>
</REFERS_TO>
<REFERS_TO r_id="243730">
<source m_id="13"/>
<target m_id="72"/>
</REFERS_TO>
<REFERS_TO r_id="243731">
<source m_id="14"/>
<target m_id="71"/>
</REFERS_TO>
<REFERS_TO r_id="243732">
<source m_id="15"/>
<target m_id="70"/>
</REFERS_TO>
<REFERS_TO r_id="243733">
<source m_id="94"/>
<target m_id="169"/>
</REFERS_TO>
</Relations>
</Document>