<?xml version="1.0" ?><Document doc_id="123881" doc_name="123881_GM_and_Chrysler_receive_Canadian_loans_amid_US_restructuring_ultimata" lang="en" url="http://en.wikinews.org/wiki/GM_and_Chrysler_receive_Canadian_loans_amid_US_restructuring_ultimata">
<token number="0" sentence="0" t_id="1">GM</token>
<token number="1" sentence="0" t_id="2">and</token>
<token number="2" sentence="0" t_id="3">Chrysler</token>
<token number="3" sentence="0" t_id="4">receive</token>
<token number="4" sentence="0" t_id="5">Canadian</token>
<token number="5" sentence="0" t_id="6">loans</token>
<token number="6" sentence="0" t_id="7">amid</token>
<token number="7" sentence="0" t_id="8">US</token>
<token number="8" sentence="0" t_id="9">restructuring</token>
<token number="9" sentence="0" t_id="10">ultimata</token>
<token number="10" sentence="1" t_id="11">April</token>
<token number="11" sentence="1" t_id="12">03</token>
<token number="12" sentence="1" t_id="13">,</token>
<token number="13" sentence="1" t_id="14">2009</token>
<token number="14" sentence="2" t_id="15">General</token>
<token number="15" sentence="2" t_id="16">Motors</token>
<token number="16" sentence="2" t_id="17">(</token>
<token number="17" sentence="2" t_id="18">GM</token>
<token number="18" sentence="2" t_id="19">)</token>
<token number="19" sentence="2" t_id="20">and</token>
<token number="20" sentence="2" t_id="21">Chrysler</token>
<token number="21" sentence="2" t_id="22">will</token>
<token number="22" sentence="2" t_id="23">receive</token>
<token number="23" sentence="2" t_id="24">bridge</token>
<token number="24" sentence="2" t_id="25">loans</token>
<token number="25" sentence="2" t_id="26">from</token>
<token number="26" sentence="2" t_id="27">the</token>
<token number="27" sentence="2" t_id="28">government</token>
<token number="28" sentence="2" t_id="29">of</token>
<token number="29" sentence="2" t_id="30">Canada</token>
<token number="30" sentence="2" t_id="31">and</token>
<token number="31" sentence="2" t_id="32">the</token>
<token number="32" sentence="2" t_id="33">provincial</token>
<token number="33" sentence="2" t_id="34">government</token>
<token number="34" sentence="2" t_id="35">of</token>
<token number="35" sentence="2" t_id="36">Ontario</token>
<token number="36" sentence="2" t_id="37">,</token>
<token number="37" sentence="2" t_id="38">however</token>
<token number="38" sentence="2" t_id="39">no</token>
<token number="39" sentence="2" t_id="40">more</token>
<token number="40" sentence="2" t_id="41">will</token>
<token number="41" sentence="2" t_id="42">be</token>
<token number="42" sentence="2" t_id="43">forthcoming</token>
<token number="43" sentence="2" t_id="44">from</token>
<token number="44" sentence="2" t_id="45">either</token>
<token number="45" sentence="2" t_id="46">Canadian</token>
<token number="46" sentence="2" t_id="47">or</token>
<token number="47" sentence="2" t_id="48">US</token>
<token number="48" sentence="2" t_id="49">governments</token>
<token number="49" sentence="2" t_id="50">unless</token>
<token number="50" sentence="2" t_id="51">the</token>
<token number="51" sentence="2" t_id="52">companies</token>
<token number="52" sentence="2" t_id="53">can</token>
<token number="53" sentence="2" t_id="54">reinvent</token>
<token number="54" sentence="2" t_id="55">themselves</token>
<token number="55" sentence="2" t_id="56">.</token>
<token number="56" sentence="3" t_id="57">``</token>
<token number="57" sentence="3" t_id="58">This</token>
<token number="58" sentence="3" t_id="59">is</token>
<token number="59" sentence="3" t_id="60">a</token>
<token number="60" sentence="3" t_id="61">regrettable</token>
<token number="61" sentence="3" t_id="62">but</token>
<token number="62" sentence="3" t_id="63">necessary</token>
<token number="63" sentence="3" t_id="64">step</token>
<token number="64" sentence="3" t_id="65">to</token>
<token number="65" sentence="3" t_id="66">protect</token>
<token number="66" sentence="3" t_id="67">the</token>
<token number="67" sentence="3" t_id="68">Canadian</token>
<token number="68" sentence="3" t_id="69">economy</token>
<token number="69" sentence="3" t_id="70">.</token>
<token number="70" sentence="4" t_id="71">We</token>
<token number="71" sentence="4" t_id="72">are</token>
<token number="72" sentence="4" t_id="73">doing</token>
<token number="73" sentence="4" t_id="74">this</token>
<token number="74" sentence="4" t_id="75">on</token>
<token number="75" sentence="4" t_id="76">the</token>
<token number="76" sentence="4" t_id="77">assumption</token>
<token number="77" sentence="4" t_id="78">that</token>
<token number="78" sentence="4" t_id="79">we</token>
<token number="79" sentence="4" t_id="80">obviously</token>
<token number="80" sentence="4" t_id="81">can</token>
<token number="81" sentence="4" t_id="82">not</token>
<token number="82" sentence="4" t_id="83">afford</token>
<token number="83" sentence="4" t_id="84">either</token>
<token number="84" sentence="4" t_id="85">in</token>
<token number="85" sentence="4" t_id="86">the</token>
<token number="86" sentence="4" t_id="87">United</token>
<token number="87" sentence="4" t_id="88">States</token>
<token number="88" sentence="4" t_id="89">or</token>
<token number="89" sentence="4" t_id="90">Canada</token>
<token number="90" sentence="4" t_id="91">a</token>
<token number="91" sentence="4" t_id="92">catastrophic</token>
<token number="92" sentence="4" t_id="93">short-term</token>
<token number="93" sentence="4" t_id="94">collapse</token>
<token number="94" sentence="4" t_id="95">.</token>
<token number="95" sentence="4" t_id="96">''</token>
<token number="96" sentence="5" t_id="97">said</token>
<token number="97" sentence="5" t_id="98">Stephen</token>
<token number="98" sentence="5" t_id="99">Harper</token>
<token number="99" sentence="5" t_id="100">,</token>
<token number="100" sentence="5" t_id="101">Prime</token>
<token number="101" sentence="5" t_id="102">Minister</token>
<token number="102" sentence="5" t_id="103">of</token>
<token number="103" sentence="5" t_id="104">Canada</token>
<token number="104" sentence="5" t_id="105">.</token>
<token number="105" sentence="6" t_id="106">``</token>
<token number="106" sentence="6" t_id="107">We</token>
<token number="107" sentence="6" t_id="108">can</token>
<token number="108" sentence="6" t_id="109">not</token>
<token number="109" sentence="6" t_id="110">,</token>
<token number="110" sentence="6" t_id="111">we</token>
<token number="111" sentence="6" t_id="112">must</token>
<token number="112" sentence="6" t_id="113">not</token>
<token number="113" sentence="6" t_id="114">,</token>
<token number="114" sentence="6" t_id="115">and</token>
<token number="115" sentence="6" t_id="116">we</token>
<token number="116" sentence="6" t_id="117">will</token>
<token number="117" sentence="6" t_id="118">not</token>
<token number="118" sentence="6" t_id="119">let</token>
<token number="119" sentence="6" t_id="120">our</token>
<token number="120" sentence="6" t_id="121">auto</token>
<token number="121" sentence="6" t_id="122">industry</token>
<token number="122" sentence="6" t_id="123">simply</token>
<token number="123" sentence="6" t_id="124">vanish</token>
<token number="124" sentence="6" t_id="125">.</token>
<token number="125" sentence="7" t_id="126">This</token>
<token number="126" sentence="7" t_id="127">industry</token>
<token number="127" sentence="7" t_id="128">is</token>
<token number="128" sentence="7" t_id="129">,</token>
<token number="129" sentence="7" t_id="130">like</token>
<token number="130" sentence="7" t_id="131">no</token>
<token number="131" sentence="7" t_id="132">other</token>
<token number="132" sentence="7" t_id="133">,</token>
<token number="133" sentence="7" t_id="134">an</token>
<token number="134" sentence="7" t_id="135">emblem</token>
<token number="135" sentence="7" t_id="136">of</token>
<token number="136" sentence="7" t_id="137">the</token>
<token number="137" sentence="7" t_id="138">American</token>
<token number="138" sentence="7" t_id="139">spirit</token>
<token number="139" sentence="7" t_id="140">;</token>
<token number="140" sentence="7" t_id="141">a</token>
<token number="141" sentence="7" t_id="142">once</token>
<token number="142" sentence="7" t_id="143">and</token>
<token number="143" sentence="7" t_id="144">future</token>
<token number="144" sentence="7" t_id="145">symbol</token>
<token number="145" sentence="7" t_id="146">of</token>
<token number="146" sentence="7" t_id="147">America</token>
<token number="147" sentence="7" t_id="148">'s</token>
<token number="148" sentence="7" t_id="149">success</token>
<token number="149" sentence="7" t_id="150">,</token>
<token number="150" sentence="7" t_id="151">''</token>
<token number="151" sentence="7" t_id="152">said</token>
<token number="152" sentence="7" t_id="153">Barack</token>
<token number="153" sentence="7" t_id="154">Obama</token>
<token number="154" sentence="7" t_id="155">,</token>
<token number="155" sentence="7" t_id="156">President</token>
<token number="156" sentence="7" t_id="157">of</token>
<token number="157" sentence="7" t_id="158">the</token>
<token number="158" sentence="7" t_id="159">United</token>
<token number="159" sentence="7" t_id="160">States</token>
<token number="160" sentence="7" t_id="161">.</token>
<token number="161" sentence="8" t_id="162">``</token>
<token number="162" sentence="8" t_id="163">These</token>
<token number="163" sentence="8" t_id="164">companies</token>
<token number="164" sentence="8" t_id="165">-</token>
<token number="165" sentence="8" t_id="166">and</token>
<token number="166" sentence="8" t_id="167">this</token>
<token number="167" sentence="8" t_id="168">industry</token>
<token number="168" sentence="8" t_id="169">-</token>
<token number="169" sentence="8" t_id="170">must</token>
<token number="170" sentence="8" t_id="171">ultimately</token>
<token number="171" sentence="8" t_id="172">stand</token>
<token number="172" sentence="8" t_id="173">on</token>
<token number="173" sentence="8" t_id="174">their</token>
<token number="174" sentence="8" t_id="175">own</token>
<token number="175" sentence="8" t_id="176">,</token>
<token number="176" sentence="8" t_id="177">not</token>
<token number="177" sentence="8" t_id="178">as</token>
<token number="178" sentence="8" t_id="179">wards</token>
<token number="179" sentence="8" t_id="180">of</token>
<token number="180" sentence="8" t_id="181">the</token>
<token number="181" sentence="8" t_id="182">state</token>
<token number="182" sentence="8" t_id="183">.</token>
<token number="183" sentence="8" t_id="184">''</token>
<token number="184" sentence="9" t_id="185">Chrysler</token>
<token number="185" sentence="9" t_id="186">will</token>
<token number="186" sentence="9" t_id="187">receive</token>
<token number="187" sentence="9" t_id="188">CA$</token>
<token number="188" sentence="9" t_id="189">1</token>
<token number="189" sentence="9" t_id="190">billion</token>
<token number="190" sentence="9" t_id="191">and</token>
<token number="191" sentence="9" t_id="192">may</token>
<token number="192" sentence="9" t_id="193">in</token>
<token number="193" sentence="9" t_id="194">fact</token>
<token number="194" sentence="9" t_id="195">be</token>
<token number="195" sentence="9" t_id="196">eligible</token>
<token number="196" sentence="9" t_id="197">for</token>
<token number="197" sentence="9" t_id="198">as</token>
<token number="198" sentence="9" t_id="199">much</token>
<token number="199" sentence="9" t_id="200">as</token>
<token number="200" sentence="9" t_id="201">CA$</token>
<token number="201" sentence="9" t_id="202">4</token>
<token number="202" sentence="9" t_id="203">billion</token>
<token number="203" sentence="9" t_id="204">.</token>
<token number="204" sentence="10" t_id="205">If</token>
<token number="205" sentence="10" t_id="206">Chrysler</token>
<token number="206" sentence="10" t_id="207">succeeds</token>
<token number="207" sentence="10" t_id="208">in</token>
<token number="208" sentence="10" t_id="209">the</token>
<token number="209" sentence="10" t_id="210">next</token>
<token number="210" sentence="10" t_id="211">30</token>
<token number="211" sentence="10" t_id="212">days</token>
<token number="212" sentence="10" t_id="213">with</token>
<token number="213" sentence="10" t_id="214">a</token>
<token number="214" sentence="10" t_id="215">restructuring</token>
<token number="215" sentence="10" t_id="216">plan</token>
<token number="216" sentence="10" t_id="217">it</token>
<token number="217" sentence="10" t_id="218">would</token>
<token number="218" sentence="10" t_id="219">be</token>
<token number="219" sentence="10" t_id="220">eligible</token>
<token number="220" sentence="10" t_id="221">for</token>
<token number="221" sentence="10" t_id="222">a</token>
<token number="222" sentence="10" t_id="223">US$</token>
<token number="223" sentence="10" t_id="224">6</token>
<token number="224" sentence="10" t_id="225">billion</token>
<token number="225" sentence="10" t_id="226">loan</token>
<token number="226" sentence="10" t_id="227">.</token>
<token number="227" sentence="11" t_id="228">A</token>
<token number="228" sentence="11" t_id="229">part</token>
<token number="229" sentence="11" t_id="230">of</token>
<token number="230" sentence="11" t_id="231">Chrysler</token>
<token number="231" sentence="11" t_id="232">'s</token>
<token number="232" sentence="11" t_id="233">restructuring</token>
<token number="233" sentence="11" t_id="234">plan</token>
<token number="234" sentence="11" t_id="235">must</token>
<token number="235" sentence="11" t_id="236">include</token>
<token number="236" sentence="11" t_id="237">a</token>
<token number="237" sentence="11" t_id="238">partnership</token>
<token number="238" sentence="11" t_id="239">with</token>
<token number="239" sentence="11" t_id="240">Fiat</token>
<token number="240" sentence="11" t_id="241">within</token>
<token number="241" sentence="11" t_id="242">30</token>
<token number="242" sentence="11" t_id="243">days</token>
<token number="243" sentence="11" t_id="244">to</token>
<token number="244" sentence="11" t_id="245">appease</token>
<token number="245" sentence="11" t_id="246">the</token>
<token number="246" sentence="11" t_id="247">US</token>
<token number="247" sentence="11" t_id="248">administration</token>
<token number="248" sentence="11" t_id="249">.</token>
<token number="249" sentence="12" t_id="250">Fiat</token>
<token number="250" sentence="12" t_id="251">is</token>
<token number="251" sentence="12" t_id="252">a</token>
<token number="252" sentence="12" t_id="253">supplier</token>
<token number="253" sentence="12" t_id="254">of</token>
<token number="254" sentence="12" t_id="255">smaller</token>
<token number="255" sentence="12" t_id="256">fuel-efficient</token>
<token number="256" sentence="12" t_id="257">vehicles</token>
<token number="257" sentence="12" t_id="258">,</token>
<token number="258" sentence="12" t_id="259">and</token>
<token number="259" sentence="12" t_id="260">the</token>
<token number="260" sentence="12" t_id="261">merger</token>
<token number="261" sentence="12" t_id="262">will</token>
<token number="262" sentence="12" t_id="263">help</token>
<token number="263" sentence="12" t_id="264">Chrysler</token>
<token number="264" sentence="12" t_id="265">to</token>
<token number="265" sentence="12" t_id="266">be</token>
<token number="266" sentence="12" t_id="267">viable</token>
<token number="267" sentence="12" t_id="268">in</token>
<token number="268" sentence="12" t_id="269">the</token>
<token number="269" sentence="12" t_id="270">North</token>
<token number="270" sentence="12" t_id="271">American</token>
<token number="271" sentence="12" t_id="272">market</token>
<token number="272" sentence="12" t_id="273">.</token>
<token number="273" sentence="13" t_id="274">A</token>
<token number="274" sentence="13" t_id="275">Chrysler</token>
<token number="275" sentence="13" t_id="276">court</token>
<token number="276" sentence="13" t_id="277">bankruptcy</token>
<token number="277" sentence="13" t_id="278">would</token>
<token number="278" sentence="13" t_id="279">inevitably</token>
<token number="279" sentence="13" t_id="280">lead</token>
<token number="280" sentence="13" t_id="281">to</token>
<token number="281" sentence="13" t_id="282">it</token>
<token number="282" sentence="13" t_id="283">being</token>
<token number="283" sentence="13" t_id="284">sold</token>
<token number="284" sentence="13" t_id="285">off</token>
<token number="285" sentence="13" t_id="286">.</token>
<token number="286" sentence="14" t_id="287">As</token>
<token number="287" sentence="14" t_id="288">a</token>
<token number="288" sentence="14" t_id="289">part</token>
<token number="289" sentence="14" t_id="290">of</token>
<token number="290" sentence="14" t_id="291">Chrysler</token>
<token number="291" sentence="14" t_id="292">'s</token>
<token number="292" sentence="14" t_id="293">restructuring</token>
<token number="293" sentence="14" t_id="294">plans</token>
<token number="294" sentence="14" t_id="295">,</token>
<token number="295" sentence="14" t_id="296">Tom</token>
<token number="296" sentence="14" t_id="297">LaSorda</token>
<token number="297" sentence="14" t_id="298">,</token>
<token number="298" sentence="14" t_id="299">the</token>
<token number="299" sentence="14" t_id="300">president</token>
<token number="300" sentence="14" t_id="301">of</token>
<token number="301" sentence="14" t_id="302">Chrysler</token>
<token number="302" sentence="14" t_id="303">announced</token>
<token number="303" sentence="14" t_id="304">that</token>
<token number="304" sentence="14" t_id="305">Canadian</token>
<token number="305" sentence="14" t_id="306">operations</token>
<token number="306" sentence="14" t_id="307">would</token>
<token number="307" sentence="14" t_id="308">fold</token>
<token number="308" sentence="14" t_id="309">if</token>
<token number="309" sentence="14" t_id="310">it</token>
<token number="310" sentence="14" t_id="311">does</token>
<token number="311" sentence="14" t_id="312">not</token>
<token number="312" sentence="14" t_id="313">receive</token>
<token number="313" sentence="14" t_id="314">both</token>
<token number="314" sentence="14" t_id="315">the</token>
<token number="315" sentence="14" t_id="316">US</token>
<token number="316" sentence="14" t_id="317">commitment</token>
<token number="317" sentence="14" t_id="318">of</token>
<token number="318" sentence="14" t_id="319">$</token>
<token number="319" sentence="14" t_id="320">2.3</token>
<token number="320" sentence="14" t_id="321">billion</token>
<token number="321" sentence="14" t_id="322">of</token>
<token number="322" sentence="14" t_id="323">aid</token>
<token number="323" sentence="14" t_id="324">and</token>
<token number="324" sentence="14" t_id="325">a</token>
<token number="325" sentence="14" t_id="326">new</token>
<token number="326" sentence="14" t_id="327">Canadian</token>
<token number="327" sentence="14" t_id="328">Auto</token>
<token number="328" sentence="14" t_id="329">Workers</token>
<token number="329" sentence="14" t_id="330">CAW</token>
<token number="330" sentence="14" t_id="331">contract</token>
<token number="331" sentence="14" t_id="332">to</token>
<token number="332" sentence="14" t_id="333">reduce</token>
<token number="333" sentence="14" t_id="334">all-in</token>
<token number="334" sentence="14" t_id="335">costs</token>
<token number="335" sentence="14" t_id="336">by</token>
<token number="336" sentence="14" t_id="337">CA$</token>
<token number="337" sentence="14" t_id="338">19</token>
<token number="338" sentence="14" t_id="339">per</token>
<token number="339" sentence="14" t_id="340">hour</token>
<token number="340" sentence="14" t_id="341">.</token>
<token number="341" sentence="15" t_id="342">As</token>
<token number="342" sentence="15" t_id="343">a</token>
<token number="343" sentence="15" t_id="344">result</token>
<token number="344" sentence="15" t_id="345">of</token>
<token number="345" sentence="15" t_id="346">this</token>
<token number="346" sentence="15" t_id="347">announcement</token>
<token number="347" sentence="15" t_id="348">Chrysler</token>
<token number="348" sentence="15" t_id="349">'s</token>
<token number="349" sentence="15" t_id="350">auto</token>
<token number="350" sentence="15" t_id="351">sales</token>
<token number="351" sentence="15" t_id="352">volume</token>
<token number="352" sentence="15" t_id="353">in</token>
<token number="353" sentence="15" t_id="354">Canada</token>
<token number="354" sentence="15" t_id="355">dropped</token>
<token number="355" sentence="15" t_id="356">23</token>
<token number="356" sentence="15" t_id="357">%</token>
<token number="357" sentence="15" t_id="358">compared</token>
<token number="358" sentence="15" t_id="359">to</token>
<token number="359" sentence="15" t_id="360">March</token>
<token number="360" sentence="15" t_id="361">of</token>
<token number="361" sentence="15" t_id="362">2008</token>
<token number="362" sentence="15" t_id="363">.</token>
<token number="363" sentence="16" t_id="364">GM</token>
<token number="364" sentence="16" t_id="365">has</token>
<token number="365" sentence="16" t_id="366">until</token>
<token number="366" sentence="16" t_id="367">the</token>
<token number="367" sentence="16" t_id="368">end</token>
<token number="368" sentence="16" t_id="369">of</token>
<token number="369" sentence="16" t_id="370">May</token>
<token number="370" sentence="16" t_id="371">to</token>
<token number="371" sentence="16" t_id="372">restructure</token>
<token number="372" sentence="16" t_id="373">its</token>
<token number="373" sentence="16" t_id="374">company</token>
<token number="374" sentence="16" t_id="375">to</token>
<token number="375" sentence="16" t_id="376">receive</token>
<token number="376" sentence="16" t_id="377">up</token>
<token number="377" sentence="16" t_id="378">to</token>
<token number="378" sentence="16" t_id="379">CA$</token>
<token number="379" sentence="16" t_id="380">7.5</token>
<token number="380" sentence="16" t_id="381">billion</token>
<token number="381" sentence="16" t_id="382">.</token>
<token number="382" sentence="17" t_id="383">As</token>
<token number="383" sentence="17" t_id="384">part</token>
<token number="384" sentence="17" t_id="385">of</token>
<token number="385" sentence="17" t_id="386">the</token>
<token number="386" sentence="17" t_id="387">companies</token>
<token number="387" sentence="17" t_id="388">restructuring</token>
<token number="388" sentence="17" t_id="389">,</token>
<token number="389" sentence="17" t_id="390">General</token>
<token number="390" sentence="17" t_id="391">Motor</token>
<token number="391" sentence="17" t_id="392">'s</token>
<token number="392" sentence="17" t_id="393">chief</token>
<token number="393" sentence="17" t_id="394">executive</token>
<token number="394" sentence="17" t_id="395">Rick</token>
<token number="395" sentence="17" t_id="396">Wagoner</token>
<token number="396" sentence="17" t_id="397">was</token>
<token number="397" sentence="17" t_id="398">replaced</token>
<token number="398" sentence="17" t_id="399">Sunday</token>
<token number="399" sentence="17" t_id="400">with</token>
<token number="400" sentence="17" t_id="401">Fritz</token>
<token number="401" sentence="17" t_id="402">Henderson</token>
<token number="402" sentence="17" t_id="403">,</token>
<token number="403" sentence="17" t_id="404">the</token>
<token number="404" sentence="17" t_id="405">current</token>
<token number="405" sentence="17" t_id="406">chief</token>
<token number="406" sentence="17" t_id="407">operating</token>
<token number="407" sentence="17" t_id="408">officer</token>
<token number="408" sentence="17" t_id="409">.</token>
<token number="409" sentence="18" t_id="410">Henderson</token>
<token number="410" sentence="18" t_id="411">spoke</token>
<token number="411" sentence="18" t_id="412">out</token>
<token number="412" sentence="18" t_id="413">on</token>
<token number="413" sentence="18" t_id="414">Tuesday</token>
<token number="414" sentence="18" t_id="415">that</token>
<token number="415" sentence="18" t_id="416">GM</token>
<token number="416" sentence="18" t_id="417">has</token>
<token number="417" sentence="18" t_id="418">submitted</token>
<token number="418" sentence="18" t_id="419">a</token>
<token number="419" sentence="18" t_id="420">restructuring</token>
<token number="420" sentence="18" t_id="421">plan</token>
<token number="421" sentence="18" t_id="422">which</token>
<token number="422" sentence="18" t_id="423">would</token>
<token number="423" sentence="18" t_id="424">close</token>
<token number="424" sentence="18" t_id="425">five</token>
<token number="425" sentence="18" t_id="426">plants</token>
<token number="426" sentence="18" t_id="427">,</token>
<token number="427" sentence="18" t_id="428">and</token>
<token number="428" sentence="18" t_id="429">this</token>
<token number="429" sentence="18" t_id="430">may</token>
<token number="430" sentence="18" t_id="431">be</token>
<token number="431" sentence="18" t_id="432">increased</token>
<token number="432" sentence="18" t_id="433">to</token>
<token number="433" sentence="18" t_id="434">meet</token>
<token number="434" sentence="18" t_id="435">the</token>
<token number="435" sentence="18" t_id="436">requirements</token>
<token number="436" sentence="18" t_id="437">for</token>
<token number="437" sentence="18" t_id="438">financial</token>
<token number="438" sentence="18" t_id="439">aid</token>
<token number="439" sentence="18" t_id="440">.</token>
<token number="440" sentence="19" t_id="441">He</token>
<token number="441" sentence="19" t_id="442">is</token>
<token number="442" sentence="19" t_id="443">in</token>
<token number="443" sentence="19" t_id="444">full</token>
<token number="444" sentence="19" t_id="445">compliance</token>
<token number="445" sentence="19" t_id="446">with</token>
<token number="446" sentence="19" t_id="447">Obama</token>
<token number="447" sentence="19" t_id="448">'s</token>
<token number="448" sentence="19" t_id="449">auto</token>
<token number="449" sentence="19" t_id="450">task</token>
<token number="450" sentence="19" t_id="451">force</token>
<token number="451" sentence="19" t_id="452">to</token>
<token number="452" sentence="19" t_id="453">seek</token>
<token number="453" sentence="19" t_id="454">bankruptcy</token>
<token number="454" sentence="19" t_id="455">if</token>
<token number="455" sentence="19" t_id="456">GM</token>
<token number="456" sentence="19" t_id="457">can</token>
<token number="457" sentence="19" t_id="458">not</token>
<token number="458" sentence="19" t_id="459">negotiate</token>
<token number="459" sentence="19" t_id="460">with</token>
<token number="460" sentence="19" t_id="461">their</token>
<token number="461" sentence="19" t_id="462">unions</token>
<token number="462" sentence="19" t_id="463">,</token>
<token number="463" sentence="19" t_id="464">bondholders</token>
<token number="464" sentence="19" t_id="465">and</token>
<token number="465" sentence="19" t_id="466">others</token>
<token number="466" sentence="19" t_id="467">.</token>
<token number="467" sentence="20" t_id="468">GM</token>
<token number="468" sentence="20" t_id="469">recently</token>
<token number="469" sentence="20" t_id="470">brought</token>
<token number="470" sentence="20" t_id="471">forward</token>
<token number="471" sentence="20" t_id="472">the</token>
<token number="472" sentence="20" t_id="473">``</token>
<token number="473" sentence="20" t_id="474">GM</token>
<token number="474" sentence="20" t_id="475">Total</token>
<token number="475" sentence="20" t_id="476">Confidence</token>
<token number="476" sentence="20" t_id="477">''</token>
<token number="477" sentence="20" t_id="478">program</token>
<token number="478" sentence="20" t_id="479">providing</token>
<token number="479" sentence="20" t_id="480">consumer</token>
<token number="480" sentence="20" t_id="481">purchase</token>
<token number="481" sentence="20" t_id="482">protection</token>
<token number="482" sentence="20" t_id="483">for</token>
<token number="483" sentence="20" t_id="484">customers</token>
<token number="484" sentence="20" t_id="485">who</token>
<token number="485" sentence="20" t_id="486">lose</token>
<token number="486" sentence="20" t_id="487">their</token>
<token number="487" sentence="20" t_id="488">job</token>
<token number="488" sentence="20" t_id="489">for</token>
<token number="489" sentence="20" t_id="490">economic</token>
<token number="490" sentence="20" t_id="491">reasons</token>
<token number="491" sentence="20" t_id="492">within</token>
<token number="492" sentence="20" t_id="493">the</token>
<token number="493" sentence="20" t_id="494">first</token>
<token number="494" sentence="20" t_id="495">two</token>
<token number="495" sentence="20" t_id="496">years</token>
<token number="496" sentence="20" t_id="497">from</token>
<token number="497" sentence="20" t_id="498">purchase</token>
<token number="498" sentence="20" t_id="499">.</token>
<token number="499" sentence="21" t_id="500">As</token>
<token number="500" sentence="21" t_id="501">a</token>
<token number="501" sentence="21" t_id="502">result</token>
<token number="502" sentence="21" t_id="503">of</token>
<token number="503" sentence="21" t_id="504">Chrysler</token>
<token number="504" sentence="21" t_id="505">'s</token>
<token number="505" sentence="21" t_id="506">restructuring</token>
<token number="506" sentence="21" t_id="507">announcement</token>
<token number="507" sentence="21" t_id="508">in</token>
<token number="508" sentence="21" t_id="509">Canada</token>
<token number="509" sentence="21" t_id="510">,</token>
<token number="510" sentence="21" t_id="511">GM</token>
<token number="511" sentence="21" t_id="512">'s</token>
<token number="512" sentence="21" t_id="513">Canadian</token>
<token number="513" sentence="21" t_id="514">vehicle</token>
<token number="514" sentence="21" t_id="515">sales</token>
<token number="515" sentence="21" t_id="516">volume</token>
<token number="516" sentence="21" t_id="517">fell</token>
<token number="517" sentence="21" t_id="518">only</token>
<token number="518" sentence="21" t_id="519">17.3</token>
<token number="519" sentence="21" t_id="520">%</token>
<token number="520" sentence="21" t_id="521">compared</token>
<token number="521" sentence="21" t_id="522">to</token>
<token number="522" sentence="21" t_id="523">2008</token>
<token number="523" sentence="21" t_id="524">,</token>
<token number="524" sentence="21" t_id="525">an</token>
<token number="525" sentence="21" t_id="526">increase</token>
<token number="526" sentence="21" t_id="527">from</token>
<token number="527" sentence="21" t_id="528">the</token>
<token number="528" sentence="21" t_id="529">previous</token>
<token number="529" sentence="21" t_id="530">month</token>
<token number="530" sentence="21" t_id="531">.</token>
<token number="531" sentence="22" t_id="532">GM</token>
<token number="532" sentence="22" t_id="533">must</token>
<token number="533" sentence="22" t_id="534">reduce</token>
<token number="534" sentence="22" t_id="535">some</token>
<token number="535" sentence="22" t_id="536">of</token>
<token number="536" sentence="22" t_id="537">its</token>
<token number="537" sentence="22" t_id="538">legacy</token>
<token number="538" sentence="22" t_id="539">costs</token>
<token number="539" sentence="22" t_id="540">which</token>
<token number="540" sentence="22" t_id="541">include</token>
<token number="541" sentence="22" t_id="542">its</token>
<token number="542" sentence="22" t_id="543">pensions</token>
<token number="543" sentence="22" t_id="544">and</token>
<token number="544" sentence="22" t_id="545">union</token>
<token number="545" sentence="22" t_id="546">health</token>
<token number="546" sentence="22" t_id="547">care</token>
<token number="547" sentence="22" t_id="548">costs</token>
<token number="548" sentence="22" t_id="549">.</token>
<token number="549" sentence="23" t_id="550">A</token>
<token number="550" sentence="23" t_id="551">part</token>
<token number="551" sentence="23" t_id="552">of</token>
<token number="552" sentence="23" t_id="553">GM</token>
<token number="553" sentence="23" t_id="554">'s</token>
<token number="554" sentence="23" t_id="555">ailments</token>
<token number="555" sentence="23" t_id="556">arose</token>
<token number="556" sentence="23" t_id="557">from</token>
<token number="557" sentence="23" t_id="558">investing</token>
<token number="558" sentence="23" t_id="559">in</token>
<token number="559" sentence="23" t_id="560">supplying</token>
<token number="560" sentence="23" t_id="561">truck</token>
<token number="561" sentence="23" t_id="562">and</token>
<token number="562" sentence="23" t_id="563">SUVs</token>
<token number="563" sentence="23" t_id="564">during</token>
<token number="564" sentence="23" t_id="565">an</token>
<token number="565" sentence="23" t_id="566">economy</token>
<token number="566" sentence="23" t_id="567">of</token>
<token number="567" sentence="23" t_id="568">high</token>
<token number="568" sentence="23" t_id="569">gas</token>
<token number="569" sentence="23" t_id="570">prices</token>
<token number="570" sentence="23" t_id="571">when</token>
<token number="571" sentence="23" t_id="572">consumers</token>
<token number="572" sentence="23" t_id="573">were</token>
<token number="573" sentence="23" t_id="574">demanding</token>
<token number="574" sentence="23" t_id="575">fuel</token>
<token number="575" sentence="23" t_id="576">efficient</token>
<token number="576" sentence="23" t_id="577">vehicles</token>
<token number="577" sentence="23" t_id="578">.</token>
<token number="578" sentence="24" t_id="579">Tony</token>
<token number="579" sentence="24" t_id="580">Clement</token>
<token number="580" sentence="24" t_id="581">,</token>
<token number="581" sentence="24" t_id="582">Canada</token>
<token number="582" sentence="24" t_id="583">'s</token>
<token number="583" sentence="24" t_id="584">Minister</token>
<token number="584" sentence="24" t_id="585">of</token>
<token number="585" sentence="24" t_id="586">Industry</token>
<token number="586" sentence="24" t_id="587">,</token>
<token number="587" sentence="24" t_id="588">is</token>
<token number="588" sentence="24" t_id="589">hoping</token>
<token number="589" sentence="24" t_id="590">that</token>
<token number="590" sentence="24" t_id="591">the</token>
<token number="591" sentence="24" t_id="592">CAW</token>
<token number="592" sentence="24" t_id="593">will</token>
<token number="593" sentence="24" t_id="594">support</token>
<token number="594" sentence="24" t_id="595">the</token>
<token number="595" sentence="24" t_id="596">restructuring</token>
<token number="596" sentence="24" t_id="597">process</token>
<token number="597" sentence="24" t_id="598">and</token>
<token number="598" sentence="24" t_id="599">re-negotiate</token>
<token number="599" sentence="24" t_id="600">their</token>
<token number="600" sentence="24" t_id="601">agreement</token>
<token number="601" sentence="24" t_id="602">.</token>
<token number="602" sentence="25" t_id="603">Whereas</token>
<token number="603" sentence="25" t_id="604">a</token>
<token number="604" sentence="25" t_id="605">United</token>
<token number="605" sentence="25" t_id="606">Auto</token>
<token number="606" sentence="25" t_id="607">Workers</token>
<token number="607" sentence="25" t_id="608">negotiator</token>
<token number="608" sentence="25" t_id="609">has</token>
<token number="609" sentence="25" t_id="610">said</token>
<token number="610" sentence="25" t_id="611">,</token>
<token number="611" sentence="25" t_id="612">``</token>
<token number="612" sentence="25" t_id="613">I</token>
<token number="613" sentence="25" t_id="614">do</token>
<token number="614" sentence="25" t_id="615">n't</token>
<token number="615" sentence="25" t_id="616">see</token>
<token number="616" sentence="25" t_id="617">how</token>
<token number="617" sentence="25" t_id="618">the</token>
<token number="618" sentence="25" t_id="619">UAW</token>
<token number="619" sentence="25" t_id="620">will</token>
<token number="620" sentence="25" t_id="621">do</token>
<token number="621" sentence="25" t_id="622">anything</token>
<token number="622" sentence="25" t_id="623">until</token>
<token number="623" sentence="25" t_id="624">they</token>
<token number="624" sentence="25" t_id="625">see</token>
<token number="625" sentence="25" t_id="626">what</token>
<token number="626" sentence="25" t_id="627">the</token>
<token number="627" sentence="25" t_id="628">bondholders</token>
<token number="628" sentence="25" t_id="629">will</token>
<token number="629" sentence="25" t_id="630">give</token>
<token number="630" sentence="25" t_id="631">up</token>
<token number="631" sentence="25" t_id="632">.</token>
<token number="632" sentence="25" t_id="633">''</token>
<token number="633" sentence="26" t_id="634">The</token>
<token number="634" sentence="26" t_id="635">Obama</token>
<token number="635" sentence="26" t_id="636">administration</token>
<token number="636" sentence="26" t_id="637">is</token>
<token number="637" sentence="26" t_id="638">looking</token>
<token number="638" sentence="26" t_id="639">toward</token>
<token number="639" sentence="26" t_id="640">bankruptcy</token>
<token number="640" sentence="26" t_id="641">proceedings</token>
<token number="641" sentence="26" t_id="642">for</token>
<token number="642" sentence="26" t_id="643">the</token>
<token number="643" sentence="26" t_id="644">automakers</token>
<token number="644" sentence="26" t_id="645">,</token>
<token number="645" sentence="26" t_id="646">``</token>
<token number="646" sentence="26" t_id="647">as</token>
<token number="647" sentence="26" t_id="648">a</token>
<token number="648" sentence="26" t_id="649">mechanism</token>
<token number="649" sentence="26" t_id="650">to</token>
<token number="650" sentence="26" t_id="651">help</token>
<token number="651" sentence="26" t_id="652">them</token>
<token number="652" sentence="26" t_id="653">restructure</token>
<token number="653" sentence="26" t_id="654">quickly</token>
<token number="654" sentence="26" t_id="655">and</token>
<token number="655" sentence="26" t_id="656">emerge</token>
<token number="656" sentence="26" t_id="657">stronger</token>
<token number="657" sentence="26" t_id="658">.</token>
<token number="658" sentence="27" t_id="659">It</token>
<token number="659" sentence="27" t_id="660">will</token>
<token number="660" sentence="27" t_id="661">]</token>
<token number="661" sentence="27" t_id="662">quickly</token>
<token number="662" sentence="27" t_id="663">clear</token>
<token number="663" sentence="27" t_id="664">away</token>
<token number="664" sentence="27" t_id="665">old</token>
<token number="665" sentence="27" t_id="666">debts</token>
<token number="666" sentence="27" t_id="667">that</token>
<token number="667" sentence="27" t_id="668">are</token>
<token number="668" sentence="27" t_id="669">weighing</token>
<token number="669" sentence="27" t_id="670">them</token>
<token number="670" sentence="27" t_id="671">down</token>
<token number="671" sentence="27" t_id="672">.</token>
<token number="672" sentence="28" t_id="673">What</token>
<token number="673" sentence="28" t_id="674">we</token>
<token number="674" sentence="28" t_id="675">are</token>
<token number="675" sentence="28" t_id="676">asking</token>
<token number="676" sentence="28" t_id="677">is</token>
<token number="677" sentence="28" t_id="678">difficult</token>
<token number="678" sentence="28" t_id="679">.</token>
<token number="679" sentence="29" t_id="680">It</token>
<token number="680" sentence="29" t_id="681">will</token>
<token number="681" sentence="29" t_id="682">require</token>
<token number="682" sentence="29" t_id="683">hard</token>
<token number="683" sentence="29" t_id="684">choices</token>
<token number="684" sentence="29" t_id="685">by</token>
<token number="685" sentence="29" t_id="686">companies</token>
<token number="686" sentence="29" t_id="687">.</token>
<token number="687" sentence="30" t_id="688">It</token>
<token number="688" sentence="30" t_id="689">will</token>
<token number="689" sentence="30" t_id="690">require</token>
<token number="690" sentence="30" t_id="691">unions</token>
<token number="691" sentence="30" t_id="692">and</token>
<token number="692" sentence="30" t_id="693">workers</token>
<token number="693" sentence="30" t_id="694">who</token>
<token number="694" sentence="30" t_id="695">have</token>
<token number="695" sentence="30" t_id="696">already</token>
<token number="696" sentence="30" t_id="697">made</token>
<token number="697" sentence="30" t_id="698">painful</token>
<token number="698" sentence="30" t_id="699">concessions</token>
<token number="699" sentence="30" t_id="700">to</token>
<token number="700" sentence="30" t_id="701">make</token>
<token number="701" sentence="30" t_id="702">even</token>
<token number="702" sentence="30" t_id="703">more</token>
<token number="703" sentence="30" t_id="704">.</token>
<token number="704" sentence="31" t_id="705">It</token>
<token number="705" sentence="31" t_id="706">will</token>
<token number="706" sentence="31" t_id="707">require</token>
<token number="707" sentence="31" t_id="708">creditors</token>
<token number="708" sentence="31" t_id="709">to</token>
<token number="709" sentence="31" t_id="710">recognise</token>
<token number="710" sentence="31" t_id="711">that</token>
<token number="711" sentence="31" t_id="712">they</token>
<token number="712" sentence="31" t_id="713">can</token>
<token number="713" sentence="31" t_id="714">not</token>
<token number="714" sentence="31" t_id="715">hold</token>
<token number="715" sentence="31" t_id="716">out</token>
<token number="716" sentence="31" t_id="717">for</token>
<token number="717" sentence="31" t_id="718">the</token>
<token number="718" sentence="31" t_id="719">prospect</token>
<token number="719" sentence="31" t_id="720">of</token>
<token number="720" sentence="31" t_id="721">endless</token>
<token number="721" sentence="31" t_id="722">government</token>
<token number="722" sentence="31" t_id="723">bailouts</token>
<token number="723" sentence="31" t_id="724">.</token>
<token number="724" sentence="31" t_id="725">''</token>
<token number="725" sentence="32" t_id="726">said</token>
<token number="726" sentence="32" t_id="727">Obama</token>
<token number="727" sentence="32" t_id="728">.</token>
<token number="728" sentence="33" t_id="729">The</token>
<token number="729" sentence="33" t_id="730">auto</token>
<token number="730" sentence="33" t_id="731">parts</token>
<token number="731" sentence="33" t_id="732">suppliers</token>
<token number="732" sentence="33" t_id="733">and</token>
<token number="733" sentence="33" t_id="734">IT</token>
<token number="734" sentence="33" t_id="735">software</token>
<token number="735" sentence="33" t_id="736">exporters</token>
<token number="736" sentence="33" t_id="737">in</token>
<token number="737" sentence="33" t_id="738">India</token>
<token number="738" sentence="33" t_id="739">have</token>
<token number="739" sentence="33" t_id="740">already</token>
<token number="740" sentence="33" t_id="741">been</token>
<token number="741" sentence="33" t_id="742">affected</token>
<token number="742" sentence="33" t_id="743">by</token>
<token number="743" sentence="33" t_id="744">the</token>
<token number="744" sentence="33" t_id="745">declining</token>
<token number="745" sentence="33" t_id="746">auto</token>
<token number="746" sentence="33" t_id="747">sales</token>
<token number="747" sentence="33" t_id="748">.</token>
<token number="748" sentence="34" t_id="749">GM</token>
<token number="749" sentence="34" t_id="750">and</token>
<token number="750" sentence="34" t_id="751">Chrysler</token>
<token number="751" sentence="34" t_id="752">software</token>
<token number="752" sentence="34" t_id="753">contracts</token>
<token number="753" sentence="34" t_id="754">provide</token>
<token number="754" sentence="34" t_id="755">US$</token>
<token number="755" sentence="34" t_id="756">300</token>
<token number="756" sentence="34" t_id="757">to</token>
<token number="757" sentence="34" t_id="758">350</token>
<token number="758" sentence="34" t_id="759">million</token>
<token number="759" sentence="34" t_id="760">a</token>
<token number="760" sentence="34" t_id="761">year</token>
<token number="761" sentence="34" t_id="762">to</token>
<token number="762" sentence="34" t_id="763">vendors</token>
<token number="763" sentence="34" t_id="764">in</token>
<token number="764" sentence="34" t_id="765">India</token>
<token number="765" sentence="34" t_id="766">.</token>
<token number="766" sentence="35" t_id="767">As</token>
<token number="767" sentence="35" t_id="768">well</token>
<token number="768" sentence="35" t_id="769">these</token>
<token number="769" sentence="35" t_id="770">two</token>
<token number="770" sentence="35" t_id="771">major</token>
<token number="771" sentence="35" t_id="772">automakers</token>
<token number="772" sentence="35" t_id="773">usually</token>
<token number="773" sentence="35" t_id="774">award</token>
<token number="774" sentence="35" t_id="775">US$</token>
<token number="775" sentence="35" t_id="776">1</token>
<token number="776" sentence="35" t_id="777">billion</token>
<token number="777" sentence="35" t_id="778">contracts</token>
<token number="778" sentence="35" t_id="779">to</token>
<token number="779" sentence="35" t_id="780">auto</token>
<token number="780" sentence="35" t_id="781">parts</token>
<token number="781" sentence="35" t_id="782">suppliers</token>
<token number="782" sentence="35" t_id="783">.</token>
<token number="783" sentence="36" t_id="784">``</token>
<token number="784" sentence="36" t_id="785">We</token>
<token number="785" sentence="36" t_id="786">are</token>
<token number="786" sentence="36" t_id="787">worried</token>
<token number="787" sentence="36" t_id="788">and</token>
<token number="788" sentence="36" t_id="789">closely</token>
<token number="789" sentence="36" t_id="790">watching</token>
<token number="790" sentence="36" t_id="791">the</token>
<token number="791" sentence="36" t_id="792">developments</token>
<token number="792" sentence="36" t_id="793">in</token>
<token number="793" sentence="36" t_id="794">the</token>
<token number="794" sentence="36" t_id="795">US</token>
<token number="795" sentence="36" t_id="796">to</token>
<token number="796" sentence="36" t_id="797">gauge</token>
<token number="797" sentence="36" t_id="798">the</token>
<token number="798" sentence="36" t_id="799">impact</token>
<token number="799" sentence="36" t_id="800">.</token>
<token number="800" sentence="37" t_id="801">The</token>
<token number="801" sentence="37" t_id="802">decline</token>
<token number="802" sentence="37" t_id="803">in</token>
<token number="803" sentence="37" t_id="804">auto</token>
<token number="804" sentence="37" t_id="805">sales</token>
<token number="805" sentence="37" t_id="806">in</token>
<token number="806" sentence="37" t_id="807">the</token>
<token number="807" sentence="37" t_id="808">US</token>
<token number="808" sentence="37" t_id="809">has</token>
<token number="809" sentence="37" t_id="810">already</token>
<token number="810" sentence="37" t_id="811">hit</token>
<token number="811" sentence="37" t_id="812">the</token>
<token number="812" sentence="37" t_id="813">order</token>
<token number="813" sentence="37" t_id="814">books</token>
<token number="814" sentence="37" t_id="815">of</token>
<token number="815" sentence="37" t_id="816">Indian</token>
<token number="816" sentence="37" t_id="817">suppliers</token>
<token number="817" sentence="37" t_id="818">,</token>
<token number="818" sentence="37" t_id="819">''</token>
<token number="819" sentence="37" t_id="820">said</token>
<token number="820" sentence="37" t_id="821">a</token>
<token number="821" sentence="37" t_id="822">Delhi</token>
<token number="822" sentence="37" t_id="823">auto</token>
<token number="823" sentence="37" t_id="824">parts</token>
<token number="824" sentence="37" t_id="825">supplier</token>
<token number="825" sentence="37" t_id="826">.</token>
<token number="826" sentence="38" t_id="827">``</token>
<token number="827" sentence="38" t_id="828">Going</token>
<token number="828" sentence="38" t_id="829">forward</token>
<token number="829" sentence="38" t_id="830">,</token>
<token number="830" sentence="38" t_id="831">the</token>
<token number="831" sentence="38" t_id="832">industry</token>
<token number="832" sentence="38" t_id="833">will</token>
<token number="833" sentence="38" t_id="834">undoubtedly</token>
<token number="834" sentence="38" t_id="835">be</token>
<token number="835" sentence="38" t_id="836">smaller</token>
<token number="836" sentence="38" t_id="837">,</token>
<token number="837" sentence="38" t_id="838">but</token>
<token number="838" sentence="38" t_id="839">if</token>
<token number="839" sentence="38" t_id="840">our</token>
<token number="840" sentence="38" t_id="841">efforts</token>
<token number="841" sentence="38" t_id="842">are</token>
<token number="842" sentence="38" t_id="843">successful</token>
<token number="843" sentence="38" t_id="844">it</token>
<token number="844" sentence="38" t_id="845">will</token>
<token number="845" sentence="38" t_id="846">be</token>
<token number="846" sentence="38" t_id="847">viable</token>
<token number="847" sentence="38" t_id="848">and</token>
<token number="848" sentence="38" t_id="849">it</token>
<token number="849" sentence="38" t_id="850">will</token>
<token number="850" sentence="38" t_id="851">support</token>
<token number="851" sentence="38" t_id="852">good</token>
<token number="852" sentence="38" t_id="853">jobs</token>
<token number="853" sentence="38" t_id="854">for</token>
<token number="854" sentence="38" t_id="855">Canadians</token>
<token number="855" sentence="38" t_id="856">,</token>
<token number="856" sentence="38" t_id="857">''</token>
<token number="857" sentence="38" t_id="858">said</token>
<token number="858" sentence="38" t_id="859">Clements</token>
<token number="859" sentence="38" t_id="860">.</token>
<token number="860" sentence="39" t_id="861">Betty</token>
<token number="861" sentence="39" t_id="862">Sutton</token>
<token number="862" sentence="39" t_id="863">,</token>
<token number="863" sentence="39" t_id="864">Ohio</token>
<token number="864" sentence="39" t_id="865">'s</token>
<token number="865" sentence="39" t_id="866">Congresswoman</token>
<token number="866" sentence="39" t_id="867">put</token>
<token number="867" sentence="39" t_id="868">forward</token>
<token number="868" sentence="39" t_id="869">the</token>
<token number="869" sentence="39" t_id="870">CARS</token>
<token number="870" sentence="39" t_id="871">act</token>
<token number="871" sentence="39" t_id="872">which</token>
<token number="872" sentence="39" t_id="873">provides</token>
<token number="873" sentence="39" t_id="874">a</token>
<token number="874" sentence="39" t_id="875">US$</token>
<token number="875" sentence="39" t_id="876">3,000</token>
<token number="876" sentence="39" t_id="877">to</token>
<token number="877" sentence="39" t_id="878">5,000</token>
<token number="878" sentence="39" t_id="879">incentive</token>
<token number="879" sentence="39" t_id="880">for</token>
<token number="880" sentence="39" t_id="881">those</token>
<token number="881" sentence="39" t_id="882">who</token>
<token number="882" sentence="39" t_id="883">trade</token>
<token number="883" sentence="39" t_id="884">in</token>
<token number="884" sentence="39" t_id="885">their</token>
<token number="885" sentence="39" t_id="886">vehicle</token>
<token number="886" sentence="39" t_id="887">for</token>
<token number="887" sentence="39" t_id="888">a</token>
<token number="888" sentence="39" t_id="889">fuel-efficient</token>
<token number="889" sentence="39" t_id="890">car</token>
<token number="890" sentence="39" t_id="891">.</token>
<token number="891" sentence="40" t_id="892">``</token>
<token number="892" sentence="40" t_id="893">It</token>
<token number="893" sentence="40" t_id="894">clearly</token>
<token number="894" sentence="40" t_id="895">stimulates</token>
<token number="895" sentence="40" t_id="896">the</token>
<token number="896" sentence="40" t_id="897">economy</token>
<token number="897" sentence="40" t_id="898">,</token>
<token number="898" sentence="40" t_id="899">and</token>
<token number="899" sentence="40" t_id="900">it</token>
<token number="900" sentence="40" t_id="901">gets</token>
<token number="901" sentence="40" t_id="902">the</token>
<token number="902" sentence="40" t_id="903">consumer</token>
<token number="903" sentence="40" t_id="904">into</token>
<token number="904" sentence="40" t_id="905">the</token>
<token number="905" sentence="40" t_id="906">showroom</token>
<token number="906" sentence="40" t_id="907">and</token>
<token number="907" sentence="40" t_id="908">gets</token>
<token number="908" sentence="40" t_id="909">them</token>
<token number="909" sentence="40" t_id="910">buying</token>
<token number="910" sentence="40" t_id="911">again</token>
<token number="911" sentence="40" t_id="912">.</token>
<token number="912" sentence="41" t_id="913">But</token>
<token number="913" sentence="41" t_id="914">importantly</token>
<token number="914" sentence="41" t_id="915">--</token>
<token number="915" sentence="41" t_id="916">and</token>
<token number="916" sentence="41" t_id="917">this</token>
<token number="917" sentence="41" t_id="918">is</token>
<token number="918" sentence="41" t_id="919">what</token>
<token number="919" sentence="41" t_id="920">I</token>
<token number="920" sentence="41" t_id="921">particularly</token>
<token number="921" sentence="41" t_id="922">like</token>
<token number="922" sentence="41" t_id="923">about</token>
<token number="923" sentence="41" t_id="924">it</token>
<token number="924" sentence="41" t_id="925">--</token>
<token number="925" sentence="41" t_id="926">it</token>
<token number="926" sentence="41" t_id="927">really</token>
<token number="927" sentence="41" t_id="928">helps</token>
<token number="928" sentence="41" t_id="929">the</token>
<token number="929" sentence="41" t_id="930">environment</token>
<token number="930" sentence="41" t_id="931">quite</token>
<token number="931" sentence="41" t_id="932">a</token>
<token number="932" sentence="41" t_id="933">bit</token>
<token number="933" sentence="41" t_id="934">in</token>
<token number="934" sentence="41" t_id="935">two</token>
<token number="935" sentence="41" t_id="936">respects</token>
<token number="936" sentence="41" t_id="937">.</token>
<token number="937" sentence="41" t_id="938">''</token>
<token number="938" sentence="42" t_id="939">said</token>
<token number="939" sentence="42" t_id="940">William</token>
<token number="940" sentence="42" t_id="941">Clay</token>
<token number="941" sentence="42" t_id="942">Ford</token>
<token number="942" sentence="42" t_id="943">Jr.</token>
<token number="943" sentence="42" t_id="944">,</token>
<token number="944" sentence="42" t_id="945">executive</token>
<token number="945" sentence="42" t_id="946">chairman</token>
<token number="946" sentence="42" t_id="947">of</token>
<token number="947" sentence="42" t_id="948">Ford</token>
<token number="948" sentence="42" t_id="949">Motor</token>
<token number="949" sentence="42" t_id="950">Co.</token>
<token number="950" sentence="42" t_id="951">.</token>
<token number="951" sentence="43" t_id="952">Ford</token>
<token number="952" sentence="43" t_id="953">Motor</token>
<token number="953" sentence="43" t_id="954">Company</token>
<token number="954" sentence="43" t_id="955">has</token>
<token number="955" sentence="43" t_id="956">not</token>
<token number="956" sentence="43" t_id="957">come</token>
<token number="957" sentence="43" t_id="958">forward</token>
<token number="958" sentence="43" t_id="959">with</token>
<token number="959" sentence="43" t_id="960">requests</token>
<token number="960" sentence="43" t_id="961">for</token>
<token number="961" sentence="43" t_id="962">assistance</token>
<token number="962" sentence="43" t_id="963">.</token>
<token number="963" sentence="44" t_id="964">Since</token>
<token number="964" sentence="44" t_id="965">December</token>
<token number="965" sentence="44" t_id="966">GM</token>
<token number="966" sentence="44" t_id="967">and</token>
<token number="967" sentence="44" t_id="968">Chrysler</token>
<token number="968" sentence="44" t_id="969">have</token>
<token number="969" sentence="44" t_id="970">received</token>
<token number="970" sentence="44" t_id="971">US$</token>
<token number="971" sentence="44" t_id="972">17.4</token>
<token number="972" sentence="44" t_id="973">billion</token>
<token number="973" sentence="44" t_id="974">government</token>
<token number="974" sentence="44" t_id="975">loans</token>
<token number="975" sentence="44" t_id="976">.</token>
<Markables>
<ENTITY_MENTION comment="" head="" m_id="20" syntactic_type="">
<token_anchor t_id="67"/>
<token_anchor t_id="68"/>
<token_anchor t_id="69"/>
</ENTITY_MENTION>
<ENTITY_MENTION comment="" head="" m_id="21" syntactic_type="PRE.NAM">
<token_anchor t_id="68"/>
</ENTITY_MENTION>
<ENTITY_MENTION comment="" head="" m_id="25" syntactic_type="">
<token_anchor t_id="71"/>
</ENTITY_MENTION>
<ENTITY_MENTION comment="" head="" m_id="26" syntactic_type="">
<token_anchor t_id="79"/>
</ENTITY_MENTION>
<ENTITY_MENTION comment="" head="" m_id="27" syntactic_type="NAM">
<token_anchor t_id="86"/>
<token_anchor t_id="87"/>
<token_anchor t_id="88"/>
</ENTITY_MENTION>
<ENTITY_MENTION comment="" head="" m_id="28" syntactic_type="NAM">
<token_anchor t_id="90"/>
</ENTITY_MENTION>
<ENTITY_MENTION comment="" head="" m_id="29" syntactic_type="">
<token_anchor t_id="86"/>
<token_anchor t_id="87"/>
<token_anchor t_id="88"/>
<token_anchor t_id="89"/>
<token_anchor t_id="90"/>
</ENTITY_MENTION>
<ENTITY_MENTION comment="" head="" m_id="1" syntactic_type="NAM">
<token_anchor t_id="15"/>
<token_anchor t_id="16"/>
</ENTITY_MENTION>
<ENTITY_MENTION comment="" head="" m_id="2" syntactic_type="NAM">
<token_anchor t_id="18"/>
</ENTITY_MENTION>
<ENTITY_MENTION comment="" head="" m_id="3" syntactic_type="">
<token_anchor t_id="15"/>
<token_anchor t_id="16"/>
<token_anchor t_id="17"/>
<token_anchor t_id="18"/>
</ENTITY_MENTION>
<ENTITY_MENTION comment="" head="" m_id="36" syntactic_type="NAM">
<token_anchor t_id="98"/>
<token_anchor t_id="99"/>
</ENTITY_MENTION>
<ENTITY_MENTION comment="" head="" m_id="4" syntactic_type="NAM">
<token_anchor t_id="21"/>
</ENTITY_MENTION>
<ENTITY_MENTION comment="" head="" m_id="37" syntactic_type="NAM">
<token_anchor t_id="101"/>
<token_anchor t_id="102"/>
<token_anchor t_id="103"/>
<token_anchor t_id="104"/>
</ENTITY_MENTION>
<ENTITY_MENTION comment="" head="" m_id="5" syntactic_type="">
<token_anchor t_id="15"/>
<token_anchor t_id="16"/>
<token_anchor t_id="17"/>
<token_anchor t_id="18"/>
<token_anchor t_id="19"/>
<token_anchor t_id="20"/>
<token_anchor t_id="21"/>
</ENTITY_MENTION>
<ENTITY_MENTION comment="" head="" m_id="38" syntactic_type="">
<token_anchor t_id="104"/>
</ENTITY_MENTION>
<ENTITY_MENTION comment="" head="" m_id="6" syntactic_type="NAM">
<token_anchor t_id="27"/>
<token_anchor t_id="28"/>
<token_anchor t_id="29"/>
<token_anchor t_id="30"/>
</ENTITY_MENTION>
<ENTITY_MENTION comment="" head="" m_id="39" syntactic_type="">
<token_anchor t_id="98"/>
<token_anchor t_id="99"/>
<token_anchor t_id="100"/>
<token_anchor t_id="101"/>
<token_anchor t_id="102"/>
<token_anchor t_id="103"/>
<token_anchor t_id="104"/>
</ENTITY_MENTION>
<ENTITY_MENTION comment="" head="" m_id="7" syntactic_type="">
<token_anchor t_id="30"/>
</ENTITY_MENTION>
<ENTITY_MENTION comment="" head="" m_id="8" syntactic_type="NAM">
<token_anchor t_id="32"/>
<token_anchor t_id="33"/>
<token_anchor t_id="34"/>
<token_anchor t_id="35"/>
<token_anchor t_id="36"/>
</ENTITY_MENTION>
<ENTITY_MENTION comment="" head="" m_id="60" syntactic_type="">
<token_anchor t_id="24"/>
<token_anchor t_id="25"/>
</ENTITY_MENTION>
<ENTITY_MENTION comment="" head="" m_id="9" syntactic_type="">
<token_anchor t_id="36"/>
</ENTITY_MENTION>
<ENTITY_MENTION comment="" head="" m_id="61" syntactic_type="">
<token_anchor t_id="39"/>
<token_anchor t_id="40"/>
</ENTITY_MENTION>
<ENTITY_MENTION comment="" head="" m_id="10" syntactic_type="">
<token_anchor t_id="27"/>
<token_anchor t_id="28"/>
<token_anchor t_id="29"/>
<token_anchor t_id="30"/>
<token_anchor t_id="31"/>
<token_anchor t_id="32"/>
<token_anchor t_id="33"/>
<token_anchor t_id="34"/>
<token_anchor t_id="35"/>
<token_anchor t_id="36"/>
</ENTITY_MENTION>
<ENTITY_MENTION comment="" head="" m_id="11" syntactic_type="PRE.NAM">
<token_anchor t_id="46"/>
</ENTITY_MENTION>
<ENTITY_MENTION comment="" head="" m_id="12" syntactic_type="">
<token_anchor t_id="48"/>
<token_anchor t_id="49"/>
</ENTITY_MENTION>
<ENTITY_MENTION comment="" head="" m_id="65" syntactic_type="NAM">
<token_anchor t_id="1"/>
</ENTITY_MENTION>
<ENTITY_MENTION comment="" head="" m_id="13" syntactic_type="PRE.NAM">
<token_anchor t_id="48"/>
</ENTITY_MENTION>
<ENTITY_MENTION comment="" head="" m_id="66" syntactic_type="NAM">
<token_anchor t_id="3"/>
</ENTITY_MENTION>
<ENTITY_MENTION comment="" head="" m_id="14" syntactic_type="">
<token_anchor t_id="46"/>
<token_anchor t_id="47"/>
<token_anchor t_id="48"/>
<token_anchor t_id="49"/>
</ENTITY_MENTION>
<ENTITY_MENTION comment="" head="" m_id="67" syntactic_type="">
<token_anchor t_id="1"/>
<token_anchor t_id="2"/>
<token_anchor t_id="3"/>
</ENTITY_MENTION>
<ENTITY_MENTION comment="" head="" m_id="15" syntactic_type="">
<token_anchor t_id="51"/>
<token_anchor t_id="52"/>
</ENTITY_MENTION>
<ENTITY_MENTION comment="" head="" m_id="68" syntactic_type="PRE.NAM">
<token_anchor t_id="5"/>
</ENTITY_MENTION>
<ENTITY_MENTION comment="" head="" m_id="16" syntactic_type="">
<token_anchor t_id="55"/>
</ENTITY_MENTION>
<ENTITY_MENTION comment="" head="" m_id="69" syntactic_type="">
<token_anchor t_id="5"/>
<token_anchor t_id="6"/>
</ENTITY_MENTION>
<ENTITY_MENTION comment="" head="" m_id="70" syntactic_type="">
<token_anchor t_id="8"/>
</ENTITY_MENTION>
<EVENT_MENTION aspect="NONE" certainty="CERTAIN" comment="" m_id="71" modality="" polarity="POS" pos="VERB" pred="" special_cases="NONE" tense="PRESENT" time="NON_FUTURE">
<token_anchor t_id="4"/>
</EVENT_MENTION>
<EVENT_MENTION aspect="NONE" certainty="UNDERSPECIFIED" comment="" m_id="19" modality="" polarity="UNDERSPECIFIED" pos="VERB" pred="" special_cases="NONE" tense="PRESENT" time="FUTURE">
<token_anchor t_id="54"/>
</EVENT_MENTION>
<EVENT_MENTION aspect="NONE" certainty="CERTAIN" comment="" m_id="72" modality="" polarity="POS" pos="NOUN" pred="" special_cases="NONE" tense="NONE" time="NON_FUTURE">
<token_anchor t_id="10"/>
</EVENT_MENTION>
<EVENT_MENTION aspect="NONE" certainty="CERTAIN" comment="" m_id="22" modality="" polarity="POS" pos="OTHER" pred="" special_cases="NONE" tense="NONE" time="FUTURE">
<token_anchor t_id="58"/>
</EVENT_MENTION>
<EVENT_MENTION aspect="NONE" certainty="CERTAIN" comment="" m_id="23" modality="" polarity="POS" pos="VERB" pred="" special_cases="NONE" tense="PRESENT" time="NON_FUTURE">
<token_anchor t_id="59"/>
</EVENT_MENTION>
<EVENT_MENTION aspect="NONE" certainty="CERTAIN" comment="" m_id="24" modality="" polarity="POS" pos="VERB" pred="" special_cases="NONE" tense="INFINITIVE" time="FUTURE">
<token_anchor t_id="66"/>
</EVENT_MENTION>
<EVENT_MENTION aspect="PROGRESSIVE" certainty="CERTAIN" comment="" m_id="30" modality="" polarity="POS" pos="VERB" pred="" special_cases="NONE" tense="PRESENT" time="NON_FUTURE">
<token_anchor t_id="73"/>
</EVENT_MENTION>
<EVENT_MENTION aspect="NONE" certainty="CERTAIN" comment="" m_id="31" modality="" polarity="POS" pos="OTHER" pred="" special_cases="NONE" tense="NONE" time="FUTURE">
<token_anchor t_id="74"/>
</EVENT_MENTION>
<EVENT_MENTION aspect="NONE" certainty="CERTAIN" comment="" m_id="32" modality="" polarity="NEG" pos="VERB" pred="" special_cases="NONE" tense="PRESENT" time="NON_FUTURE">
<token_anchor t_id="83"/>
</EVENT_MENTION>
<EVENT_MENTION aspect="NONE" certainty="POSSIBLE" comment="" m_id="33" modality="" polarity="UNDERSPECIFIED" pos="NOUN" pred="" special_cases="NONE" tense="NONE" time="FUTURE">
<token_anchor t_id="94"/>
</EVENT_MENTION>
<EVENT_MENTION aspect="NONE" certainty="CERTAIN" comment="" m_id="40" modality="" polarity="POS" pos="VERB" pred="" special_cases="NONE" tense="PAST" time="NON_FUTURE">
<token_anchor t_id="97"/>
</EVENT_MENTION>
<EVENT_MENTION aspect="NONE" certainty="CERTAIN" comment="" m_id="62" modality="" polarity="POS" pos="VERB" pred="" special_cases="NONE" tense="FUTURE" time="FUTURE">
<token_anchor t_id="42"/>
</EVENT_MENTION>
<EVENT_MENTION aspect="NONE" certainty="CERTAIN" comment="" m_id="64" modality="" polarity="POS" pos="NOUN" pred="" special_cases="NONE" tense="NONE" time="FUTURE">
<token_anchor t_id="64"/>
</EVENT_MENTION>
<EVENT_MENTION aspect="NONE" certainty="CERTAIN" comment="" m_id="17" modality="" polarity="POS" pos="VERB" pred="" special_cases="NONE" tense="FUTURE" time="FUTURE">
<token_anchor t_id="23"/>
</EVENT_MENTION>
<EVENT_MENTION aspect="NONE" certainty="CERTAIN" comment="" m_id="18" modality="" polarity="POS" pos="OTHER" pred="" special_cases="NONE" tense="NONE" time="FUTURE">
<token_anchor t_id="43"/>
</EVENT_MENTION>
<TIMEX3 anchorTimeID="" beginPoint="" comment="" endPoint="" functionInDocument="NONE" m_id="34" type="DATE" value="FUTURE_REF">
<token_anchor t_id="93"/>
</TIMEX3>
<TIMEX3 anchorTimeID="" beginPoint="" comment="" endPoint="" functionInDocument="CREATION_TIME" m_id="35" type="DATE" value="2009-04-03">
<token_anchor t_id="11"/>
<token_anchor t_id="12"/>
<token_anchor t_id="13"/>
<token_anchor t_id="14"/>
</TIMEX3>
<EVENT_MENTION m_id="79">
  <token_anchor t_id="152"/>
</EVENT_MENTION>
<EVENT_MENTION m_id="91">
  <token_anchor t_id="347"/>
</EVENT_MENTION>
<EVENT_MENTION m_id="112">
  <token_anchor t_id="418"/>
</EVENT_MENTION>
<EVENT_MENTION m_id="117">
  <token_anchor t_id="726"/>
</EVENT_MENTION>
<EVENT_MENTION m_id="120">
  <token_anchor t_id="515"/>
</EVENT_MENTION>
<EVENT_MENTION m_id="122">
  <token_anchor t_id="187"/>
</EVENT_MENTION>
<EVENT_MENTION m_id="125">
  <token_anchor t_id="398"/>
</EVENT_MENTION>
<EVENT_MENTION m_id="134">
  <token_anchor t_id="388"/>
</EVENT_MENTION>
<EVENT_MENTION m_id="137">
  <token_anchor t_id="411"/>
  <token_anchor t_id="412"/>
</EVENT_MENTION>
<EVENT_MENTION m_id="143">
  <token_anchor t_id="774"/>
</EVENT_MENTION>
<EVENT_MENTION m_id="144">
  <token_anchor t_id="507"/>
</EVENT_MENTION>
<EVENT_MENTION m_id="146">
  <token_anchor t_id="303"/>
</EVENT_MENTION>
<EVENT_MENTION m_id="147">
  <token_anchor t_id="970"/>
</EVENT_MENTION>
<EVENT_MENTION m_id="153">
  <token_anchor t_id="470"/>
  <token_anchor t_id="471"/>
</EVENT_MENTION>
<EVENT_MENTION m_id="155">
  <token_anchor t_id="263"/>
</EVENT_MENTION>
<EVENT_MENTION m_id="173">
  <token_anchor t_id="351"/>
</EVENT_MENTION>
<ENTITY_MENTION m_id="78">
  <token_anchor t_id="282"/>
</ENTITY_MENTION>
<ENTITY_MENTION m_id="83">
  <token_anchor t_id="749"/>
</ENTITY_MENTION>
<ENTITY_MENTION m_id="84">
  <token_anchor t_id="532"/>
</ENTITY_MENTION>
<ENTITY_MENTION m_id="85">
  <token_anchor t_id="537"/>
</ENTITY_MENTION>
<ENTITY_MENTION m_id="87">
  <token_anchor t_id="769"/>
  <token_anchor t_id="770"/>
  <token_anchor t_id="771"/>
  <token_anchor t_id="772"/>
</ENTITY_MENTION>
<ENTITY_MENTION m_id="90">
  <token_anchor t_id="206"/>
</ENTITY_MENTION>
<ENTITY_MENTION m_id="92">
  <token_anchor t_id="348"/>
</ENTITY_MENTION>
<ENTITY_MENTION m_id="93">
  <token_anchor t_id="275"/>
</ENTITY_MENTION>
<ENTITY_MENTION m_id="96">
  <token_anchor t_id="542"/>
</ENTITY_MENTION>
<ENTITY_MENTION m_id="99">
  <token_anchor t_id="404"/>
  <token_anchor t_id="405"/>
  <token_anchor t_id="406"/>
  <token_anchor t_id="407"/>
  <token_anchor t_id="408"/>
</ENTITY_MENTION>
<ENTITY_MENTION m_id="105">
  <token_anchor t_id="163"/>
  <token_anchor t_id="164"/>
</ENTITY_MENTION>
<ENTITY_MENTION m_id="106">
  <token_anchor t_id="373"/>
  <token_anchor t_id="374"/>
</ENTITY_MENTION>
<ENTITY_MENTION m_id="107">
  <token_anchor t_id="401"/>
  <token_anchor t_id="402"/>
</ENTITY_MENTION>
<ENTITY_MENTION m_id="109">
  <token_anchor t_id="217"/>
</ENTITY_MENTION>
<ENTITY_MENTION m_id="110">
  <token_anchor t_id="310"/>
</ENTITY_MENTION>
<ENTITY_MENTION m_id="113">
  <token_anchor t_id="416"/>
</ENTITY_MENTION>
<ENTITY_MENTION m_id="114">
  <token_anchor t_id="511"/>
</ENTITY_MENTION>
<ENTITY_MENTION m_id="115">
  <token_anchor t_id="390"/>
  <token_anchor t_id="391"/>
</ENTITY_MENTION>
<ENTITY_MENTION m_id="116">
  <token_anchor t_id="727"/>
</ENTITY_MENTION>
<ENTITY_MENTION m_id="118">
  <token_anchor t_id="410"/>
</ENTITY_MENTION>
<ENTITY_MENTION m_id="123">
  <token_anchor t_id="291"/>
</ENTITY_MENTION>
<ENTITY_MENTION m_id="124">
  <token_anchor t_id="185"/>
</ENTITY_MENTION>
<ENTITY_MENTION m_id="126">
  <token_anchor t_id="619"/>
</ENTITY_MENTION>
<ENTITY_MENTION m_id="127">
  <token_anchor t_id="156"/>
  <token_anchor t_id="157"/>
  <token_anchor t_id="158"/>
  <token_anchor t_id="159"/>
  <token_anchor t_id="160"/>
</ENTITY_MENTION>
<ENTITY_MENTION m_id="130">
  <token_anchor t_id="240"/>
</ENTITY_MENTION>
<ENTITY_MENTION m_id="132">
  <token_anchor t_id="966"/>
  <token_anchor t_id="967"/>
  <token_anchor t_id="968"/>
</ENTITY_MENTION>
<ENTITY_MENTION m_id="133">
  <token_anchor t_id="948"/>
  <token_anchor t_id="949"/>
  <token_anchor t_id="950"/>
</ENTITY_MENTION>
<ENTITY_MENTION m_id="135">
  <token_anchor t_id="749"/>
  <token_anchor t_id="750"/>
  <token_anchor t_id="751"/>
</ENTITY_MENTION>
<ENTITY_MENTION m_id="139">
  <token_anchor t_id="504"/>
</ENTITY_MENTION>
<ENTITY_MENTION m_id="141">
  <token_anchor t_id="302"/>
</ENTITY_MENTION>
<ENTITY_MENTION m_id="142">
  <token_anchor t_id="635"/>
</ENTITY_MENTION>
<ENTITY_MENTION m_id="148">
  <token_anchor t_id="386"/>
  <token_anchor t_id="387"/>
</ENTITY_MENTION>
<ENTITY_MENTION m_id="149">
  <token_anchor t_id="952"/>
  <token_anchor t_id="953"/>
  <token_anchor t_id="954"/>
</ENTITY_MENTION>
<ENTITY_MENTION m_id="150">
  <token_anchor t_id="447"/>
</ENTITY_MENTION>
<ENTITY_MENTION m_id="151">
  <token_anchor t_id="441"/>
</ENTITY_MENTION>
<ENTITY_MENTION m_id="152">
  <token_anchor t_id="231"/>
</ENTITY_MENTION>
<ENTITY_MENTION m_id="156">
  <token_anchor t_id="968"/>
</ENTITY_MENTION>
<ENTITY_MENTION m_id="157">
  <token_anchor t_id="966"/>
</ENTITY_MENTION>
<ENTITY_MENTION m_id="159">
  <token_anchor t_id="605"/>
  <token_anchor t_id="606"/>
  <token_anchor t_id="607"/>
</ENTITY_MENTION>
<ENTITY_MENTION m_id="160">
  <token_anchor t_id="153"/>
  <token_anchor t_id="154"/>
</ENTITY_MENTION>
<ENTITY_MENTION m_id="161">
  <token_anchor t_id="364"/>
</ENTITY_MENTION>
<ENTITY_MENTION m_id="162">
  <token_anchor t_id="456"/>
</ENTITY_MENTION>
<ENTITY_MENTION m_id="165">
  <token_anchor t_id="553"/>
</ENTITY_MENTION>
<ENTITY_MENTION m_id="167">
  <token_anchor t_id="264"/>
</ENTITY_MENTION>
<ENTITY_MENTION m_id="168">
  <token_anchor t_id="250"/>
</ENTITY_MENTION>
<ENTITY_MENTION m_id="170">
  <token_anchor t_id="751"/>
</ENTITY_MENTION>
<ENTITY_MENTION m_id="172">
  <token_anchor t_id="461"/>
</ENTITY_MENTION>
<ENTITY_MENTION m_id="174">
  <token_anchor t_id="468"/>
</ENTITY_MENTION>
<EVENT TAG_DESCRIPTOR="Say-EHU" class="SPEECH_COGNITIVE" instance_id="SPE39046687752908361" m_id="201"/><EVENT TAG_DESCRIPTOR="be" class="GRAMMATICAL" comment="" external_ref="" m_id="58"/>
<EVENT TAG_DESCRIPTOR="Speak out-EHU" class="SPEECH_COGNITIVE" instance_id="SPE39136481818995683" m_id="199"/><EVENT TAG_DESCRIPTOR="forthcoming" class="OTHER" comment="" external_ref="" m_id="57"/>
<EVENT TAG_DESCRIPTOR="reinvent" class="OTHER" comment="" external_ref="" m_id="56"/><EVENT TAG_DESCRIPTOR="protect" class="OTHER" comment="" external_ref="" m_id="55"/>
<EVENT TAG_DESCRIPTOR="Receive-EHU" class="OTHER" instance_id="OTH39566345666134505" m_id="196"/><EVENT TAG_DESCRIPTOR="do" class="OTHER" comment="" external_ref="" m_id="54"/>
<EVENT TAG_DESCRIPTOR="afford" class="OTHER" comment="" external_ref="" m_id="53"/><EVENT TAG_DESCRIPTOR="Announcement-EHU" class="SPEECH_COGNITIVE" instance_id="SPE39652884833854532" m_id="194"/>
<EVENT TAG_DESCRIPTOR="collapse" class="OTHER" comment="" external_ref="" m_id="52"/><EVENT TAG_DESCRIPTOR="Bring-EHU" class="OTHER" instance_id="OTH40538433381625691" m_id="193"/>
<EVENT TAG_DESCRIPTOR="say" class="SPEECH_COGNITIVE" comment="" external_ref="" m_id="51"/><EVENT TAG_DESCRIPTOR="Award-EHU" class="OTHER" instance_id="OTH39567038354396787" m_id="192"/>
<EVENT TAG_DESCRIPTOR="Restructure-EHU" class="OTHER" instance_id="OTH39566715601500958" m_id="191"/><EVENT TAG_DESCRIPTOR="Submit-EHU" class="OTHER" instance_id="OTH39832345631570209" m_id="190"/>
<EVENT TAG_DESCRIPTOR="Replace-EHU" class="OTHER" instance_id="OTH39135287310596490" m_id="188"/><EVENT TAG_DESCRIPTOR="Receive-EHU" class="OTHER" instance_id="OTH41390388449537480" m_id="184"/>
<EVENT TAG_DESCRIPTOR="ultimata" class="OTHER" comment="" external_ref="" m_id="73"/><EVENT TAG_DESCRIPTOR="Sale-EHU" class="OTHER" instance_id="OTH39652572467085567" m_id="183"/>
<EVENT TAG_DESCRIPTOR="Help-EHU" class="OTHER" instance_id="OTH39651951229583433" m_id="179"/><EVENT TAG_DESCRIPTOR="Receive-EHU" class="OTHER" instance_id="OTH39651415329641193" m_id="177"/>
<EVENT TAG_DESCRIPTOR="Sale-EHU" class="OTHER" instance_id="OTH39832553205866362" m_id="205"/><EVENT TAG_DESCRIPTOR="Say-EHU" class="SPEECH_COGNITIVE" instance_id="SPE39046069316167805" m_id="204"/>
<ENTITY TAG_DESCRIPTOR="General Motors" ent_type="ORG" external_ref="http://dbpedia.org/resource/General_Motors" instance_id="ORG37406424148086837" m_id="203"/><ENTITY TAG_DESCRIPTOR="bridge loans" ent_type="FIN" instance_id="FIN45385855451596847" m_id="202"/>
<ENTITY TAG_DESCRIPTOR="the Canadian economy" ent_type="FIN" instance_id="FIN47047203004814281" m_id="200"/><ENTITY TAG_DESCRIPTOR="Ford" ent_type="ORG" external_ref="http://dbpedia.org/resource/Ford_Motor_Company" instance_id="ORG37406423869806668" m_id="198"/>
<ENTITY TAG_DESCRIPTOR="Canada and Ontario" ent_type="LOC" instance_id="LOC45386049647712387" m_id="197"/><ENTITY TAG_DESCRIPTOR="Ontario" ent_type="LOC" external_ref="http://dbpedia.org/resource/Ontario" instance_id="LOC45385827083233150" m_id="195"/>
<ENTITY TAG_DESCRIPTOR="Stephen Harper" ent_type="PER" external_ref="http://dbpedia.org/resource/Stephen_Harper" instance_id="PER45385885685493156" m_id="189"/><ENTITY TAG_DESCRIPTOR="Barack Obama" ent_type="PER" external_ref="http://dbpedia.org/resource/Barack_Obama" instance_id="PER37406424967115208" m_id="187"/>
<ENTITY TAG_DESCRIPTOR="Chrysler" ent_type="ORG" external_ref="http://dbpedia.org/resource/Chrysler" instance_id="ORG37406423422624299" m_id="186"/><ENTITY TAG_DESCRIPTOR="Fiat" ent_type="ORG" external_ref="http://dbpedia.org/resource/Fiat" instance_id="ORG37406423743094661" m_id="185"/>
<ENTITY TAG_DESCRIPTOR="United Auto Workers" ent_type="ORG" external_ref="http://dbpedia.org/resource/United_Automobile_Workers" instance_id="ORG37406424696739278" m_id="182"/><ENTITY TAG_DESCRIPTOR="Fritz Henderson" ent_type="PER" external_ref="http://dbpedia.org/resource/Frederick_Henderson" instance_id="PER37406425118763133" m_id="181"/>
<ENTITY TAG_DESCRIPTOR="US and Canada" ent_type="LOC" instance_id="LOC47031668479371794" m_id="180"/><ENTITY TAG_DESCRIPTOR="General Motors and Chrysler" ent_type="ORG" instance_id="ORG37406424291734298" m_id="178"/>
<ENTITY TAG_DESCRIPTOR="United States of America " ent_type="LOC" external_ref="http://dbpedia.org/resource/United_States" instance_id="LOC27735327659249054" m_id="176"/><ENTITY TAG_DESCRIPTOR="Canada" ent_type="LOC" external_ref="http://dbpedia.org/resource/Canada" instance_id="LOC43997528276927841" m_id="175"/></Markables>
<Relations>
<HAS_PARTICIPANT comment="" r_id="115434" sem_role="Arg0" sem_role_framework="PROPBANK">
<source m_id="17"/>
<target m_id="5"/>
</HAS_PARTICIPANT>
<HAS_PARTICIPANT comment="" r_id="115435" sem_role="Arg2" sem_role_framework="PROPBANK">
<source m_id="17"/>
<target m_id="10"/>
</HAS_PARTICIPANT>
<HAS_PARTICIPANT comment="" r_id="115436" sem_role="Argm-OTHER" sem_role_framework="PROPBANK">
<source m_id="18"/>
<target m_id="14"/>
</HAS_PARTICIPANT>
<HAS_PARTICIPANT comment="" r_id="115437" sem_role="Arg0" sem_role_framework="PROPBANK">
<source m_id="19"/>
<target m_id="15"/>
</HAS_PARTICIPANT>
<HAS_PARTICIPANT comment="" r_id="115438" sem_role="Arg1" sem_role_framework="PROPBANK">
<source m_id="19"/>
<target m_id="16"/>
</HAS_PARTICIPANT>
<HAS_PARTICIPANT comment="" r_id="115439" sem_role="Arg1" sem_role_framework="PROPBANK">
<source m_id="24"/>
<target m_id="20"/>
</HAS_PARTICIPANT>
<GLINK comment="" r_id="115440">
<source m_id="23"/>
<target m_id="22"/>
</GLINK>
<HAS_PARTICIPANT comment="" r_id="115442" sem_role="Arg0" sem_role_framework="PROPBANK">
<source m_id="30"/>
<target m_id="25"/>
</HAS_PARTICIPANT>
<HAS_PARTICIPANT comment="" r_id="115443" sem_role="Arg0" sem_role_framework="PROPBANK">
<source m_id="32"/>
<target m_id="26"/>
</HAS_PARTICIPANT>
<HAS_PARTICIPANT comment="" r_id="115444" sem_role="Argm-LOC" sem_role_framework="PROPBANK">
<source m_id="32"/>
<target m_id="29"/>
</HAS_PARTICIPANT>
<HAS_PARTICIPANT comment="" r_id="115451" sem_role="Arg0" sem_role_framework="PROPBANK">
<source m_id="40"/>
<target m_id="39"/>
</HAS_PARTICIPANT>
<SLINK comment="" r_id="115452">
<source m_id="40"/>
<target m_id="30"/>
</SLINK>
<SLINK comment="" r_id="115453">
<source m_id="40"/>
<target m_id="23"/>
</SLINK>
<TLINK comment="" r_id="115454" reltype="AFTER" signalID="">
<source m_id="17"/>
<target m_id="35"/>
</TLINK>
<TLINK comment="" r_id="115455" reltype="AFTER" signalID="">
<source m_id="18"/>
<target m_id="35"/>
</TLINK>
<TLINK comment="" r_id="115459" reltype="AFTER" signalID="">
<source m_id="19"/>
<target m_id="35"/>
</TLINK>
<TLINK comment="" r_id="115460" reltype="BEFORE" signalID="">
<source m_id="23"/>
<target m_id="35"/>
</TLINK>
<TLINK comment="" r_id="115461" reltype="BEFORE" signalID="">
<source m_id="30"/>
<target m_id="35"/>
</TLINK>
<TLINK comment="" r_id="115462" reltype="BEFORE" signalID="">
<source m_id="32"/>
<target m_id="35"/>
</TLINK>
<TLINK comment="" r_id="115463" reltype="BEFORE" signalID="">
<source m_id="40"/>
<target m_id="35"/>
</TLINK>
<TLINK comment="" r_id="115464" reltype="AFTER" signalID="">
<source m_id="17"/>
<target m_id="40"/>
</TLINK>
<TLINK comment="" r_id="115465" reltype="SIMULTANEOUS" signalID="">
<source m_id="17"/>
<target m_id="18"/>
</TLINK>
<TLINK comment="" r_id="115466" reltype="AFTER" signalID="">
<source m_id="18"/>
<target m_id="19"/>
</TLINK>
<TLINK comment="" r_id="115468" reltype="SIMULTANEOUS" signalID="">
<source m_id="30"/>
<target m_id="32"/>
</TLINK>
<TLINK comment="" r_id="115469" reltype="IS_INCLUDED" signalID="">
<source m_id="40"/>
<target m_id="23"/>
</TLINK>
<TLINK comment="" r_id="115470" reltype="IS_INCLUDED" signalID="">
<source m_id="40"/>
<target m_id="30"/>
</TLINK>
<TLINK comment="" r_id="115471" reltype="IS_INCLUDED" signalID="">
<source m_id="33"/>
<target m_id="34"/>
</TLINK>
<HAS_PARTICIPANT comment="" r_id="153205" sem_role="Arg1" sem_role_framework="PROPBANK">
<source m_id="17"/>
<target m_id="60"/>
</HAS_PARTICIPANT>
<GLINK comment="" r_id="153207">
<source m_id="62"/>
<target m_id="18"/>
</GLINK>
<HAS_PARTICIPANT comment="" r_id="153208" sem_role="Arg1" sem_role_framework="PROPBANK">
<source m_id="62"/>
<target m_id="61"/>
</HAS_PARTICIPANT>
<GLINK comment="" r_id="153214">
<source m_id="23"/>
<target m_id="64"/>
</GLINK>
<HAS_PARTICIPANT comment="" r_id="242863" sem_role="Arg0" sem_role_framework="PROPBANK">
<source m_id="71"/>
<target m_id="67"/>
</HAS_PARTICIPANT>
<HAS_PARTICIPANT comment="" r_id="242864" sem_role="Arg1" sem_role_framework="PROPBANK">
<source m_id="71"/>
<target m_id="69"/>
</HAS_PARTICIPANT>







































<REFERS_TO r_id="242901">
<source m_id="137"/>
<target m_id="199"/>
</REFERS_TO>
<REFERS_TO r_id="242902">
<source m_id="133"/>
<source m_id="149"/>
<target m_id="198"/>
</REFERS_TO>
<REFERS_TO r_id="242903">
<source m_id="9"/>
<source m_id="8"/>
<target m_id="195"/>
</REFERS_TO>
<REFERS_TO r_id="242904">
<source m_id="91"/>
<source m_id="144"/>
<source m_id="146"/>
<target m_id="194"/>
</REFERS_TO>
<REFERS_TO r_id="242905">
<source m_id="10"/>
<target m_id="197"/>
</REFERS_TO>
<REFERS_TO r_id="242906">
<source m_id="17"/>
<source m_id="71"/>
<target m_id="196"/>
</REFERS_TO>
<REFERS_TO r_id="242907">
<source m_id="134"/>
<target m_id="191"/>
</REFERS_TO>
<REFERS_TO r_id="242908">
<source m_id="112"/>
<target m_id="190"/>
</REFERS_TO>
<REFERS_TO r_id="242909">
<source m_id="153"/>
<target m_id="193"/>
</REFERS_TO>
<REFERS_TO r_id="242910">
<source m_id="143"/>
<target m_id="192"/>
</REFERS_TO>
<REFERS_TO r_id="242911">
<source m_id="155"/>
<target m_id="179"/>
</REFERS_TO>
<REFERS_TO r_id="242912">
<source m_id="87"/>
<source m_id="105"/>
<source m_id="15"/>
<source m_id="132"/>
<source m_id="135"/>
<source m_id="5"/>
<source m_id="148"/>
<source m_id="16"/>
<source m_id="67"/>
<target m_id="178"/>
</REFERS_TO>
<REFERS_TO r_id="242913">
<source m_id="122"/>
<target m_id="177"/>
</REFERS_TO>
<REFERS_TO r_id="242914">
<source m_id="27"/>
<source m_id="70"/>
<source m_id="12"/>
<source m_id="13"/>
<target m_id="176"/>
</REFERS_TO>
<REFERS_TO r_id="242915">
<source m_id="6"/>
<source m_id="7"/>
<source m_id="68"/>
<source m_id="38"/>
<source m_id="28"/>
<source m_id="26"/>
<source m_id="21"/>
<source m_id="25"/>
<source m_id="11"/>
<target m_id="175"/>
</REFERS_TO>
<REFERS_TO r_id="242916">
<source m_id="126"/>
<source m_id="159"/>
<target m_id="182"/>
</REFERS_TO>
<REFERS_TO r_id="242917">
<source m_id="173"/>
<target m_id="183"/>
</REFERS_TO>
<REFERS_TO r_id="242918">
<source m_id="14"/>
<source m_id="29"/>
<target m_id="180"/>
</REFERS_TO>
<REFERS_TO r_id="242919">
<source m_id="99"/>
<source m_id="107"/>
<source m_id="118"/>
<source m_id="151"/>
<target m_id="181"/>
</REFERS_TO>
<REFERS_TO r_id="242920">
<source m_id="78"/>
<source m_id="90"/>
<source m_id="92"/>
<source m_id="93"/>
<source m_id="66"/>
<source m_id="109"/>
<source m_id="110"/>
<source m_id="4"/>
<source m_id="123"/>
<source m_id="124"/>
<source m_id="139"/>
<source m_id="141"/>
<source m_id="152"/>
<source m_id="156"/>
<source m_id="167"/>
<source m_id="170"/>
<target m_id="186"/>
</REFERS_TO>
<REFERS_TO r_id="242921">
<source m_id="116"/>
<source m_id="127"/>
<source m_id="142"/>
<source m_id="150"/>
<source m_id="160"/>
<target m_id="187"/>
</REFERS_TO>
<REFERS_TO r_id="242922">
<source m_id="147"/>
<target m_id="184"/>
</REFERS_TO>
<REFERS_TO r_id="242923">
<source m_id="130"/>
<source m_id="168"/>
<target m_id="185"/>
</REFERS_TO>
<REFERS_TO r_id="242924">
<source m_id="125"/>
<target m_id="188"/>
</REFERS_TO>
<REFERS_TO r_id="242925">
<source m_id="37"/>
<source m_id="39"/>
<source m_id="36"/>
<target m_id="189"/>
</REFERS_TO>
<REFERS_TO r_id="242926">
<source m_id="117"/>
<target m_id="201"/>
</REFERS_TO>
<REFERS_TO r_id="242927">
<source m_id="20"/>
<target m_id="200"/>
</REFERS_TO>
<REFERS_TO r_id="242928">
<source m_id="3"/>
<source m_id="83"/>
<source m_id="84"/>
<source m_id="85"/>
<source m_id="65"/>
<source m_id="96"/>
<source m_id="106"/>
<source m_id="2"/>
<source m_id="113"/>
<source m_id="114"/>
<source m_id="115"/>
<source m_id="157"/>
<source m_id="161"/>
<source m_id="162"/>
<source m_id="1"/>
<source m_id="165"/>
<source m_id="172"/>
<source m_id="174"/>
<target m_id="203"/>
</REFERS_TO>
<REFERS_TO r_id="242929">
<source m_id="69"/>
<source m_id="61"/>
<source m_id="60"/>
<target m_id="202"/>
</REFERS_TO>
<REFERS_TO r_id="242930">
<source m_id="120"/>
<target m_id="205"/>
</REFERS_TO>
<REFERS_TO r_id="242931">
<source m_id="79"/>
<target m_id="204"/>
</REFERS_TO>
<REFERS_TO r_id="242932">
<source m_id="72"/>
<target m_id="73"/>
</REFERS_TO>
<REFERS_TO r_id="242933">
<source m_id="22"/>
<source m_id="23"/>
<source m_id="31"/>
<source m_id="62"/>
<source m_id="64"/>
<target m_id="58"/>
</REFERS_TO>
<REFERS_TO r_id="242934">
<source m_id="24"/>
<target m_id="55"/>
</REFERS_TO>
<REFERS_TO r_id="242935">
<source m_id="30"/>
<target m_id="54"/>
</REFERS_TO>
<REFERS_TO r_id="242936">
<source m_id="18"/>
<target m_id="57"/>
</REFERS_TO>
<REFERS_TO r_id="242937">
<source m_id="19"/>
<target m_id="56"/>
</REFERS_TO>
<REFERS_TO r_id="242938">
<source m_id="40"/>
<target m_id="51"/>
</REFERS_TO>
<REFERS_TO r_id="242939">
<source m_id="32"/>
<target m_id="53"/>
</REFERS_TO>
<REFERS_TO r_id="242940">
<source m_id="33"/>
<target m_id="52"/>
</REFERS_TO>
</Relations>
</Document>