<?xml version="1.0" ?><Document doc_id="124043" doc_name="124043_General_Motors_automobile_sales_plunge_by_45%" lang="en" url="http://en.wikinews.org/wiki/General_Motors_automobile_sales_plunge_by_45%">
<token number="0" sentence="0" t_id="1">General</token>
<token number="1" sentence="0" t_id="2">Motors</token>
<token number="2" sentence="0" t_id="3">automobile</token>
<token number="3" sentence="0" t_id="4">sales</token>
<token number="4" sentence="0" t_id="5">plunge</token>
<token number="5" sentence="0" t_id="6">by</token>
<token number="6" sentence="0" t_id="7">45</token>
<token number="7" sentence="0" t_id="8">%</token>
<token number="8" sentence="1" t_id="9">April</token>
<token number="9" sentence="1" t_id="10">01</token>
<token number="10" sentence="1" t_id="11">,</token>
<token number="11" sentence="1" t_id="12">2009</token>
<token number="12" sentence="2" t_id="13">General</token>
<token number="13" sentence="2" t_id="14">Motors</token>
<token number="14" sentence="2" t_id="15">Corporation</token>
<token number="15" sentence="2" t_id="16">(</token>
<token number="16" sentence="2" t_id="17">GM</token>
<token number="17" sentence="2" t_id="18">)</token>
<token number="18" sentence="2" t_id="19">announced</token>
<token number="19" sentence="2" t_id="20">on</token>
<token number="20" sentence="2" t_id="21">Wednesday</token>
<token number="21" sentence="2" t_id="22">that</token>
<token number="22" sentence="2" t_id="23">it</token>
<token number="23" sentence="2" t_id="24">saw</token>
<token number="24" sentence="2" t_id="25">a</token>
<token number="25" sentence="2" t_id="26">45</token>
<token number="26" sentence="2" t_id="27">%</token>
<token number="27" sentence="2" t_id="28">drop</token>
<token number="28" sentence="2" t_id="29">in</token>
<token number="29" sentence="2" t_id="30">United</token>
<token number="30" sentence="2" t_id="31">States</token>
<token number="31" sentence="2" t_id="32">vehicle</token>
<token number="32" sentence="2" t_id="33">sales</token>
<token number="33" sentence="2" t_id="34">for</token>
<token number="34" sentence="2" t_id="35">its</token>
<token number="35" sentence="2" t_id="36">cars</token>
<token number="36" sentence="2" t_id="37">in</token>
<token number="37" sentence="2" t_id="38">March</token>
<token number="38" sentence="2" t_id="39">.</token>
<token number="39" sentence="3" t_id="40">Executives</token>
<token number="40" sentence="3" t_id="41">from</token>
<token number="41" sentence="3" t_id="42">several</token>
<token number="42" sentence="3" t_id="43">auto</token>
<token number="43" sentence="3" t_id="44">firms</token>
<token number="44" sentence="3" t_id="45">,</token>
<token number="45" sentence="3" t_id="46">however</token>
<token number="46" sentence="3" t_id="47">,</token>
<token number="47" sentence="3" t_id="48">said</token>
<token number="48" sentence="3" t_id="49">that</token>
<token number="49" sentence="3" t_id="50">there</token>
<token number="50" sentence="3" t_id="51">was</token>
<token number="51" sentence="3" t_id="52">some</token>
<token number="52" sentence="3" t_id="53">hope</token>
<token number="53" sentence="3" t_id="54">for</token>
<token number="54" sentence="3" t_id="55">the</token>
<token number="55" sentence="3" t_id="56">auto</token>
<token number="56" sentence="3" t_id="57">industry</token>
<token number="57" sentence="3" t_id="58">to</token>
<token number="58" sentence="3" t_id="59">stabilise</token>
<token number="59" sentence="3" t_id="60">,</token>
<token number="60" sentence="3" t_id="61">as</token>
<token number="61" sentence="3" t_id="62">car</token>
<token number="62" sentence="3" t_id="63">sales</token>
<token number="63" sentence="3" t_id="64">rebounded</token>
<token number="64" sentence="3" t_id="65">in</token>
<token number="65" sentence="3" t_id="66">the</token>
<token number="66" sentence="3" t_id="67">last</token>
<token number="67" sentence="3" t_id="68">week</token>
<token number="68" sentence="3" t_id="69">of</token>
<token number="69" sentence="3" t_id="70">March</token>
<token number="70" sentence="3" t_id="71">.</token>
<token number="71" sentence="4" t_id="72">``</token>
<token number="72" sentence="4" t_id="73">The</token>
<token number="73" sentence="4" t_id="74">market</token>
<token number="74" sentence="4" t_id="75">is</token>
<token number="75" sentence="4" t_id="76">starting</token>
<token number="76" sentence="4" t_id="77">to</token>
<token number="77" sentence="4" t_id="78">show</token>
<token number="78" sentence="4" t_id="79">small</token>
<token number="79" sentence="4" t_id="80">signs</token>
<token number="80" sentence="4" t_id="81">of</token>
<token number="81" sentence="4" t_id="82">life</token>
<token number="82" sentence="4" t_id="83">which</token>
<token number="83" sentence="4" t_id="84">need</token>
<token number="84" sentence="4" t_id="85">to</token>
<token number="85" sentence="4" t_id="86">be</token>
<token number="86" sentence="4" t_id="87">nourished</token>
<token number="87" sentence="4" t_id="88">like</token>
<token number="88" sentence="4" t_id="89">seedlings</token>
<token number="89" sentence="4" t_id="90">,</token>
<token number="90" sentence="4" t_id="91">''</token>
<token number="91" sentence="4" t_id="92">said</token>
<token number="92" sentence="4" t_id="93">the</token>
<token number="93" sentence="4" t_id="94">vice</token>
<token number="94" sentence="4" t_id="95">president</token>
<token number="95" sentence="4" t_id="96">and</token>
<token number="96" sentence="4" t_id="97">chairman</token>
<token number="97" sentence="4" t_id="98">of</token>
<token number="98" sentence="4" t_id="99">Chrysler</token>
<token number="99" sentence="4" t_id="100">LLC</token>
<token number="100" sentence="4" t_id="101">Jim</token>
<token number="101" sentence="4" t_id="102">Press</token>
<token number="102" sentence="4" t_id="103">.</token>
<token number="103" sentence="5" t_id="104">``</token>
<token number="104" sentence="5" t_id="105">It</token>
<token number="105" sentence="5" t_id="106">'s</token>
<token number="106" sentence="5" t_id="107">too</token>
<token number="107" sentence="5" t_id="108">early</token>
<token number="108" sentence="5" t_id="109">to</token>
<token number="109" sentence="5" t_id="110">see</token>
<token number="110" sentence="5" t_id="111">a</token>
<token number="111" sentence="5" t_id="112">trend</token>
<token number="112" sentence="5" t_id="113">,</token>
<token number="113" sentence="5" t_id="114">but</token>
<token number="114" sentence="5" t_id="115">spring</token>
<token number="115" sentence="5" t_id="116">shows</token>
<token number="116" sentence="5" t_id="117">signs</token>
<token number="117" sentence="5" t_id="118">of</token>
<token number="118" sentence="5" t_id="119">hope</token>
<token number="119" sentence="5" t_id="120">.</token>
<token number="120" sentence="5" t_id="121">''</token>
<token number="121" sentence="6" t_id="122">Other</token>
<token number="122" sentence="6" t_id="123">automobile</token>
<token number="123" sentence="6" t_id="124">manufacturers</token>
<token number="124" sentence="6" t_id="125">also</token>
<token number="125" sentence="6" t_id="126">saw</token>
<token number="126" sentence="6" t_id="127">their</token>
<token number="127" sentence="6" t_id="128">car</token>
<token number="128" sentence="6" t_id="129">sales</token>
<token number="129" sentence="6" t_id="130">slip</token>
<token number="130" sentence="6" t_id="131">:</token>
<token number="131" sentence="6" t_id="132">Chrysler</token>
<token number="132" sentence="6" t_id="133">and</token>
<token number="133" sentence="6" t_id="134">the</token>
<token number="134" sentence="6" t_id="135">Japanese</token>
<token number="135" sentence="6" t_id="136">Toyota</token>
<token number="136" sentence="6" t_id="137">both</token>
<token number="137" sentence="6" t_id="138">reported</token>
<token number="138" sentence="6" t_id="139">a</token>
<token number="139" sentence="6" t_id="140">39</token>
<token number="140" sentence="6" t_id="141">%</token>
<token number="141" sentence="6" t_id="142">loss</token>
<token number="142" sentence="6" t_id="143">,</token>
<token number="143" sentence="6" t_id="144">whilst</token>
<token number="144" sentence="6" t_id="145">Ford</token>
<token number="145" sentence="6" t_id="146">Motor</token>
<token number="146" sentence="6" t_id="147">Company</token>
<token number="147" sentence="6" t_id="148">sales</token>
<token number="148" sentence="6" t_id="149">fell</token>
<token number="149" sentence="6" t_id="150">41</token>
<token number="150" sentence="6" t_id="151">%</token>
<token number="151" sentence="6" t_id="152">.</token>
<token number="152" sentence="7" t_id="153">Annualised</token>
<token number="153" sentence="7" t_id="154">sales</token>
<token number="154" sentence="7" t_id="155">of</token>
<token number="155" sentence="7" t_id="156">vehicles</token>
<token number="156" sentence="7" t_id="157">in</token>
<token number="157" sentence="7" t_id="158">the</token>
<token number="158" sentence="7" t_id="159">car</token>
<token number="159" sentence="7" t_id="160">industry</token>
<token number="160" sentence="7" t_id="161">in</token>
<token number="161" sentence="7" t_id="162">the</token>
<token number="162" sentence="7" t_id="163">US</token>
<token number="163" sentence="7" t_id="164">are</token>
<token number="164" sentence="7" t_id="165">predicted</token>
<token number="165" sentence="7" t_id="166">to</token>
<token number="166" sentence="7" t_id="167">have</token>
<token number="167" sentence="7" t_id="168">dipped</token>
<token number="168" sentence="7" t_id="169">below</token>
<token number="169" sentence="7" t_id="170">nine</token>
<token number="170" sentence="7" t_id="171">million</token>
<token number="171" sentence="7" t_id="172">in</token>
<token number="172" sentence="7" t_id="173">March</token>
<token number="173" sentence="7" t_id="174">,</token>
<token number="174" sentence="7" t_id="175">compared</token>
<token number="175" sentence="7" t_id="176">to</token>
<token number="176" sentence="7" t_id="177">February</token>
<token number="177" sentence="7" t_id="178">'s</token>
<token number="178" sentence="7" t_id="179">9.12</token>
<token number="179" sentence="7" t_id="180">million</token>
<token number="180" sentence="7" t_id="181">,</token>
<token number="181" sentence="7" t_id="182">which</token>
<token number="182" sentence="7" t_id="183">was</token>
<token number="183" sentence="7" t_id="184">the</token>
<token number="184" sentence="7" t_id="185">lowest</token>
<token number="185" sentence="7" t_id="186">number</token>
<token number="186" sentence="7" t_id="187">since</token>
<token number="187" sentence="7" t_id="188">1981</token>
<token number="188" sentence="7" t_id="189">.</token>
<token number="189" sentence="8" t_id="190">``</token>
<token number="190" sentence="8" t_id="191">Auto</token>
<token number="191" sentence="8" t_id="192">makers</token>
<token number="192" sentence="8" t_id="193">are</token>
<token number="193" sentence="8" t_id="194">pulling</token>
<token number="194" sentence="8" t_id="195">every</token>
<token number="195" sentence="8" t_id="196">lever</token>
<token number="196" sentence="8" t_id="197">in</token>
<token number="197" sentence="8" t_id="198">their</token>
<token number="198" sentence="8" t_id="199">effort</token>
<token number="199" sentence="8" t_id="200">to</token>
<token number="200" sentence="8" t_id="201">attract</token>
<token number="201" sentence="8" t_id="202">buyers</token>
<token number="202" sentence="8" t_id="203">,</token>
<token number="203" sentence="8" t_id="204">as</token>
<token number="204" sentence="8" t_id="205">evidenced</token>
<token number="205" sentence="8" t_id="206">by</token>
<token number="206" sentence="8" t_id="207">the</token>
<token number="207" sentence="8" t_id="208">new</token>
<token number="208" sentence="8" t_id="209">programs</token>
<token number="209" sentence="8" t_id="210">from</token>
<token number="210" sentence="8" t_id="211">Ford</token>
<token number="211" sentence="8" t_id="212">and</token>
<token number="212" sentence="8" t_id="213">GM</token>
<token number="213" sentence="8" t_id="214">.</token>
<token number="214" sentence="9" t_id="215">The</token>
<token number="215" sentence="9" t_id="216">typical</token>
<token number="216" sentence="9" t_id="217">incentive</token>
<token number="217" sentence="9" t_id="218">programs</token>
<token number="218" sentence="9" t_id="219">simply</token>
<token number="219" sentence="9" t_id="220">do</token>
<token number="220" sentence="9" t_id="221">not</token>
<token number="221" sentence="9" t_id="222">resonate</token>
<token number="222" sentence="9" t_id="223">in</token>
<token number="223" sentence="9" t_id="224">today</token>
<token number="224" sentence="9" t_id="225">'s</token>
<token number="225" sentence="9" t_id="226">economy</token>
<token number="226" sentence="9" t_id="227">,</token>
<token number="227" sentence="9" t_id="228">''</token>
<token number="228" sentence="9" t_id="229">Jesse</token>
<token number="229" sentence="9" t_id="230">Toprak</token>
<token number="230" sentence="9" t_id="231">,</token>
<token number="231" sentence="9" t_id="232">an</token>
<token number="232" sentence="9" t_id="233">analyst</token>
<token number="233" sentence="9" t_id="234">for</token>
<token number="234" sentence="9" t_id="235">Edmunds</token>
<token number="235" sentence="9" t_id="236">.</token>
<token number="236" sentence="10" t_id="237">Ford</token>
<token number="237" sentence="10" t_id="238">shares</token>
<token number="238" sentence="10" t_id="239">gained</token>
<token number="239" sentence="10" t_id="240">2.3</token>
<token number="240" sentence="10" t_id="241">%</token>
<token number="241" sentence="10" t_id="242">to</token>
<token number="242" sentence="10" t_id="243">a</token>
<token number="243" sentence="10" t_id="244">level</token>
<token number="244" sentence="10" t_id="245">of</token>
<token number="245" sentence="10" t_id="246">US$</token>
<token number="246" sentence="10" t_id="247">2.69</token>
<token number="247" sentence="10" t_id="248">in</token>
<token number="248" sentence="10" t_id="249">early</token>
<token number="249" sentence="10" t_id="250">trading</token>
<token number="250" sentence="10" t_id="251">at</token>
<token number="251" sentence="10" t_id="252">US</token>
<token number="252" sentence="10" t_id="253">stock</token>
<token number="253" sentence="10" t_id="254">markets</token>
<token number="254" sentence="10" t_id="255">on</token>
<token number="255" sentence="10" t_id="256">Wednesday</token>
<token number="256" sentence="10" t_id="257">,</token>
<token number="257" sentence="10" t_id="258">while</token>
<token number="258" sentence="10" t_id="259">stocks</token>
<token number="259" sentence="10" t_id="260">for</token>
<token number="260" sentence="10" t_id="261">Toyota</token>
<token number="261" sentence="10" t_id="262">'s</token>
<token number="262" sentence="10" t_id="263">US</token>
<token number="263" sentence="10" t_id="264">depository</token>
<token number="264" sentence="10" t_id="265">increased</token>
<token number="265" sentence="10" t_id="266">5.9</token>
<token number="266" sentence="10" t_id="267">%</token>
<token number="267" sentence="10" t_id="268">to</token>
<token number="268" sentence="10" t_id="269">$</token>
<token number="269" sentence="10" t_id="270">67</token>
<token number="270" sentence="10" t_id="271">.</token>
<token number="271" sentence="11" t_id="272">GM</token>
<token number="272" sentence="11" t_id="273">shares</token>
<token number="273" sentence="11" t_id="274">slipped</token>
<token number="274" sentence="11" t_id="275">1.6</token>
<token number="275" sentence="11" t_id="276">%</token>
<token number="276" sentence="11" t_id="277">down</token>
<token number="277" sentence="11" t_id="278">to</token>
<token number="278" sentence="11" t_id="279">$</token>
<token number="279" sentence="11" t_id="280">1.92</token>
<token number="280" sentence="11" t_id="281">.</token>
<Markables>
<C-SIGNAL comment="" m_id="31">
<token_anchor t_id="61"/>
</C-SIGNAL>
<ENTITY_MENTION comment="" head="" m_id="19" syntactic_type="">
<token_anchor t_id="40"/>
<token_anchor t_id="41"/>
<token_anchor t_id="42"/>
<token_anchor t_id="43"/>
<token_anchor t_id="44"/>
</ENTITY_MENTION>
<ENTITY_MENTION comment="" head="" m_id="20" syntactic_type="">
<token_anchor t_id="42"/>
<token_anchor t_id="43"/>
<token_anchor t_id="44"/>
</ENTITY_MENTION>
<ENTITY_MENTION comment="" head="" m_id="21" syntactic_type="">
<token_anchor t_id="55"/>
<token_anchor t_id="56"/>
<token_anchor t_id="57"/>
</ENTITY_MENTION>
<ENTITY_MENTION comment="" head="" m_id="22" syntactic_type="">
<token_anchor t_id="62"/>
</ENTITY_MENTION>
<ENTITY_MENTION comment="" head="" m_id="32" syntactic_type="">
<token_anchor t_id="73"/>
<token_anchor t_id="74"/>
</ENTITY_MENTION>
<ENTITY_MENTION comment="" head="" m_id="1" syntactic_type="NAM">
<token_anchor t_id="13"/>
<token_anchor t_id="14"/>
<token_anchor t_id="15"/>
</ENTITY_MENTION>
<ENTITY_MENTION comment="" head="" m_id="33" syntactic_type="">
<token_anchor t_id="89"/>
</ENTITY_MENTION>
<ENTITY_MENTION comment="" head="" m_id="2" syntactic_type="">
<token_anchor t_id="17"/>
</ENTITY_MENTION>
<ENTITY_MENTION comment="" head="" m_id="34" syntactic_type="NAM">
<token_anchor t_id="93"/>
<token_anchor t_id="94"/>
<token_anchor t_id="95"/>
<token_anchor t_id="96"/>
<token_anchor t_id="97"/>
<token_anchor t_id="98"/>
<token_anchor t_id="99"/>
<token_anchor t_id="100"/>
<token_anchor t_id="101"/>
<token_anchor t_id="102"/>
</ENTITY_MENTION>
<ENTITY_MENTION comment="" head="" m_id="3" syntactic_type="NAM">
<token_anchor t_id="13"/>
<token_anchor t_id="14"/>
<token_anchor t_id="15"/>
<token_anchor t_id="16"/>
<token_anchor t_id="17"/>
</ENTITY_MENTION>
<ENTITY_MENTION comment="" head="" m_id="35" syntactic_type="NAM">
<token_anchor t_id="99"/>
<token_anchor t_id="100"/>
</ENTITY_MENTION>
<ENTITY_MENTION comment="" head="" m_id="4" syntactic_type="">
<token_anchor t_id="23"/>
</ENTITY_MENTION>
<ENTITY_MENTION comment="" head="" m_id="5" syntactic_type="">
<token_anchor t_id="35"/>
</ENTITY_MENTION>
<ENTITY_MENTION comment="" head="" m_id="6" syntactic_type="">
<token_anchor t_id="35"/>
<token_anchor t_id="36"/>
</ENTITY_MENTION>
<ENTITY_MENTION comment="" head="" m_id="7" syntactic_type="">
<token_anchor t_id="32"/>
</ENTITY_MENTION>
<ENTITY_MENTION comment="" head="" m_id="8" syntactic_type="NAM">
<token_anchor t_id="30"/>
<token_anchor t_id="31"/>
</ENTITY_MENTION>
<ENTITY_MENTION comment="" head="" m_id="55" syntactic_type="NAM">
<token_anchor t_id="93"/>
<token_anchor t_id="94"/>
<token_anchor t_id="95"/>
<token_anchor t_id="96"/>
<token_anchor t_id="97"/>
<token_anchor t_id="98"/>
<token_anchor t_id="99"/>
<token_anchor t_id="100"/>
</ENTITY_MENTION>
<ENTITY_MENTION comment="" head="" m_id="56" syntactic_type="NAM">
<token_anchor t_id="101"/>
<token_anchor t_id="102"/>
</ENTITY_MENTION>
<ENTITY_MENTION comment="" head="" m_id="70" syntactic_type="NAM">
<token_anchor t_id="1"/>
<token_anchor t_id="2"/>
</ENTITY_MENTION>
<ENTITY_MENTION comment="" head="" m_id="71" syntactic_type="">
<token_anchor t_id="3"/>
</ENTITY_MENTION>
<EVENT_MENTION aspect="NONE" certainty="CERTAIN" comment="" m_id="73" modality="" polarity="POS" pos="VERB" pred="" special_cases="NONE" tense="PRESENT" time="NON_FUTURE">
<token_anchor t_id="5"/>
</EVENT_MENTION>
<EVENT_MENTION aspect="NONE" certainty="CERTAIN" comment="" m_id="23" modality="" polarity="POS" pos="VERB" pred="" special_cases="NONE" tense="PAST" time="NON_FUTURE">
<token_anchor t_id="48"/>
</EVENT_MENTION>
<EVENT_MENTION aspect="NONE" certainty="CERTAIN" comment="" m_id="24" modality="" polarity="POS" pos="VERB" pred="" special_cases="NONE" tense="PAST" time="NON_FUTURE">
<token_anchor t_id="51"/>
</EVENT_MENTION>
<EVENT_MENTION aspect="NONE" certainty="CERTAIN" comment="" m_id="25" modality="" polarity="POS" pos="NOUN" pred="" special_cases="NONE" tense="NONE" time="FUTURE">
<token_anchor t_id="53"/>
</EVENT_MENTION>
<EVENT_MENTION aspect="NONE" certainty="PROBABLE" comment="" m_id="26" modality="" polarity="UNDERSPECIFIED" pos="VERB" pred="" special_cases="NONE" tense="INFINITIVE" time="FUTURE">
<token_anchor t_id="59"/>
</EVENT_MENTION>
<EVENT_MENTION aspect="NONE" certainty="CERTAIN" comment="" m_id="27" modality="" polarity="POS" pos="VERB" pred="" special_cases="NONE" tense="PAST" time="NON_FUTURE">
<token_anchor t_id="64"/>
</EVENT_MENTION>
<EVENT_MENTION aspect="NONE" certainty="CERTAIN" comment="" m_id="28" modality="" polarity="POS" pos="NOUN" pred="" special_cases="NONE" tense="NONE" time="NON_FUTURE">
<token_anchor t_id="63"/>
</EVENT_MENTION>
<EVENT_MENTION aspect="PROGRESSIVE" certainty="CERTAIN" comment="" m_id="36" modality="" polarity="POS" pos="VERB" pred="" special_cases="NONE" tense="PRESENT" time="NON_FUTURE">
<token_anchor t_id="76"/>
</EVENT_MENTION>
<EVENT_MENTION aspect="NONE" certainty="CERTAIN" comment="" m_id="37" modality="" polarity="POS" pos="VERB" pred="" special_cases="NONE" tense="INFINITIVE" time="NON_FUTURE">
<token_anchor t_id="78"/>
</EVENT_MENTION>
<EVENT_MENTION aspect="NONE" certainty="CERTAIN" comment="" m_id="38" modality="" polarity="POS" pos="VERB" pred="" special_cases="NONE" tense="PRESENT" time="NON_FUTURE">
<token_anchor t_id="87"/>
</EVENT_MENTION>
<EVENT_MENTION aspect="NONE" certainty="CERTAIN" comment="" m_id="39" modality="" polarity="POS" pos="VERB" pred="" special_cases="NONE" tense="PAST" time="NON_FUTURE">
<token_anchor t_id="92"/>
</EVENT_MENTION>
<EVENT_MENTION aspect="NONE" certainty="CERTAIN" comment="" m_id="40" modality="" polarity="POS" pos="VERB" pred="" special_cases="NONE" tense="PRESENT" time="NON_FUTURE">
<token_anchor t_id="106"/>
</EVENT_MENTION>
<EVENT_MENTION aspect="NONE" certainty="UNDERSPECIFIED" comment="" m_id="41" modality="" polarity="UNDERSPECIFIED" pos="VERB" pred="" special_cases="NONE" tense="INFINITIVE" time="NON_FUTURE">
<token_anchor t_id="110"/>
</EVENT_MENTION>
<EVENT_MENTION aspect="NONE" certainty="CERTAIN" comment="" m_id="9" modality="" polarity="POS" pos="VERB" pred="" special_cases="NONE" tense="PAST" time="NON_FUTURE">
<token_anchor t_id="19"/>
</EVENT_MENTION>
<EVENT_MENTION aspect="NONE" certainty="UNDERSPECIFIED" comment="" m_id="42" modality="" polarity="UNDERSPECIFIED" pos="NOUN" pred="" special_cases="NONE" tense="NONE" time="FUTURE">
<token_anchor t_id="112"/>
</EVENT_MENTION>
<EVENT_MENTION aspect="NONE" certainty="CERTAIN" comment="" m_id="10" modality="" polarity="POS" pos="VERB" pred="" special_cases="NONE" tense="PAST" time="NON_FUTURE">
<token_anchor t_id="24"/>
</EVENT_MENTION>
<EVENT_MENTION aspect="NONE" certainty="CERTAIN" comment="" m_id="43" modality="" polarity="POS" pos="VERB" pred="" special_cases="NONE" tense="PRESENT" time="NON_FUTURE">
<token_anchor t_id="116"/>
</EVENT_MENTION>
<EVENT_MENTION aspect="NONE" certainty="CERTAIN" comment="" m_id="11" modality="" polarity="POS" pos="NOUN" pred="" special_cases="NONE" tense="NONE" time="NON_FUTURE">
<token_anchor t_id="28"/>
</EVENT_MENTION>
<EVENT_MENTION aspect="NONE" certainty="CERTAIN" comment="" m_id="44" modality="" polarity="POS" pos="NOUN" pred="" special_cases="NONE" tense="NONE" time="NON_FUTURE">
<token_anchor t_id="119"/>
</EVENT_MENTION>
<EVENT_MENTION aspect="NONE" certainty="CERTAIN" comment="" m_id="12" modality="" polarity="POS" pos="NOUN" pred="" special_cases="NONE" tense="NONE" time="NON_FUTURE">
<token_anchor t_id="33"/>
</EVENT_MENTION>
<EVENT_MENTION aspect="NONE" certainty="CERTAIN" comment="" m_id="72" modality="" polarity="POS" pos="NOUN" pred="" special_cases="NONE" tense="NONE" time="NON_FUTURE">
<token_anchor t_id="4"/>
</EVENT_MENTION>
<SIGNAL comment="" m_id="30">
<token_anchor t_id="65"/>
</SIGNAL>
<SIGNAL comment="" m_id="16">
<token_anchor t_id="20"/>
</SIGNAL>
<SIGNAL comment="" m_id="17">
<token_anchor t_id="37"/>
</SIGNAL>
<TIMEX3 anchorTimeID="14" beginPoint="" comment="" endPoint="" functionInDocument="NONE" m_id="29" type="DATE" value="2009-W13">
<token_anchor t_id="66"/>
<token_anchor t_id="67"/>
<token_anchor t_id="68"/>
<token_anchor t_id="69"/>
<token_anchor t_id="70"/>
</TIMEX3>
<TIMEX3 anchorTimeID="14" beginPoint="" comment="" endPoint="" functionInDocument="NONE" m_id="45" type="DATE" value="2009-SP">
<token_anchor t_id="115"/>
</TIMEX3>
<TIMEX3 anchorTimeID="14" beginPoint="" comment="" endPoint="" functionInDocument="NONE" m_id="13" type="DATE" value="2009-04-01">
<token_anchor t_id="21"/>
</TIMEX3>
<TIMEX3 anchorTimeID="" beginPoint="" comment="" endPoint="" functionInDocument="CREATION_TIME" m_id="14" type="DATE" value="2009-04-01">
<token_anchor t_id="9"/>
<token_anchor t_id="10"/>
<token_anchor t_id="11"/>
<token_anchor t_id="12"/>
</TIMEX3>
<TIMEX3 anchorTimeID="14" beginPoint="" comment="" endPoint="" functionInDocument="NONE" m_id="15" type="DATE" value="2009-03">
<token_anchor t_id="38"/>
</TIMEX3>
<VALUE comment="" m_id="74" type="PERCENT">
<token_anchor t_id="7"/>
<token_anchor t_id="8"/>
</VALUE>
<VALUE comment="" m_id="18" type="PERCENT">
<token_anchor t_id="26"/>
<token_anchor t_id="27"/>
</VALUE>
<EVENT_MENTION m_id="79">
  <token_anchor t_id="138"/>
</EVENT_MENTION>
<EVENT_MENTION m_id="97">
  <token_anchor t_id="148"/>
</EVENT_MENTION>
<EVENT_MENTION m_id="113">
  <token_anchor t_id="142"/>
</EVENT_MENTION>
<ENTITY_MENTION m_id="75">
  <token_anchor t_id="211"/>
</ENTITY_MENTION>
<ENTITY_MENTION m_id="76">
  <token_anchor t_id="132"/>
</ENTITY_MENTION>
<ENTITY_MENTION m_id="78">
  <token_anchor t_id="261"/>
</ENTITY_MENTION>
<ENTITY_MENTION m_id="82">
  <token_anchor t_id="56"/>
</ENTITY_MENTION>
<ENTITY_MENTION m_id="83">
  <token_anchor t_id="213"/>
</ENTITY_MENTION>
<ENTITY_MENTION m_id="86">
  <token_anchor t_id="36"/>
</ENTITY_MENTION>
<ENTITY_MENTION m_id="88">
  <token_anchor t_id="159"/>
</ENTITY_MENTION>
<ENTITY_MENTION m_id="90">
  <token_anchor t_id="191"/>
</ENTITY_MENTION>
<ENTITY_MENTION m_id="91">
  <token_anchor t_id="156"/>
</ENTITY_MENTION>
<ENTITY_MENTION m_id="93">
  <token_anchor t_id="43"/>
</ENTITY_MENTION>
<ENTITY_MENTION m_id="99">
  <token_anchor t_id="123"/>
</ENTITY_MENTION>
<ENTITY_MENTION m_id="103">
  <token_anchor t_id="145"/>
  <token_anchor t_id="146"/>
  <token_anchor t_id="147"/>
</ENTITY_MENTION>
<ENTITY_MENTION m_id="104">
  <token_anchor t_id="134"/>
  <token_anchor t_id="135"/>
  <token_anchor t_id="136"/>
</ENTITY_MENTION>
<ENTITY_MENTION m_id="105">
  <token_anchor t_id="272"/>
</ENTITY_MENTION>
<ENTITY_MENTION m_id="116">
  <token_anchor t_id="237"/>
</ENTITY_MENTION>
<EVENT TAG_DESCRIPTOR="show" class="OTHER" comment="" external_ref="" m_id="59"/><EVENT TAG_DESCRIPTOR="nourish" class="OTHER" comment="" external_ref="" m_id="58"/>
<EVENT TAG_DESCRIPTOR="Sale-EHU" class="OTHER" instance_id="OTH39742367516610897" m_id="135"/><EVENT TAG_DESCRIPTOR="trend" class="OTHER" comment="" external_ref="" m_id="57"/>
<EVENT TAG_DESCRIPTOR="Say-EHU" class="SPEECH_COGNITIVE" instance_id="SPE39130194160263522" m_id="128"/><EVENT TAG_DESCRIPTOR="Sale-EGU" class="OTHER" instance_id="OTH39841060305428277" m_id="124"/>
<EVENT TAG_DESCRIPTOR="Announce-EHU" class="SPEECH_COGNITIVE" instance_id="SPE39840963002673945" m_id="123"/><EVENT TAG_DESCRIPTOR="Loss-EHU" class="OTHER" instance_id="OTH41388818090202243" m_id="119"/>
<EVENT TAG_DESCRIPTOR="See-EHU" class="OTHER" instance_id="OTH40538686345765985" m_id="118"/><EVENT TAG_DESCRIPTOR="Report-EHU" class="SPEECH_COGNITIVE" instance_id="SPE40522677372702195" m_id="117"/>
<EVENT TAG_DESCRIPTOR="see" class="OTHER" comment="" external_ref="" m_id="68"/><EVENT TAG_DESCRIPTOR="drop" class="GRAMMATICAL" comment="" external_ref="" m_id="67"/>
<EVENT TAG_DESCRIPTOR="sale" class="OTHER" comment="" external_ref="" m_id="66"/><EVENT TAG_DESCRIPTOR="say" class="SPEECH_COGNITIVE" comment="" external_ref="" m_id="65"/>
<EVENT TAG_DESCRIPTOR="be" class="GRAMMATICAL" comment="" external_ref="" m_id="64"/><EVENT TAG_DESCRIPTOR="hope" class="SPEECH_COGNITIVE" comment="" external_ref="" m_id="63"/>
<EVENT TAG_DESCRIPTOR="stabilise" class="OTHER" comment="" external_ref="" m_id="62"/><EVENT TAG_DESCRIPTOR="rebound" class="GRAMMATICAL" comment="" external_ref="" m_id="61"/>
<EVENT TAG_DESCRIPTOR="start" class="GRAMMATICAL" comment="" external_ref="" m_id="60"/><ENTITY TAG_DESCRIPTOR="car market" ent_type="FIN" instance_id="FIN45386698819339360" m_id="134"/>
<ENTITY TAG_DESCRIPTOR="General Motors" ent_type="ORG" external_ref="http://dbpedia.org/resource/General_Motors" instance_id="ORG37406424148086837" m_id="133"/><ENTITY TAG_DESCRIPTOR="American auto industry" ent_type="FIN" instance_id="FIN47037936525092512" m_id="132"/>
<ENTITY TAG_DESCRIPTOR="Executives from several auto firms" ent_type="PER" instance_id="PER45386330099442061" m_id="131"/><ENTITY TAG_DESCRIPTOR="Chrysler" ent_type="ORG" external_ref="http://dbpedia.org/resource/Chrysler" instance_id="ORG37406423422624299" m_id="130"/>
<ENTITY TAG_DESCRIPTOR="Toyota" ent_type="ORG" external_ref="http://dbpedia.org/resource/Toyota" instance_id="ORG37406424004775673" m_id="129"/><ENTITY TAG_DESCRIPTOR="Ford" ent_type="ORG" external_ref="http://dbpedia.org/resource/Ford_Motor_Company" instance_id="ORG37406423869806668" m_id="127"/>
<ENTITY TAG_DESCRIPTOR="automobile" ent_type="PRO" instance_id="PRO37402535305680047" m_id="126"/><ENTITY TAG_DESCRIPTOR="Jim Press" ent_type="PER" external_ref="http://dbpedia.org/resource/Jim_Press" instance_id="PER37406424553414514" m_id="125"/>
<ENTITY TAG_DESCRIPTOR="seedlings" ent_type="PRO" instance_id="PRO45386259472743628" m_id="122"/><ENTITY TAG_DESCRIPTOR="auto firms" ent_type="ORG" instance_id="ORG47032161342490063" m_id="121"/>
<ENTITY TAG_DESCRIPTOR="United States of America " ent_type="LOC" external_ref="http://dbpedia.org/resource/United_States" instance_id="LOC27735327659249054" m_id="120"/></Markables>
<Relations>
<HAS_PARTICIPANT comment="" r_id="115601" sem_role="Arg0" sem_role_framework="PROPBANK">
<source m_id="9"/>
<target m_id="3"/>
</HAS_PARTICIPANT>
<HAS_PARTICIPANT comment="" r_id="115602" sem_role="Arg0" sem_role_framework="PROPBANK">
<source m_id="10"/>
<target m_id="4"/>
</HAS_PARTICIPANT>
<HAS_PARTICIPANT comment="" r_id="115603" sem_role="Arg2" sem_role_framework="PROPBANK">
<source m_id="11"/>
<target m_id="18"/>
</HAS_PARTICIPANT>
<HAS_PARTICIPANT comment="" r_id="115604" sem_role="Arg1" sem_role_framework="PROPBANK">
<source m_id="12"/>
<target m_id="7"/>
</HAS_PARTICIPANT>
<HAS_PARTICIPANT comment="" r_id="115605" sem_role="Argm-LOC" sem_role_framework="PROPBANK">
<source m_id="12"/>
<target m_id="8"/>
</HAS_PARTICIPANT>
<HAS_PARTICIPANT comment="" r_id="115606" sem_role="Arg1" sem_role_framework="PROPBANK">
<source m_id="12"/>
<target m_id="6"/>
</HAS_PARTICIPANT>
<SLINK comment="" r_id="115607">
<source m_id="9"/>
<target m_id="10"/>
</SLINK>
<HAS_PARTICIPANT comment="" r_id="115608" sem_role="Arg0" sem_role_framework="PROPBANK">
<source m_id="23"/>
<target m_id="19"/>
</HAS_PARTICIPANT>
<HAS_PARTICIPANT comment="" r_id="115609" sem_role="Arg2" sem_role_framework="PROPBANK">
<source m_id="25"/>
<target m_id="21"/>
</HAS_PARTICIPANT>
<HAS_PARTICIPANT comment="" r_id="115610" sem_role="Arg1" sem_role_framework="PROPBANK">
<source m_id="26"/>
<target m_id="21"/>
</HAS_PARTICIPANT>
<HAS_PARTICIPANT comment="" r_id="115611" sem_role="Arg1" sem_role_framework="PROPBANK">
<source m_id="28"/>
<target m_id="22"/>
</HAS_PARTICIPANT>
<SLINK comment="" r_id="115613">
<source m_id="23"/>
<target m_id="24"/>
</SLINK>
<CLINK c-signalID="31" comment="" r_id="115614">
<source m_id="24"/>
<target m_id="27"/>
</CLINK>
<HAS_PARTICIPANT comment="" r_id="115615" sem_role="Arg0" sem_role_framework="PROPBANK">
<source m_id="36"/>
<target m_id="32"/>
</HAS_PARTICIPANT>
<HAS_PARTICIPANT comment="" r_id="115616" sem_role="Arg0" sem_role_framework="PROPBANK">
<source m_id="37"/>
<target m_id="32"/>
</HAS_PARTICIPANT>
<HAS_PARTICIPANT comment="" r_id="115617" sem_role="Argm-OTHER" sem_role_framework="PROPBANK">
<source m_id="38"/>
<target m_id="33"/>
</HAS_PARTICIPANT>
<HAS_PARTICIPANT comment="" r_id="115618" sem_role="Arg0" sem_role_framework="PROPBANK">
<source m_id="39"/>
<target m_id="34"/>
</HAS_PARTICIPANT>
<SLINK comment="" r_id="115619">
<source m_id="39"/>
<target m_id="36"/>
</SLINK>
<GLINK comment="" r_id="115620">
<source m_id="36"/>
<target m_id="37"/>
</GLINK>
<TLINK comment="" r_id="115621" reltype="BEFORE" signalID="">
<source m_id="9"/>
<target m_id="14"/>
</TLINK>
<TLINK comment="" r_id="115622" reltype="BEFORE" signalID="">
<source m_id="10"/>
<target m_id="14"/>
</TLINK>
<TLINK comment="" r_id="115623" reltype="BEFORE" signalID="">
<source m_id="23"/>
<target m_id="14"/>
</TLINK>
<TLINK comment="" r_id="115624" reltype="BEFORE" signalID="">
<source m_id="24"/>
<target m_id="14"/>
</TLINK>
<TLINK comment="" r_id="115625" reltype="BEFORE" signalID="">
<source m_id="27"/>
<target m_id="14"/>
</TLINK>
<TLINK comment="" r_id="115626" reltype="BEFORE" signalID="">
<source m_id="36"/>
<target m_id="14"/>
</TLINK>
<TLINK comment="" r_id="115628" reltype="BEFORE" signalID="">
<source m_id="39"/>
<target m_id="14"/>
</TLINK>
<TLINK comment="" r_id="115629" reltype="BEFORE" signalID="">
<source m_id="40"/>
<target m_id="14"/>
</TLINK>
<TLINK comment="" r_id="115630" reltype="BEFORE" signalID="">
<source m_id="43"/>
<target m_id="14"/>
</TLINK>
<TLINK comment="" r_id="115631" reltype="SIMULTANEOUS" signalID="">
<source m_id="9"/>
<target m_id="23"/>
</TLINK>
<TLINK comment="" r_id="115632" reltype="IDENTITY" signalID="">
<source m_id="23"/>
<target m_id="39"/>
</TLINK>
<TLINK comment="" r_id="115633" reltype="AFTER" signalID="">
<source m_id="9"/>
<target m_id="10"/>
</TLINK>
<TLINK comment="" r_id="115634" reltype="SIMULTANEOUS" signalID="">
<source m_id="23"/>
<target m_id="24"/>
</TLINK>
<TLINK comment="" r_id="115635" reltype="AFTER" signalID="">
<source m_id="24"/>
<target m_id="27"/>
</TLINK>
<TLINK comment="" r_id="115636" reltype="SIMULTANEOUS" signalID="">
<source m_id="39"/>
<target m_id="36"/>
</TLINK>
<TLINK comment="" r_id="115638" reltype="SIMULTANEOUS" signalID="">
<source m_id="39"/>
<target m_id="40"/>
</TLINK>
<TLINK comment="" r_id="115639" reltype="SIMULTANEOUS" signalID="">
<source m_id="39"/>
<target m_id="43"/>
</TLINK>
<TLINK comment="" r_id="115640" reltype="IS_INCLUDED" signalID="16">
<source m_id="9"/>
<target m_id="13"/>
</TLINK>
<TLINK comment="" r_id="115641" reltype="BEFORE" signalID="17">
<source m_id="11"/>
<target m_id="15"/>
</TLINK>
<TLINK comment="" r_id="115642" reltype="BEFORE" signalID="30">
<source m_id="27"/>
<target m_id="29"/>
</TLINK>
<TLINK comment="" r_id="115643" reltype="IS_INCLUDED" signalID="">
<source m_id="43"/>
<target m_id="45"/>
</TLINK>
<GLINK comment="" r_id="162681">
<source m_id="11"/>
<target m_id="12"/>
</GLINK>
<GLINK comment="" r_id="162682">
<source m_id="27"/>
<target m_id="28"/>
</GLINK>
<HAS_PARTICIPANT comment="" r_id="242874" sem_role="Arg1" sem_role_framework="PROPBANK">
<source m_id="72"/>
<target m_id="71"/>
</HAS_PARTICIPANT>
<HAS_PARTICIPANT comment="" r_id="242875" sem_role="Arg0" sem_role_framework="PROPBANK">
<source m_id="72"/>
<target m_id="70"/>
</HAS_PARTICIPANT>
<HAS_PARTICIPANT comment="" r_id="242876" sem_role="Arg2" sem_role_framework="PROPBANK">
<source m_id="73"/>
<target m_id="74"/>
</HAS_PARTICIPANT>































<REFERS_TO r_id="242896">
<source m_id="97"/>
<target m_id="135"/>
</REFERS_TO>
<REFERS_TO r_id="242897">
<source m_id="32"/>
<target m_id="134"/>
</REFERS_TO>
<REFERS_TO r_id="242898">
<source m_id="36"/>
<target m_id="60"/>
</REFERS_TO>
<REFERS_TO r_id="242899">
<source m_id="27"/>
<target m_id="61"/>
</REFERS_TO>
<REFERS_TO r_id="242900">
<source m_id="79"/>
<target m_id="117"/>
</REFERS_TO>
<REFERS_TO r_id="242901">
<source m_id="25"/>
<source m_id="44"/>
<target m_id="63"/>
</REFERS_TO>
<REFERS_TO r_id="242902">
<source m_id="24"/>
<source m_id="40"/>
<target m_id="64"/>
</REFERS_TO>
<REFERS_TO r_id="242903">
<source m_id="23"/>
<target m_id="65"/>
</REFERS_TO>
<REFERS_TO r_id="242904">
<source m_id="28"/>
<target m_id="66"/>
</REFERS_TO>
<REFERS_TO r_id="242905">
<source m_id="11"/>
<source m_id="73"/>
<target m_id="67"/>
</REFERS_TO>
<REFERS_TO r_id="242906">
<source m_id="41"/>
<target m_id="68"/>
</REFERS_TO>
<REFERS_TO r_id="242907">
<source m_id="113"/>
<target m_id="119"/>
</REFERS_TO>
<REFERS_TO r_id="242908">
<source m_id="10"/>
<target m_id="118"/>
</REFERS_TO>
<REFERS_TO r_id="242909">
<source m_id="8"/>
<target m_id="120"/>
</REFERS_TO>
<REFERS_TO r_id="242910">
<source m_id="20"/>
<target m_id="121"/>
</REFERS_TO>
<REFERS_TO r_id="242911">
<source m_id="33"/>
<target m_id="122"/>
</REFERS_TO>
<REFERS_TO r_id="242912">
<source m_id="9"/>
<target m_id="123"/>
</REFERS_TO>
<REFERS_TO r_id="242913">
<source m_id="12"/>
<source m_id="72"/>
<target m_id="124"/>
</REFERS_TO>
<REFERS_TO r_id="242914">
<source m_id="55"/>
<source m_id="34"/>
<source m_id="56"/>
<target m_id="125"/>
</REFERS_TO>
<REFERS_TO r_id="242915">
<source m_id="82"/>
<source m_id="86"/>
<source m_id="88"/>
<source m_id="90"/>
<source m_id="91"/>
<source m_id="93"/>
<source m_id="22"/>
<source m_id="99"/>
<source m_id="71"/>
<source m_id="7"/>
<source m_id="6"/>
<target m_id="126"/>
</REFERS_TO>
<REFERS_TO r_id="242916">
<source m_id="75"/>
<source m_id="103"/>
<source m_id="116"/>
<target m_id="127"/>
</REFERS_TO>
<REFERS_TO r_id="242917">
<source m_id="39"/>
<target m_id="128"/>
</REFERS_TO>
<REFERS_TO r_id="242918">
<source m_id="78"/>
<source m_id="104"/>
<target m_id="129"/>
</REFERS_TO>
<REFERS_TO r_id="242919">
<source m_id="83"/>
<source m_id="2"/>
<source m_id="5"/>
<source m_id="3"/>
<source m_id="4"/>
<source m_id="105"/>
<source m_id="1"/>
<source m_id="70"/>
<target m_id="133"/>
</REFERS_TO>
<REFERS_TO r_id="242920">
<source m_id="37"/>
<source m_id="43"/>
<target m_id="59"/>
</REFERS_TO>
<REFERS_TO r_id="242921">
<source m_id="38"/>
<target m_id="58"/>
</REFERS_TO>
<REFERS_TO r_id="242922">
<source m_id="21"/>
<target m_id="132"/>
</REFERS_TO>
<REFERS_TO r_id="242923">
<source m_id="42"/>
<target m_id="57"/>
</REFERS_TO>
<REFERS_TO r_id="242924">
<source m_id="26"/>
<target m_id="62"/>
</REFERS_TO>
<REFERS_TO r_id="242925">
<source m_id="19"/>
<target m_id="131"/>
</REFERS_TO>
<REFERS_TO r_id="242926">
<source m_id="76"/>
<source m_id="35"/>
<target m_id="130"/>
</REFERS_TO>
</Relations>
</Document>