<?xml version="1.0" ?><Document doc_id="125796" doc_name="125796_Chrysler_files_for_bankruptcy,_Fiat_Group_SpA_to_run_company" lang="en" url="http://en.wikinews.org/wiki/Chrysler_files_for_bankruptcy,_Fiat_Group_SpA_to_run_company">
<token number="0" sentence="0" t_id="1">Chrysler</token>
<token number="1" sentence="0" t_id="2">files</token>
<token number="2" sentence="0" t_id="3">for</token>
<token number="3" sentence="0" t_id="4">bankruptcy</token>
<token number="4" sentence="0" t_id="5">,</token>
<token number="5" sentence="0" t_id="6">Fiat</token>
<token number="6" sentence="0" t_id="7">Group</token>
<token number="7" sentence="0" t_id="8">SpA</token>
<token number="8" sentence="0" t_id="9">to</token>
<token number="9" sentence="0" t_id="10">run</token>
<token number="10" sentence="0" t_id="11">company</token>
<token number="11" sentence="1" t_id="12">May</token>
<token number="12" sentence="1" t_id="13">01</token>
<token number="13" sentence="1" t_id="14">,</token>
<token number="14" sentence="1" t_id="15">2009</token>
<token number="15" sentence="2" t_id="16">The</token>
<token number="16" sentence="2" t_id="17">American</token>
<token number="17" sentence="2" t_id="18">auto</token>
<token number="18" sentence="2" t_id="19">company</token>
<token number="19" sentence="2" t_id="20">Chrysler</token>
<token number="20" sentence="2" t_id="21">filed</token>
<token number="21" sentence="2" t_id="22">for</token>
<token number="22" sentence="2" t_id="23">bankruptcy</token>
<token number="23" sentence="2" t_id="24">Thursday</token>
<token number="24" sentence="2" t_id="25">,</token>
<token number="25" sentence="2" t_id="26">however</token>
<token number="26" sentence="2" t_id="27">a</token>
<token number="27" sentence="2" t_id="28">deal</token>
<token number="28" sentence="2" t_id="29">with</token>
<token number="29" sentence="2" t_id="30">European</token>
<token number="30" sentence="2" t_id="31">auto</token>
<token number="31" sentence="2" t_id="32">maker</token>
<token number="32" sentence="2" t_id="33">Fiat</token>
<token number="33" sentence="2" t_id="34">went</token>
<token number="34" sentence="2" t_id="35">through</token>
<token number="35" sentence="2" t_id="36">.</token>
<token number="36" sentence="3" t_id="37">The</token>
<token number="37" sentence="3" t_id="38">emerging</token>
<token number="38" sentence="3" t_id="39">Chrysler</token>
<token number="39" sentence="3" t_id="40">will</token>
<token number="40" sentence="3" t_id="41">be</token>
<token number="41" sentence="3" t_id="42">owned</token>
<token number="42" sentence="3" t_id="43">55</token>
<token number="43" sentence="3" t_id="44">percent</token>
<token number="44" sentence="3" t_id="45">by</token>
<token number="45" sentence="3" t_id="46">the</token>
<token number="46" sentence="3" t_id="47">United</token>
<token number="47" sentence="3" t_id="48">Auto</token>
<token number="48" sentence="3" t_id="49">Workers</token>
<token number="49" sentence="3" t_id="50">,</token>
<token number="50" sentence="3" t_id="51">eight</token>
<token number="51" sentence="3" t_id="52">percent</token>
<token number="52" sentence="3" t_id="53">by</token>
<token number="53" sentence="3" t_id="54">the</token>
<token number="54" sentence="3" t_id="55">United</token>
<token number="55" sentence="3" t_id="56">States</token>
<token number="56" sentence="3" t_id="57">Government</token>
<token number="57" sentence="3" t_id="58">,</token>
<token number="58" sentence="3" t_id="59">two</token>
<token number="59" sentence="3" t_id="60">percent</token>
<token number="60" sentence="3" t_id="61">by</token>
<token number="61" sentence="3" t_id="62">the</token>
<token number="62" sentence="3" t_id="63">Canadian</token>
<token number="63" sentence="3" t_id="64">Government</token>
<token number="64" sentence="3" t_id="65">and</token>
<token number="65" sentence="3" t_id="66">Fiat</token>
<token number="66" sentence="3" t_id="67">would</token>
<token number="67" sentence="3" t_id="68">begin</token>
<token number="68" sentence="3" t_id="69">with</token>
<token number="69" sentence="3" t_id="70">a</token>
<token number="70" sentence="3" t_id="71">20</token>
<token number="71" sentence="3" t_id="72">percent</token>
<token number="72" sentence="3" t_id="73">share</token>
<token number="73" sentence="3" t_id="74">.</token>
<token number="74" sentence="4" t_id="75">Chrysler</token>
<token number="75" sentence="4" t_id="76">Chief</token>
<token number="76" sentence="4" t_id="77">Executive</token>
<token number="77" sentence="4" t_id="78">Robert</token>
<token number="78" sentence="4" t_id="79">Nardelli</token>
<token number="79" sentence="4" t_id="80">will</token>
<token number="80" sentence="4" t_id="81">step</token>
<token number="81" sentence="4" t_id="82">down</token>
<token number="82" sentence="4" t_id="83">when</token>
<token number="83" sentence="4" t_id="84">the</token>
<token number="84" sentence="4" t_id="85">bankruptcy</token>
<token number="85" sentence="4" t_id="86">proceedings</token>
<token number="86" sentence="4" t_id="87">are</token>
<token number="87" sentence="4" t_id="88">finalized</token>
<token number="88" sentence="4" t_id="89">.</token>
<token number="89" sentence="5" t_id="90">Initially</token>
<token number="90" sentence="5" t_id="91">,</token>
<token number="91" sentence="5" t_id="92">the</token>
<token number="92" sentence="5" t_id="93">Italian</token>
<token number="93" sentence="5" t_id="94">company</token>
<token number="94" sentence="5" t_id="95">,</token>
<token number="95" sentence="5" t_id="96">Fiat</token>
<token number="96" sentence="5" t_id="97">,</token>
<token number="97" sentence="5" t_id="98">will</token>
<token number="98" sentence="5" t_id="99">appoint</token>
<token number="99" sentence="5" t_id="100">three</token>
<token number="100" sentence="5" t_id="101">members</token>
<token number="101" sentence="5" t_id="102">on</token>
<token number="102" sentence="5" t_id="103">the</token>
<token number="103" sentence="5" t_id="104">emerging</token>
<token number="104" sentence="5" t_id="105">Chrysler</token>
<token number="105" sentence="5" t_id="106">'s</token>
<token number="106" sentence="5" t_id="107">new</token>
<token number="107" sentence="5" t_id="108">board</token>
<token number="108" sentence="5" t_id="109">,</token>
<token number="109" sentence="5" t_id="110">and</token>
<token number="110" sentence="5" t_id="111">the</token>
<token number="111" sentence="5" t_id="112">United</token>
<token number="112" sentence="5" t_id="113">States</token>
<token number="113" sentence="5" t_id="114">government</token>
<token number="114" sentence="5" t_id="115">will</token>
<token number="115" sentence="5" t_id="116">appoint</token>
<token number="116" sentence="5" t_id="117">six</token>
<token number="117" sentence="5" t_id="118">.</token>
<token number="118" sentence="6" t_id="119">Fiat</token>
<token number="119" sentence="6" t_id="120">can</token>
<token number="120" sentence="6" t_id="121">assume</token>
<token number="121" sentence="6" t_id="122">the</token>
<token number="122" sentence="6" t_id="123">majority</token>
<token number="123" sentence="6" t_id="124">of</token>
<token number="124" sentence="6" t_id="125">the</token>
<token number="125" sentence="6" t_id="126">ownership</token>
<token number="126" sentence="6" t_id="127">upon</token>
<token number="127" sentence="6" t_id="128">repayment</token>
<token number="128" sentence="6" t_id="129">of</token>
<token number="129" sentence="6" t_id="130">American</token>
<token number="130" sentence="6" t_id="131">loans</token>
<token number="131" sentence="6" t_id="132">.</token>
<token number="132" sentence="7" t_id="133">Chrysler</token>
<token number="133" sentence="7" t_id="134">administrators</token>
<token number="134" sentence="7" t_id="135">expect</token>
<token number="135" sentence="7" t_id="136">that</token>
<token number="136" sentence="7" t_id="137">the</token>
<token number="137" sentence="7" t_id="138">bankruptcy</token>
<token number="138" sentence="7" t_id="139">should</token>
<token number="139" sentence="7" t_id="140">take</token>
<token number="140" sentence="7" t_id="141">a</token>
<token number="141" sentence="7" t_id="142">couple</token>
<token number="142" sentence="7" t_id="143">of</token>
<token number="143" sentence="7" t_id="144">months</token>
<token number="144" sentence="7" t_id="145">.</token>
<token number="145" sentence="8" t_id="146">``</token>
<token number="146" sentence="8" t_id="147">We</token>
<token number="147" sentence="8" t_id="148">expect</token>
<token number="148" sentence="8" t_id="149">this</token>
<token number="149" sentence="8" t_id="150">to</token>
<token number="150" sentence="8" t_id="151">be</token>
<token number="151" sentence="8" t_id="152">a</token>
<token number="152" sentence="8" t_id="153">very</token>
<token number="153" sentence="8" t_id="154">short</token>
<token number="154" sentence="8" t_id="155">,</token>
<token number="155" sentence="8" t_id="156">30-to-60-day</token>
<token number="156" sentence="8" t_id="157">bankruptcy</token>
<token number="157" sentence="8" t_id="158">process</token>
<token number="158" sentence="8" t_id="159">,</token>
<token number="159" sentence="8" t_id="160">during</token>
<token number="160" sentence="8" t_id="161">which</token>
<token number="161" sentence="8" t_id="162">the</token>
<token number="162" sentence="8" t_id="163">company</token>
<token number="163" sentence="8" t_id="164">will</token>
<token number="164" sentence="8" t_id="165">function</token>
<token number="165" sentence="8" t_id="166">normally</token>
<token number="166" sentence="8" t_id="167">,</token>
<token number="167" sentence="8" t_id="168">''</token>
<token number="168" sentence="8" t_id="169">a</token>
<token number="169" sentence="8" t_id="170">top</token>
<token number="170" sentence="8" t_id="171">administration</token>
<token number="171" sentence="8" t_id="172">official</token>
<token number="172" sentence="8" t_id="173">said</token>
<token number="173" sentence="8" t_id="174">,</token>
<token number="174" sentence="8" t_id="175">``</token>
<token number="175" sentence="8" t_id="176">People</token>
<token number="176" sentence="8" t_id="177">will</token>
<token number="177" sentence="8" t_id="178">be</token>
<token number="178" sentence="8" t_id="179">able</token>
<token number="179" sentence="8" t_id="180">to</token>
<token number="180" sentence="8" t_id="181">buy</token>
<token number="181" sentence="8" t_id="182">cars</token>
<token number="182" sentence="8" t_id="183">,</token>
<token number="183" sentence="8" t_id="184">they</token>
<token number="184" sentence="8" t_id="185">will</token>
<token number="185" sentence="8" t_id="186">have</token>
<token number="186" sentence="8" t_id="187">their</token>
<token number="187" sentence="8" t_id="188">warranties</token>
<token number="188" sentence="8" t_id="189">honored</token>
<token number="189" sentence="8" t_id="190">,</token>
<token number="190" sentence="8" t_id="191">and</token>
<token number="191" sentence="8" t_id="192">everything</token>
<token number="192" sentence="8" t_id="193">should</token>
<token number="193" sentence="8" t_id="194">go</token>
<token number="194" sentence="8" t_id="195">on</token>
<token number="195" sentence="8" t_id="196">normally</token>
<token number="196" sentence="8" t_id="197">.</token>
<token number="197" sentence="8" t_id="198">''</token>
<token number="198" sentence="9" t_id="199">The</token>
<token number="199" sentence="9" t_id="200">bankruptcy</token>
<token number="200" sentence="9" t_id="201">filing</token>
<token number="201" sentence="9" t_id="202">indicated</token>
<token number="202" sentence="9" t_id="203">that</token>
<token number="203" sentence="9" t_id="204">Chrysler</token>
<token number="204" sentence="9" t_id="205">was</token>
<token number="205" sentence="9" t_id="206">in</token>
<token number="206" sentence="9" t_id="207">debt</token>
<token number="207" sentence="9" t_id="208">to</token>
<token number="208" sentence="9" t_id="209">20</token>
<token number="209" sentence="9" t_id="210">creditors</token>
<token number="210" sentence="9" t_id="211">to</token>
<token number="211" sentence="9" t_id="212">a</token>
<token number="212" sentence="9" t_id="213">tune</token>
<token number="213" sentence="9" t_id="214">of</token>
<token number="214" sentence="9" t_id="215">more</token>
<token number="215" sentence="9" t_id="216">than</token>
<token number="216" sentence="9" t_id="217">$</token>
<token number="217" sentence="9" t_id="218">10</token>
<token number="218" sentence="9" t_id="219">million</token>
<token number="219" sentence="9" t_id="220">each</token>
<token number="220" sentence="9" t_id="221">.</token>
<token number="221" sentence="10" t_id="222">Meanwhile</token>
<token number="222" sentence="10" t_id="223">,</token>
<token number="223" sentence="10" t_id="224">the</token>
<token number="224" sentence="10" t_id="225">deal</token>
<token number="225" sentence="10" t_id="226">with</token>
<token number="226" sentence="10" t_id="227">Fiat</token>
<token number="227" sentence="10" t_id="228">did</token>
<token number="228" sentence="10" t_id="229">go</token>
<token number="229" sentence="10" t_id="230">through</token>
<token number="230" sentence="10" t_id="231">,</token>
<token number="231" sentence="10" t_id="232">and</token>
<token number="232" sentence="10" t_id="233">Chrysler</token>
<token number="233" sentence="10" t_id="234">should</token>
<token number="234" sentence="10" t_id="235">have</token>
<token number="235" sentence="10" t_id="236">cars</token>
<token number="236" sentence="10" t_id="237">designed</token>
<token number="237" sentence="10" t_id="238">by</token>
<token number="238" sentence="10" t_id="239">Fiat</token>
<token number="239" sentence="10" t_id="240">out</token>
<token number="240" sentence="10" t_id="241">on</token>
<token number="241" sentence="10" t_id="242">the</token>
<token number="242" sentence="10" t_id="243">market</token>
<token number="243" sentence="10" t_id="244">by</token>
<token number="244" sentence="10" t_id="245">2011</token>
<token number="245" sentence="10" t_id="246">.</token>
<token number="246" sentence="11" t_id="247">``</token>
<token number="247" sentence="11" t_id="248">It</token>
<token number="248" sentence="11" t_id="249">'s</token>
<token number="249" sentence="11" t_id="250">a</token>
<token number="250" sentence="11" t_id="251">partnership</token>
<token number="251" sentence="11" t_id="252">that</token>
<token number="252" sentence="11" t_id="253">will</token>
<token number="253" sentence="11" t_id="254">give</token>
<token number="254" sentence="11" t_id="255">Chrysler</token>
<token number="255" sentence="11" t_id="256">a</token>
<token number="256" sentence="11" t_id="257">chance</token>
<token number="257" sentence="11" t_id="258">not</token>
<token number="258" sentence="11" t_id="259">only</token>
<token number="259" sentence="11" t_id="260">to</token>
<token number="260" sentence="11" t_id="261">survive</token>
<token number="261" sentence="11" t_id="262">,</token>
<token number="262" sentence="11" t_id="263">but</token>
<token number="263" sentence="11" t_id="264">to</token>
<token number="264" sentence="11" t_id="265">thrive</token>
<token number="265" sentence="11" t_id="266">in</token>
<token number="266" sentence="11" t_id="267">a</token>
<token number="267" sentence="11" t_id="268">global</token>
<token number="268" sentence="11" t_id="269">auto</token>
<token number="269" sentence="11" t_id="270">industry</token>
<token number="270" sentence="11" t_id="271">,</token>
<token number="271" sentence="11" t_id="272">''</token>
<token number="272" sentence="11" t_id="273">said</token>
<token number="273" sentence="11" t_id="274">American</token>
<token number="274" sentence="11" t_id="275">president</token>
<token number="275" sentence="11" t_id="276">Obama</token>
<token number="276" sentence="11" t_id="277">,</token>
<token number="277" sentence="11" t_id="278">``</token>
<token number="278" sentence="11" t_id="279">Fiat</token>
<token number="279" sentence="11" t_id="280">has</token>
<token number="280" sentence="11" t_id="281">demonstrated</token>
<token number="281" sentence="11" t_id="282">that</token>
<token number="282" sentence="11" t_id="283">it</token>
<token number="283" sentence="11" t_id="284">can</token>
<token number="284" sentence="11" t_id="285">build</token>
<token number="285" sentence="11" t_id="286">the</token>
<token number="286" sentence="11" t_id="287">clean</token>
<token number="287" sentence="11" t_id="288">,</token>
<token number="288" sentence="11" t_id="289">fuel-efficient</token>
<token number="289" sentence="11" t_id="290">cars</token>
<token number="290" sentence="11" t_id="291">that</token>
<token number="291" sentence="11" t_id="292">are</token>
<token number="292" sentence="11" t_id="293">the</token>
<token number="293" sentence="11" t_id="294">future</token>
<token number="294" sentence="11" t_id="295">of</token>
<token number="295" sentence="11" t_id="296">the</token>
<token number="296" sentence="11" t_id="297">industry</token>
<token number="297" sentence="11" t_id="298">.</token>
<token number="298" sentence="11" t_id="299">''</token>
<token number="299" sentence="12" t_id="300">However</token>
<token number="300" sentence="12" t_id="301">,</token>
<token number="301" sentence="12" t_id="302">automotive</token>
<token number="302" sentence="12" t_id="303">analyst</token>
<token number="303" sentence="12" t_id="304">Erich</token>
<token number="304" sentence="12" t_id="305">Merkle</token>
<token number="305" sentence="12" t_id="306">has</token>
<token number="306" sentence="12" t_id="307">hesitations</token>
<token number="307" sentence="12" t_id="308">.</token>
<token number="308" sentence="13" t_id="309">``</token>
<token number="309" sentence="13" t_id="310">History</token>
<token number="310" sentence="13" t_id="311">would</token>
<token number="311" sentence="13" t_id="312">show</token>
<token number="312" sentence="13" t_id="313">that</token>
<token number="313" sentence="13" t_id="314">alliances</token>
<token number="314" sentence="13" t_id="315">really</token>
<token number="315" sentence="13" t_id="316">do</token>
<token number="316" sentence="13" t_id="317">n't</token>
<token number="317" sentence="13" t_id="318">work</token>
<token number="318" sentence="13" t_id="319">that</token>
<token number="319" sentence="13" t_id="320">well</token>
<token number="320" sentence="13" t_id="321">,</token>
<token number="321" sentence="13" t_id="322">''</token>
<token number="322" sentence="13" t_id="323">Merkle</token>
<token number="323" sentence="13" t_id="324">said</token>
<token number="324" sentence="13" t_id="325">,</token>
<token number="325" sentence="13" t_id="326">``</token>
<token number="326" sentence="13" t_id="327">even</token>
<token number="327" sentence="13" t_id="328">though</token>
<token number="328" sentence="13" t_id="329">,</token>
<token number="329" sentence="13" t_id="330">no</token>
<token number="330" sentence="13" t_id="331">matter</token>
<token number="331" sentence="13" t_id="332">how</token>
<token number="332" sentence="13" t_id="333">good</token>
<token number="333" sentence="13" t_id="334">they</token>
<token number="334" sentence="13" t_id="335">may</token>
<token number="335" sentence="13" t_id="336">look</token>
<token number="336" sentence="13" t_id="337">on</token>
<token number="337" sentence="13" t_id="338">paper</token>
<token number="338" sentence="13" t_id="339">.</token>
<token number="339" sentence="13" t_id="340">''</token>
<token number="340" sentence="14" t_id="341">The</token>
<token number="341" sentence="14" t_id="342">restructuring</token>
<token number="342" sentence="14" t_id="343">has</token>
<token number="343" sentence="14" t_id="344">been</token>
<token number="344" sentence="14" t_id="345">managed</token>
<token number="345" sentence="14" t_id="346">by</token>
<token number="346" sentence="14" t_id="347">Steve</token>
<token number="347" sentence="14" t_id="348">Rattner</token>
<token number="348" sentence="14" t_id="349">,</token>
<token number="349" sentence="14" t_id="350">a</token>
<token number="350" sentence="14" t_id="351">former</token>
<token number="351" sentence="14" t_id="352">investment</token>
<token number="352" sentence="14" t_id="353">banker</token>
<token number="353" sentence="14" t_id="354">,</token>
<token number="354" sentence="14" t_id="355">and</token>
<token number="355" sentence="14" t_id="356">the</token>
<token number="356" sentence="14" t_id="357">U.S.</token>
<token number="357" sentence="14" t_id="358">Government</token>
<token number="358" sentence="14" t_id="359">auto</token>
<token number="359" sentence="14" t_id="360">task</token>
<token number="360" sentence="14" t_id="361">force</token>
<token number="361" sentence="14" t_id="362">.</token>
<token number="362" sentence="15" t_id="363">Obama</token>
<token number="363" sentence="15" t_id="364">has</token>
<token number="364" sentence="15" t_id="365">set</token>
<token number="365" sentence="15" t_id="366">three</token>
<token number="366" sentence="15" t_id="367">ultimatums</token>
<token number="367" sentence="15" t_id="368">before</token>
<token number="368" sentence="15" t_id="369">Fiat</token>
<token number="369" sentence="15" t_id="370">.</token>
<token number="370" sentence="16" t_id="371">Fiat</token>
<token number="371" sentence="16" t_id="372">should</token>
<token number="372" sentence="16" t_id="373">produce</token>
<token number="373" sentence="16" t_id="374">a</token>
<token number="374" sentence="16" t_id="375">40</token>
<token number="375" sentence="16" t_id="376">mile</token>
<token number="376" sentence="16" t_id="377">per</token>
<token number="377" sentence="16" t_id="378">gallon</token>
<token number="378" sentence="16" t_id="379">vehicle</token>
<token number="379" sentence="16" t_id="380">while</token>
<token number="380" sentence="16" t_id="381">managing</token>
<token number="381" sentence="16" t_id="382">the</token>
<token number="382" sentence="16" t_id="383">new</token>
<token number="383" sentence="16" t_id="384">Chrysler</token>
<token number="384" sentence="16" t_id="385">,</token>
<token number="385" sentence="16" t_id="386">transfer</token>
<token number="386" sentence="16" t_id="387">fuel</token>
<token number="387" sentence="16" t_id="388">efficient</token>
<token number="388" sentence="16" t_id="389">Fiat</token>
<token number="389" sentence="16" t_id="390">technology</token>
<token number="390" sentence="16" t_id="391">to</token>
<token number="391" sentence="16" t_id="392">Chrysler</token>
<token number="392" sentence="16" t_id="393">factories</token>
<token number="393" sentence="16" t_id="394">in</token>
<token number="394" sentence="16" t_id="395">the</token>
<token number="395" sentence="16" t_id="396">United</token>
<token number="396" sentence="16" t_id="397">States</token>
<token number="397" sentence="16" t_id="398">,</token>
<token number="398" sentence="16" t_id="399">and</token>
<token number="399" sentence="16" t_id="400">produce</token>
<token number="400" sentence="16" t_id="401">cars</token>
<token number="401" sentence="16" t_id="402">in</token>
<token number="402" sentence="16" t_id="403">Chrysler</token>
<token number="403" sentence="16" t_id="404">factories</token>
<token number="404" sentence="16" t_id="405">and</token>
<token number="405" sentence="16" t_id="406">distribute</token>
<token number="406" sentence="16" t_id="407">them</token>
<token number="407" sentence="16" t_id="408">in</token>
<token number="408" sentence="16" t_id="409">Europe</token>
<token number="409" sentence="16" t_id="410">.</token>
<Markables>
<ENTITY_MENTION comment="" head="" m_id="73" syntactic_type="NAM">
<token_anchor t_id="1"/>
</ENTITY_MENTION>
<ENTITY_MENTION comment="" head="" m_id="74" syntactic_type="NAM">
<token_anchor t_id="6"/>
<token_anchor t_id="7"/>
<token_anchor t_id="8"/>
</ENTITY_MENTION>
<ENTITY_MENTION comment="" head="" m_id="75" syntactic_type="">
<token_anchor t_id="11"/>
</ENTITY_MENTION>
<ENTITY_MENTION comment="" head="" m_id="23" syntactic_type="PRE.NAM">
<token_anchor t_id="63"/>
</ENTITY_MENTION>
<ENTITY_MENTION comment="" head="" m_id="80" syntactic_type="">
<token_anchor t_id="117"/>
</ENTITY_MENTION>
<ENTITY_MENTION comment="" head="" m_id="28" syntactic_type="NAM">
<token_anchor t_id="75"/>
<token_anchor t_id="76"/>
<token_anchor t_id="77"/>
<token_anchor t_id="78"/>
<token_anchor t_id="79"/>
</ENTITY_MENTION>
<ENTITY_MENTION comment="" head="" m_id="29" syntactic_type="">
<token_anchor t_id="75"/>
<token_anchor t_id="76"/>
<token_anchor t_id="77"/>
</ENTITY_MENTION>
<ENTITY_MENTION comment="" head="" m_id="30" syntactic_type="NAM">
<token_anchor t_id="78"/>
<token_anchor t_id="79"/>
</ENTITY_MENTION>
<ENTITY_MENTION comment="" head="" m_id="31" syntactic_type="PRE.NAM">
<token_anchor t_id="75"/>
</ENTITY_MENTION>
<ENTITY_MENTION comment="" head="" m_id="1" syntactic_type="">
<token_anchor t_id="16"/>
<token_anchor t_id="17"/>
<token_anchor t_id="18"/>
<token_anchor t_id="19"/>
</ENTITY_MENTION>
<ENTITY_MENTION comment="" head="" m_id="2" syntactic_type="NAM">
<token_anchor t_id="20"/>
</ENTITY_MENTION>
<ENTITY_MENTION comment="" head="" m_id="3" syntactic_type="NAM">
<token_anchor t_id="16"/>
<token_anchor t_id="17"/>
<token_anchor t_id="18"/>
<token_anchor t_id="19"/>
<token_anchor t_id="20"/>
</ENTITY_MENTION>
<ENTITY_MENTION comment="" head="" m_id="36" syntactic_type="">
<token_anchor t_id="92"/>
<token_anchor t_id="93"/>
<token_anchor t_id="94"/>
</ENTITY_MENTION>
<ENTITY_MENTION comment="" head="" m_id="4" syntactic_type="PRE.NAM">
<token_anchor t_id="17"/>
</ENTITY_MENTION>
<ENTITY_MENTION comment="" head="" m_id="37" syntactic_type="NAM">
<token_anchor t_id="96"/>
</ENTITY_MENTION>
<ENTITY_MENTION comment="" head="" m_id="5" syntactic_type="NAM">
<token_anchor t_id="30"/>
<token_anchor t_id="31"/>
<token_anchor t_id="32"/>
<token_anchor t_id="33"/>
</ENTITY_MENTION>
<ENTITY_MENTION comment="" head="" m_id="38" syntactic_type="PRE.NAM">
<token_anchor t_id="93"/>
</ENTITY_MENTION>
<ENTITY_MENTION comment="" head="" m_id="6" syntactic_type="">
<token_anchor t_id="30"/>
<token_anchor t_id="31"/>
<token_anchor t_id="32"/>
</ENTITY_MENTION>
<ENTITY_MENTION comment="" head="" m_id="39" syntactic_type="">
<token_anchor t_id="92"/>
<token_anchor t_id="93"/>
<token_anchor t_id="94"/>
<token_anchor t_id="95"/>
<token_anchor t_id="96"/>
</ENTITY_MENTION>
<ENTITY_MENTION comment="" head="" m_id="7" syntactic_type="NAM">
<token_anchor t_id="33"/>
</ENTITY_MENTION>
<ENTITY_MENTION comment="" head="" m_id="40" syntactic_type="">
<token_anchor t_id="103"/>
<token_anchor t_id="104"/>
<token_anchor t_id="105"/>
<token_anchor t_id="106"/>
<token_anchor t_id="107"/>
<token_anchor t_id="108"/>
</ENTITY_MENTION>
<ENTITY_MENTION comment="" head="" m_id="8" syntactic_type="PRE.NAM">
<token_anchor t_id="30"/>
</ENTITY_MENTION>
<ENTITY_MENTION comment="" head="" m_id="41" syntactic_type="NAM">
<token_anchor t_id="104"/>
<token_anchor t_id="105"/>
</ENTITY_MENTION>
<ENTITY_MENTION comment="" head="" m_id="42" syntactic_type="">
<token_anchor t_id="111"/>
<token_anchor t_id="112"/>
<token_anchor t_id="113"/>
<token_anchor t_id="114"/>
</ENTITY_MENTION>
<ENTITY_MENTION comment="" head="" m_id="43" syntactic_type="PRE.NAM">
<token_anchor t_id="112"/>
<token_anchor t_id="113"/>
</ENTITY_MENTION>
<ENTITY_MENTION comment="" head="" m_id="13" syntactic_type="NAM">
<token_anchor t_id="37"/>
<token_anchor t_id="38"/>
<token_anchor t_id="39"/>
</ENTITY_MENTION>
<ENTITY_MENTION comment="" head="" m_id="14" syntactic_type="NAM">
<token_anchor t_id="46"/>
<token_anchor t_id="47"/>
<token_anchor t_id="48"/>
<token_anchor t_id="49"/>
</ENTITY_MENTION>
<ENTITY_MENTION comment="" head="" m_id="15" syntactic_type="NAM">
<token_anchor t_id="54"/>
<token_anchor t_id="55"/>
<token_anchor t_id="56"/>
<token_anchor t_id="57"/>
</ENTITY_MENTION>
<ENTITY_MENTION comment="" head="" m_id="48" syntactic_type="">
<token_anchor t_id="100"/>
<token_anchor t_id="101"/>
</ENTITY_MENTION>
<ENTITY_MENTION comment="" head="" m_id="16" syntactic_type="PRE.NAM">
<token_anchor t_id="55"/>
<token_anchor t_id="56"/>
</ENTITY_MENTION>
<ENTITY_MENTION comment="" head="" m_id="17" syntactic_type="NAM">
<token_anchor t_id="62"/>
<token_anchor t_id="63"/>
<token_anchor t_id="64"/>
</ENTITY_MENTION>
<ENTITY_MENTION comment="" head="" m_id="18" syntactic_type="NAM">
<token_anchor t_id="66"/>
</ENTITY_MENTION>
<EVENT_MENTION aspect="PROGRESSIVE" certainty="CERTAIN" comment="" m_id="19" modality="" polarity="POS" pos="OTHER" pred="" special_cases="NONE" tense="PRESPART" time="FUTURE">
<token_anchor t_id="38"/>
</EVENT_MENTION>
<EVENT_MENTION aspect="NONE" certainty="CERTAIN" comment="" m_id="20" modality="" polarity="POS" pos="VERB" pred="" special_cases="NONE" tense="FUTURE" time="FUTURE">
<token_anchor t_id="42"/>
</EVENT_MENTION>
<EVENT_MENTION aspect="NONE" certainty="POSSIBLE" comment="" m_id="21" modality="" polarity="UNDERSPECIFIED" pos="VERB" pred="" special_cases="NONE" tense="PAST" time="FUTURE">
<token_anchor t_id="68"/>
</EVENT_MENTION>
<EVENT_MENTION aspect="NONE" certainty="CERTAIN" comment="" m_id="76" modality="" polarity="POS" pos="VERB" pred="" special_cases="NONE" tense="PRESENT" time="NON_FUTURE">
<token_anchor t_id="2"/>
</EVENT_MENTION>
<EVENT_MENTION aspect="NONE" certainty="POSSIBLE" comment="" m_id="22" modality="" polarity="UNDERSPECIFIED" pos="NOUN" pred="" special_cases="NONE" tense="NONE" time="FUTURE">
<token_anchor t_id="73"/>
</EVENT_MENTION>
<EVENT_MENTION aspect="NONE" certainty="CERTAIN" comment="" m_id="77" modality="" polarity="POS" pos="NOUN" pred="" special_cases="NONE" tense="NONE" time="NON_FUTURE">
<token_anchor t_id="4"/>
</EVENT_MENTION>
<EVENT_MENTION aspect="NONE" certainty="CERTAIN" comment="" m_id="78" modality="" polarity="POS" pos="VERB" pred="" special_cases="NONE" tense="INFINITIVE" time="NON_FUTURE">
<token_anchor t_id="10"/>
</EVENT_MENTION>
<EVENT_MENTION aspect="NONE" certainty="CERTAIN" comment="" m_id="32" modality="" polarity="POS" pos="VERB" pred="" special_cases="NONE" tense="FUTURE" time="FUTURE">
<token_anchor t_id="81"/>
<token_anchor t_id="82"/>
</EVENT_MENTION>
<EVENT_MENTION aspect="NONE" certainty="CERTAIN" comment="" m_id="33" modality="" polarity="POS" pos="NOUN" pred="" special_cases="NONE" tense="NONE" time="NON_FUTURE">
<token_anchor t_id="85"/>
<token_anchor t_id="86"/>
</EVENT_MENTION>
<EVENT_MENTION aspect="NONE" certainty="CERTAIN" comment="" m_id="34" modality="" polarity="POS" pos="VERB" pred="" special_cases="NONE" tense="PRESENT" time="FUTURE">
<token_anchor t_id="88"/>
</EVENT_MENTION>
<EVENT_MENTION aspect="NONE" certainty="CERTAIN" comment="" m_id="9" modality="" polarity="POS" pos="VERB" pred="" special_cases="NONE" tense="PAST" time="NON_FUTURE">
<token_anchor t_id="21"/>
</EVENT_MENTION>
<EVENT_MENTION aspect="NONE" certainty="UNDERSPECIFIED" comment="" m_id="10" modality="" polarity="UNDERSPECIFIED" pos="NOUN" pred="" special_cases="NONE" tense="NONE" time="NON_FUTURE">
<token_anchor t_id="23"/>
</EVENT_MENTION>
<EVENT_MENTION aspect="NONE" certainty="CERTAIN" comment="" m_id="11" modality="" polarity="POS" pos="NOUN" pred="" special_cases="NONE" tense="NONE" time="NON_FUTURE">
<token_anchor t_id="28"/>
</EVENT_MENTION>
<EVENT_MENTION aspect="NONE" certainty="CERTAIN" comment="" m_id="12" modality="" polarity="POS" pos="VERB" pred="" special_cases="NONE" tense="PAST" time="NON_FUTURE">
<token_anchor t_id="34"/>
<token_anchor t_id="35"/>
</EVENT_MENTION>
<EVENT_MENTION aspect="NONE" certainty="CERTAIN" comment="" m_id="46" modality="" polarity="POS" pos="VERB" pred="" special_cases="NONE" tense="FUTURE" time="FUTURE">
<token_anchor t_id="99"/>
</EVENT_MENTION>
<EVENT_MENTION aspect="NONE" certainty="CERTAIN" comment="" m_id="47" modality="" polarity="POS" pos="VERB" pred="" special_cases="NONE" tense="FUTURE" time="FUTURE">
<token_anchor t_id="116"/>
</EVENT_MENTION>
<SIGNAL comment="" m_id="35">
<token_anchor t_id="83"/>
</SIGNAL>
<TIMEX3 anchorTimeID="" beginPoint="" comment="" endPoint="" functionInDocument="CREATION_TIME" m_id="49" type="DATE" value="2009-05-01">
<token_anchor t_id="12"/>
<token_anchor t_id="13"/>
<token_anchor t_id="14"/>
<token_anchor t_id="15"/>
</TIMEX3>
<TIMEX3 anchorTimeID="49" beginPoint="" comment="" endPoint="" functionInDocument="NONE" m_id="72" type="DATE" value="2009-04-30">
<token_anchor t_id="24"/>
</TIMEX3>
<VALUE comment="" m_id="24" type="PERCENT">
<token_anchor t_id="43"/>
<token_anchor t_id="44"/>
</VALUE>
<VALUE comment="" m_id="25" type="PERCENT">
<token_anchor t_id="51"/>
<token_anchor t_id="52"/>
</VALUE>
<VALUE comment="" m_id="26" type="PERCENT">
<token_anchor t_id="59"/>
<token_anchor t_id="60"/>
</VALUE>
<VALUE comment="" m_id="27" type="PERCENT">
<token_anchor t_id="71"/>
<token_anchor t_id="72"/>
</VALUE>
<VALUE comment="" m_id="44" type="QUANTITY">
<token_anchor t_id="100"/>
</VALUE>
<VALUE comment="" m_id="45" type="QUANTITY">
<token_anchor t_id="117"/>
</VALUE>
<EVENT_MENTION m_id="83">
  <token_anchor t_id="281"/>
</EVENT_MENTION>
<EVENT_MENTION m_id="87">
  <token_anchor t_id="85"/>
</EVENT_MENTION>
<EVENT_MENTION m_id="95">
  <token_anchor t_id="165"/>
</EVENT_MENTION>
<EVENT_MENTION m_id="98">
  <token_anchor t_id="273"/>
</EVENT_MENTION>
<EVENT_MENTION m_id="120">
  <token_anchor t_id="367"/>
</EVENT_MENTION>
<EVENT_MENTION m_id="128">
  <token_anchor t_id="225"/>
</EVENT_MENTION>
<ENTITY_MENTION m_id="84">
  <token_anchor t_id="283"/>
</ENTITY_MENTION>
<ENTITY_MENTION m_id="85">
  <token_anchor t_id="119"/>
</ENTITY_MENTION>
<ENTITY_MENTION m_id="89">
  <token_anchor t_id="204"/>
</ENTITY_MENTION>
<ENTITY_MENTION m_id="91">
  <token_anchor t_id="274"/>
  <token_anchor t_id="275"/>
  <token_anchor t_id="276"/>
</ENTITY_MENTION>
<ENTITY_MENTION m_id="92">
  <token_anchor t_id="371"/>
</ENTITY_MENTION>
<ENTITY_MENTION m_id="99">
  <token_anchor t_id="239"/>
</ENTITY_MENTION>
<ENTITY_MENTION m_id="104">
  <token_anchor t_id="279"/>
</ENTITY_MENTION>
<ENTITY_MENTION m_id="108">
  <token_anchor t_id="403"/>
</ENTITY_MENTION>
<ENTITY_MENTION m_id="110">
  <token_anchor t_id="233"/>
</ENTITY_MENTION>
<ENTITY_MENTION m_id="112">
  <token_anchor t_id="133"/>
</ENTITY_MENTION>
<ENTITY_MENTION m_id="114">
  <token_anchor t_id="162"/>
  <token_anchor t_id="163"/>
</ENTITY_MENTION>
<ENTITY_MENTION m_id="118">
  <token_anchor t_id="363"/>
</ENTITY_MENTION>
<ENTITY_MENTION m_id="119">
  <token_anchor t_id="369"/>
</ENTITY_MENTION>
<ENTITY_MENTION m_id="127">
  <token_anchor t_id="392"/>
</ENTITY_MENTION>
<ENTITY_MENTION m_id="130">
  <token_anchor t_id="227"/>
</ENTITY_MENTION>
<ENTITY_MENTION m_id="139">
  <token_anchor t_id="255"/>
</ENTITY_MENTION>
<EVENT TAG_DESCRIPTOR="Ultimatum-EHU" class="OTHER" instance_id="OTH40453941937803349" m_id="159"/><EVENT TAG_DESCRIPTOR="Function-EHU" class="OTHER" instance_id="OTH39661009391241506" m_id="158"/>
<EVENT TAG_DESCRIPTOR="Own-EHU" class="OTHER" instance_id="OTH39220812604469242" m_id="156"/><EVENT TAG_DESCRIPTOR="Run-EHU" class="OTHER" instance_id="OTH39304335708966380" m_id="155"/>
<EVENT TAG_DESCRIPTOR="appoint" class="OTHER" comment="" external_ref="" m_id="71"/><EVENT TAG_DESCRIPTOR="Demonstrate-EHU" class="OTHER" instance_id="OTH39305468610545156" m_id="149"/>
<EVENT TAG_DESCRIPTOR="Say-EHU" class="SPEECH_COGNITIVE" instance_id="SPE39063923691680385" m_id="147"/><EVENT TAG_DESCRIPTOR="Appoint-EHU" class="OTHER" instance_id="OTH39305230277626062" m_id="146"/>
<EVENT TAG_DESCRIPTOR="File-EHU" class="OTHER" instance_id="OTH39660929452746962" m_id="145"/><EVENT TAG_DESCRIPTOR="go through" class="GRAMMATICAL" comment="" external_ref="" m_id="67"/>
<EVENT TAG_DESCRIPTOR="Bankruptcy-EHU" class="OTHER" instance_id="OTH39659719379269372" m_id="144"/><EVENT TAG_DESCRIPTOR="begin" class="GRAMMATICAL" comment="" external_ref="" m_id="65"/>
<EVENT TAG_DESCRIPTOR="share" class="OTHER" comment="" external_ref="" m_id="64"/><EVENT TAG_DESCRIPTOR="Deal-EHU" class="OTHER" instance_id="OTH39304514094511871" m_id="141"/>
<EVENT TAG_DESCRIPTOR="step down" class="OTHER" comment="" external_ref="" m_id="63"/><EVENT TAG_DESCRIPTOR="finalize" class="GRAMMATICAL" comment="" external_ref="" m_id="61"/>
<ENTITY TAG_DESCRIPTOR="member of new Chrysler board" ent_type="PER" instance_id="PER46395039701162876" m_id="161"/><ENTITY TAG_DESCRIPTOR="Emerging Chrysler" ent_type="ORG" instance_id="ORG46394983915799970" m_id="160"/>
<ENTITY TAG_DESCRIPTOR="Robert Nardelli" ent_type="PER" external_ref="http://dbpedia.org/resource/Robert_Nardelli" instance_id="PER46395002941073056" m_id="157"/><ENTITY TAG_DESCRIPTOR="Chrysler new board" ent_type="ORG" instance_id="ORG47040980680243697" m_id="154"/>
<ENTITY TAG_DESCRIPTOR="Barack Obama" ent_type="PER" external_ref="http://dbpedia.org/resource/Barack_Obama" instance_id="PER37406424967115208" m_id="153"/><ENTITY TAG_DESCRIPTOR="Chrysler" ent_type="ORG" external_ref="http://dbpedia.org/resource/Chrysler" instance_id="ORG37406423422624299" m_id="152"/>
<ENTITY TAG_DESCRIPTOR="Fiat" ent_type="ORG" external_ref="http://dbpedia.org/resource/Fiat" instance_id="ORG37406423743094661" m_id="151"/><ENTITY TAG_DESCRIPTOR="Europe" ent_type="LOC" external_ref="http://dbpedia.org/resource/Europe" instance_id="LOC27735665947140158" m_id="150"/>
<ENTITY TAG_DESCRIPTOR="United Auto Workers" ent_type="ORG" external_ref="http://dbpedia.org/resource/United_Automobile_Workers" instance_id="ORG37406424696739278" m_id="148"/><ENTITY TAG_DESCRIPTOR="United States of America " ent_type="LOC" external_ref="http://dbpedia.org/resource/United_States" instance_id="LOC27735327659249054" m_id="143"/>
<ENTITY TAG_DESCRIPTOR="Italy" ent_type="LOC" external_ref="http://dbpedia.org/resource/Italy" instance_id="LOC46394968924134706" m_id="142"/><ENTITY TAG_DESCRIPTOR="Canada" ent_type="LOC" external_ref="http://dbpedia.org/resource/Canada" instance_id="LOC43997528276927841" m_id="140"/>
<EVENT TAG_DESCRIPTOR="emerge" class="OTHER" comment="" external_ref="" m_id="81"/><EVENT TAG_DESCRIPTOR="bankruptcy proceedings" class="OTHER" comment="" external_ref="" m_id="62"/></Markables>
<Relations>
<HAS_PARTICIPANT comment="" r_id="115656" sem_role="Arg0" sem_role_framework="PROPBANK">
<source m_id="9"/>
<target m_id="3"/>
</HAS_PARTICIPANT>
<HAS_PARTICIPANT comment="" r_id="115657" sem_role="Arg1" sem_role_framework="PROPBANK">
<source m_id="11"/>
<target m_id="5"/>
</HAS_PARTICIPANT>
<HAS_PARTICIPANT comment="" r_id="115659" sem_role="Arg1" sem_role_framework="PROPBANK">
<source m_id="20"/>
<target m_id="13"/>
</HAS_PARTICIPANT>
<HAS_PARTICIPANT comment="" r_id="115660" sem_role="Argm-OTHER" sem_role_framework="PROPBANK">
<source m_id="20"/>
<target m_id="24"/>
</HAS_PARTICIPANT>
<HAS_PARTICIPANT comment="" r_id="115661" sem_role="Arg0" sem_role_framework="PROPBANK">
<source m_id="20"/>
<target m_id="14"/>
</HAS_PARTICIPANT>
<HAS_PARTICIPANT comment="" r_id="115662" sem_role="Argm-OTHER" sem_role_framework="PROPBANK">
<source m_id="20"/>
<target m_id="25"/>
</HAS_PARTICIPANT>
<HAS_PARTICIPANT comment="" r_id="115663" sem_role="Arg0" sem_role_framework="PROPBANK">
<source m_id="20"/>
<target m_id="15"/>
</HAS_PARTICIPANT>
<HAS_PARTICIPANT comment="" r_id="115664" sem_role="Argm-OTHER" sem_role_framework="PROPBANK">
<source m_id="20"/>
<target m_id="26"/>
</HAS_PARTICIPANT>
<HAS_PARTICIPANT comment="" r_id="115665" sem_role="Arg0" sem_role_framework="PROPBANK">
<source m_id="20"/>
<target m_id="17"/>
</HAS_PARTICIPANT>
<HAS_PARTICIPANT comment="" r_id="115666" sem_role="Arg0" sem_role_framework="PROPBANK">
<source m_id="21"/>
<target m_id="18"/>
</HAS_PARTICIPANT>
<HAS_PARTICIPANT comment="" r_id="115667" sem_role="Arg1" sem_role_framework="PROPBANK">
<source m_id="22"/>
<target m_id="27"/>
</HAS_PARTICIPANT>
<HAS_PARTICIPANT comment="" r_id="115668" sem_role="Arg1" sem_role_framework="PROPBANK">
<source m_id="32"/>
<target m_id="28"/>
</HAS_PARTICIPANT>
<GLINK comment="" r_id="115669">
<source m_id="34"/>
<target m_id="33"/>
</GLINK>
<HAS_PARTICIPANT comment="" r_id="115670" sem_role="Arg0" sem_role_framework="PROPBANK">
<source m_id="46"/>
<target m_id="39"/>
</HAS_PARTICIPANT>
<HAS_PARTICIPANT comment="" r_id="115672" sem_role="Arg1" sem_role_framework="PROPBANK">
<source m_id="46"/>
<target m_id="48"/>
</HAS_PARTICIPANT>
<HAS_PARTICIPANT comment="" r_id="115673" sem_role="Argm-OTHER" sem_role_framework="PROPBANK">
<source m_id="46"/>
<target m_id="40"/>
</HAS_PARTICIPANT>
<HAS_PARTICIPANT comment="" r_id="115674" sem_role="Arg0" sem_role_framework="PROPBANK">
<source m_id="47"/>
<target m_id="42"/>
</HAS_PARTICIPANT>
<HAS_PARTICIPANT comment="" r_id="115675" sem_role="Arg1" sem_role_framework="PROPBANK">
<source m_id="47"/>
<target m_id="45"/>
</HAS_PARTICIPANT>
<HAS_PARTICIPANT comment="" r_id="115676" sem_role="Argm-OTHER" sem_role_framework="PROPBANK">
<source m_id="47"/>
<target m_id="40"/>
</HAS_PARTICIPANT>
<TLINK comment="" r_id="115677" reltype="BEFORE" signalID="">
<source m_id="9"/>
<target m_id="49"/>
</TLINK>
<TLINK comment="" r_id="115678" reltype="BEFORE" signalID="">
<source m_id="12"/>
<target m_id="49"/>
</TLINK>
<TLINK comment="" r_id="115679" reltype="AFTER" signalID="">
<source m_id="20"/>
<target m_id="49"/>
</TLINK>
<TLINK comment="" r_id="115680" reltype="AFTER" signalID="">
<source m_id="21"/>
<target m_id="49"/>
</TLINK>
<TLINK comment="" r_id="115681" reltype="AFTER" signalID="">
<source m_id="32"/>
<target m_id="49"/>
</TLINK>
<TLINK comment="" r_id="115682" reltype="AFTER" signalID="">
<source m_id="34"/>
<target m_id="49"/>
</TLINK>
<TLINK comment="" r_id="115683" reltype="AFTER" signalID="">
<source m_id="46"/>
<target m_id="49"/>
</TLINK>
<TLINK comment="" r_id="115684" reltype="AFTER" signalID="">
<source m_id="47"/>
<target m_id="49"/>
</TLINK>
<TLINK comment="" r_id="115685" reltype="BEFORE" signalID="">
<source m_id="9"/>
<target m_id="20"/>
</TLINK>
<TLINK comment="" r_id="115686" reltype="AFTER" signalID="">
<source m_id="20"/>
<target m_id="32"/>
</TLINK>
<TLINK comment="" r_id="115687" reltype="BEFORE" signalID="">
<source m_id="32"/>
<target m_id="46"/>
</TLINK>
<TLINK comment="" r_id="115688" reltype="SIMULTANEOUS" signalID="">
<source m_id="9"/>
<target m_id="12"/>
</TLINK>
<TLINK comment="" r_id="115689" reltype="SIMULTANEOUS" signalID="">
<source m_id="20"/>
<target m_id="21"/>
</TLINK>
<TLINK comment="" r_id="115690" reltype="AFTER" signalID="35">
<source m_id="32"/>
<target m_id="34"/>
</TLINK>
<TLINK comment="" r_id="115691" reltype="SIMULTANEOUS" signalID="">
<source m_id="46"/>
<target m_id="47"/>
</TLINK>
<GLINK comment="" r_id="115706">
<source m_id="12"/>
<target m_id="11"/>
</GLINK>
<TLINK comment="" r_id="162680" reltype="IS_INCLUDED" signalID="">
<source m_id="9"/>
<target m_id="72"/>
</TLINK>
<HAS_PARTICIPANT comment="" r_id="242882" sem_role="Arg0" sem_role_framework="PROPBANK">
<source m_id="76"/>
<target m_id="73"/>
</HAS_PARTICIPANT>
<HAS_PARTICIPANT comment="" r_id="242883" sem_role="Arg0" sem_role_framework="PROPBANK">
<source m_id="78"/>
<target m_id="74"/>
</HAS_PARTICIPANT>
<HAS_PARTICIPANT comment="" r_id="242884" sem_role="Arg1" sem_role_framework="PROPBANK">
<source m_id="78"/>
<target m_id="75"/>
</HAS_PARTICIPANT>
































<REFERS_TO r_id="242909">
<source m_id="84"/>
<source m_id="85"/>
<source m_id="18"/>
<source m_id="36"/>
<source m_id="92"/>
<source m_id="99"/>
<source m_id="39"/>
<source m_id="104"/>
<source m_id="119"/>
<source m_id="5"/>
<source m_id="37"/>
<source m_id="130"/>
<source m_id="74"/>
<source m_id="6"/>
<source m_id="7"/>
<target m_id="151"/>
</REFERS_TO>
<REFERS_TO r_id="242910">
<source m_id="8"/>
<target m_id="150"/>
</REFERS_TO>
<REFERS_TO r_id="242911">
<source m_id="91"/>
<source m_id="118"/>
<target m_id="153"/>
</REFERS_TO>
<REFERS_TO r_id="242912">
<source m_id="1"/>
<source m_id="89"/>
<source m_id="73"/>
<source m_id="3"/>
<source m_id="108"/>
<source m_id="110"/>
<source m_id="31"/>
<source m_id="112"/>
<source m_id="114"/>
<source m_id="75"/>
<source m_id="2"/>
<source m_id="127"/>
<source m_id="139"/>
<target m_id="152"/>
</REFERS_TO>
<REFERS_TO r_id="242913">
<source m_id="78"/>
<target m_id="155"/>
</REFERS_TO>
<REFERS_TO r_id="242914">
<source m_id="40"/>
<target m_id="154"/>
</REFERS_TO>
<REFERS_TO r_id="242915">
<source m_id="29"/>
<source m_id="28"/>
<source m_id="30"/>
<target m_id="157"/>
</REFERS_TO>
<REFERS_TO r_id="242916">
<source m_id="20"/>
<target m_id="156"/>
</REFERS_TO>
<REFERS_TO r_id="242917">
<source m_id="120"/>
<target m_id="159"/>
</REFERS_TO>
<REFERS_TO r_id="242918">
<source m_id="95"/>
<target m_id="158"/>
</REFERS_TO>
<REFERS_TO r_id="242919">
<source m_id="34"/>
<target m_id="61"/>
</REFERS_TO>
<REFERS_TO r_id="242920">
<source m_id="33"/>
<target m_id="62"/>
</REFERS_TO>
<REFERS_TO r_id="242921">
<source m_id="32"/>
<target m_id="63"/>
</REFERS_TO>
<REFERS_TO r_id="242922">
<source m_id="22"/>
<target m_id="64"/>
</REFERS_TO>
<REFERS_TO r_id="242923">
<source m_id="21"/>
<target m_id="65"/>
</REFERS_TO>
<REFERS_TO r_id="242924">
<source m_id="12"/>
<target m_id="67"/>
</REFERS_TO>
<REFERS_TO r_id="242925">
<source m_id="19"/>
<target m_id="81"/>
</REFERS_TO>
<REFERS_TO r_id="242926">
<source m_id="46"/>
<target m_id="146"/>
</REFERS_TO>
<REFERS_TO r_id="242927">
<source m_id="98"/>
<target m_id="147"/>
</REFERS_TO>
<REFERS_TO r_id="242928">
<source m_id="87"/>
<source m_id="10"/>
<source m_id="77"/>
<target m_id="144"/>
</REFERS_TO>
<REFERS_TO r_id="242929">
<source m_id="76"/>
<source m_id="9"/>
<target m_id="145"/>
</REFERS_TO>
<REFERS_TO r_id="242930">
<source m_id="38"/>
<target m_id="142"/>
</REFERS_TO>
<REFERS_TO r_id="242931">
<source m_id="4"/>
<source m_id="15"/>
<source m_id="42"/>
<source m_id="16"/>
<source m_id="43"/>
<target m_id="143"/>
</REFERS_TO>
<REFERS_TO r_id="242932">
<source m_id="23"/>
<source m_id="17"/>
<target m_id="140"/>
</REFERS_TO>
<REFERS_TO r_id="242933">
<source m_id="11"/>
<source m_id="128"/>
<target m_id="141"/>
</REFERS_TO>
<REFERS_TO r_id="242934">
<source m_id="14"/>
<target m_id="148"/>
</REFERS_TO>
<REFERS_TO r_id="242935">
<source m_id="83"/>
<target m_id="149"/>
</REFERS_TO>
<REFERS_TO r_id="242936">
<source m_id="47"/>
<target m_id="71"/>
</REFERS_TO>
<REFERS_TO r_id="242937">
<source m_id="41"/>
<source m_id="13"/>
<target m_id="160"/>
</REFERS_TO>
<REFERS_TO r_id="242938">
<source m_id="48"/>
<source m_id="80"/>
<target m_id="161"/>
</REFERS_TO>
</Relations>
</Document>