<?xml version="1.0" ?><Document doc_id="126029" doc_name="126029_US_automaker_GM_reports_losses" lang="en" url="http://en.wikinews.org/wiki/US_automaker_GM_reports_losses_of_$6_billion">
<token number="0" sentence="0" t_id="1">US</token>
<token number="1" sentence="0" t_id="2">automaker</token>
<token number="2" sentence="0" t_id="3">GM</token>
<token number="3" sentence="0" t_id="4">reports</token>
<token number="4" sentence="0" t_id="5">losses</token>
<token number="5" sentence="0" t_id="6">of</token>
<token number="6" sentence="0" t_id="7">$</token>
<token number="7" sentence="0" t_id="8">6</token>
<token number="8" sentence="0" t_id="9">billion</token>
<token number="9" sentence="1" t_id="10">May</token>
<token number="10" sentence="1" t_id="11">07</token>
<token number="11" sentence="1" t_id="12">,</token>
<token number="12" sentence="1" t_id="13">2009</token>
<token number="13" sentence="2" t_id="14">United</token>
<token number="14" sentence="2" t_id="15">States</token>
<token number="15" sentence="2" t_id="16">automobile</token>
<token number="16" sentence="2" t_id="17">company</token>
<token number="17" sentence="2" t_id="18">General</token>
<token number="18" sentence="2" t_id="19">Motors</token>
<token number="19" sentence="2" t_id="20">announced</token>
<token number="20" sentence="2" t_id="21">it</token>
<token number="21" sentence="2" t_id="22">has</token>
<token number="22" sentence="2" t_id="23">lost</token>
<token number="23" sentence="2" t_id="24">US$</token>
<token number="24" sentence="2" t_id="25">6</token>
<token number="25" sentence="2" t_id="26">billion</token>
<token number="26" sentence="2" t_id="27">in</token>
<token number="27" sentence="2" t_id="28">the</token>
<token number="28" sentence="2" t_id="29">first</token>
<token number="29" sentence="2" t_id="30">quarter</token>
<token number="30" sentence="2" t_id="31">of</token>
<token number="31" sentence="2" t_id="32">2009</token>
<token number="32" sentence="2" t_id="33">,</token>
<token number="33" sentence="2" t_id="34">amidst</token>
<token number="34" sentence="2" t_id="35">heavy</token>
<token number="35" sentence="2" t_id="36">declines</token>
<token number="36" sentence="2" t_id="37">in</token>
<token number="37" sentence="2" t_id="38">revenues</token>
<token number="38" sentence="2" t_id="39">.</token>
<token number="39" sentence="3" t_id="40">Not</token>
<token number="40" sentence="3" t_id="41">including</token>
<token number="41" sentence="3" t_id="42">special</token>
<token number="42" sentence="3" t_id="43">items</token>
<token number="43" sentence="3" t_id="44">,</token>
<token number="44" sentence="3" t_id="45">the</token>
<token number="45" sentence="3" t_id="46">firm</token>
<token number="46" sentence="3" t_id="47">said</token>
<token number="47" sentence="3" t_id="48">it</token>
<token number="48" sentence="3" t_id="49">had</token>
<token number="49" sentence="3" t_id="50">lost</token>
<token number="50" sentence="3" t_id="51">a</token>
<token number="51" sentence="3" t_id="52">net</token>
<token number="52" sentence="3" t_id="53">$</token>
<token number="53" sentence="3" t_id="54">5.9</token>
<token number="54" sentence="3" t_id="55">billion</token>
<token number="55" sentence="3" t_id="56">dollars</token>
<token number="56" sentence="3" t_id="57">,</token>
<token number="57" sentence="3" t_id="58">or</token>
<token number="58" sentence="3" t_id="59">$</token>
<token number="59" sentence="3" t_id="60">9.66</token>
<token number="60" sentence="3" t_id="61">per</token>
<token number="61" sentence="3" t_id="62">share</token>
<token number="62" sentence="3" t_id="63">.</token>
<token number="63" sentence="4" t_id="64">In</token>
<token number="64" sentence="4" t_id="65">the</token>
<token number="65" sentence="4" t_id="66">first</token>
<token number="66" sentence="4" t_id="67">quarter</token>
<token number="67" sentence="4" t_id="68">of</token>
<token number="68" sentence="4" t_id="69">last</token>
<token number="69" sentence="4" t_id="70">year</token>
<token number="70" sentence="4" t_id="71">,</token>
<token number="71" sentence="4" t_id="72">GM</token>
<token number="72" sentence="4" t_id="73">had</token>
<token number="73" sentence="4" t_id="74">reported</token>
<token number="74" sentence="4" t_id="75">a</token>
<token number="75" sentence="4" t_id="76">loss</token>
<token number="76" sentence="4" t_id="77">of</token>
<token number="77" sentence="4" t_id="78">$</token>
<token number="78" sentence="4" t_id="79">381</token>
<token number="79" sentence="4" t_id="80">million</token>
<token number="80" sentence="4" t_id="81">,</token>
<token number="81" sentence="4" t_id="82">or</token>
<token number="82" sentence="4" t_id="83">$</token>
<token number="83" sentence="4" t_id="84">0.67</token>
<token number="84" sentence="4" t_id="85">per</token>
<token number="85" sentence="4" t_id="86">share</token>
<token number="86" sentence="4" t_id="87">.</token>
<token number="87" sentence="5" t_id="88">Most</token>
<token number="88" sentence="5" t_id="89">financial</token>
<token number="89" sentence="5" t_id="90">analysts</token>
<token number="90" sentence="5" t_id="91">had</token>
<token number="91" sentence="5" t_id="92">forecast</token>
<token number="92" sentence="5" t_id="93">the</token>
<token number="93" sentence="5" t_id="94">automaker</token>
<token number="94" sentence="5" t_id="95">'s</token>
<token number="95" sentence="5" t_id="96">losses</token>
<token number="96" sentence="5" t_id="97">to</token>
<token number="97" sentence="5" t_id="98">be</token>
<token number="98" sentence="5" t_id="99">over</token>
<token number="99" sentence="5" t_id="100">$</token>
<token number="100" sentence="5" t_id="101">6.7</token>
<token number="101" sentence="5" t_id="102">billion</token>
<token number="102" sentence="5" t_id="103">,</token>
<token number="103" sentence="5" t_id="104">or</token>
<token number="104" sentence="5" t_id="105">$</token>
<token number="105" sentence="5" t_id="106">11.05</token>
<token number="106" sentence="5" t_id="107">per</token>
<token number="107" sentence="5" t_id="108">share</token>
<token number="108" sentence="5" t_id="109">.</token>
<token number="109" sentence="6" t_id="110">GM</token>
<token number="110" sentence="6" t_id="111">had</token>
<token number="111" sentence="6" t_id="112">also</token>
<token number="112" sentence="6" t_id="113">reported</token>
<token number="113" sentence="6" t_id="114">that</token>
<token number="114" sentence="6" t_id="115">it</token>
<token number="115" sentence="6" t_id="116">had</token>
<token number="116" sentence="6" t_id="117">spent</token>
<token number="117" sentence="6" t_id="118">$</token>
<token number="118" sentence="6" t_id="119">10.2</token>
<token number="119" sentence="6" t_id="120">billion</token>
<token number="120" sentence="6" t_id="121">in</token>
<token number="121" sentence="6" t_id="122">an</token>
<token number="122" sentence="6" t_id="123">effort</token>
<token number="123" sentence="6" t_id="124">to</token>
<token number="124" sentence="6" t_id="125">prevent</token>
<token number="125" sentence="6" t_id="126">bankruptcy</token>
<token number="126" sentence="6" t_id="127">.</token>
<token number="127" sentence="7" t_id="128">The</token>
<token number="128" sentence="7" t_id="129">manufacturer</token>
<token number="129" sentence="7" t_id="130">has</token>
<token number="130" sentence="7" t_id="131">received</token>
<token number="131" sentence="7" t_id="132">over</token>
<token number="132" sentence="7" t_id="133">$</token>
<token number="133" sentence="7" t_id="134">15</token>
<token number="134" sentence="7" t_id="135">billion</token>
<token number="135" sentence="7" t_id="136">in</token>
<token number="136" sentence="7" t_id="137">bailout</token>
<token number="137" sentence="7" t_id="138">money</token>
<token number="138" sentence="7" t_id="139">from</token>
<token number="139" sentence="7" t_id="140">the</token>
<token number="140" sentence="7" t_id="141">federal</token>
<token number="141" sentence="7" t_id="142">government</token>
<token number="142" sentence="7" t_id="143">.</token>
<token number="143" sentence="8" t_id="144">The</token>
<token number="144" sentence="8" t_id="145">company</token>
<token number="145" sentence="8" t_id="146">has</token>
<token number="146" sentence="8" t_id="147">a</token>
<token number="147" sentence="8" t_id="148">deadline</token>
<token number="148" sentence="8" t_id="149">set</token>
<token number="149" sentence="8" t_id="150">at</token>
<token number="150" sentence="8" t_id="151">June</token>
<token number="151" sentence="8" t_id="152">1</token>
<token number="152" sentence="8" t_id="153">to</token>
<token number="153" sentence="8" t_id="154">draw</token>
<token number="154" sentence="8" t_id="155">up</token>
<token number="155" sentence="8" t_id="156">a</token>
<token number="156" sentence="8" t_id="157">restructuring</token>
<token number="157" sentence="8" t_id="158">plan</token>
<token number="158" sentence="8" t_id="159">.</token>
<token number="159" sentence="9" t_id="160">If</token>
<token number="160" sentence="9" t_id="161">it</token>
<token number="161" sentence="9" t_id="162">does</token>
<token number="162" sentence="9" t_id="163">n't</token>
<token number="163" sentence="9" t_id="164">do</token>
<token number="164" sentence="9" t_id="165">so</token>
<token number="165" sentence="9" t_id="166">by</token>
<token number="166" sentence="9" t_id="167">then</token>
<token number="167" sentence="9" t_id="168">,</token>
<token number="168" sentence="9" t_id="169">it</token>
<token number="169" sentence="9" t_id="170">will</token>
<token number="170" sentence="9" t_id="171">be</token>
<token number="171" sentence="9" t_id="172">obliged</token>
<token number="172" sentence="9" t_id="173">to</token>
<token number="173" sentence="9" t_id="174">file</token>
<token number="174" sentence="9" t_id="175">for</token>
<token number="175" sentence="9" t_id="176">bankruptcy</token>
<token number="176" sentence="9" t_id="177">protection</token>
<token number="177" sentence="9" t_id="178">.</token>
<token number="178" sentence="10" t_id="179">``</token>
<token number="179" sentence="10" t_id="180">We</token>
<token number="180" sentence="10" t_id="181">'re</token>
<token number="181" sentence="10" t_id="182">focusing</token>
<token number="182" sentence="10" t_id="183">very</token>
<token number="183" sentence="10" t_id="184">much</token>
<token number="184" sentence="10" t_id="185">on</token>
<token number="185" sentence="10" t_id="186">the</token>
<token number="186" sentence="10" t_id="187">cost</token>
<token number="187" sentence="10" t_id="188">side</token>
<token number="188" sentence="10" t_id="189">of</token>
<token number="189" sentence="10" t_id="190">the</token>
<token number="190" sentence="10" t_id="191">business</token>
<token number="191" sentence="10" t_id="192">but</token>
<token number="192" sentence="10" t_id="193">once</token>
<token number="193" sentence="10" t_id="194">you</token>
<token number="194" sentence="10" t_id="195">start</token>
<token number="195" sentence="10" t_id="196">losing</token>
<token number="196" sentence="10" t_id="197">revenues</token>
<token number="197" sentence="10" t_id="198">you</token>
<token number="198" sentence="10" t_id="199">get</token>
<token number="199" sentence="10" t_id="200">into</token>
<token number="200" sentence="10" t_id="201">a</token>
<token number="201" sentence="10" t_id="202">vicious</token>
<token number="202" sentence="10" t_id="203">circle</token>
<token number="203" sentence="10" t_id="204">from</token>
<token number="204" sentence="10" t_id="205">which</token>
<token number="205" sentence="10" t_id="206">you</token>
<token number="206" sentence="10" t_id="207">ca</token>
<token number="207" sentence="10" t_id="208">n't</token>
<token number="208" sentence="10" t_id="209">recover</token>
<token number="209" sentence="10" t_id="210">,</token>
<token number="210" sentence="10" t_id="211">''</token>
<token number="211" sentence="10" t_id="212">said</token>
<token number="212" sentence="10" t_id="213">Ray</token>
<token number="213" sentence="10" t_id="214">Young</token>
<token number="214" sentence="10" t_id="215">,</token>
<token number="215" sentence="10" t_id="216">the</token>
<token number="216" sentence="10" t_id="217">chief</token>
<token number="217" sentence="10" t_id="218">financial</token>
<token number="218" sentence="10" t_id="219">officer</token>
<token number="219" sentence="10" t_id="220">for</token>
<token number="220" sentence="10" t_id="221">GM</token>
<token number="221" sentence="10" t_id="222">.</token>
<token number="222" sentence="11" t_id="223">``</token>
<token number="223" sentence="11" t_id="224">We</token>
<token number="224" sentence="11" t_id="225">continue</token>
<token number="225" sentence="11" t_id="226">to</token>
<token number="226" sentence="11" t_id="227">see</token>
<token number="227" sentence="11" t_id="228">a</token>
<token number="228" sentence="11" t_id="229">60-80</token>
<token number="229" sentence="11" t_id="230">percent</token>
<token number="230" sentence="11" t_id="231">chance</token>
<token number="231" sentence="11" t_id="232">of</token>
<token number="232" sentence="11" t_id="233">a</token>
<token number="233" sentence="11" t_id="234">GM</token>
<token number="234" sentence="11" t_id="235">bankruptcy</token>
<token number="235" sentence="11" t_id="236">.</token>
<token number="236" sentence="12" t_id="237">While</token>
<token number="237" sentence="12" t_id="238">the</token>
<token number="238" sentence="12" t_id="239">GM</token>
<token number="239" sentence="12" t_id="240">equity</token>
<token number="240" sentence="12" t_id="241">today</token>
<token number="241" sentence="12" t_id="242">is</token>
<token number="242" sentence="12" t_id="243">largely</token>
<token number="243" sentence="12" t_id="244">uninvestable</token>
<token number="244" sentence="12" t_id="245">,</token>
<token number="245" sentence="12" t_id="246">we</token>
<token number="246" sentence="12" t_id="247">increasingly</token>
<token number="247" sentence="12" t_id="248">believe</token>
<token number="248" sentence="12" t_id="249">GM</token>
<token number="249" sentence="12" t_id="250">may</token>
<token number="250" sentence="12" t_id="251">emerge</token>
<token number="251" sentence="12" t_id="252">substantially</token>
<token number="252" sentence="12" t_id="253">stronger</token>
<token number="253" sentence="12" t_id="254">from</token>
<token number="254" sentence="12" t_id="255">a</token>
<token number="255" sentence="12" t_id="256">bankruptcy</token>
<token number="256" sentence="12" t_id="257">-</token>
<token number="257" sentence="12" t_id="258">provided</token>
<token number="258" sentence="12" t_id="259">the</token>
<token number="259" sentence="12" t_id="260">Chapter</token>
<token number="260" sentence="12" t_id="261">11</token>
<token number="261" sentence="12" t_id="262">process</token>
<token number="262" sentence="12" t_id="263">is</token>
<token number="263" sentence="12" t_id="264">not</token>
<token number="264" sentence="12" t_id="265">overly</token>
<token number="265" sentence="12" t_id="266">drawn</token>
<token number="266" sentence="12" t_id="267">out</token>
<token number="267" sentence="12" t_id="268">-</token>
<token number="268" sentence="12" t_id="269">particularly</token>
<token number="269" sentence="12" t_id="270">given</token>
<token number="270" sentence="12" t_id="271">the</token>
<token number="271" sentence="12" t_id="272">scope</token>
<token number="272" sentence="12" t_id="273">of</token>
<token number="273" sentence="12" t_id="274">targeted</token>
<token number="274" sentence="12" t_id="275">dealer</token>
<token number="275" sentence="12" t_id="276">cuts</token>
<token number="276" sentence="12" t_id="277">,</token>
<token number="277" sentence="12" t_id="278">''</token>
<token number="278" sentence="12" t_id="279">analyst</token>
<token number="279" sentence="12" t_id="280">Himanshu</token>
<token number="280" sentence="12" t_id="281">Patel</token>
<token number="281" sentence="12" t_id="282">said</token>
<token number="282" sentence="12" t_id="283">.</token>
<Markables>
<ENTITY_MENTION comment="" head="" m_id="23" syntactic_type="NAM">
<token_anchor t_id="72"/>
</ENTITY_MENTION>
<ENTITY_MENTION comment="" head="" m_id="29" syntactic_type="">
<token_anchor t_id="88"/>
<token_anchor t_id="89"/>
<token_anchor t_id="90"/>
</ENTITY_MENTION>
<ENTITY_MENTION comment="" head="" m_id="30" syntactic_type="">
<token_anchor t_id="93"/>
<token_anchor t_id="94"/>
</ENTITY_MENTION>
<ENTITY_MENTION comment="" head="" m_id="1" syntactic_type="PRE.NAM">
<token_anchor t_id="14"/>
<token_anchor t_id="15"/>
</ENTITY_MENTION>
<ENTITY_MENTION comment="" head="" m_id="2" syntactic_type="">
<token_anchor t_id="14"/>
<token_anchor t_id="15"/>
<token_anchor t_id="16"/>
<token_anchor t_id="17"/>
</ENTITY_MENTION>
<ENTITY_MENTION comment="" head="" m_id="3" syntactic_type="NAM">
<token_anchor t_id="18"/>
<token_anchor t_id="19"/>
</ENTITY_MENTION>
<ENTITY_MENTION comment="" head="" m_id="4" syntactic_type="NAM">
<token_anchor t_id="14"/>
<token_anchor t_id="15"/>
<token_anchor t_id="16"/>
<token_anchor t_id="17"/>
<token_anchor t_id="18"/>
<token_anchor t_id="19"/>
</ENTITY_MENTION>
<ENTITY_MENTION comment="" head="" m_id="46" syntactic_type="PRE.NAM">
<token_anchor t_id="1"/>
</ENTITY_MENTION>
<ENTITY_MENTION comment="" head="" m_id="5" syntactic_type="">
<token_anchor t_id="21"/>
</ENTITY_MENTION>
<ENTITY_MENTION comment="" head="" m_id="47" syntactic_type="">
<token_anchor t_id="1"/>
<token_anchor t_id="2"/>
</ENTITY_MENTION>
<ENTITY_MENTION comment="" head="" m_id="48" syntactic_type="NAM">
<token_anchor t_id="3"/>
</ENTITY_MENTION>
<ENTITY_MENTION comment="" head="" m_id="49" syntactic_type="NAM">
<token_anchor t_id="1"/>
<token_anchor t_id="2"/>
<token_anchor t_id="3"/>
</ENTITY_MENTION>
<ENTITY_MENTION comment="" head="" m_id="53" syntactic_type="">
<token_anchor t_id="38"/>
</ENTITY_MENTION>
<ENTITY_MENTION comment="" head="" m_id="55" syntactic_type="">
<token_anchor t_id="62"/>
</ENTITY_MENTION>
<ENTITY_MENTION comment="" head="" m_id="13" syntactic_type="">
<token_anchor t_id="45"/>
<token_anchor t_id="46"/>
</ENTITY_MENTION>
<ENTITY_MENTION comment="" head="" m_id="56" syntactic_type="">
<token_anchor t_id="108"/>
</ENTITY_MENTION>
<ENTITY_MENTION comment="" head="" m_id="14" syntactic_type="">
<token_anchor t_id="48"/>
</ENTITY_MENTION>
<ENTITY_MENTION comment="" head="" m_id="58" syntactic_type="">
<token_anchor t_id="86"/>
</ENTITY_MENTION>
<EVENT_MENTION aspect="PERFECTIVE" certainty="CERTAIN" comment="" m_id="24" modality="" polarity="POS" pos="VERB" pred="" special_cases="NONE" tense="PAST" time="NON_FUTURE">
<token_anchor t_id="74"/>
</EVENT_MENTION>
<EVENT_MENTION aspect="NONE" certainty="CERTAIN" comment="" m_id="25" modality="" polarity="POS" pos="NOUN" pred="" special_cases="NONE" tense="NONE" time="NON_FUTURE">
<token_anchor t_id="76"/>
</EVENT_MENTION>
<EVENT_MENTION aspect="PERFECTIVE" certainty="CERTAIN" comment="" m_id="31" modality="" polarity="POS" pos="VERB" pred="" special_cases="NONE" tense="PAST" time="NON_FUTURE">
<token_anchor t_id="92"/>
</EVENT_MENTION>
<EVENT_MENTION aspect="NONE" certainty="PROBABLE" comment="" m_id="32" modality="" polarity="UNDERSPECIFIED" pos="NOUN" pred="" special_cases="NONE" tense="NONE" time="FUTURE">
<token_anchor t_id="96"/>
</EVENT_MENTION>
<EVENT_MENTION aspect="NONE" certainty="PROBABLE" comment="" m_id="33" modality="" polarity="UNDERSPECIFIED" pos="VERB" pred="" special_cases="NONE" tense="INFINITIVE" time="FUTURE">
<token_anchor t_id="98"/>
</EVENT_MENTION>
<EVENT_MENTION aspect="NONE" certainty="CERTAIN" comment="" m_id="6" modality="" polarity="POS" pos="VERB" pred="" special_cases="NONE" tense="PAST" time="NON_FUTURE">
<token_anchor t_id="20"/>
</EVENT_MENTION>
<EVENT_MENTION aspect="PERFECTIVE" certainty="CERTAIN" comment="" m_id="7" modality="" polarity="POS" pos="VERB" pred="" special_cases="NONE" tense="PRESENT" time="NON_FUTURE">
<token_anchor t_id="23"/>
</EVENT_MENTION>
<EVENT_MENTION aspect="NONE" certainty="CERTAIN" comment="" m_id="8" modality="" polarity="POS" pos="NOUN" pred="" special_cases="NONE" tense="NONE" time="NON_FUTURE">
<token_anchor t_id="36"/>
</EVENT_MENTION>
<EVENT_MENTION aspect="NONE" certainty="CERTAIN" comment="" m_id="50" modality="" polarity="POS" pos="VERB" pred="" special_cases="NONE" tense="PRESENT" time="NON_FUTURE">
<token_anchor t_id="4"/>
</EVENT_MENTION>
<EVENT_MENTION aspect="NONE" certainty="CERTAIN" comment="" m_id="51" modality="" polarity="POS" pos="NOUN" pred="" special_cases="NONE" tense="NONE" time="NON_FUTURE">
<token_anchor t_id="5"/>
</EVENT_MENTION>
<EVENT_MENTION aspect="PROGRESSIVE" certainty="CERTAIN" comment="" m_id="15" modality="" polarity="NEG" pos="VERB" pred="" special_cases="NONE" tense="PRESPART" time="NON_FUTURE">
<token_anchor t_id="41"/>
</EVENT_MENTION>
<EVENT_MENTION aspect="NONE" certainty="CERTAIN" comment="" m_id="16" modality="" polarity="POS" pos="VERB" pred="" special_cases="NONE" tense="PAST" time="NON_FUTURE">
<token_anchor t_id="47"/>
</EVENT_MENTION>
<EVENT_MENTION aspect="PERFECTIVE" certainty="CERTAIN" comment="" m_id="17" modality="" polarity="POS" pos="VERB" pred="" special_cases="NONE" tense="PAST" time="NON_FUTURE">
<token_anchor t_id="50"/>
</EVENT_MENTION>
<SIGNAL comment="" m_id="21">
<token_anchor t_id="64"/>
</SIGNAL>
<SIGNAL comment="" m_id="10">
<token_anchor t_id="27"/>
</SIGNAL>
<TIMEX3 anchorTimeID="12" beginPoint="" comment="" endPoint="" functionInDocument="NONE" m_id="22" type="DATE" value="2008-Q1">
<token_anchor t_id="65"/>
<token_anchor t_id="66"/>
<token_anchor t_id="67"/>
<token_anchor t_id="68"/>
<token_anchor t_id="69"/>
<token_anchor t_id="70"/>
</TIMEX3>
<TIMEX3 anchorTimeID="" beginPoint="" comment="" endPoint="" functionInDocument="NONE" m_id="11" type="DATE" value="2009-Q1">
<token_anchor t_id="28"/>
<token_anchor t_id="29"/>
<token_anchor t_id="30"/>
<token_anchor t_id="31"/>
<token_anchor t_id="32"/>
</TIMEX3>
<TIMEX3 anchorTimeID="" beginPoint="" comment="" endPoint="" functionInDocument="CREATION_TIME" m_id="12" type="DATE" value="2009-05-07">
<token_anchor t_id="10"/>
<token_anchor t_id="11"/>
<token_anchor t_id="12"/>
<token_anchor t_id="13"/>
</TIMEX3>
<VALUE comment="" m_id="19" type="MONEY">
<token_anchor t_id="59"/>
<token_anchor t_id="60"/>
</VALUE>
<VALUE comment="" m_id="20" type="MONEY">
<token_anchor t_id="52"/>
<token_anchor t_id="53"/>
<token_anchor t_id="54"/>
<token_anchor t_id="55"/>
<token_anchor t_id="56"/>
<token_anchor t_id="57"/>
<token_anchor t_id="58"/>
<token_anchor t_id="59"/>
<token_anchor t_id="60"/>
</VALUE>
<VALUE comment="" m_id="26" type="MONEY">
<token_anchor t_id="78"/>
<token_anchor t_id="79"/>
<token_anchor t_id="80"/>
</VALUE>
<VALUE comment="" m_id="27" type="MONEY">
<token_anchor t_id="83"/>
<token_anchor t_id="84"/>
</VALUE>
<VALUE comment="" m_id="28" type="MONEY">
<token_anchor t_id="78"/>
<token_anchor t_id="79"/>
<token_anchor t_id="80"/>
<token_anchor t_id="81"/>
<token_anchor t_id="82"/>
<token_anchor t_id="83"/>
<token_anchor t_id="84"/>
</VALUE>
<VALUE comment="" m_id="34" type="MONEY">
<token_anchor t_id="99"/>
<token_anchor t_id="100"/>
<token_anchor t_id="101"/>
<token_anchor t_id="102"/>
</VALUE>
<VALUE comment="" m_id="35" type="MONEY">
<token_anchor t_id="105"/>
<token_anchor t_id="106"/>
</VALUE>
<VALUE comment="" m_id="36" type="MONEY">
<token_anchor t_id="99"/>
<token_anchor t_id="100"/>
<token_anchor t_id="101"/>
<token_anchor t_id="102"/>
<token_anchor t_id="103"/>
<token_anchor t_id="104"/>
<token_anchor t_id="105"/>
<token_anchor t_id="106"/>
</VALUE>
<VALUE comment="" m_id="9" type="MONEY">
<token_anchor t_id="24"/>
<token_anchor t_id="25"/>
<token_anchor t_id="26"/>
</VALUE>
<VALUE comment="" m_id="52" type="MONEY">
<token_anchor t_id="7"/>
<token_anchor t_id="8"/>
<token_anchor t_id="9"/>
</VALUE>
<VALUE comment="" m_id="18" type="MONEY">
<token_anchor t_id="52"/>
<token_anchor t_id="53"/>
<token_anchor t_id="54"/>
<token_anchor t_id="55"/>
<token_anchor t_id="56"/>
</VALUE>
<EVENT_MENTION m_id="61">
  <token_anchor t_id="117"/>
</EVENT_MENTION>
<EVENT_MENTION m_id="63">
  <token_anchor t_id="113"/>
</EVENT_MENTION>
<EVENT_MENTION m_id="73">
  <token_anchor t_id="131"/>
</EVENT_MENTION>
<EVENT_MENTION m_id="79">
  <token_anchor t_id="146"/>
</EVENT_MENTION>
<EVENT_MENTION m_id="92">
  <token_anchor t_id="182"/>
</EVENT_MENTION>
<ENTITY_MENTION m_id="60">
  <token_anchor t_id="144"/>
  <token_anchor t_id="145"/>
</ENTITY_MENTION>
<ENTITY_MENTION m_id="62">
  <token_anchor t_id="115"/>
</ENTITY_MENTION>
<ENTITY_MENTION m_id="64">
  <token_anchor t_id="110"/>
</ENTITY_MENTION>
<ENTITY_MENTION m_id="65">
  <token_anchor t_id="16"/>
</ENTITY_MENTION>
<ENTITY_MENTION m_id="66">
  <token_anchor t_id="128"/>
  <token_anchor t_id="129"/>
</ENTITY_MENTION>
<ENTITY_MENTION m_id="74">
  <token_anchor t_id="249"/>
</ENTITY_MENTION>
<ENTITY_MENTION m_id="77">
  <token_anchor t_id="221"/>
</ENTITY_MENTION>
<ENTITY_MENTION m_id="83">
  <token_anchor t_id="169"/>
</ENTITY_MENTION>
<ENTITY_MENTION m_id="86">
  <token_anchor t_id="161"/>
</ENTITY_MENTION>
<ENTITY_MENTION m_id="89">
  <token_anchor t_id="239"/>
</ENTITY_MENTION>
<ENTITY_MENTION m_id="90">
  <token_anchor t_id="180"/>
</ENTITY_MENTION>
<ENTITY_MENTION m_id="96">
  <token_anchor t_id="234"/>
</ENTITY_MENTION>
<EVENT TAG_DESCRIPTOR="Report-EHU" class="SPEECH_COGNITIVE" instance_id="SPE39841428879398357" m_id="107"/><EVENT TAG_DESCRIPTOR="Report-EHU" class="SPEECH_COGNITIVE" instance_id="SPE40166400806829714" m_id="105"/>
<EVENT TAG_DESCRIPTOR="Focus-EHU" class="OTHER" instance_id="OTH40539731269955343" m_id="104"/><EVENT TAG_DESCRIPTOR="Lose-EHU" class="OTHER" instance_id="OTH40165580821166669" m_id="102"/>
<EVENT TAG_DESCRIPTOR="Spend-EHU" class="OTHER" instance_id="OTH40167619945527883" m_id="101"/><EVENT TAG_DESCRIPTOR="lose" class="OTHER" comment="" external_ref="" m_id="44"/>
<EVENT TAG_DESCRIPTOR="include" class="OTHER" comment="" external_ref="" m_id="43"/><EVENT TAG_DESCRIPTOR="decline" class="GRAMMATICAL" comment="" external_ref="" m_id="42"/>
<EVENT TAG_DESCRIPTOR="Have-EHU" class="OTHER" instance_id="OTH40166924368580505" m_id="115"/><EVENT TAG_DESCRIPTOR="forecast" class="SPEECH_COGNITIVE" comment="" external_ref="" m_id="41"/>
<EVENT TAG_DESCRIPTOR="Report-EHU" class="SPEECH_COGNITIVE" instance_id="SPE40167539524269809" m_id="114"/><EVENT TAG_DESCRIPTOR="be" class="GRAMMATICAL" comment="" external_ref="" m_id="40"/>
<EVENT TAG_DESCRIPTOR="Loss-EHU" class="OTHER" instance_id="OTH41377901010210994" m_id="112"/><EVENT TAG_DESCRIPTOR="Receive-EHU" class="OTHER" instance_id="OTH40166758513038863" m_id="111"/>
<ENTITY TAG_DESCRIPTOR="automobile" ent_type="PRO" instance_id="PRO37402535305680047" m_id="109"/><ENTITY TAG_DESCRIPTOR="GM share" ent_type="FIN" instance_id="FIN45386938418601553" m_id="108"/>
<ENTITY TAG_DESCRIPTOR="revenue" ent_type="FIN" instance_id="FIN45386908812393870" m_id="106"/><ENTITY TAG_DESCRIPTOR="United States of America " ent_type="LOC" external_ref="http://dbpedia.org/resource/United_States" instance_id="LOC27735327659249054" m_id="103"/>
<ENTITY TAG_DESCRIPTOR="General Motors" ent_type="ORG" external_ref="http://dbpedia.org/resource/General_Motors" instance_id="ORG37406424148086837" m_id="113"/><ENTITY TAG_DESCRIPTOR="Financial analysts" ent_type="PER" external_ref="http://dbpedia.org/resource/Financial_analyst" instance_id="PER43999661376291416" m_id="110"/></Markables>
<Relations>
<HAS_PARTICIPANT comment="" r_id="123028" sem_role="Arg0" sem_role_framework="PROPBANK">
<source m_id="6"/>
<target m_id="4"/>
</HAS_PARTICIPANT>
<HAS_PARTICIPANT comment="" r_id="123029" sem_role="Arg0" sem_role_framework="PROPBANK">
<source m_id="7"/>
<target m_id="5"/>
</HAS_PARTICIPANT>
<HAS_PARTICIPANT comment="" r_id="123030" sem_role="Arg1" sem_role_framework="PROPBANK">
<source m_id="7"/>
<target m_id="9"/>
</HAS_PARTICIPANT>
<SLINK comment="" r_id="123031">
<source m_id="6"/>
<target m_id="7"/>
</SLINK>
<SLINK comment="" r_id="123032">
<source m_id="16"/>
<target m_id="17"/>
</SLINK>
<HAS_PARTICIPANT comment="" r_id="123033" sem_role="Arg0" sem_role_framework="PROPBANK">
<source m_id="16"/>
<target m_id="13"/>
</HAS_PARTICIPANT>
<HAS_PARTICIPANT comment="" r_id="123034" sem_role="Arg0" sem_role_framework="PROPBANK">
<source m_id="17"/>
<target m_id="14"/>
</HAS_PARTICIPANT>
<HAS_PARTICIPANT comment="" r_id="123036" sem_role="Arg0" sem_role_framework="PROPBANK">
<source m_id="24"/>
<target m_id="23"/>
</HAS_PARTICIPANT>
<HAS_PARTICIPANT comment="" r_id="123037" sem_role="Arg1" sem_role_framework="PROPBANK">
<source m_id="25"/>
<target m_id="28"/>
</HAS_PARTICIPANT>
<HAS_PARTICIPANT comment="" r_id="123038" sem_role="Arg0" sem_role_framework="PROPBANK">
<source m_id="25"/>
<target m_id="23"/>
</HAS_PARTICIPANT>
<SLINK comment="" r_id="123039">
<source m_id="24"/>
<target m_id="25"/>
</SLINK>
<HAS_PARTICIPANT comment="" r_id="123059" sem_role="Arg0" sem_role_framework="PROPBANK">
<source m_id="31"/>
<target m_id="29"/>
</HAS_PARTICIPANT>
<HAS_PARTICIPANT comment="" r_id="123060" sem_role="Arg0" sem_role_framework="PROPBANK">
<source m_id="32"/>
<target m_id="30"/>
</HAS_PARTICIPANT>
<HAS_PARTICIPANT comment="" r_id="123064" sem_role="Argm-OTHER" sem_role_framework="PROPBANK">
<source m_id="33"/>
<target m_id="36"/>
</HAS_PARTICIPANT>
<SLINK comment="" r_id="123066">
<source m_id="31"/>
<target m_id="33"/>
</SLINK>
<TLINK comment="" r_id="123068" reltype="BEFORE" signalID="">
<source m_id="6"/>
<target m_id="12"/>
</TLINK>
<TLINK comment="" r_id="123070" reltype="BEFORE" signalID="">
<source m_id="7"/>
<target m_id="12"/>
</TLINK>
<TLINK comment="" r_id="123071" reltype="BEFORE" signalID="">
<source m_id="16"/>
<target m_id="12"/>
</TLINK>
<TLINK comment="" r_id="123072" reltype="BEFORE" signalID="">
<source m_id="17"/>
<target m_id="12"/>
</TLINK>
<TLINK comment="" r_id="123074" reltype="BEFORE" signalID="">
<source m_id="24"/>
<target m_id="12"/>
</TLINK>
<TLINK comment="" r_id="123075" reltype="BEFORE" signalID="">
<source m_id="31"/>
<target m_id="12"/>
</TLINK>
<TLINK comment="" r_id="123076" reltype="IDENTITY" signalID="">
<source m_id="6"/>
<target m_id="16"/>
</TLINK>
<TLINK comment="" r_id="123078" reltype="SIMULTANEOUS" signalID="">
<source m_id="16"/>
<target m_id="24"/>
</TLINK>
<TLINK comment="" r_id="123079" reltype="SIMULTANEOUS" signalID="">
<source m_id="24"/>
<target m_id="31"/>
</TLINK>
<TLINK comment="" r_id="123081" reltype="AFTER" signalID="">
<source m_id="6"/>
<target m_id="7"/>
</TLINK>
<TLINK comment="" r_id="123082" reltype="SIMULTANEOUS" signalID="">
<source m_id="16"/>
<target m_id="17"/>
</TLINK>
<TLINK comment="" r_id="123083" reltype="IS_INCLUDED" signalID="">
<source m_id="17"/>
<target m_id="15"/>
</TLINK>
<TLINK comment="" r_id="123089" reltype="IS_INCLUDED" signalID="10">
<source m_id="7"/>
<target m_id="11"/>
</TLINK>
<TLINK comment="" r_id="123090" reltype="IS_INCLUDED" signalID="21">
<source m_id="25"/>
<target m_id="22"/>
</TLINK>
<HAS_PARTICIPANT comment="" r_id="242888" sem_role="Arg0" sem_role_framework="PROPBANK">
<source m_id="50"/>
<target m_id="49"/>
</HAS_PARTICIPANT>
<HAS_PARTICIPANT comment="" r_id="242889" sem_role="Arg2" sem_role_framework="PROPBANK">
<source m_id="51"/>
<target m_id="52"/>
</HAS_PARTICIPANT>
<SLINK comment="" r_id="242901">
<source m_id="50"/>
<target m_id="51"/>
</SLINK>
<HAS_PARTICIPANT comment="" r_id="243662" sem_role="Arg1" sem_role_framework="PROPBANK">
<source m_id="8"/>
<target m_id="53"/>
</HAS_PARTICIPANT>
<HAS_PARTICIPANT comment="" r_id="243957" sem_role="Arg1" sem_role_framework="PROPBANK">
<source m_id="17"/>
<target m_id="20"/>
</HAS_PARTICIPANT>




















<REFERS_TO r_id="243973">
<source m_id="32"/>
<target m_id="44"/>
</REFERS_TO>
<REFERS_TO r_id="243974">
<source m_id="8"/>
<target m_id="42"/>
</REFERS_TO>
<REFERS_TO r_id="243975">
<source m_id="15"/>
<target m_id="43"/>
</REFERS_TO>
<REFERS_TO r_id="243976">
<source m_id="33"/>
<target m_id="40"/>
</REFERS_TO>
<REFERS_TO r_id="243977">
<source m_id="31"/>
<target m_id="41"/>
</REFERS_TO>
<REFERS_TO r_id="243978">
<source m_id="79"/>
<target m_id="115"/>
</REFERS_TO>
<REFERS_TO r_id="243979">
<source m_id="63"/>
<target m_id="114"/>
</REFERS_TO>
<REFERS_TO r_id="243980">
<source m_id="56"/>
<source m_id="55"/>
<source m_id="58"/>
<target m_id="108"/>
</REFERS_TO>
<REFERS_TO r_id="243981">
<source m_id="65"/>
<target m_id="109"/>
</REFERS_TO>
<REFERS_TO r_id="243982">
<source m_id="73"/>
<target m_id="111"/>
</REFERS_TO>
<REFERS_TO r_id="243983">
<source m_id="29"/>
<target m_id="110"/>
</REFERS_TO>
<REFERS_TO r_id="243984">
<source m_id="60"/>
<source m_id="62"/>
<source m_id="64"/>
<source m_id="66"/>
<source m_id="5"/>
<source m_id="74"/>
<source m_id="49"/>
<source m_id="77"/>
<source m_id="14"/>
<source m_id="13"/>
<source m_id="83"/>
<source m_id="2"/>
<source m_id="30"/>
<source m_id="86"/>
<source m_id="47"/>
<source m_id="48"/>
<source m_id="89"/>
<source m_id="90"/>
<source m_id="3"/>
<source m_id="96"/>
<source m_id="23"/>
<source m_id="4"/>
<target m_id="113"/>
</REFERS_TO>
<REFERS_TO r_id="243985">
<source m_id="25"/>
<target m_id="112"/>
</REFERS_TO>
<REFERS_TO r_id="243986">
<source m_id="7"/>
<source m_id="51"/>
<source m_id="17"/>
<target m_id="102"/>
</REFERS_TO>
<REFERS_TO r_id="243987">
<source m_id="1"/>
<source m_id="46"/>
<target m_id="103"/>
</REFERS_TO>
<REFERS_TO r_id="243988">
<source m_id="61"/>
<target m_id="101"/>
</REFERS_TO>
<REFERS_TO r_id="243989">
<source m_id="53"/>
<target m_id="106"/>
</REFERS_TO>
<REFERS_TO r_id="243990">
<source m_id="6"/>
<source m_id="16"/>
<source m_id="50"/>
<target m_id="107"/>
</REFERS_TO>
<REFERS_TO r_id="243991">
<source m_id="92"/>
<target m_id="104"/>
</REFERS_TO>
<REFERS_TO r_id="243992">
<source m_id="24"/>
<target m_id="105"/>
</REFERS_TO>
</Relations>
</Document>