<?xml version="1.0" ?><Document doc_id="127227" doc_name="127227_Barack_Obama_presents_rescue_plan_after_GM_declaration_of_bankruptcy" lang="en" url="http://en.wikinews.org/wiki/Barack_Obama_presents_rescue_plan_after_GM_declaration_of_bankruptcy">
<token number="0" sentence="0" t_id="1">Barack</token>
<token number="1" sentence="0" t_id="2">Obama</token>
<token number="2" sentence="0" t_id="3">presents</token>
<token number="3" sentence="0" t_id="4">rescue</token>
<token number="4" sentence="0" t_id="5">plan</token>
<token number="5" sentence="0" t_id="6">after</token>
<token number="6" sentence="0" t_id="7">GM</token>
<token number="7" sentence="0" t_id="8">declaration</token>
<token number="8" sentence="0" t_id="9">of</token>
<token number="9" sentence="0" t_id="10">bankruptcy</token>
<token number="10" sentence="1" t_id="11">June</token>
<token number="11" sentence="1" t_id="12">01</token>
<token number="12" sentence="1" t_id="13">,</token>
<token number="13" sentence="1" t_id="14">2009</token>
<token number="14" sentence="2" t_id="15">In</token>
<token number="15" sentence="2" t_id="16">a</token>
<token number="16" sentence="2" t_id="17">televised</token>
<token number="17" sentence="2" t_id="18">speech</token>
<token number="18" sentence="2" t_id="19">from</token>
<token number="19" sentence="2" t_id="20">the</token>
<token number="20" sentence="2" t_id="21">White</token>
<token number="21" sentence="2" t_id="22">House</token>
<token number="22" sentence="2" t_id="23">at</token>
<token number="23" sentence="2" t_id="24">16:00</token>
<token number="24" sentence="2" t_id="25">UTC</token>
<token number="25" sentence="2" t_id="26">today</token>
<token number="26" sentence="2" t_id="27">,</token>
<token number="27" sentence="2" t_id="28">President</token>
<token number="28" sentence="2" t_id="29">of</token>
<token number="29" sentence="2" t_id="30">the</token>
<token number="30" sentence="2" t_id="31">United</token>
<token number="31" sentence="2" t_id="32">States</token>
<token number="32" sentence="2" t_id="33">Barack</token>
<token number="33" sentence="2" t_id="34">Obama</token>
<token number="34" sentence="2" t_id="35">presented</token>
<token number="35" sentence="2" t_id="36">a</token>
<token number="36" sentence="2" t_id="37">reorganization</token>
<token number="37" sentence="2" t_id="38">plan</token>
<token number="38" sentence="2" t_id="39">following</token>
<token number="39" sentence="2" t_id="40">the</token>
<token number="40" sentence="2" t_id="41">12:00</token>
<token number="41" sentence="2" t_id="42">UTC</token>
<token number="42" sentence="2" t_id="43">announcement</token>
<token number="43" sentence="2" t_id="44">by</token>
<token number="44" sentence="2" t_id="45">General</token>
<token number="45" sentence="2" t_id="46">Motors</token>
<token number="46" sentence="2" t_id="47">that</token>
<token number="47" sentence="2" t_id="48">it</token>
<token number="48" sentence="2" t_id="49">had</token>
<token number="49" sentence="2" t_id="50">filed</token>
<token number="50" sentence="2" t_id="51">for</token>
<token number="51" sentence="2" t_id="52">bankruptcy</token>
<token number="52" sentence="2" t_id="53">and</token>
<token number="53" sentence="2" t_id="54">Chapter</token>
<token number="54" sentence="2" t_id="55">11</token>
<token number="55" sentence="2" t_id="56">protection</token>
<token number="56" sentence="2" t_id="57">from</token>
<token number="57" sentence="2" t_id="58">its</token>
<token number="58" sentence="2" t_id="59">creditors</token>
<token number="59" sentence="2" t_id="60">,</token>
<token number="60" sentence="2" t_id="61">the</token>
<token number="61" sentence="2" t_id="62">largest</token>
<token number="62" sentence="2" t_id="63">bankruptcy</token>
<token number="63" sentence="2" t_id="64">of</token>
<token number="64" sentence="2" t_id="65">a</token>
<token number="65" sentence="2" t_id="66">U.S.</token>
<token number="66" sentence="2" t_id="67">manufacturing</token>
<token number="67" sentence="2" t_id="68">company</token>
<token number="68" sentence="2" t_id="69">.</token>
<token number="69" sentence="3" t_id="70">Describing</token>
<token number="70" sentence="3" t_id="71">the</token>
<token number="71" sentence="3" t_id="72">problem</token>
<token number="72" sentence="3" t_id="73">with</token>
<token number="73" sentence="3" t_id="74">the</token>
<token number="74" sentence="3" t_id="75">company</token>
<token number="75" sentence="3" t_id="76">as</token>
<token number="76" sentence="3" t_id="77">one</token>
<token number="77" sentence="3" t_id="78">that</token>
<token number="78" sentence="3" t_id="79">had</token>
<token number="79" sentence="3" t_id="80">been</token>
<token number="80" sentence="3" t_id="81">``</token>
<token number="81" sentence="3" t_id="82">decades</token>
<token number="82" sentence="3" t_id="83">in</token>
<token number="83" sentence="3" t_id="84">the</token>
<token number="84" sentence="3" t_id="85">making</token>
<token number="85" sentence="3" t_id="86">,</token>
<token number="86" sentence="3" t_id="87">''</token>
<token number="87" sentence="3" t_id="88">Obama</token>
<token number="88" sentence="3" t_id="89">explained</token>
<token number="89" sentence="3" t_id="90">the</token>
<token number="90" sentence="3" t_id="91">rationale</token>
<token number="91" sentence="3" t_id="92">behind</token>
<token number="92" sentence="3" t_id="93">his</token>
<token number="93" sentence="3" t_id="94">proposed</token>
<token number="94" sentence="3" t_id="95">reorganization</token>
<token number="95" sentence="3" t_id="96">plan</token>
<token number="96" sentence="3" t_id="97">for</token>
<token number="97" sentence="3" t_id="98">General</token>
<token number="98" sentence="3" t_id="99">Motors</token>
<token number="99" sentence="3" t_id="100">.</token>
<token number="100" sentence="4" t_id="101">He</token>
<token number="101" sentence="4" t_id="102">stated</token>
<token number="102" sentence="4" t_id="103">that</token>
<token number="103" sentence="4" t_id="104">his</token>
<token number="104" sentence="4" t_id="105">intent</token>
<token number="105" sentence="4" t_id="106">was</token>
<token number="106" sentence="4" t_id="107">not</token>
<token number="107" sentence="4" t_id="108">to</token>
<token number="108" sentence="4" t_id="109">``</token>
<token number="109" sentence="4" t_id="110">perpetuate</token>
<token number="110" sentence="4" t_id="111">]</token>
<token number="111" sentence="4" t_id="112">the</token>
<token number="112" sentence="4" t_id="113">bad</token>
<token number="113" sentence="4" t_id="114">business</token>
<token number="114" sentence="4" t_id="115">decisions</token>
<token number="115" sentence="4" t_id="116">of</token>
<token number="116" sentence="4" t_id="117">the</token>
<token number="117" sentence="4" t_id="118">past</token>
<token number="118" sentence="4" t_id="119">,</token>
<token number="119" sentence="4" t_id="120">''</token>
<token number="120" sentence="4" t_id="121">and</token>
<token number="121" sentence="4" t_id="122">that</token>
<token number="122" sentence="4" t_id="123">loaning</token>
<token number="123" sentence="4" t_id="124">General</token>
<token number="124" sentence="4" t_id="125">Motors</token>
<token number="125" sentence="4" t_id="126">money</token>
<token number="126" sentence="4" t_id="127">,</token>
<token number="127" sentence="4" t_id="128">when</token>
<token number="128" sentence="4" t_id="129">debt</token>
<token number="129" sentence="4" t_id="130">was</token>
<token number="130" sentence="4" t_id="131">its</token>
<token number="131" sentence="4" t_id="132">problem</token>
<token number="132" sentence="4" t_id="133">,</token>
<token number="133" sentence="4" t_id="134">would</token>
<token number="134" sentence="4" t_id="135">have</token>
<token number="135" sentence="4" t_id="136">been</token>
<token number="136" sentence="4" t_id="137">doing</token>
<token number="137" sentence="4" t_id="138">exactly</token>
<token number="138" sentence="4" t_id="139">that</token>
<token number="139" sentence="4" t_id="140">.</token>
<token number="140" sentence="5" t_id="141">His</token>
<token number="141" sentence="5" t_id="142">plan</token>
<token number="142" sentence="5" t_id="143">,</token>
<token number="143" sentence="5" t_id="144">he</token>
<token number="144" sentence="5" t_id="145">stated</token>
<token number="145" sentence="5" t_id="146">,</token>
<token number="146" sentence="5" t_id="147">was</token>
<token number="147" sentence="5" t_id="148">for</token>
<token number="148" sentence="5" t_id="149">the</token>
<token number="149" sentence="5" t_id="150">United</token>
<token number="150" sentence="5" t_id="151">States</token>
<token number="151" sentence="5" t_id="152">government</token>
<token number="152" sentence="5" t_id="153">,</token>
<token number="153" sentence="5" t_id="154">in</token>
<token number="154" sentence="5" t_id="155">conjunction</token>
<token number="155" sentence="5" t_id="156">with</token>
<token number="156" sentence="5" t_id="157">the</token>
<token number="157" sentence="5" t_id="158">governments</token>
<token number="158" sentence="5" t_id="159">of</token>
<token number="159" sentence="5" t_id="160">Canada</token>
<token number="160" sentence="5" t_id="161">and</token>
<token number="161" sentence="5" t_id="162">Ontario</token>
<token number="162" sentence="5" t_id="163">(</token>
<token number="163" sentence="5" t_id="164">which</token>
<token number="164" sentence="5" t_id="165">he</token>
<token number="165" sentence="5" t_id="166">thanked</token>
<token number="166" sentence="5" t_id="167">for</token>
<token number="167" sentence="5" t_id="168">their</token>
<token number="168" sentence="5" t_id="169">roles</token>
<token number="169" sentence="5" t_id="170">alongside</token>
<token number="170" sentence="5" t_id="171">the</token>
<token number="171" sentence="5" t_id="172">government</token>
<token number="172" sentence="5" t_id="173">of</token>
<token number="173" sentence="5" t_id="174">Germany</token>
<token number="174" sentence="5" t_id="175">which</token>
<token number="175" sentence="5" t_id="176">he</token>
<token number="176" sentence="5" t_id="177">thanked</token>
<token number="177" sentence="5" t_id="178">for</token>
<token number="178" sentence="5" t_id="179">its</token>
<token number="179" sentence="5" t_id="180">role</token>
<token number="180" sentence="5" t_id="181">in</token>
<token number="181" sentence="5" t_id="182">selling</token>
<token number="182" sentence="5" t_id="183">a</token>
<token number="183" sentence="5" t_id="184">corporate</token>
<token number="184" sentence="5" t_id="185">stake</token>
<token number="185" sentence="5" t_id="186">in</token>
<token number="186" sentence="5" t_id="187">GM</token>
<token number="187" sentence="5" t_id="188">Europe</token>
<token number="188" sentence="5" t_id="189">)</token>
<token number="189" sentence="5" t_id="190">,</token>
<token number="190" sentence="5" t_id="191">to</token>
<token number="191" sentence="5" t_id="192">become</token>
<token number="192" sentence="5" t_id="193">shareholders</token>
<token number="193" sentence="5" t_id="194">in</token>
<token number="194" sentence="5" t_id="195">General</token>
<token number="195" sentence="5" t_id="196">Motors</token>
<token number="196" sentence="5" t_id="197">.</token>
<token number="197" sentence="6" t_id="198">The</token>
<token number="198" sentence="6" t_id="199">United</token>
<token number="199" sentence="6" t_id="200">States</token>
<token number="200" sentence="6" t_id="201">government</token>
<token number="201" sentence="6" t_id="202">would</token>
<token number="202" sentence="6" t_id="203">hold</token>
<token number="203" sentence="6" t_id="204">a</token>
<token number="204" sentence="6" t_id="205">60</token>
<token number="205" sentence="6" t_id="206">%</token>
<token number="206" sentence="6" t_id="207">stake</token>
<token number="207" sentence="6" t_id="208">.</token>
<token number="208" sentence="7" t_id="209">The</token>
<token number="209" sentence="7" t_id="210">government</token>
<token number="210" sentence="7" t_id="211">will</token>
<token number="211" sentence="7" t_id="212">give</token>
<token number="212" sentence="7" t_id="213">GM</token>
<token number="213" sentence="7" t_id="214">a</token>
<token number="214" sentence="7" t_id="215">capital</token>
<token number="215" sentence="7" t_id="216">infusion</token>
<token number="216" sentence="7" t_id="217">of</token>
<token number="217" sentence="7" t_id="218">US$</token>
<token number="218" sentence="7" t_id="219">30</token>
<token number="219" sentence="7" t_id="220">billion</token>
<token number="220" sentence="7" t_id="221">in</token>
<token number="221" sentence="7" t_id="222">addition</token>
<token number="222" sentence="7" t_id="223">to</token>
<token number="223" sentence="7" t_id="224">the</token>
<token number="224" sentence="7" t_id="225">funds</token>
<token number="225" sentence="7" t_id="226">it</token>
<token number="226" sentence="7" t_id="227">has</token>
<token number="227" sentence="7" t_id="228">already</token>
<token number="228" sentence="7" t_id="229">received</token>
<token number="229" sentence="7" t_id="230">.</token>
<token number="230" sentence="8" t_id="231">Of</token>
<token number="231" sentence="8" t_id="232">the</token>
<token number="232" sentence="8" t_id="233">government</token>
<token number="233" sentence="8" t_id="234">ownership</token>
<token number="234" sentence="8" t_id="235">he</token>
<token number="235" sentence="8" t_id="236">stated</token>
<token number="236" sentence="8" t_id="237">that</token>
<token number="237" sentence="8" t_id="238">he</token>
<token number="238" sentence="8" t_id="239">refused</token>
<token number="239" sentence="8" t_id="240">``</token>
<token number="240" sentence="8" t_id="241">to</token>
<token number="241" sentence="8" t_id="242">let</token>
<token number="242" sentence="8" t_id="243">General</token>
<token number="243" sentence="8" t_id="244">Motors</token>
<token number="244" sentence="8" t_id="245">and</token>
<token number="245" sentence="8" t_id="246">Chrysler</token>
<token number="246" sentence="8" t_id="247">become</token>
<token number="247" sentence="8" t_id="248">wards</token>
<token number="248" sentence="8" t_id="249">of</token>
<token number="249" sentence="8" t_id="250">the</token>
<token number="250" sentence="8" t_id="251">state</token>
<token number="251" sentence="8" t_id="252">''</token>
<token number="252" sentence="8" t_id="253">,</token>
<token number="253" sentence="8" t_id="254">and</token>
<token number="254" sentence="8" t_id="255">described</token>
<token number="255" sentence="8" t_id="256">the</token>
<token number="256" sentence="8" t_id="257">bankruptcy</token>
<token number="257" sentence="8" t_id="258">of</token>
<token number="258" sentence="8" t_id="259">Chrysler</token>
<token number="259" sentence="8" t_id="260">,</token>
<token number="260" sentence="8" t_id="261">and</token>
<token number="261" sentence="8" t_id="262">the</token>
<token number="262" sentence="8" t_id="263">bankruptcy</token>
<token number="263" sentence="8" t_id="264">of</token>
<token number="264" sentence="8" t_id="265">General</token>
<token number="265" sentence="8" t_id="266">Motors</token>
<token number="266" sentence="8" t_id="267">that</token>
<token number="267" sentence="8" t_id="268">he</token>
<token number="268" sentence="8" t_id="269">envisioned</token>
<token number="269" sentence="8" t_id="270">as</token>
<token number="270" sentence="8" t_id="271">being</token>
<token number="271" sentence="8" t_id="272">``</token>
<token number="272" sentence="8" t_id="273">quick</token>
<token number="273" sentence="8" t_id="274">,</token>
<token number="274" sentence="8" t_id="275">surgical</token>
<token number="275" sentence="8" t_id="276">,</token>
<token number="276" sentence="8" t_id="277">bankruptcies</token>
<token number="277" sentence="8" t_id="278">''</token>
<token number="278" sentence="8" t_id="279">.</token>
<token number="279" sentence="9" t_id="280">He</token>
<token number="280" sentence="9" t_id="281">pointed</token>
<token number="281" sentence="9" t_id="282">to</token>
<token number="282" sentence="9" t_id="283">the</token>
<token number="283" sentence="9" t_id="284">bankruptcy</token>
<token number="284" sentence="9" t_id="285">of</token>
<token number="285" sentence="9" t_id="286">Chrysler</token>
<token number="286" sentence="9" t_id="287">as</token>
<token number="287" sentence="9" t_id="288">an</token>
<token number="288" sentence="9" t_id="289">example</token>
<token number="289" sentence="9" t_id="290">of</token>
<token number="290" sentence="9" t_id="291">what</token>
<token number="291" sentence="9" t_id="292">he</token>
<token number="292" sentence="9" t_id="293">envision</token>
<token number="293" sentence="9" t_id="294">for</token>
<token number="294" sentence="9" t_id="295">General</token>
<token number="295" sentence="9" t_id="296">Motors</token>
<token number="296" sentence="9" t_id="297">,</token>
<token number="297" sentence="9" t_id="298">but</token>
<token number="298" sentence="9" t_id="299">stated</token>
<token number="299" sentence="9" t_id="300">that</token>
<token number="300" sentence="9" t_id="301">General</token>
<token number="301" sentence="9" t_id="302">Motors</token>
<token number="302" sentence="9" t_id="303">was</token>
<token number="303" sentence="9" t_id="304">a</token>
<token number="304" sentence="9" t_id="305">``</token>
<token number="305" sentence="9" t_id="306">more</token>
<token number="306" sentence="9" t_id="307">complex</token>
<token number="307" sentence="9" t_id="308">company</token>
<token number="308" sentence="9" t_id="309">''</token>
<token number="309" sentence="9" t_id="310">than</token>
<token number="310" sentence="9" t_id="311">Chrysler</token>
<token number="311" sentence="9" t_id="312">.</token>
<token number="312" sentence="10" t_id="313">Responding</token>
<token number="313" sentence="10" t_id="314">to</token>
<token number="314" sentence="10" t_id="315">challenges</token>
<token number="315" sentence="10" t_id="316">voiced</token>
<token number="316" sentence="10" t_id="317">by</token>
<token number="317" sentence="10" t_id="318">political</token>
<token number="318" sentence="10" t_id="319">opponents</token>
<token number="319" sentence="10" t_id="320">,</token>
<token number="320" sentence="10" t_id="321">before</token>
<token number="321" sentence="10" t_id="322">the</token>
<token number="322" sentence="10" t_id="323">speech</token>
<token number="323" sentence="10" t_id="324">,</token>
<token number="324" sentence="10" t_id="325">that</token>
<token number="325" sentence="10" t_id="326">the</token>
<token number="326" sentence="10" t_id="327">federal</token>
<token number="327" sentence="10" t_id="328">government</token>
<token number="328" sentence="10" t_id="329">would</token>
<token number="329" sentence="10" t_id="330">actively</token>
<token number="330" sentence="10" t_id="331">participate</token>
<token number="331" sentence="10" t_id="332">in</token>
<token number="332" sentence="10" t_id="333">the</token>
<token number="333" sentence="10" t_id="334">affairs</token>
<token number="334" sentence="10" t_id="335">of</token>
<token number="335" sentence="10" t_id="336">the</token>
<token number="336" sentence="10" t_id="337">restructured</token>
<token number="337" sentence="10" t_id="338">company</token>
<token number="338" sentence="10" t_id="339">,</token>
<token number="339" sentence="10" t_id="340">he</token>
<token number="340" sentence="10" t_id="341">stated</token>
<token number="341" sentence="10" t_id="342">that</token>
<token number="342" sentence="10" t_id="343">he</token>
<token number="343" sentence="10" t_id="344">had</token>
<token number="344" sentence="10" t_id="345">``</token>
<token number="345" sentence="10" t_id="346">no</token>
<token number="346" sentence="10" t_id="347">interest</token>
<token number="347" sentence="10" t_id="348">''</token>
<token number="348" sentence="10" t_id="349">in</token>
<token number="349" sentence="10" t_id="350">running</token>
<token number="350" sentence="10" t_id="351">GM</token>
<token number="351" sentence="10" t_id="352">,</token>
<token number="352" sentence="10" t_id="353">and</token>
<token number="353" sentence="10" t_id="354">that</token>
<token number="354" sentence="10" t_id="355">the</token>
<token number="355" sentence="10" t_id="356">federal</token>
<token number="356" sentence="10" t_id="357">government</token>
<token number="357" sentence="10" t_id="358">would</token>
<token number="358" sentence="10" t_id="359">``</token>
<token number="359" sentence="10" t_id="360">refrain</token>
<token number="360" sentence="10" t_id="361">from</token>
<token number="361" sentence="10" t_id="362">exercising</token>
<token number="362" sentence="10" t_id="363">its</token>
<token number="363" sentence="10" t_id="364">rights</token>
<token number="364" sentence="10" t_id="365">''</token>
<token number="365" sentence="10" t_id="366">as</token>
<token number="366" sentence="10" t_id="367">a</token>
<token number="367" sentence="10" t_id="368">corporate</token>
<token number="368" sentence="10" t_id="369">shareholder</token>
<token number="369" sentence="10" t_id="370">for</token>
<token number="370" sentence="10" t_id="371">the</token>
<token number="371" sentence="10" t_id="372">most</token>
<token number="372" sentence="10" t_id="373">part</token>
<token number="373" sentence="10" t_id="374">.</token>
<token number="374" sentence="11" t_id="375">In</token>
<token number="375" sentence="11" t_id="376">particular</token>
<token number="376" sentence="11" t_id="377">,</token>
<token number="377" sentence="11" t_id="378">he</token>
<token number="378" sentence="11" t_id="379">stated</token>
<token number="379" sentence="11" t_id="380">that</token>
<token number="380" sentence="11" t_id="381">the</token>
<token number="381" sentence="11" t_id="382">federal</token>
<token number="382" sentence="11" t_id="383">government</token>
<token number="383" sentence="11" t_id="384">would</token>
<token number="384" sentence="11" t_id="385">not</token>
<token number="385" sentence="11" t_id="386">exercise</token>
<token number="386" sentence="11" t_id="387">its</token>
<token number="387" sentence="11" t_id="388">rights</token>
<token number="388" sentence="11" t_id="389">as</token>
<token number="389" sentence="11" t_id="390">a</token>
<token number="390" sentence="11" t_id="391">shareholder</token>
<token number="391" sentence="11" t_id="392">to</token>
<token number="392" sentence="11" t_id="393">dictate</token>
<token number="393" sentence="11" t_id="394">``</token>
<token number="394" sentence="11" t_id="395">what</token>
<token number="395" sentence="11" t_id="396">new</token>
<token number="396" sentence="11" t_id="397">type</token>
<token number="397" sentence="11" t_id="398">of</token>
<token number="398" sentence="11" t_id="399">car</token>
<token number="399" sentence="11" t_id="400">to</token>
<token number="400" sentence="11" t_id="401">make</token>
<token number="401" sentence="11" t_id="402">.</token>
<token number="402" sentence="11" t_id="403">''</token>
<token number="403" sentence="12" t_id="404">He</token>
<token number="404" sentence="12" t_id="405">stated</token>
<token number="405" sentence="12" t_id="406">that</token>
<token number="406" sentence="12" t_id="407">he</token>
<token number="407" sentence="12" t_id="408">expected</token>
<token number="408" sentence="12" t_id="409">the</token>
<token number="409" sentence="12" t_id="410">restructured</token>
<token number="410" sentence="12" t_id="411">GM</token>
<token number="411" sentence="12" t_id="412">to</token>
<token number="412" sentence="12" t_id="413">make</token>
<token number="413" sentence="12" t_id="414">``</token>
<token number="414" sentence="12" t_id="415">high</token>
<token number="415" sentence="12" t_id="416">quality</token>
<token number="416" sentence="12" t_id="417">,</token>
<token number="417" sentence="12" t_id="418">safe</token>
<token number="418" sentence="12" t_id="419">,</token>
<token number="419" sentence="12" t_id="420">and</token>
<token number="420" sentence="12" t_id="421">fuel-efficient</token>
<token number="421" sentence="12" t_id="422">cars</token>
<token number="422" sentence="12" t_id="423">of</token>
<token number="423" sentence="12" t_id="424">tomorrow</token>
<token number="424" sentence="12" t_id="425">,</token>
<token number="425" sentence="12" t_id="426">''</token>
<token number="426" sentence="12" t_id="427">and</token>
<token number="427" sentence="12" t_id="428">several</token>
<token number="428" sentence="12" t_id="429">times</token>
<token number="429" sentence="12" t_id="430">described</token>
<token number="430" sentence="12" t_id="431">what</token>
<token number="431" sentence="12" t_id="432">he</token>
<token number="432" sentence="12" t_id="433">anticipated</token>
<token number="433" sentence="12" t_id="434">as</token>
<token number="434" sentence="12" t_id="435">``</token>
<token number="435" sentence="12" t_id="436">better</token>
<token number="436" sentence="12" t_id="437">''</token>
<token number="437" sentence="12" t_id="438">and</token>
<token number="438" sentence="12" t_id="439">``</token>
<token number="439" sentence="12" t_id="440">fuel-efficient</token>
<token number="440" sentence="12" t_id="441">''</token>
<token number="441" sentence="12" t_id="442">cars</token>
<token number="442" sentence="12" t_id="443">,</token>
<token number="443" sentence="12" t_id="444">after</token>
<token number="444" sentence="12" t_id="445">a</token>
<token number="445" sentence="12" t_id="446">streamlining</token>
<token number="446" sentence="12" t_id="447">of</token>
<token number="447" sentence="12" t_id="448">GM</token>
<token number="448" sentence="12" t_id="449">'s</token>
<token number="449" sentence="12" t_id="450">brands</token>
<token number="450" sentence="12" t_id="451">.</token>
<token number="451" sentence="13" t_id="452">He</token>
<token number="452" sentence="13" t_id="453">said</token>
<token number="453" sentence="13" t_id="454">to</token>
<token number="454" sentence="13" t_id="455">the</token>
<token number="455" sentence="13" t_id="456">general</token>
<token number="456" sentence="13" t_id="457">public</token>
<token number="457" sentence="13" t_id="458">that</token>
<token number="458" sentence="13" t_id="459">``</token>
<token number="459" sentence="13" t_id="460">I</token>
<token number="460" sentence="13" t_id="461">will</token>
<token number="461" sentence="13" t_id="462">not</token>
<token number="462" sentence="13" t_id="463">pretend</token>
<token number="463" sentence="13" t_id="464">that</token>
<token number="464" sentence="13" t_id="465">the</token>
<token number="465" sentence="13" t_id="466">hard</token>
<token number="466" sentence="13" t_id="467">times</token>
<token number="467" sentence="13" t_id="468">are</token>
<token number="468" sentence="13" t_id="469">over</token>
<token number="469" sentence="13" t_id="470">.</token>
<token number="470" sentence="13" t_id="471">''</token>
<token number="471" sentence="14" t_id="472">He</token>
<token number="472" sentence="14" t_id="473">described</token>
<token number="473" sentence="14" t_id="474">the</token>
<token number="474" sentence="14" t_id="475">financial</token>
<token number="475" sentence="14" t_id="476">hardship</token>
<token number="476" sentence="14" t_id="477">that</token>
<token number="477" sentence="14" t_id="478">some</token>
<token number="478" sentence="14" t_id="479">--</token>
<token number="479" sentence="14" t_id="480">shareholders</token>
<token number="480" sentence="14" t_id="481">,</token>
<token number="481" sentence="14" t_id="482">communities</token>
<token number="482" sentence="14" t_id="483">based</token>
<token number="483" sentence="14" t_id="484">around</token>
<token number="484" sentence="14" t_id="485">GM</token>
<token number="485" sentence="14" t_id="486">plants</token>
<token number="486" sentence="14" t_id="487">,</token>
<token number="487" sentence="14" t_id="488">GM</token>
<token number="488" sentence="14" t_id="489">dealers</token>
<token number="489" sentence="14" t_id="490">,</token>
<token number="490" sentence="14" t_id="491">and</token>
<token number="491" sentence="14" t_id="492">others</token>
<token number="492" sentence="14" t_id="493">--</token>
<token number="493" sentence="14" t_id="494">would</token>
<token number="494" sentence="14" t_id="495">undergo</token>
<token number="495" sentence="14" t_id="496">as</token>
<token number="496" sentence="14" t_id="497">a</token>
<token number="497" sentence="14" t_id="498">``</token>
<token number="498" sentence="14" t_id="499">sacrifice</token>
<token number="499" sentence="14" t_id="500">for</token>
<token number="500" sentence="14" t_id="501">the</token>
<token number="501" sentence="14" t_id="502">next</token>
<token number="502" sentence="14" t_id="503">generation</token>
<token number="503" sentence="14" t_id="504">''</token>
<token number="504" sentence="14" t_id="505">on</token>
<token number="505" sentence="14" t_id="506">their</token>
<token number="506" sentence="14" t_id="507">parts</token>
<token number="507" sentence="14" t_id="508">,</token>
<token number="508" sentence="14" t_id="509">so</token>
<token number="509" sentence="14" t_id="510">that</token>
<token number="510" sentence="14" t_id="511">their</token>
<token number="511" sentence="14" t_id="512">children</token>
<token number="512" sentence="14" t_id="513">could</token>
<token number="513" sentence="14" t_id="514">live</token>
<token number="514" sentence="14" t_id="515">in</token>
<token number="515" sentence="14" t_id="516">``</token>
<token number="516" sentence="14" t_id="517">an</token>
<token number="517" sentence="14" t_id="518">America</token>
<token number="518" sentence="14" t_id="519">that</token>
<token number="519" sentence="14" t_id="520">still</token>
<token number="520" sentence="14" t_id="521">makes</token>
<token number="521" sentence="14" t_id="522">things</token>
<token number="522" sentence="14" t_id="523">,</token>
<token number="523" sentence="14" t_id="524">''</token>
<token number="524" sentence="14" t_id="525">concluding</token>
<token number="525" sentence="14" t_id="526">that</token>
<token number="526" sentence="14" t_id="527">one</token>
<token number="527" sentence="14" t_id="528">day</token>
<token number="528" sentence="14" t_id="529">the</token>
<token number="529" sentence="14" t_id="530">United</token>
<token number="530" sentence="14" t_id="531">States</token>
<token number="531" sentence="14" t_id="532">might</token>
<token number="532" sentence="14" t_id="533">return</token>
<token number="533" sentence="14" t_id="534">to</token>
<token number="534" sentence="14" t_id="535">a</token>
<token number="535" sentence="14" t_id="536">time</token>
<token number="536" sentence="14" t_id="537">when</token>
<token number="537" sentence="14" t_id="538">the</token>
<token number="538" sentence="14" t_id="539">maxim</token>
<token number="539" sentence="14" t_id="540">(</token>
<token number="540" sentence="14" t_id="541">a</token>
<token number="541" sentence="14" t_id="542">widely-repeated</token>
<token number="542" sentence="14" t_id="543">mis-quotation</token>
<token number="543" sentence="14" t_id="544">of</token>
<token number="544" sentence="14" t_id="545">what</token>
<token number="545" sentence="14" t_id="546">Charles</token>
<token number="546" sentence="14" t_id="547">Erwin</token>
<token number="547" sentence="14" t_id="548">Wilson</token>
<token number="548" sentence="14" t_id="549">once</token>
<token number="549" sentence="14" t_id="550">testified</token>
<token number="550" sentence="14" t_id="551">before</token>
<token number="551" sentence="14" t_id="552">the</token>
<token number="552" sentence="14" t_id="553">U.S.</token>
<token number="553" sentence="14" t_id="554">Senate</token>
<token number="554" sentence="14" t_id="555">when</token>
<token number="555" sentence="14" t_id="556">nominated</token>
<token number="556" sentence="14" t_id="557">for</token>
<token number="557" sentence="14" t_id="558">the</token>
<token number="558" sentence="14" t_id="559">position</token>
<token number="559" sentence="14" t_id="560">of</token>
<token number="560" sentence="14" t_id="561">Secretary</token>
<token number="561" sentence="14" t_id="562">of</token>
<token number="562" sentence="14" t_id="563">Defense</token>
<token number="563" sentence="14" t_id="564">)</token>
<token number="564" sentence="14" t_id="565">would</token>
<token number="565" sentence="14" t_id="566">once</token>
<token number="566" sentence="14" t_id="567">more</token>
<token number="567" sentence="14" t_id="568">be</token>
<token number="568" sentence="14" t_id="569">true</token>
<token number="569" sentence="14" t_id="570">that</token>
<token number="570" sentence="14" t_id="571">``</token>
<token number="571" sentence="14" t_id="572">what</token>
<token number="572" sentence="14" t_id="573">is</token>
<token number="573" sentence="14" t_id="574">good</token>
<token number="574" sentence="14" t_id="575">for</token>
<token number="575" sentence="14" t_id="576">General</token>
<token number="576" sentence="14" t_id="577">Motors</token>
<token number="577" sentence="14" t_id="578">is</token>
<token number="578" sentence="14" t_id="579">good</token>
<token number="579" sentence="14" t_id="580">for</token>
<token number="580" sentence="14" t_id="581">the</token>
<token number="581" sentence="14" t_id="582">United</token>
<token number="582" sentence="14" t_id="583">States</token>
<token number="583" sentence="14" t_id="584">of</token>
<token number="584" sentence="14" t_id="585">America</token>
<token number="585" sentence="14" t_id="586">.</token>
<token number="586" sentence="14" t_id="587">''</token>
<Markables>
<ENTITY_MENTION comment="" head="" m_id="51" syntactic_type="">
<token_anchor t_id="129"/>
</ENTITY_MENTION>
<ENTITY_MENTION comment="" head="" m_id="83" syntactic_type="">
<token_anchor t_id="175"/>
<token_anchor t_id="176"/>
<token_anchor t_id="177"/>
<token_anchor t_id="178"/>
<token_anchor t_id="179"/>
<token_anchor t_id="180"/>
<token_anchor t_id="181"/>
<token_anchor t_id="182"/>
<token_anchor t_id="183"/>
<token_anchor t_id="184"/>
<token_anchor t_id="185"/>
<token_anchor t_id="186"/>
<token_anchor t_id="187"/>
<token_anchor t_id="188"/>
</ENTITY_MENTION>
<ENTITY_MENTION comment="" head="" m_id="84" syntactic_type="">
<token_anchor t_id="171"/>
<token_anchor t_id="172"/>
<token_anchor t_id="173"/>
<token_anchor t_id="174"/>
<token_anchor t_id="175"/>
<token_anchor t_id="176"/>
<token_anchor t_id="177"/>
<token_anchor t_id="178"/>
<token_anchor t_id="179"/>
<token_anchor t_id="180"/>
<token_anchor t_id="181"/>
<token_anchor t_id="182"/>
<token_anchor t_id="183"/>
<token_anchor t_id="184"/>
<token_anchor t_id="185"/>
<token_anchor t_id="186"/>
<token_anchor t_id="187"/>
<token_anchor t_id="188"/>
</ENTITY_MENTION>
<ENTITY_MENTION comment="" head="" m_id="85" syntactic_type="">
<token_anchor t_id="149"/>
<token_anchor t_id="150"/>
<token_anchor t_id="151"/>
<token_anchor t_id="152"/>
<token_anchor t_id="153"/>
<token_anchor t_id="154"/>
<token_anchor t_id="155"/>
<token_anchor t_id="156"/>
<token_anchor t_id="157"/>
<token_anchor t_id="158"/>
<token_anchor t_id="159"/>
<token_anchor t_id="160"/>
<token_anchor t_id="161"/>
<token_anchor t_id="162"/>
<token_anchor t_id="163"/>
<token_anchor t_id="164"/>
<token_anchor t_id="165"/>
<token_anchor t_id="166"/>
<token_anchor t_id="167"/>
<token_anchor t_id="168"/>
<token_anchor t_id="169"/>
</ENTITY_MENTION>
<ENTITY_MENTION comment="" head="" m_id="86" syntactic_type="">
<token_anchor t_id="193"/>
</ENTITY_MENTION>
<ENTITY_MENTION comment="" head="" m_id="130" syntactic_type="NAM">
<token_anchor t_id="1"/>
<token_anchor t_id="2"/>
</ENTITY_MENTION>
<ENTITY_MENTION comment="" head="" m_id="56" syntactic_type="">
<token_anchor t_id="141"/>
</ENTITY_MENTION>
<ENTITY_MENTION comment="" head="" m_id="131" syntactic_type="">
<token_anchor t_id="7"/>
</ENTITY_MENTION>
<ENTITY_MENTION comment="" head="" m_id="57" syntactic_type="">
<token_anchor t_id="144"/>
</ENTITY_MENTION>
<ENTITY_MENTION comment="" head="" m_id="25" syntactic_type="">
<token_anchor t_id="74"/>
<token_anchor t_id="75"/>
</ENTITY_MENTION>
<ENTITY_MENTION comment="" head="" m_id="58" syntactic_type="">
<token_anchor t_id="149"/>
<token_anchor t_id="150"/>
<token_anchor t_id="151"/>
<token_anchor t_id="152"/>
</ENTITY_MENTION>
<ENTITY_MENTION comment="" head="" m_id="26" syntactic_type="NAM">
<token_anchor t_id="88"/>
</ENTITY_MENTION>
<ENTITY_MENTION comment="" head="" m_id="59" syntactic_type="NAM">
<token_anchor t_id="157"/>
<token_anchor t_id="158"/>
<token_anchor t_id="159"/>
<token_anchor t_id="160"/>
</ENTITY_MENTION>
<ENTITY_MENTION comment="" head="" m_id="27" syntactic_type="">
<token_anchor t_id="93"/>
</ENTITY_MENTION>
<ENTITY_MENTION comment="" head="" m_id="60" syntactic_type="NAM">
<token_anchor t_id="162"/>
</ENTITY_MENTION>
<ENTITY_MENTION comment="" head="" m_id="28" syntactic_type="NAM">
<token_anchor t_id="98"/>
<token_anchor t_id="99"/>
</ENTITY_MENTION>
<ENTITY_MENTION comment="" head="" m_id="61" syntactic_type="">
<token_anchor t_id="164"/>
</ENTITY_MENTION>
<ENTITY_MENTION comment="" head="" m_id="62" syntactic_type="">
<token_anchor t_id="165"/>
</ENTITY_MENTION>
<ENTITY_MENTION comment="" head="" m_id="137" syntactic_type="PRE.NAM">
<token_anchor t_id="150"/>
<token_anchor t_id="151"/>
</ENTITY_MENTION>
<ENTITY_MENTION comment="" head="" m_id="63" syntactic_type="">
<token_anchor t_id="168"/>
</ENTITY_MENTION>
<ENTITY_MENTION comment="" head="" m_id="64" syntactic_type="NAM">
<token_anchor t_id="171"/>
<token_anchor t_id="172"/>
<token_anchor t_id="173"/>
<token_anchor t_id="174"/>
</ENTITY_MENTION>
<ENTITY_MENTION comment="" head="" m_id="65" syntactic_type="">
<token_anchor t_id="175"/>
</ENTITY_MENTION>
<ENTITY_MENTION comment="" head="" m_id="1" syntactic_type="NAM">
<token_anchor t_id="20"/>
<token_anchor t_id="21"/>
<token_anchor t_id="22"/>
</ENTITY_MENTION>
<ENTITY_MENTION comment="" head="" m_id="66" syntactic_type="">
<token_anchor t_id="176"/>
</ENTITY_MENTION>
<ENTITY_MENTION comment="" head="" m_id="2" syntactic_type="NAM">
<token_anchor t_id="30"/>
<token_anchor t_id="31"/>
<token_anchor t_id="32"/>
</ENTITY_MENTION>
<ENTITY_MENTION comment="" head="" m_id="67" syntactic_type="">
<token_anchor t_id="179"/>
</ENTITY_MENTION>
<ENTITY_MENTION comment="" head="" m_id="3" syntactic_type="">
<token_anchor t_id="28"/>
<token_anchor t_id="29"/>
<token_anchor t_id="30"/>
<token_anchor t_id="31"/>
<token_anchor t_id="32"/>
</ENTITY_MENTION>
<ENTITY_MENTION comment="" head="" m_id="68" syntactic_type="">
<token_anchor t_id="183"/>
<token_anchor t_id="184"/>
<token_anchor t_id="185"/>
<token_anchor t_id="186"/>
<token_anchor t_id="187"/>
<token_anchor t_id="188"/>
</ENTITY_MENTION>
<ENTITY_MENTION comment="" head="" m_id="4" syntactic_type="">
<token_anchor t_id="33"/>
<token_anchor t_id="34"/>
</ENTITY_MENTION>
<ENTITY_MENTION comment="" head="" m_id="37" syntactic_type="">
<token_anchor t_id="101"/>
</ENTITY_MENTION>
<ENTITY_MENTION comment="" head="" m_id="69" syntactic_type="NAM">
<token_anchor t_id="187"/>
<token_anchor t_id="188"/>
</ENTITY_MENTION>
<ENTITY_MENTION comment="" head="" m_id="5" syntactic_type="NAM">
<token_anchor t_id="28"/>
<token_anchor t_id="29"/>
<token_anchor t_id="30"/>
<token_anchor t_id="31"/>
<token_anchor t_id="32"/>
<token_anchor t_id="33"/>
<token_anchor t_id="34"/>
</ENTITY_MENTION>
<ENTITY_MENTION comment="" head="" m_id="38" syntactic_type="">
<token_anchor t_id="104"/>
</ENTITY_MENTION>
<ENTITY_MENTION comment="" head="" m_id="70" syntactic_type="NAM">
<token_anchor t_id="195"/>
<token_anchor t_id="196"/>
</ENTITY_MENTION>
<ENTITY_MENTION comment="" head="" m_id="6" syntactic_type="NAM">
<token_anchor t_id="45"/>
<token_anchor t_id="46"/>
</ENTITY_MENTION>
<ENTITY_MENTION comment="" head="" m_id="39" syntactic_type="NAM">
<token_anchor t_id="124"/>
<token_anchor t_id="125"/>
</ENTITY_MENTION>
<ENTITY_MENTION comment="" head="" m_id="71" syntactic_type="">
<token_anchor t_id="157"/>
<token_anchor t_id="158"/>
<token_anchor t_id="159"/>
<token_anchor t_id="160"/>
<token_anchor t_id="161"/>
<token_anchor t_id="162"/>
</ENTITY_MENTION>
<ENTITY_MENTION comment="" head="" m_id="7" syntactic_type="">
<token_anchor t_id="48"/>
</ENTITY_MENTION>
<ENTITY_MENTION comment="" head="" m_id="40" syntactic_type="">
<token_anchor t_id="126"/>
</ENTITY_MENTION>
<ENTITY_MENTION comment="" head="" m_id="8" syntactic_type="">
<token_anchor t_id="58"/>
</ENTITY_MENTION>
<ENTITY_MENTION comment="" head="" m_id="41" syntactic_type="">
<token_anchor t_id="131"/>
</ENTITY_MENTION>
<ENTITY_MENTION comment="" head="" m_id="9" syntactic_type="">
<token_anchor t_id="58"/>
<token_anchor t_id="59"/>
</ENTITY_MENTION>
<ENTITY_MENTION comment="" head="" m_id="10" syntactic_type="PRE.NAM">
<token_anchor t_id="66"/>
</ENTITY_MENTION>
<ENTITY_MENTION comment="" head="" m_id="11" syntactic_type="">
<token_anchor t_id="65"/>
<token_anchor t_id="66"/>
<token_anchor t_id="67"/>
<token_anchor t_id="68"/>
</ENTITY_MENTION>
<ENTITY_MENTION comment="" head="" m_id="81" syntactic_type="">
<token_anchor t_id="164"/>
<token_anchor t_id="165"/>
<token_anchor t_id="166"/>
<token_anchor t_id="167"/>
<token_anchor t_id="168"/>
<token_anchor t_id="169"/>
</ENTITY_MENTION>
<ENTITY_MENTION comment="" head="" m_id="82" syntactic_type="">
<token_anchor t_id="157"/>
<token_anchor t_id="158"/>
<token_anchor t_id="159"/>
<token_anchor t_id="160"/>
<token_anchor t_id="161"/>
<token_anchor t_id="162"/>
<token_anchor t_id="163"/>
<token_anchor t_id="164"/>
<token_anchor t_id="165"/>
<token_anchor t_id="166"/>
<token_anchor t_id="167"/>
<token_anchor t_id="168"/>
<token_anchor t_id="169"/>
</ENTITY_MENTION>
<EVENT_MENTION aspect="NONE" certainty="UNDERSPECIFIED" comment="" m_id="19" modality="" polarity="POS" pos="NOUN" pred="" special_cases="NONE" tense="NONE" time="FUTURE">
<token_anchor t_id="56"/>
</EVENT_MENTION>
<EVENT_MENTION aspect="NONE" certainty="CERTAIN" comment="" m_id="20" modality="" polarity="POS" pos="NOUN" pred="" special_cases="NONE" tense="NONE" time="NON_FUTURE">
<token_anchor t_id="63"/>
</EVENT_MENTION>
<EVENT_MENTION aspect="" certainty="CERTAIN" comment="" m_id="55" modality="" polarity="POS" pos="" pred="" special_cases="NONE" tense="" time="NON_FUTURE">
<token_anchor t_id="106"/>
<token_anchor t_id="137"/>
</EVENT_MENTION>
<EVENT_MENTION aspect="NONE" certainty="CERTAIN" comment="" m_id="132" modality="" polarity="POS" pos="VERB" pred="" special_cases="NONE" tense="PRESENT" time="NON_FUTURE">
<token_anchor t_id="3"/>
</EVENT_MENTION>
<EVENT_MENTION aspect="NONE" certainty="CERTAIN" comment="" m_id="133" modality="" polarity="POS" pos="NOUN" pred="" special_cases="NONE" tense="NONE" time="NON_FUTURE">
<token_anchor t_id="5"/>
</EVENT_MENTION>
<EVENT_MENTION aspect="NONE" certainty="CERTAIN" comment="" m_id="134" modality="" polarity="POS" pos="NOUN" pred="" special_cases="NONE" tense="NONE" time="NON_FUTURE">
<token_anchor t_id="8"/>
</EVENT_MENTION>
<EVENT_MENTION aspect="NONE" certainty="CERTAIN" comment="" m_id="135" modality="" polarity="POS" pos="NOUN" pred="" special_cases="NONE" tense="NONE" time="NON_FUTURE">
<token_anchor t_id="10"/>
</EVENT_MENTION>
<EVENT_MENTION aspect="NONE" certainty="CERTAIN" comment="" m_id="29" modality="" polarity="POS" pos="VERB" pred="" special_cases="NONE" tense="PRESPART" time="NON_FUTURE">
<token_anchor t_id="70"/>
</EVENT_MENTION>
<EVENT_MENTION aspect="PERFECTIVE" certainty="CERTAIN" comment="" m_id="30" modality="" polarity="POS" pos="VERB" pred="" special_cases="NONE" tense="PAST" time="NON_FUTURE">
<token_anchor t_id="80"/>
</EVENT_MENTION>
<EVENT_MENTION aspect="NONE" certainty="CERTAIN" comment="" m_id="31" modality="" polarity="POS" pos="NOUN" pred="" special_cases="NONE" tense="NONE" time="NON_FUTURE">
<token_anchor t_id="85"/>
</EVENT_MENTION>
<EVENT_MENTION aspect="NONE" certainty="CERTAIN" comment="" m_id="32" modality="" polarity="POS" pos="VERB" pred="" special_cases="NONE" tense="PAST" time="NON_FUTURE">
<token_anchor t_id="89"/>
</EVENT_MENTION>
<EVENT_MENTION aspect="PERFECTIVE" certainty="CERTAIN" comment="" m_id="33" modality="" polarity="POS" pos="VERB" pred="" special_cases="NONE" tense="PASTPART" time="NON_FUTURE">
<token_anchor t_id="94"/>
</EVENT_MENTION>
<EVENT_MENTION aspect="NONE" certainty="UNDERSPECIFIED" comment="" m_id="34" modality="" polarity="UNDERSPECIFIED" pos="NOUN" pred="" special_cases="NONE" tense="NONE" time="FUTURE">
<token_anchor t_id="95"/>
</EVENT_MENTION>
<EVENT_MENTION aspect="NONE" certainty="CERTAIN" comment="" m_id="35" modality="" polarity="POS" pos="NOUN" pred="" special_cases="NONE" tense="NONE" time="FUTURE">
<token_anchor t_id="96"/>
</EVENT_MENTION>
<EVENT_MENTION aspect="NONE" certainty="CERTAIN" comment="" m_id="72" modality="" polarity="POS" pos="NOUN" pred="" special_cases="NONE" tense="NONE" time="NON_FUTURE">
<token_anchor t_id="142"/>
</EVENT_MENTION>
<EVENT_MENTION aspect="NONE" certainty="CERTAIN" comment="" m_id="73" modality="" polarity="POS" pos="VERB" pred="" special_cases="NONE" tense="PAST" time="NON_FUTURE">
<token_anchor t_id="145"/>
</EVENT_MENTION>
<EVENT_MENTION aspect="NONE" certainty="CERTAIN" comment="" m_id="42" modality="" polarity="POS" pos="VERB" pred="" special_cases="NONE" tense="PAST" time="NON_FUTURE">
<token_anchor t_id="102"/>
</EVENT_MENTION>
<EVENT_MENTION aspect="NONE" certainty="CERTAIN" comment="" m_id="74" modality="" polarity="POS" pos="VERB" pred="" special_cases="NONE" tense="PAST" time="NON_FUTURE">
<token_anchor t_id="147"/>
</EVENT_MENTION>
<EVENT_MENTION aspect="NONE" certainty="CERTAIN" comment="" m_id="43" modality="" polarity="NEG" pos="VERB" pred="" special_cases="NONE" tense="PAST" time="NON_FUTURE">
<token_anchor t_id="106"/>
</EVENT_MENTION>
<EVENT_MENTION aspect="NONE" certainty="CERTAIN" comment="" m_id="75" modality="" polarity="POS" pos="VERB" pred="" special_cases="NONE" tense="PAST" time="NON_FUTURE">
<token_anchor t_id="166"/>
</EVENT_MENTION>
<EVENT_MENTION aspect="NONE" certainty="CERTAIN" comment="" m_id="44" modality="" polarity="POS" pos="VERB" pred="" special_cases="NONE" tense="INFINITIVE" time="NON_FUTURE">
<token_anchor t_id="110"/>
</EVENT_MENTION>
<EVENT_MENTION aspect="NONE" certainty="CERTAIN" comment="" m_id="76" modality="" polarity="POS" pos="NOUN" pred="" special_cases="NONE" tense="NONE" time="NON_FUTURE">
<token_anchor t_id="169"/>
</EVENT_MENTION>
<EVENT_MENTION aspect="NONE" certainty="CERTAIN" comment="" m_id="12" modality="" polarity="POS" pos="NOUN" pred="" special_cases="NONE" tense="NONE" time="NON_FUTURE">
<token_anchor t_id="18"/>
</EVENT_MENTION>
<EVENT_MENTION aspect="NONE" certainty="CERTAIN" comment="" m_id="45" modality="" polarity="POS" pos="NOUN" pred="" special_cases="NONE" tense="NONE" time="NON_FUTURE">
<token_anchor t_id="115"/>
</EVENT_MENTION>
<EVENT_MENTION aspect="NONE" certainty="CERTAIN" comment="" m_id="77" modality="" polarity="POS" pos="VERB" pred="" special_cases="NONE" tense="PAST" time="NON_FUTURE">
<token_anchor t_id="177"/>
</EVENT_MENTION>
<EVENT_MENTION aspect="NONE" certainty="CERTAIN" comment="" m_id="13" modality="" polarity="POS" pos="VERB" pred="" special_cases="NONE" tense="PAST" time="NON_FUTURE">
<token_anchor t_id="35"/>
</EVENT_MENTION>
<EVENT_MENTION aspect="NONE" certainty="CERTAIN" comment="" m_id="46" modality="" polarity="POS" pos="VERB" pred="" special_cases="NONE" tense="PRESPART" time="NON_FUTURE">
<token_anchor t_id="123"/>
</EVENT_MENTION>
<EVENT_MENTION aspect="NONE" certainty="CERTAIN" comment="" m_id="78" modality="" polarity="POS" pos="NOUN" pred="" special_cases="NONE" tense="NONE" time="NON_FUTURE">
<token_anchor t_id="180"/>
</EVENT_MENTION>
<EVENT_MENTION aspect="NONE" certainty="PROBABLE" comment="" m_id="14" modality="" polarity="UNDERSPECIFIED" pos="NOUN" pred="" special_cases="NONE" tense="NONE" time="FUTURE">
<token_anchor t_id="37"/>
</EVENT_MENTION>
<EVENT_MENTION aspect="NONE" certainty="CERTAIN" comment="" m_id="47" modality="" polarity="POS" pos="VERB" pred="" special_cases="NONE" tense="PAST" time="NON_FUTURE">
<token_anchor t_id="130"/>
</EVENT_MENTION>
<EVENT_MENTION aspect="NONE" certainty="CERTAIN" comment="" m_id="79" modality="" polarity="POS" pos="VERB" pred="" special_cases="NONE" tense="PRESPART" time="NON_FUTURE">
<token_anchor t_id="182"/>
</EVENT_MENTION>
<EVENT_MENTION aspect="NONE" certainty="CERTAIN" comment="" m_id="15" modality="" polarity="POS" pos="NOUN" pred="" special_cases="NONE" tense="NONE" time="NON_FUTURE">
<token_anchor t_id="38"/>
</EVENT_MENTION>
<EVENT_MENTION aspect="PERFECTIVE_PROGRESSIVE" certainty="UNDERSPECIFIED" comment="" m_id="48" modality="" polarity="POS" pos="VERB" pred="" special_cases="NONE" tense="PAST" time="NON_FUTURE">
<token_anchor t_id="137"/>
</EVENT_MENTION>
<EVENT_MENTION aspect="NONE" certainty="POSSIBLE" comment="" m_id="80" modality="" polarity="POS" pos="VERB" pred="" special_cases="NONE" tense="INFINITIVE" time="FUTURE">
<token_anchor t_id="192"/>
</EVENT_MENTION>
<EVENT_MENTION aspect="NONE" certainty="CERTAIN" comment="" m_id="16" modality="" polarity="POS" pos="NOUN" pred="" special_cases="NONE" tense="NONE" time="NON_FUTURE">
<token_anchor t_id="43"/>
</EVENT_MENTION>
<EVENT_MENTION aspect="NONE" certainty="CERTAIN" comment="" m_id="49" modality="" polarity="POS" pos="OTHER" pred="" special_cases="NONE" tense="NONE" time="NON_FUTURE">
<token_anchor t_id="139"/>
</EVENT_MENTION>
<EVENT_MENTION aspect="PERFECTIVE" certainty="CERTAIN" comment="" m_id="17" modality="" polarity="POS" pos="VERB" pred="" special_cases="NONE" tense="PAST" time="NON_FUTURE">
<token_anchor t_id="50"/>
</EVENT_MENTION>
<EVENT_MENTION aspect="NONE" certainty="CERTAIN" comment="" m_id="50" modality="" polarity="POS" pos="NOUN" pred="" special_cases="NONE" tense="NONE" time="NON_FUTURE">
<token_anchor t_id="105"/>
</EVENT_MENTION>
<EVENT_MENTION aspect="NONE" certainty="CERTAIN" comment="" m_id="18" modality="" polarity="POS" pos="NOUN" pred="" special_cases="NONE" tense="NONE" time="NON_FUTURE">
<token_anchor t_id="52"/>
</EVENT_MENTION>
<SIGNAL comment="" m_id="52">
<token_anchor t_id="116"/>
</SIGNAL>
<SIGNAL comment="" m_id="54">
<token_anchor t_id="128"/>
</SIGNAL>
<SIGNAL comment="" m_id="24">
<token_anchor t_id="23"/>
</SIGNAL>
<SIGNAL comment="" m_id="136">
<token_anchor t_id="6"/>
</SIGNAL>
<TIMEX3 anchorTimeID="" beginPoint="" comment="" endPoint="" functionInDocument="NONE" m_id="53" type="DATE" value="PAST_REF">
<token_anchor t_id="117"/>
<token_anchor t_id="118"/>
</TIMEX3>
<TIMEX3 anchorTimeID="" beginPoint="" comment="" endPoint="" functionInDocument="CREATION_TIME" m_id="21" type="DATE" value="2009-06-01">
<token_anchor t_id="11"/>
<token_anchor t_id="12"/>
<token_anchor t_id="13"/>
<token_anchor t_id="14"/>
</TIMEX3>
<TIMEX3 anchorTimeID="21" beginPoint="" comment="" endPoint="" functionInDocument="NONE" m_id="22" type="TIME" value="2009-06-01T16:00Z">
<token_anchor t_id="24"/>
<token_anchor t_id="25"/>
<token_anchor t_id="26"/>
</TIMEX3>
<TIMEX3 anchorTimeID="21" beginPoint="" comment="" endPoint="" functionInDocument="NONE" m_id="23" type="TIME" value="2009-06-01T12:00Z">
<token_anchor t_id="41"/>
<token_anchor t_id="42"/>
</TIMEX3>
<TIMEX3 anchorTimeID="" beginPoint="" comment="" endPoint="21" functionInDocument="NONE" m_id="36" type="DURATION" value="PXD">
<token_anchor t_id="82"/>
</TIMEX3>
<EVENT_MENTION m_id="139">
  <token_anchor t_id="281"/>
</EVENT_MENTION>
<EVENT_MENTION m_id="142">
  <token_anchor t_id="284"/>
</EVENT_MENTION>
<EVENT_MENTION m_id="152">
  <token_anchor t_id="341"/>
</EVENT_MENTION>
<EVENT_MENTION m_id="153">
  <token_anchor t_id="473"/>
</EVENT_MENTION>
<EVENT_MENTION m_id="162">
  <token_anchor t_id="405"/>
</EVENT_MENTION>
<EVENT_MENTION m_id="169">
  <token_anchor t_id="212"/>
</EVENT_MENTION>
<EVENT_MENTION m_id="176">
  <token_anchor t_id="313"/>
</EVENT_MENTION>
<EVENT_MENTION m_id="189">
  <token_anchor t_id="229"/>
</EVENT_MENTION>
<EVENT_MENTION m_id="194">
  <token_anchor t_id="299"/>
</EVENT_MENTION>
<EVENT_MENTION m_id="195">
  <token_anchor t_id="525"/>
</EVENT_MENTION>
<EVENT_MENTION m_id="201">
  <token_anchor t_id="433"/>
</EVENT_MENTION>
<EVENT_MENTION m_id="203">
  <token_anchor t_id="430"/>
</EVENT_MENTION>
<EVENT_MENTION m_id="213">
  <token_anchor t_id="379"/>
</EVENT_MENTION>
<EVENT_MENTION m_id="216">
  <token_anchor t_id="239"/>
</EVENT_MENTION>
<EVENT_MENTION m_id="219">
  <token_anchor t_id="236"/>
</EVENT_MENTION>
<EVENT_MENTION m_id="223">
  <token_anchor t_id="132"/>
</EVENT_MENTION>
<EVENT_MENTION m_id="227">
  <token_anchor t_id="453"/>
</EVENT_MENTION>
<EVENT_MENTION m_id="244">
  <token_anchor t_id="257"/>
</EVENT_MENTION>
<EVENT_MENTION m_id="249">
  <token_anchor t_id="255"/>
</EVENT_MENTION>
<ENTITY_MENTION m_id="140">
  <token_anchor t_id="280"/>
</ENTITY_MENTION>
<ENTITY_MENTION m_id="141">
  <token_anchor t_id="485"/>
</ENTITY_MENTION>
<ENTITY_MENTION m_id="143">
  <token_anchor t_id="304"/>
  <token_anchor t_id="305"/>
  <token_anchor t_id="306"/>
  <token_anchor t_id="307"/>
  <token_anchor t_id="308"/>
  <token_anchor t_id="309"/>
  <token_anchor t_id="310"/>
  <token_anchor t_id="311"/>
</ENTITY_MENTION>
<ENTITY_MENTION m_id="144">
  <token_anchor t_id="488"/>
</ENTITY_MENTION>
<ENTITY_MENTION m_id="146">
  <token_anchor t_id="286"/>
</ENTITY_MENTION>
<ENTITY_MENTION m_id="149">
  <token_anchor t_id="243"/>
  <token_anchor t_id="244"/>
</ENTITY_MENTION>
<ENTITY_MENTION m_id="154">
  <token_anchor t_id="343"/>
</ENTITY_MENTION>
<ENTITY_MENTION m_id="163">
  <token_anchor t_id="404"/>
</ENTITY_MENTION>
<ENTITY_MENTION m_id="164">
  <token_anchor t_id="407"/>
</ENTITY_MENTION>
<ENTITY_MENTION m_id="165">
  <token_anchor t_id="340"/>
</ENTITY_MENTION>
<ENTITY_MENTION m_id="167">
  <token_anchor t_id="472"/>
</ENTITY_MENTION>
<ENTITY_MENTION m_id="171">
  <token_anchor t_id="213"/>
</ENTITY_MENTION>
<ENTITY_MENTION m_id="177">
  <token_anchor t_id="311"/>
</ENTITY_MENTION>
<ENTITY_MENTION m_id="184">
  <token_anchor t_id="295"/>
  <token_anchor t_id="296"/>
</ENTITY_MENTION>
<ENTITY_MENTION m_id="188">
  <token_anchor t_id="226"/>
</ENTITY_MENTION>
<ENTITY_MENTION m_id="190">
  <token_anchor t_id="292"/>
</ENTITY_MENTION>
<ENTITY_MENTION m_id="199">
  <token_anchor t_id="301"/>
  <token_anchor t_id="302"/>
</ENTITY_MENTION>
<ENTITY_MENTION m_id="202">
  <token_anchor t_id="432"/>
</ENTITY_MENTION>
<ENTITY_MENTION m_id="205">
  <token_anchor t_id="246"/>
</ENTITY_MENTION>
<ENTITY_MENTION m_id="208">
  <token_anchor t_id="265"/>
  <token_anchor t_id="266"/>
</ENTITY_MENTION>
<ENTITY_MENTION m_id="214">
  <token_anchor t_id="378"/>
</ENTITY_MENTION>
<ENTITY_MENTION m_id="215">
  <token_anchor t_id="576"/>
  <token_anchor t_id="577"/>
</ENTITY_MENTION>
<ENTITY_MENTION m_id="218">
  <token_anchor t_id="448"/>
</ENTITY_MENTION>
<ENTITY_MENTION m_id="220">
  <token_anchor t_id="235"/>
</ENTITY_MENTION>
<ENTITY_MENTION m_id="221">
  <token_anchor t_id="238"/>
</ENTITY_MENTION>
<ENTITY_MENTION m_id="222">
  <token_anchor t_id="243"/>
  <token_anchor t_id="244"/>
  <token_anchor t_id="245"/>
  <token_anchor t_id="246"/>
</ENTITY_MENTION>
<ENTITY_MENTION m_id="228">
  <token_anchor t_id="452"/>
</ENTITY_MENTION>
<ENTITY_MENTION m_id="232">
  <token_anchor t_id="268"/>
</ENTITY_MENTION>
<ENTITY_MENTION m_id="241">
  <token_anchor t_id="460"/>
</ENTITY_MENTION>
<ENTITY_MENTION m_id="242">
  <token_anchor t_id="351"/>
</ENTITY_MENTION>
<ENTITY_MENTION m_id="246">
  <token_anchor t_id="259"/>
</ENTITY_MENTION>
<EVENT TAG_DESCRIPTOR="Propose-EHU" class="SPEECH_COGNITIVE" instance_id="SPE39047926020080796" m_id="288"/><EVENT TAG_DESCRIPTOR="do" class="GRAMMATICAL" comment="" external_ref="" m_id="129"/>
<EVENT TAG_DESCRIPTOR="Plan-EHU" class="OTHER" instance_id="OTH40542779678725242" m_id="287"/><EVENT TAG_DESCRIPTOR="speech" class="SPEECH_COGNITIVE" comment="" external_ref="" m_id="127"/>
<EVENT TAG_DESCRIPTOR="State-EHU" class="SPEECH_COGNITIVE" instance_id="SPE40453012822813445" m_id="284"/><EVENT TAG_DESCRIPTOR="reorganization" class="OTHER" comment="" external_ref="" m_id="125"/>
<EVENT TAG_DESCRIPTOR="Say-EHU" class="SPEECH_COGNITIVE" instance_id="SPE39051784421008221" m_id="283"/><EVENT TAG_DESCRIPTOR="Bankruptcy-EHU" class="OTHER" instance_id="OTH39659719379269372" m_id="282"/>
<EVENT TAG_DESCRIPTOR="Point-EHU" class="OTHER" instance_id="OTH39063344813676600" m_id="281"/><EVENT TAG_DESCRIPTOR="file" class="OTHER" comment="" external_ref="" m_id="122"/>
<EVENT TAG_DESCRIPTOR="Respond-EHU" class="SPEECH_COGNITIVE" instance_id="SPE40453301712144440" m_id="280"/><EVENT TAG_DESCRIPTOR="Give-EHU" class="OTHER" instance_id="OTH40177888268493410" m_id="279"/>
<EVENT TAG_DESCRIPTOR="be 1" class="GRAMMATICAL" comment="" external_ref="" m_id="118"/><EVENT TAG_DESCRIPTOR="make" class="OTHER" comment="" external_ref="" m_id="117"/>
<EVENT TAG_DESCRIPTOR="Describe-EHU" class="SPEECH_COGNITIVE" instance_id="SPE40453407871942687" m_id="276"/><EVENT TAG_DESCRIPTOR="Explain-EHU" class="SPEECH_COGNITIVE" instance_id="SPE39047044628403999" m_id="275"/>
<EVENT TAG_DESCRIPTOR="intent" class="SPEECH_COGNITIVE" comment="" external_ref="" m_id="113"/><EVENT TAG_DESCRIPTOR="Thank-EHU" class="OTHER" instance_id="OTH39051329209908030" m_id="272"/>
<EVENT TAG_DESCRIPTOR="be 2" class="GRAMMATICAL" comment="" external_ref="" m_id="112"/><EVENT TAG_DESCRIPTOR="Conclude-EHU" class="SPEECH_COGNITIVE" instance_id="SPE40453755827900684" m_id="271"/>
<EVENT TAG_DESCRIPTOR="be + do" class="MIX" comment="" external_ref="" m_id="111"/><EVENT TAG_DESCRIPTOR="Describe-EHU" class="SPEECH_COGNITIVE" instance_id="SPE41391579293467169" m_id="270"/>
<EVENT TAG_DESCRIPTOR="perpetuate" class="GRAMMATICAL" comment="" external_ref="" m_id="110"/><EVENT TAG_DESCRIPTOR="decision" class="SPEECH_COGNITIVE" comment="" external_ref="" m_id="109"/>
<EVENT TAG_DESCRIPTOR="loan" class="OTHER" comment="" external_ref="" m_id="108"/><EVENT TAG_DESCRIPTOR="Describe-EHU" class="SPEECH_COGNITIVE" instance_id="SPE40452910663808999" m_id="267"/>
<EVENT TAG_DESCRIPTOR="be 3" class="GRAMMATICAL" comment="" external_ref="" m_id="107"/><EVENT TAG_DESCRIPTOR="Present-EHU" class="OTHER" instance_id="OTH39046937468603763" m_id="266"/>
<EVENT TAG_DESCRIPTOR="be 4" class="GRAMMATICAL" comment="" external_ref="" m_id="105"/><EVENT TAG_DESCRIPTOR="Describe-EHU" class="SPEECH_COGNITIVE" instance_id="SPE39051852305873956" m_id="264"/>
<EVENT TAG_DESCRIPTOR="Refuse-EHU" class="SPEECH_COGNITIVE" instance_id="SPE40452600021378503" m_id="263"/><EVENT TAG_DESCRIPTOR="Canada Ontario role" class="OTHER" comment="" external_ref="" m_id="103"/>
<EVENT TAG_DESCRIPTOR="Announcement-EHU" class="SPEECH_COGNITIVE" instance_id="SPE40176741377279980" m_id="262"/><EVENT TAG_DESCRIPTOR="Germany role" class="OTHER" comment="" external_ref="" m_id="102"/>
<EVENT TAG_DESCRIPTOR="Receive-EHU" class="OTHER" instance_id="OTH41384580713584584" m_id="261"/><EVENT TAG_DESCRIPTOR="sell" class="OTHER" comment="" external_ref="" m_id="101"/>
<EVENT TAG_DESCRIPTOR="Bankruptcy-EHU" class="OTHER" instance_id="OTH40178452104340232" m_id="260"/><EVENT TAG_DESCRIPTOR="become" class="GRAMMATICAL" comment="" external_ref="" m_id="100"/>
<EVENT TAG_DESCRIPTOR="Thank-EHU" class="OTHER" instance_id="OTH39051257138506270" m_id="259"/><EVENT TAG_DESCRIPTOR="State-EHU" class="SPEECH_COGNITIVE" instance_id="SPE39052227591826918" m_id="258"/>
<EVENT TAG_DESCRIPTOR="Anticipate-EHU" class="SPEECH_COGNITIVE" instance_id="SPE39051745732395769" m_id="255"/><EVENT TAG_DESCRIPTOR="Chapter 11 protection-EHU" class="OTHER" instance_id="OTH39221161709667794" m_id="254"/>
<EVENT TAG_DESCRIPTOR="Protection-EHU" class="OTHER" instance_id="OTH40515125347437561" m_id="253"/><EVENT TAG_DESCRIPTOR="State-EHU" class="SPEECH_COGNITIVE" instance_id="SPE39051507275040407" m_id="251"/>
<EVENT TAG_DESCRIPTOR="Problem-EHU" class="OTHER" instance_id="OTH40542524924887259" m_id="250"/><EVENT TAG_DESCRIPTOR="State-EHU" class="SPEECH_COGNITIVE" instance_id="SPE39047959189022239" m_id="297"/>
<EVENT TAG_DESCRIPTOR="State-EHU" class="SPEECH_COGNITIVE" instance_id="SPE39051635948205092" m_id="296"/><EVENT TAG_DESCRIPTOR="Declaration-EHU" class="SPEECH_COGNITIVE" instance_id="SPE40176686775620829" m_id="295"/>
<EVENT TAG_DESCRIPTOR="State-EHU" class="SPEECH_COGNITIVE" instance_id="SPE39051076280677796" m_id="293"/><EVENT TAG_DESCRIPTOR="State-EHU" class="SPEECH_COGNITIVE" instance_id="SPE39063699688918248" m_id="291"/>
<ENTITY TAG_DESCRIPTOR="Canada and Ontario" ent_type="LOC" instance_id="LOC45386049647712387" m_id="289"/><ENTITY TAG_DESCRIPTOR="GM Europe" ent_type="ORG" external_ref="http://dbpedia.org/resource/General_Motors_Europe" instance_id="ORG45820008028067057" m_id="286"/>
<ENTITY TAG_DESCRIPTOR="US and Canada and Ontario" ent_type="LOC" instance_id="LOC47035628552584385" m_id="285"/><ENTITY TAG_DESCRIPTOR="Ontario" ent_type="LOC" external_ref="http://dbpedia.org/resource/Ontario" instance_id="LOC45385827083233150" m_id="278"/>
<ENTITY TAG_DESCRIPTOR="Germany" ent_type="LOC" external_ref="http://dbpedia.org/resource/Germany" instance_id="LOC27735751646958958" m_id="277"/><ENTITY TAG_DESCRIPTOR="debt - general" ent_type="FIN" instance_id="FIN45388019616399088" m_id="274"/>
<ENTITY TAG_DESCRIPTOR="money" ent_type="FIN" external_ref="http://dbpedia.org/resource/Money" instance_id="FIN44168215648930637" m_id="273"/><ENTITY TAG_DESCRIPTOR="Barack Obama" ent_type="PER" external_ref="http://dbpedia.org/resource/Barack_Obama" instance_id="PER37406424967115208" m_id="269"/>
<ENTITY TAG_DESCRIPTOR="Chrysler" ent_type="ORG" external_ref="http://dbpedia.org/resource/Chrysler" instance_id="ORG37406423422624299" m_id="268"/><ENTITY TAG_DESCRIPTOR="Shareholders" ent_type="FIN" instance_id="FIN45819838926436726" m_id="265"/>
<ENTITY TAG_DESCRIPTOR="General Motors and Chrysler" ent_type="ORG" instance_id="ORG37406424291734298" m_id="257"/><ENTITY TAG_DESCRIPTOR="United States of America " ent_type="LOC" external_ref="http://dbpedia.org/resource/United_States" instance_id="LOC27735327659249054" m_id="256"/>
<ENTITY TAG_DESCRIPTOR="Canada" ent_type="LOC" external_ref="http://dbpedia.org/resource/Canada" instance_id="LOC43997528276927841" m_id="252"/><ENTITY TAG_DESCRIPTOR="General Motors" ent_type="ORG" external_ref="http://dbpedia.org/resource/General_Motors" instance_id="ORG37406424148086837" m_id="294"/>
<ENTITY TAG_DESCRIPTOR="corporate stake in GM Europe" ent_type="FIN" instance_id="FIN45819876280517888" m_id="292"/><ENTITY TAG_DESCRIPTOR="GM creditors" ent_type="PER" instance_id="PER37406424435056473" m_id="290"/></Markables>
<Relations>
<HAS_PARTICIPANT comment="" r_id="131987" sem_role="Argm-OTHER" sem_role_framework="PROPBANK">
<source m_id="12"/>
<target m_id="1"/>
</HAS_PARTICIPANT>
<HAS_PARTICIPANT comment="" r_id="131988" sem_role="Arg0" sem_role_framework="PROPBANK">
<source m_id="13"/>
<target m_id="5"/>
</HAS_PARTICIPANT>
<HAS_PARTICIPANT comment="" r_id="131989" sem_role="Arg0" sem_role_framework="PROPBANK">
<source m_id="16"/>
<target m_id="6"/>
</HAS_PARTICIPANT>
<HAS_PARTICIPANT comment="" r_id="131990" sem_role="Arg0" sem_role_framework="PROPBANK">
<source m_id="17"/>
<target m_id="7"/>
</HAS_PARTICIPANT>
<HAS_PARTICIPANT comment="" r_id="131991" sem_role="Arg3" sem_role_framework="PROPBANK">
<source m_id="19"/>
<target m_id="9"/>
</HAS_PARTICIPANT>
<HAS_PARTICIPANT comment="" r_id="131992" sem_role="Arg1" sem_role_framework="PROPBANK">
<source m_id="20"/>
<target m_id="11"/>
</HAS_PARTICIPANT>
<SLINK comment="" r_id="131993">
<source m_id="13"/>
<target m_id="15"/>
</SLINK>
<SLINK comment="" r_id="131994">
<source m_id="16"/>
<target m_id="17"/>
</SLINK>
<HAS_PARTICIPANT comment="" r_id="241085" sem_role="Arg0" sem_role_framework="PROPBANK">
<source m_id="32"/>
<target m_id="26"/>
</HAS_PARTICIPANT>
<SLINK comment="" r_id="241087">
<source m_id="33"/>
<target m_id="35"/>
</SLINK>
<HAS_PARTICIPANT comment="" r_id="241093" sem_role="Arg0" sem_role_framework="PROPBANK">
<source m_id="42"/>
<target m_id="37"/>
</HAS_PARTICIPANT>
<HAS_PARTICIPANT comment="" r_id="241094" sem_role="Arg1" sem_role_framework="PROPBANK">
<source m_id="50"/>
<target m_id="38"/>
</HAS_PARTICIPANT>
<HAS_PARTICIPANT comment="" r_id="241095" sem_role="Arg2" sem_role_framework="PROPBANK">
<source m_id="46"/>
<target m_id="39"/>
</HAS_PARTICIPANT>
<HAS_PARTICIPANT comment="" r_id="241096" sem_role="Arg1" sem_role_framework="PROPBANK">
<source m_id="46"/>
<target m_id="40"/>
</HAS_PARTICIPANT>
<HAS_PARTICIPANT comment="" r_id="241097" sem_role="Arg1" sem_role_framework="PROPBANK">
<source m_id="47"/>
<target m_id="51"/>
</HAS_PARTICIPANT>
<SLINK comment="" r_id="241100">
<source m_id="42"/>
<target m_id="55"/>
</SLINK>
<GLINK comment="" r_id="241101">
<source m_id="43"/>
<target m_id="44"/>
</GLINK>
<GLINK comment="" r_id="241102">
<source m_id="44"/>
<target m_id="45"/>
</GLINK>
<HAS_PARTICIPANT comment="" r_id="241507" sem_role="Arg0" sem_role_framework="PROPBANK">
<source m_id="73"/>
<target m_id="57"/>
</HAS_PARTICIPANT>
<HAS_PARTICIPANT comment="" r_id="241508" sem_role="Argm-OTHER" sem_role_framework="PROPBANK">
<source m_id="74"/>
<target m_id="85"/>
</HAS_PARTICIPANT>
<HAS_PARTICIPANT comment="" r_id="241509" sem_role="Arg0" sem_role_framework="PROPBANK">
<source m_id="72"/>
<target m_id="56"/>
</HAS_PARTICIPANT>
<HAS_PARTICIPANT comment="" r_id="241510" sem_role="Arg0" sem_role_framework="PROPBANK">
<source m_id="75"/>
<target m_id="62"/>
</HAS_PARTICIPANT>
<HAS_PARTICIPANT comment="" r_id="241511" sem_role="Arg1" sem_role_framework="PROPBANK">
<source m_id="75"/>
<target m_id="61"/>
</HAS_PARTICIPANT>
<HAS_PARTICIPANT comment="" r_id="241512" sem_role="Arg0" sem_role_framework="PROPBANK">
<source m_id="76"/>
<target m_id="63"/>
</HAS_PARTICIPANT>
<HAS_PARTICIPANT comment="" r_id="241513" sem_role="Arg0" sem_role_framework="PROPBANK">
<source m_id="77"/>
<target m_id="66"/>
</HAS_PARTICIPANT>
<HAS_PARTICIPANT comment="" r_id="241514" sem_role="Arg1" sem_role_framework="PROPBANK">
<source m_id="77"/>
<target m_id="65"/>
</HAS_PARTICIPANT>
<HAS_PARTICIPANT comment="" r_id="241515" sem_role="Arg1" sem_role_framework="PROPBANK">
<source m_id="79"/>
<target m_id="68"/>
</HAS_PARTICIPANT>
<HAS_PARTICIPANT comment="" r_id="241516" sem_role="Arg0" sem_role_framework="PROPBANK">
<source m_id="78"/>
<target m_id="67"/>
</HAS_PARTICIPANT>
<HAS_PARTICIPANT comment="" r_id="241517" sem_role="Arg1" sem_role_framework="PROPBANK">
<source m_id="80"/>
<target m_id="85"/>
</HAS_PARTICIPANT>
<HAS_PARTICIPANT comment="" r_id="241518" sem_role="Arg2" sem_role_framework="PROPBANK">
<source m_id="80"/>
<target m_id="86"/>
</HAS_PARTICIPANT>
<HAS_PARTICIPANT comment="" r_id="241519" sem_role="Argm-LOC" sem_role_framework="PROPBANK">
<source m_id="80"/>
<target m_id="70"/>
</HAS_PARTICIPANT>
<SLINK comment="" r_id="241522">
<source m_id="73"/>
<target m_id="74"/>
</SLINK>
<TLINK comment="" r_id="241525" reltype="IS_INCLUDED" signalID="">
<source m_id="13"/>
<target m_id="21"/>
</TLINK>
<TLINK comment="" r_id="241526" reltype="BEFORE" signalID="">
<source m_id="17"/>
<target m_id="21"/>
</TLINK>
<TLINK comment="" r_id="241527" reltype="ENDED_BY" signalID="">
<source m_id="30"/>
<target m_id="21"/>
</TLINK>
<TLINK comment="" r_id="241528" reltype="IS_INCLUDED" signalID="">
<source m_id="32"/>
<target m_id="21"/>
</TLINK>
<TLINK comment="" r_id="241531" reltype="IS_INCLUDED" signalID="">
<source m_id="42"/>
<target m_id="21"/>
</TLINK>
<TLINK comment="" r_id="241532" reltype="BEFORE" signalID="">
<source m_id="43"/>
<target m_id="21"/>
</TLINK>
<TLINK comment="" r_id="241533" reltype="BEFORE" signalID="">
<source m_id="47"/>
<target m_id="21"/>
</TLINK>
<TLINK comment="" r_id="241534" reltype="AFTER" signalID="">
<source m_id="48"/>
<target m_id="21"/>
</TLINK>
<TLINK comment="" r_id="241535" reltype="IS_INCLUDED" signalID="">
<source m_id="73"/>
<target m_id="21"/>
</TLINK>
<TLINK comment="" r_id="241536" reltype="IS_INCLUDED" signalID="">
<source m_id="74"/>
<target m_id="21"/>
</TLINK>
<TLINK comment="" r_id="241537" reltype="IS_INCLUDED" signalID="">
<source m_id="75"/>
<target m_id="21"/>
</TLINK>
<TLINK comment="" r_id="241538" reltype="IS_INCLUDED" signalID="">
<source m_id="77"/>
<target m_id="21"/>
</TLINK>
<TLINK comment="" r_id="241541" reltype="IBEFORE" signalID="">
<source m_id="13"/>
<target m_id="32"/>
</TLINK>
<TLINK comment="" r_id="241545" reltype="IBEFORE" signalID="">
<source m_id="32"/>
<target m_id="42"/>
</TLINK>
<TLINK comment="" r_id="241546" reltype="IBEFORE" signalID="">
<source m_id="42"/>
<target m_id="73"/>
</TLINK>
<TLINK comment="" r_id="241547" reltype="INCLUDES" signalID="">
<source m_id="32"/>
<target m_id="29"/>
</TLINK>
<TLINK comment="" r_id="241549" reltype="IS_INCLUDED" signalID="">
<source m_id="42"/>
<target m_id="43"/>
</TLINK>
<TLINK comment="" r_id="241550" reltype="BEFORE" signalID="">
<source m_id="42"/>
<target m_id="48"/>
</TLINK>
<TLINK comment="" r_id="241551" reltype="SIMULTANEOUS" signalID="">
<source m_id="73"/>
<target m_id="74"/>
</TLINK>
<TLINK comment="" r_id="241552" reltype="IS_INCLUDED" signalID="24">
<source m_id="12"/>
<target m_id="22"/>
</TLINK>
<TLINK comment="" r_id="241554" reltype="IS_INCLUDED" signalID="">
<source m_id="16"/>
<target m_id="23"/>
</TLINK>
<TLINK comment="" r_id="241558" reltype="MEASURE" signalID="">
<source m_id="36"/>
<target m_id="31"/>
</TLINK>
<TLINK comment="" r_id="241559" reltype="IS_INCLUDED" signalID="52">
<source m_id="45"/>
<target m_id="53"/>
</TLINK>
<TLINK comment="" r_id="241560" reltype="SIMULTANEOUS" signalID="54">
<source m_id="46"/>
<target m_id="47"/>
</TLINK>
<HAS_PARTICIPANT comment="" r_id="243733" sem_role="Arg0" sem_role_framework="PROPBANK">
<source m_id="132"/>
<target m_id="130"/>
</HAS_PARTICIPANT>
<HAS_PARTICIPANT comment="" r_id="243734" sem_role="Arg0" sem_role_framework="PROPBANK">
<source m_id="134"/>
<target m_id="131"/>
</HAS_PARTICIPANT>
<SLINK comment="" r_id="243735">
<source m_id="132"/>
<target m_id="133"/>
</SLINK>
<SLINK comment="" r_id="243736">
<source m_id="134"/>
<target m_id="135"/>
</SLINK>
<TLINK comment="" r_id="243739" reltype="BEFORE" signalID="136">
<source m_id="132"/>
<target m_id="134"/>
</TLINK>



































































<REFERS_TO r_id="243788">
<source m_id="32"/>
<target m_id="275"/>
</REFERS_TO>
<REFERS_TO r_id="243789">
<source m_id="140"/>
<source m_id="154"/>
<source m_id="62"/>
<source m_id="163"/>
<source m_id="164"/>
<source m_id="165"/>
<source m_id="167"/>
<source m_id="66"/>
<source m_id="38"/>
<source m_id="37"/>
<source m_id="27"/>
<source m_id="190"/>
<source m_id="26"/>
<source m_id="202"/>
<source m_id="3"/>
<source m_id="4"/>
<source m_id="130"/>
<source m_id="214"/>
<source m_id="220"/>
<source m_id="221"/>
<source m_id="228"/>
<source m_id="232"/>
<source m_id="57"/>
<source m_id="5"/>
<source m_id="241"/>
<source m_id="56"/>
<target m_id="269"/>
</REFERS_TO>
<REFERS_TO r_id="243790">
<source m_id="86"/>
<target m_id="265"/>
</REFERS_TO>
<REFERS_TO r_id="243791">
<source m_id="189"/>
<target m_id="261"/>
</REFERS_TO>
<REFERS_TO r_id="243792">
<source m_id="153"/>
<target m_id="264"/>
</REFERS_TO>
<REFERS_TO r_id="243793">
<source m_id="29"/>
<target m_id="270"/>
</REFERS_TO>
<REFERS_TO r_id="243794">
<source m_id="195"/>
<target m_id="271"/>
</REFERS_TO>
<REFERS_TO r_id="243795">
<source m_id="31"/>
<target m_id="117"/>
</REFERS_TO>
<REFERS_TO r_id="243796">
<source m_id="75"/>
<target m_id="259"/>
</REFERS_TO>
<REFERS_TO r_id="243797">
<source m_id="55"/>
<target m_id="111"/>
</REFERS_TO>
<REFERS_TO r_id="243798">
<source m_id="44"/>
<source m_id="49"/>
<target m_id="110"/>
</REFERS_TO>
<REFERS_TO r_id="243799">
<source m_id="50"/>
<target m_id="113"/>
</REFERS_TO>
<REFERS_TO r_id="243800">
<source m_id="43"/>
<target m_id="112"/>
</REFERS_TO>
<REFERS_TO r_id="243801">
<source m_id="59"/>
<target m_id="252"/>
</REFERS_TO>
<REFERS_TO r_id="243802">
<source m_id="19"/>
<target m_id="253"/>
</REFERS_TO>
<REFERS_TO r_id="243803">
<source m_id="223"/>
<target m_id="250"/>
</REFERS_TO>
<REFERS_TO r_id="243804">
<source m_id="152"/>
<target m_id="251"/>
</REFERS_TO>
<REFERS_TO r_id="243805">
<source m_id="2"/>
<source m_id="1"/>
<source m_id="58"/>
<source m_id="10"/>
<source m_id="137"/>
<target m_id="256"/>
</REFERS_TO>
<REFERS_TO r_id="243806">
<source m_id="30"/>
<target m_id="118"/>
</REFERS_TO>
<REFERS_TO r_id="243807">
<source m_id="19"/>
<target m_id="254"/>
</REFERS_TO>
<REFERS_TO r_id="243808">
<source m_id="201"/>
<target m_id="255"/>
</REFERS_TO>
<REFERS_TO r_id="243809">
<source m_id="146"/>
<source m_id="177"/>
<source m_id="205"/>
<source m_id="246"/>
<target m_id="268"/>
</REFERS_TO>
<REFERS_TO r_id="243810">
<source m_id="77"/>
<target m_id="272"/>
</REFERS_TO>
<REFERS_TO r_id="243811">
<source m_id="222"/>
<target m_id="257"/>
</REFERS_TO>
<REFERS_TO r_id="243812">
<source m_id="63"/>
<source m_id="61"/>
<source m_id="81"/>
<source m_id="82"/>
<source m_id="71"/>
<target m_id="289"/>
</REFERS_TO>
<REFERS_TO r_id="243813">
<source m_id="33"/>
<target m_id="288"/>
</REFERS_TO>
<REFERS_TO r_id="243814">
<source m_id="42"/>
<target m_id="297"/>
</REFERS_TO>
<REFERS_TO r_id="243815">
<source m_id="139"/>
<target m_id="281"/>
</REFERS_TO>
<REFERS_TO r_id="243816">
<source m_id="176"/>
<target m_id="280"/>
</REFERS_TO>
<REFERS_TO r_id="243817">
<source m_id="227"/>
<target m_id="283"/>
</REFERS_TO>
<REFERS_TO r_id="243818">
<source m_id="142"/>
<source m_id="244"/>
<target m_id="282"/>
</REFERS_TO>
<REFERS_TO r_id="243819">
<source m_id="83"/>
<source m_id="67"/>
<source m_id="64"/>
<source m_id="65"/>
<source m_id="84"/>
<target m_id="277"/>
</REFERS_TO>
<REFERS_TO r_id="243820">
<source m_id="194"/>
<target m_id="284"/>
</REFERS_TO>
<REFERS_TO r_id="243821">
<source m_id="15"/>
<source m_id="133"/>
<source m_id="35"/>
<source m_id="72"/>
<target m_id="287"/>
</REFERS_TO>
<REFERS_TO r_id="243822">
<source m_id="69"/>
<target m_id="286"/>
</REFERS_TO>
<REFERS_TO r_id="243823">
<source m_id="60"/>
<target m_id="278"/>
</REFERS_TO>
<REFERS_TO r_id="243824">
<source m_id="40"/>
<source m_id="51"/>
<target m_id="273"/>
</REFERS_TO>
<REFERS_TO r_id="243825">
<source m_id="219"/>
<target m_id="258"/>
</REFERS_TO>
<REFERS_TO r_id="243826">
<source m_id="169"/>
<target m_id="279"/>
</REFERS_TO>
<REFERS_TO r_id="243827">
<source m_id="216"/>
<target m_id="263"/>
</REFERS_TO>
<REFERS_TO r_id="243828">
<source m_id="16"/>
<target m_id="262"/>
</REFERS_TO>
<REFERS_TO r_id="243829">
<source m_id="46"/>
<target m_id="108"/>
</REFERS_TO>
<REFERS_TO r_id="243830">
<source m_id="45"/>
<target m_id="109"/>
</REFERS_TO>
<REFERS_TO r_id="243831">
<source m_id="249"/>
<target m_id="267"/>
</REFERS_TO>
<REFERS_TO r_id="243832">
<source m_id="14"/>
<source m_id="34"/>
<target m_id="125"/>
</REFERS_TO>
<REFERS_TO r_id="243833">
<source m_id="48"/>
<target m_id="129"/>
</REFERS_TO>
<REFERS_TO r_id="243834">
<source m_id="12"/>
<target m_id="127"/>
</REFERS_TO>
<REFERS_TO r_id="243835">
<source m_id="78"/>
<target m_id="102"/>
</REFERS_TO>
<REFERS_TO r_id="243836">
<source m_id="76"/>
<target m_id="103"/>
</REFERS_TO>
<REFERS_TO r_id="243837">
<source m_id="80"/>
<target m_id="100"/>
</REFERS_TO>
<REFERS_TO r_id="243838">
<source m_id="79"/>
<target m_id="101"/>
</REFERS_TO>
<REFERS_TO r_id="243839">
<source m_id="47"/>
<target m_id="107"/>
</REFERS_TO>
<REFERS_TO r_id="243840">
<source m_id="74"/>
<target m_id="105"/>
</REFERS_TO>
<REFERS_TO r_id="243841">
<source m_id="134"/>
<target m_id="295"/>
</REFERS_TO>
<REFERS_TO r_id="243842">
<source m_id="162"/>
<target m_id="296"/>
</REFERS_TO>
<REFERS_TO r_id="243843">
<source m_id="85"/>
<target m_id="285"/>
</REFERS_TO>
<REFERS_TO r_id="243844">
<source m_id="17"/>
<target m_id="122"/>
</REFERS_TO>
<REFERS_TO r_id="243845">
<source m_id="135"/>
<source m_id="20"/>
<source m_id="18"/>
<target m_id="260"/>
</REFERS_TO>
<REFERS_TO r_id="243846">
<source m_id="203"/>
<target m_id="276"/>
</REFERS_TO>
<REFERS_TO r_id="243847">
<source m_id="51"/>
<target m_id="274"/>
</REFERS_TO>
<REFERS_TO r_id="243848">
<source m_id="141"/>
<source m_id="143"/>
<source m_id="144"/>
<source m_id="25"/>
<source m_id="149"/>
<source m_id="6"/>
<source m_id="131"/>
<source m_id="171"/>
<source m_id="70"/>
<source m_id="184"/>
<source m_id="188"/>
<source m_id="39"/>
<source m_id="199"/>
<source m_id="208"/>
<source m_id="215"/>
<source m_id="218"/>
<source m_id="8"/>
<source m_id="11"/>
<source m_id="28"/>
<source m_id="41"/>
<source m_id="7"/>
<source m_id="242"/>
<target m_id="294"/>
</REFERS_TO>
<REFERS_TO r_id="243849">
<source m_id="213"/>
<target m_id="291"/>
</REFERS_TO>
<REFERS_TO r_id="243850">
<source m_id="68"/>
<target m_id="292"/>
</REFERS_TO>
<REFERS_TO r_id="243851">
<source m_id="73"/>
<target m_id="293"/>
</REFERS_TO>
<REFERS_TO r_id="243852">
<source m_id="9"/>
<target m_id="290"/>
</REFERS_TO>
<REFERS_TO r_id="243853">
<source m_id="13"/>
<source m_id="132"/>
<target m_id="266"/>
</REFERS_TO>
</Relations>
</Document>