<?xml version="1.0" ?><Document doc_id="143300" doc_name="143300_Automobile_manufacturer_Ford_posts_unexpected_profits" lang="en" url="http://en.wikinews.org/wiki/Automobile_manufacturer_Ford_posts_unexpected_profits">
<token number="0" sentence="0" t_id="1">Automobile</token>
<token number="1" sentence="0" t_id="2">manufacturer</token>
<token number="2" sentence="0" t_id="3">Ford</token>
<token number="3" sentence="0" t_id="4">posts</token>
<token number="4" sentence="0" t_id="5">unexpected</token>
<token number="5" sentence="0" t_id="6">profits</token>
<token number="6" sentence="1" t_id="7">November</token>
<token number="7" sentence="1" t_id="8">03</token>
<token number="8" sentence="1" t_id="9">,</token>
<token number="9" sentence="1" t_id="10">2009</token>
<token number="10" sentence="2" t_id="11">The</token>
<token number="11" sentence="2" t_id="12">US</token>
<token number="12" sentence="2" t_id="13">automobile</token>
<token number="13" sentence="2" t_id="14">manufacturer</token>
<token number="14" sentence="2" t_id="15">Ford</token>
<token number="15" sentence="2" t_id="16">has</token>
<token number="16" sentence="2" t_id="17">said</token>
<token number="17" sentence="2" t_id="18">that</token>
<token number="18" sentence="2" t_id="19">it</token>
<token number="19" sentence="2" t_id="20">posted</token>
<token number="20" sentence="2" t_id="21">a</token>
<token number="21" sentence="2" t_id="22">net</token>
<token number="22" sentence="2" t_id="23">profit</token>
<token number="23" sentence="2" t_id="24">of</token>
<token number="24" sentence="2" t_id="25">US$</token>
<token number="25" sentence="2" t_id="26">997</token>
<token number="26" sentence="2" t_id="27">million</token>
<token number="27" sentence="2" t_id="28">in</token>
<token number="28" sentence="2" t_id="29">the</token>
<token number="29" sentence="2" t_id="30">third</token>
<token number="30" sentence="2" t_id="31">quarter</token>
<token number="31" sentence="2" t_id="32">of</token>
<token number="32" sentence="2" t_id="33">this</token>
<token number="33" sentence="2" t_id="34">year</token>
<token number="34" sentence="2" t_id="35">,</token>
<token number="35" sentence="2" t_id="36">and</token>
<token number="36" sentence="2" t_id="37">predicted</token>
<token number="37" sentence="2" t_id="38">that</token>
<token number="38" sentence="2" t_id="39">it</token>
<token number="39" sentence="2" t_id="40">would</token>
<token number="40" sentence="2" t_id="41">be</token>
<token number="41" sentence="2" t_id="42">``</token>
<token number="42" sentence="2" t_id="43">solidly</token>
<token number="43" sentence="2" t_id="44">profitable</token>
<token number="44" sentence="2" t_id="45">''</token>
<token number="45" sentence="2" t_id="46">by</token>
<token number="46" sentence="2" t_id="47">2011</token>
<token number="47" sentence="2" t_id="48">.</token>
<token number="48" sentence="3" t_id="49">The</token>
<token number="49" sentence="3" t_id="50">reports</token>
<token number="50" sentence="3" t_id="51">surprised</token>
<token number="51" sentence="3" t_id="52">most</token>
<token number="52" sentence="3" t_id="53">analysts</token>
<token number="53" sentence="3" t_id="54">,</token>
<token number="54" sentence="3" t_id="55">who</token>
<token number="55" sentence="3" t_id="56">had</token>
<token number="56" sentence="3" t_id="57">forecast</token>
<token number="57" sentence="3" t_id="58">that</token>
<token number="58" sentence="3" t_id="59">the</token>
<token number="59" sentence="3" t_id="60">auto</token>
<token number="60" sentence="3" t_id="61">company</token>
<token number="61" sentence="3" t_id="62">would</token>
<token number="62" sentence="3" t_id="63">lose</token>
<token number="63" sentence="3" t_id="64">money</token>
<token number="64" sentence="3" t_id="65">.</token>
<token number="65" sentence="4" t_id="66">Ford</token>
<token number="66" sentence="4" t_id="67">'s</token>
<token number="67" sentence="4" t_id="68">profits</token>
<token number="68" sentence="4" t_id="69">equate</token>
<token number="69" sentence="4" t_id="70">to</token>
<token number="70" sentence="4" t_id="71">26</token>
<token number="71" sentence="4" t_id="72">cents</token>
<token number="72" sentence="4" t_id="73">per</token>
<token number="73" sentence="4" t_id="74">share</token>
<token number="74" sentence="4" t_id="75">,</token>
<token number="75" sentence="4" t_id="76">a</token>
<token number="76" sentence="4" t_id="77">large</token>
<token number="77" sentence="4" t_id="78">difference</token>
<token number="78" sentence="4" t_id="79">to</token>
<token number="79" sentence="4" t_id="80">the</token>
<token number="80" sentence="4" t_id="81">12</token>
<token number="81" sentence="4" t_id="82">cent</token>
<token number="82" sentence="4" t_id="83">per</token>
<token number="83" sentence="4" t_id="84">share</token>
<token number="84" sentence="4" t_id="85">lost</token>
<token number="85" sentence="4" t_id="86">that</token>
<token number="86" sentence="4" t_id="87">had</token>
<token number="87" sentence="4" t_id="88">been</token>
<token number="88" sentence="4" t_id="89">anticipated</token>
<token number="89" sentence="4" t_id="90">by</token>
<token number="90" sentence="4" t_id="91">most</token>
<token number="91" sentence="4" t_id="92">economic</token>
<token number="92" sentence="4" t_id="93">analysts</token>
<token number="93" sentence="4" t_id="94">.</token>
<token number="94" sentence="5" t_id="95">``</token>
<token number="95" sentence="5" t_id="96">Our</token>
<token number="96" sentence="5" t_id="97">third-quarter</token>
<token number="97" sentence="5" t_id="98">results</token>
<token number="98" sentence="5" t_id="99">clearly</token>
<token number="99" sentence="5" t_id="100">show</token>
<token number="100" sentence="5" t_id="101">Ford</token>
<token number="101" sentence="5" t_id="102">is</token>
<token number="102" sentence="5" t_id="103">making</token>
<token number="103" sentence="5" t_id="104">tremendous</token>
<token number="104" sentence="5" t_id="105">progress</token>
<token number="105" sentence="5" t_id="106">despite</token>
<token number="106" sentence="5" t_id="107">the</token>
<token number="107" sentence="5" t_id="108">prolonged</token>
<token number="108" sentence="5" t_id="109">economic</token>
<token number="109" sentence="5" t_id="110">slump</token>
<token number="110" sentence="5" t_id="111">,</token>
<token number="111" sentence="5" t_id="112">''</token>
<token number="112" sentence="5" t_id="113">said</token>
<token number="113" sentence="5" t_id="114">the</token>
<token number="114" sentence="5" t_id="115">firm</token>
<token number="115" sentence="5" t_id="116">'s</token>
<token number="116" sentence="5" t_id="117">chief</token>
<token number="117" sentence="5" t_id="118">executive</token>
<token number="118" sentence="5" t_id="119">officer</token>
<token number="119" sentence="5" t_id="120">,</token>
<token number="120" sentence="5" t_id="121">Alan</token>
<token number="121" sentence="5" t_id="122">Mulally</token>
<token number="122" sentence="5" t_id="123">.</token>
<token number="123" sentence="6" t_id="124">``</token>
<token number="124" sentence="6" t_id="125">While</token>
<token number="125" sentence="6" t_id="126">we</token>
<token number="126" sentence="6" t_id="127">still</token>
<token number="127" sentence="6" t_id="128">face</token>
<token number="128" sentence="6" t_id="129">a</token>
<token number="129" sentence="6" t_id="130">challenging</token>
<token number="130" sentence="6" t_id="131">road</token>
<token number="131" sentence="6" t_id="132">ahead</token>
<token number="132" sentence="6" t_id="133">,</token>
<token number="133" sentence="6" t_id="134">our</token>
<token number="134" sentence="6" t_id="135">transformation</token>
<token number="135" sentence="6" t_id="136">is</token>
<token number="136" sentence="6" t_id="137">working</token>
<token number="137" sentence="6" t_id="138">and</token>
<token number="138" sentence="6" t_id="139">our</token>
<token number="139" sentence="6" t_id="140">underlying</token>
<token number="140" sentence="6" t_id="141">business</token>
<token number="141" sentence="6" t_id="142">continues</token>
<token number="142" sentence="6" t_id="143">to</token>
<token number="143" sentence="6" t_id="144">grow</token>
<token number="144" sentence="6" t_id="145">stronger</token>
<token number="145" sentence="6" t_id="146">.</token>
<token number="146" sentence="6" t_id="147">''</token>
<token number="147" sentence="7" t_id="148">Mulally</token>
<token number="148" sentence="7" t_id="149">predicted</token>
<token number="149" sentence="7" t_id="150">that</token>
<token number="150" sentence="7" t_id="151">his</token>
<token number="151" sentence="7" t_id="152">company</token>
<token number="152" sentence="7" t_id="153">would</token>
<token number="153" sentence="7" t_id="154">meet</token>
<token number="154" sentence="7" t_id="155">or</token>
<token number="155" sentence="7" t_id="156">even</token>
<token number="156" sentence="7" t_id="157">surpass</token>
<token number="157" sentence="7" t_id="158">all</token>
<token number="158" sentence="7" t_id="159">of</token>
<token number="159" sentence="7" t_id="160">its</token>
<token number="160" sentence="7" t_id="161">financial</token>
<token number="161" sentence="7" t_id="162">targets</token>
<token number="162" sentence="7" t_id="163">,</token>
<token number="163" sentence="7" t_id="164">and</token>
<token number="164" sentence="7" t_id="165">suggested</token>
<token number="165" sentence="7" t_id="166">that</token>
<token number="166" sentence="7" t_id="167">the</token>
<token number="167" sentence="7" t_id="168">fourth</token>
<token number="168" sentence="7" t_id="169">quarter</token>
<token number="169" sentence="7" t_id="170">of</token>
<token number="170" sentence="7" t_id="171">this</token>
<token number="171" sentence="7" t_id="172">year</token>
<token number="172" sentence="7" t_id="173">could</token>
<token number="173" sentence="7" t_id="174">see</token>
<token number="174" sentence="7" t_id="175">it</token>
<token number="175" sentence="7" t_id="176">post</token>
<token number="176" sentence="7" t_id="177">an</token>
<token number="177" sentence="7" t_id="178">operating</token>
<token number="178" sentence="7" t_id="179">profit</token>
<token number="179" sentence="7" t_id="180">.</token>
<Markables>
<ENTITY_MENTION comment="" head="" m_id="73" syntactic_type="">
<token_anchor t_id="1"/>
<token_anchor t_id="2"/>
</ENTITY_MENTION>
<ENTITY_MENTION comment="" head="" m_id="19" syntactic_type="">
<token_anchor t_id="55"/>
<token_anchor t_id="56"/>
<token_anchor t_id="57"/>
<token_anchor t_id="58"/>
<token_anchor t_id="59"/>
<token_anchor t_id="60"/>
<token_anchor t_id="61"/>
<token_anchor t_id="62"/>
<token_anchor t_id="63"/>
<token_anchor t_id="64"/>
</ENTITY_MENTION>
<ENTITY_MENTION comment="" head="" m_id="74" syntactic_type="">
<token_anchor t_id="3"/>
</ENTITY_MENTION>
<ENTITY_MENTION comment="" head="" m_id="20" syntactic_type="">
<token_anchor t_id="52"/>
<token_anchor t_id="53"/>
<token_anchor t_id="54"/>
<token_anchor t_id="55"/>
<token_anchor t_id="56"/>
<token_anchor t_id="57"/>
<token_anchor t_id="58"/>
<token_anchor t_id="59"/>
<token_anchor t_id="60"/>
<token_anchor t_id="61"/>
<token_anchor t_id="62"/>
<token_anchor t_id="63"/>
<token_anchor t_id="64"/>
</ENTITY_MENTION>
<ENTITY_MENTION comment="" head="" m_id="75" syntactic_type="NAM">
<token_anchor t_id="1"/>
<token_anchor t_id="2"/>
<token_anchor t_id="3"/>
</ENTITY_MENTION>
<ENTITY_MENTION comment="" head="" m_id="21" syntactic_type="">
<token_anchor t_id="59"/>
<token_anchor t_id="60"/>
<token_anchor t_id="61"/>
</ENTITY_MENTION>
<ENTITY_MENTION comment="" head="" m_id="22" syntactic_type="">
<token_anchor t_id="64"/>
</ENTITY_MENTION>
<ENTITY_MENTION comment="" head="" m_id="78" syntactic_type="NOM">
<token_anchor t_id="11"/>
<token_anchor t_id="12"/>
<token_anchor t_id="13"/>
<token_anchor t_id="14"/>
</ENTITY_MENTION>
<ENTITY_MENTION comment="" head="" m_id="79" syntactic_type="NAM">
<token_anchor t_id="15"/>
</ENTITY_MENTION>
<ENTITY_MENTION comment="" head="" m_id="27" syntactic_type="">
<token_anchor t_id="66"/>
</ENTITY_MENTION>
<ENTITY_MENTION comment="" head="" m_id="28" syntactic_type="">
<token_anchor t_id="91"/>
<token_anchor t_id="92"/>
<token_anchor t_id="93"/>
</ENTITY_MENTION>
<ENTITY_MENTION comment="" head="" m_id="1" syntactic_type="PRE.NAM">
<token_anchor t_id="12"/>
</ENTITY_MENTION>
<ENTITY_MENTION comment="" head="" m_id="2" syntactic_type="APP">
<token_anchor t_id="11"/>
<token_anchor t_id="12"/>
<token_anchor t_id="13"/>
<token_anchor t_id="14"/>
<token_anchor t_id="15"/>
</ENTITY_MENTION>
<ENTITY_MENTION comment="" head="" m_id="3" syntactic_type="">
<token_anchor t_id="19"/>
</ENTITY_MENTION>
<ENTITY_MENTION comment="" head="" m_id="36" syntactic_type="">
<token_anchor t_id="74"/>
</ENTITY_MENTION>
<ENTITY_MENTION comment="" head="" m_id="4" syntactic_type="">
<token_anchor t_id="39"/>
</ENTITY_MENTION>
<ENTITY_MENTION comment="" head="" m_id="37" syntactic_type="">
<token_anchor t_id="84"/>
</ENTITY_MENTION>
<ENTITY_MENTION comment="" head="" m_id="38" syntactic_type="">
<token_anchor t_id="96"/>
</ENTITY_MENTION>
<ENTITY_MENTION comment="" head="" m_id="39" syntactic_type="">
<token_anchor t_id="101"/>
</ENTITY_MENTION>
<ENTITY_MENTION comment="" head="" m_id="40" syntactic_type="">
<token_anchor t_id="114"/>
<token_anchor t_id="115"/>
</ENTITY_MENTION>
<ENTITY_MENTION comment="" head="" m_id="41" syntactic_type="NAM">
<token_anchor t_id="114"/>
<token_anchor t_id="115"/>
<token_anchor t_id="116"/>
<token_anchor t_id="117"/>
<token_anchor t_id="118"/>
<token_anchor t_id="119"/>
</ENTITY_MENTION>
<ENTITY_MENTION comment="" head="" m_id="42" syntactic_type="NAM">
<token_anchor t_id="121"/>
<token_anchor t_id="122"/>
</ENTITY_MENTION>
<ENTITY_MENTION comment="" head="" m_id="43" syntactic_type="">
<token_anchor t_id="114"/>
<token_anchor t_id="115"/>
<token_anchor t_id="116"/>
<token_anchor t_id="117"/>
<token_anchor t_id="118"/>
<token_anchor t_id="119"/>
<token_anchor t_id="120"/>
<token_anchor t_id="121"/>
<token_anchor t_id="122"/>
</ENTITY_MENTION>
<ENTITY_MENTION comment="" head="" m_id="17" syntactic_type="">
<token_anchor t_id="52"/>
<token_anchor t_id="53"/>
</ENTITY_MENTION>
<ENTITY_MENTION comment="" head="" m_id="18" syntactic_type="">
<token_anchor t_id="55"/>
</ENTITY_MENTION>
<EVENT_MENTION aspect="NONE" certainty="CERTAIN" comment="" m_id="76" modality="" polarity="POS" pos="VERB" pred="" special_cases="NONE" tense="PRESENT" time="NON_FUTURE">
<token_anchor t_id="4"/>
</EVENT_MENTION>
<EVENT_MENTION aspect="NONE" certainty="CERTAIN" comment="" m_id="77" modality="" polarity="POS" pos="NOUN" pred="" special_cases="NONE" tense="NONE" time="NON_FUTURE">
<token_anchor t_id="6"/>
</EVENT_MENTION>
<EVENT_MENTION aspect="NONE" certainty="CERTAIN" comment="" m_id="23" modality="" polarity="POS" pos="VERB" pred="" special_cases="NONE" tense="PAST" time="NON_FUTURE">
<token_anchor t_id="51"/>
</EVENT_MENTION>
<EVENT_MENTION aspect="PERFECTIVE" certainty="CERTAIN" comment="" m_id="24" modality="" polarity="POS" pos="VERB" pred="" special_cases="NONE" tense="PAST" time="NON_FUTURE">
<token_anchor t_id="57"/>
</EVENT_MENTION>
<EVENT_MENTION aspect="NONE" certainty="POSSIBLE" comment="" m_id="25" modality="" polarity="POS" pos="VERB" pred="" special_cases="NONE" tense="PAST" time="NON_FUTURE">
<token_anchor t_id="63"/>
</EVENT_MENTION>
<EVENT_MENTION aspect="NONE" certainty="CERTAIN" comment="" m_id="26" modality="" polarity="POS" pos="NOUN" pred="" special_cases="NONE" tense="NONE" time="NON_FUTURE">
<token_anchor t_id="50"/>
</EVENT_MENTION>
<EVENT_MENTION aspect="NONE" certainty="CERTAIN" comment="" m_id="29" modality="" polarity="POS" pos="NOUN" pred="" special_cases="NONE" tense="NONE" time="NON_FUTURE">
<token_anchor t_id="68"/>
</EVENT_MENTION>
<EVENT_MENTION aspect="NONE" certainty="CERTAIN" comment="" m_id="30" modality="" polarity="POS" pos="VERB" pred="" special_cases="NONE" tense="PRESENT" time="NON_FUTURE">
<token_anchor t_id="69"/>
</EVENT_MENTION>
<EVENT_MENTION aspect="NONE" certainty="CERTAIN" comment="" m_id="31" modality="" polarity="POS" pos="NOUN" pred="" special_cases="NONE" tense="NONE" time="NON_FUTURE">
<token_anchor t_id="78"/>
</EVENT_MENTION>
<EVENT_MENTION aspect="NONE" certainty="CERTAIN" comment="" m_id="32" modality="" polarity="POS" pos="VERB" pred="" special_cases="NONE" tense="PASTPART" time="NON_FUTURE">
<token_anchor t_id="85"/>
</EVENT_MENTION>
<EVENT_MENTION aspect="NONE" certainty="CERTAIN" comment="" m_id="33" modality="" polarity="POS" pos="VERB" pred="" special_cases="NONE" tense="PAST" time="NON_FUTURE">
<token_anchor t_id="89"/>
</EVENT_MENTION>
<EVENT_MENTION aspect="PERFECTIVE" certainty="CERTAIN" comment="" m_id="5" modality="" polarity="POS" pos="VERB" pred="" special_cases="NONE" tense="PRESENT" time="NON_FUTURE">
<token_anchor t_id="17"/>
</EVENT_MENTION>
<EVENT_MENTION aspect="NONE" certainty="CERTAIN" comment="" m_id="6" modality="" polarity="POS" pos="VERB" pred="" special_cases="NONE" tense="PAST" time="NON_FUTURE">
<token_anchor t_id="20"/>
</EVENT_MENTION>
<EVENT_MENTION aspect="NONE" certainty="CERTAIN" comment="" m_id="7" modality="" polarity="POS" pos="NOUN" pred="" special_cases="NONE" tense="NONE" time="NON_FUTURE">
<token_anchor t_id="23"/>
</EVENT_MENTION>
<EVENT_MENTION aspect="NONE" certainty="CERTAIN" comment="" m_id="8" modality="" polarity="POS" pos="VERB" pred="" special_cases="NONE" tense="PAST" time="NON_FUTURE">
<token_anchor t_id="37"/>
</EVENT_MENTION>
<EVENT_MENTION aspect="NONE" certainty="PROBABLE" comment="" m_id="9" modality="" polarity="UNDERSPECIFIED" pos="VERB" pred="" special_cases="NONE" tense="PAST" time="FUTURE">
<token_anchor t_id="41"/>
</EVENT_MENTION>
<EVENT_MENTION aspect="NONE" certainty="PROBABLE" comment="" m_id="10" modality="" polarity="UNDERSPECIFIED" pos="OTHER" pred="" special_cases="NONE" tense="NONE" time="FUTURE">
<token_anchor t_id="44"/>
</EVENT_MENTION>
<EVENT_MENTION aspect="NONE" certainty="CERTAIN" comment="" m_id="44" modality="" polarity="POS" pos="NOUN" pred="" special_cases="NONE" tense="NONE" time="NON_FUTURE">
<token_anchor t_id="98"/>
</EVENT_MENTION>
<EVENT_MENTION aspect="NONE" certainty="CERTAIN" comment="" m_id="45" modality="" polarity="POS" pos="VERB" pred="" special_cases="NONE" tense="PRESENT" time="NON_FUTURE">
<token_anchor t_id="100"/>
</EVENT_MENTION>
<EVENT_MENTION aspect="PROGRESSIVE" certainty="CERTAIN" comment="" m_id="46" modality="" polarity="POS" pos="VERB" pred="" special_cases="NONE" tense="PRESENT" time="NON_FUTURE">
<token_anchor t_id="103"/>
</EVENT_MENTION>
<EVENT_MENTION aspect="NONE" certainty="CERTAIN" comment="" m_id="47" modality="" polarity="POS" pos="NOUN" pred="" special_cases="NONE" tense="NONE" time="NON_FUTURE">
<token_anchor t_id="105"/>
</EVENT_MENTION>
<EVENT_MENTION aspect="NONE" certainty="CERTAIN" comment="" m_id="48" modality="" polarity="POS" pos="NOUN" pred="" special_cases="NONE" tense="NONE" time="NON_FUTURE">
<token_anchor t_id="110"/>
</EVENT_MENTION>
<EVENT_MENTION aspect="NONE" certainty="CERTAIN" comment="" m_id="49" modality="" polarity="POS" pos="VERB" pred="" special_cases="NONE" tense="PAST" time="NON_FUTURE">
<token_anchor t_id="113"/>
</EVENT_MENTION>
<SIGNAL comment="" m_id="12">
<token_anchor t_id="28"/>
</SIGNAL>
<SIGNAL comment="" m_id="13">
<token_anchor t_id="46"/>
</SIGNAL>
<TIMEX3 anchorTimeID="" beginPoint="" comment="" endPoint="" functionInDocument="CREATION_TIME" m_id="14" type="DATE" value="2009-11-03">
<token_anchor t_id="7"/>
<token_anchor t_id="8"/>
<token_anchor t_id="9"/>
<token_anchor t_id="10"/>
</TIMEX3>
<TIMEX3 anchorTimeID="14" beginPoint="" comment="" endPoint="" functionInDocument="NONE" m_id="15" type="DATE" value="2009-Q3">
<token_anchor t_id="29"/>
<token_anchor t_id="30"/>
<token_anchor t_id="31"/>
<token_anchor t_id="32"/>
<token_anchor t_id="33"/>
<token_anchor t_id="34"/>
</TIMEX3>
<TIMEX3 anchorTimeID="" beginPoint="" comment="" endPoint="" functionInDocument="NONE" m_id="16" type="DATE" value="2011">
<token_anchor t_id="47"/>
</TIMEX3>
<TIMEX3 anchorTimeID="15" beginPoint="" comment="" endPoint="" functionInDocument="NONE" m_id="50" type="DATE" value="2009-Q3">
<token_anchor t_id="97"/>
</TIMEX3>
<VALUE comment="" m_id="34" type="MONEY">
<token_anchor t_id="71"/>
<token_anchor t_id="72"/>
</VALUE>
<VALUE comment="" m_id="35" type="MONEY">
<token_anchor t_id="81"/>
<token_anchor t_id="82"/>
</VALUE>
<VALUE comment="" m_id="11" type="MONEY">
<token_anchor t_id="25"/>
<token_anchor t_id="26"/>
<token_anchor t_id="27"/>
</VALUE>
<EVENT_MENTION m_id="106">
  <token_anchor t_id="149"/>
</EVENT_MENTION>
<ENTITY_MENTION m_id="85">
  <token_anchor t_id="13"/>
</ENTITY_MENTION>
<ENTITY_MENTION m_id="90">
  <token_anchor t_id="151"/>
</ENTITY_MENTION>
<ENTITY_MENTION m_id="93">
  <token_anchor t_id="151"/>
  <token_anchor t_id="152"/>
</ENTITY_MENTION>
<ENTITY_MENTION m_id="95">
  <token_anchor t_id="60"/>
</ENTITY_MENTION>
<ENTITY_MENTION m_id="104">
  <token_anchor t_id="148"/>
</ENTITY_MENTION>
<ENTITY_MENTION m_id="112">
  <token_anchor t_id="1"/>
</ENTITY_MENTION>
<EVENT TAG_DESCRIPTOR="slump" class="OTHER" comment="" external_ref="" m_id="58"/><EVENT TAG_DESCRIPTOR="Progress-EHU" class="OTHER" instance_id="OTH39743665785296930" m_id="130"/>
<EVENT TAG_DESCRIPTOR="Predict-EHU" class="SPEECH_COGNITIVE" instance_id="SPE39743546956555096" m_id="129"/><EVENT TAG_DESCRIPTOR="Predict-EHU" class="SPEECH_COGNITIVE" instance_id="SPE39043720970225837" m_id="128"/>
<EVENT TAG_DESCRIPTOR="Post-EHU" class="OTHER" instance_id="OTH40532295974102523" m_id="126"/><EVENT TAG_DESCRIPTOR="Profit-EHU" class="OTHER" instance_id="OTH41392935769136511" m_id="121"/>
<EVENT TAG_DESCRIPTOR="post" class="SPEECH_COGNITIVE" comment="" external_ref="" m_id="71"/><EVENT TAG_DESCRIPTOR="Say-EHU" class="SPEECH_COGNITIVE" instance_id="SPE39743481820277715" m_id="119"/>
<EVENT TAG_DESCRIPTOR="Say-EHU" class="SPEECH_COGNITIVE" instance_id="SPE39043646515382007" m_id="118"/><EVENT TAG_DESCRIPTOR="be" class="GRAMMATICAL" comment="" external_ref="" m_id="68"/>
<EVENT TAG_DESCRIPTOR="profitable" class="OTHER" comment="" external_ref="" m_id="67"/><EVENT TAG_DESCRIPTOR="surprise" class="OTHER" comment="" external_ref="" m_id="66"/>
<EVENT TAG_DESCRIPTOR="forecast" class="SPEECH_COGNITIVE" comment="" external_ref="" m_id="65"/><EVENT TAG_DESCRIPTOR="lose" class="OTHER" comment="" external_ref="" m_id="64"/>
<EVENT TAG_DESCRIPTOR="equate" class="OTHER" comment="" external_ref="" m_id="63"/><EVENT TAG_DESCRIPTOR="difference" class="OTHER" comment="" external_ref="" m_id="62"/>
<EVENT TAG_DESCRIPTOR="show" class="OTHER" comment="" external_ref="" m_id="61"/><EVENT TAG_DESCRIPTOR="make" class="GRAMMATICAL" comment="" external_ref="" m_id="60"/>
<ENTITY TAG_DESCRIPTOR="money" ent_type="FIN" external_ref="http://dbpedia.org/resource/Money" instance_id="FIN44168215648930637" m_id="127"/><ENTITY TAG_DESCRIPTOR="Alan Mulally" ent_type="PER" external_ref="http://dbpedia.org/resource/Alan_Mulally" instance_id="PER37406424840192289" m_id="125"/>
<ENTITY TAG_DESCRIPTOR="most analysts" ent_type="PER" instance_id="PER45820608302115029" m_id="124"/><ENTITY TAG_DESCRIPTOR="Ford" ent_type="ORG" external_ref="http://dbpedia.org/resource/Ford_Motor_Company" instance_id="ORG37406423869806668" m_id="123"/>
<ENTITY TAG_DESCRIPTOR="automobile" ent_type="PRO" instance_id="PRO37402535305680047" m_id="122"/><ENTITY TAG_DESCRIPTOR="Ford share" ent_type="FIN" instance_id="FIN45820651838632198" m_id="120"/>
<ENTITY TAG_DESCRIPTOR="United States of America " ent_type="LOC" external_ref="http://dbpedia.org/resource/United_States" instance_id="LOC27735327659249054" m_id="117"/></Markables>
<Relations>
<HAS_PARTICIPANT comment="" r_id="133945" sem_role="Arg0" sem_role_framework="PROPBANK">
<source m_id="5"/>
<target m_id="2"/>
</HAS_PARTICIPANT>
<HAS_PARTICIPANT comment="" r_id="133946" sem_role="Arg0" sem_role_framework="PROPBANK">
<source m_id="6"/>
<target m_id="3"/>
</HAS_PARTICIPANT>
<HAS_PARTICIPANT comment="" r_id="133947" sem_role="Arg1" sem_role_framework="PROPBANK">
<source m_id="7"/>
<target m_id="11"/>
</HAS_PARTICIPANT>
<HAS_PARTICIPANT comment="" r_id="133948" sem_role="Arg0" sem_role_framework="PROPBANK">
<source m_id="8"/>
<target m_id="2"/>
</HAS_PARTICIPANT>
<HAS_PARTICIPANT comment="" r_id="133949" sem_role="Arg1" sem_role_framework="PROPBANK">
<source m_id="9"/>
<target m_id="4"/>
</HAS_PARTICIPANT>
<GLINK comment="" r_id="133950">
<source m_id="9"/>
<target m_id="10"/>
</GLINK>
<SLINK comment="" r_id="133951">
<source m_id="5"/>
<target m_id="6"/>
</SLINK>
<SLINK comment="" r_id="133952">
<source m_id="8"/>
<target m_id="9"/>
</SLINK>
<HAS_PARTICIPANT comment="" r_id="133953" sem_role="Arg1" sem_role_framework="PROPBANK">
<source m_id="23"/>
<target m_id="20"/>
</HAS_PARTICIPANT>
<HAS_PARTICIPANT comment="" r_id="133954" sem_role="Arg0" sem_role_framework="PROPBANK">
<source m_id="24"/>
<target m_id="18"/>
</HAS_PARTICIPANT>
<HAS_PARTICIPANT comment="" r_id="133955" sem_role="Arg0" sem_role_framework="PROPBANK">
<source m_id="25"/>
<target m_id="21"/>
</HAS_PARTICIPANT>
<HAS_PARTICIPANT comment="" r_id="133956" sem_role="Arg1" sem_role_framework="PROPBANK">
<source m_id="25"/>
<target m_id="22"/>
</HAS_PARTICIPANT>
<SLINK comment="" r_id="133957">
<source m_id="24"/>
<target m_id="25"/>
</SLINK>
<HAS_PARTICIPANT comment="" r_id="133958" sem_role="Arg0" sem_role_framework="PROPBANK">
<source m_id="29"/>
<target m_id="27"/>
</HAS_PARTICIPANT>
<HAS_PARTICIPANT comment="" r_id="133959" sem_role="Arg1" sem_role_framework="PROPBANK">
<source m_id="30"/>
<target m_id="34"/>
</HAS_PARTICIPANT>
<HAS_PARTICIPANT comment="" r_id="133960" sem_role="Arg2" sem_role_framework="PROPBANK">
<source m_id="31"/>
<target m_id="35"/>
</HAS_PARTICIPANT>
<HAS_PARTICIPANT comment="" r_id="133961" sem_role="Arg1" sem_role_framework="PROPBANK">
<source m_id="31"/>
<target m_id="34"/>
</HAS_PARTICIPANT>
<HAS_PARTICIPANT comment="" r_id="133962" sem_role="Arg2" sem_role_framework="PROPBANK">
<source m_id="32"/>
<target m_id="35"/>
</HAS_PARTICIPANT>
<HAS_PARTICIPANT comment="" r_id="133963" sem_role="Arg0" sem_role_framework="PROPBANK">
<source m_id="33"/>
<target m_id="28"/>
</HAS_PARTICIPANT>
<SLINK comment="" r_id="133964">
<source m_id="33"/>
<target m_id="32"/>
</SLINK>
<HAS_PARTICIPANT comment="" r_id="135713" sem_role="Arg0" sem_role_framework="PROPBANK">
<source m_id="49"/>
<target m_id="43"/>
</HAS_PARTICIPANT>
<SLINK comment="" r_id="135714">
<source m_id="49"/>
<target m_id="45"/>
</SLINK>
<GLINK comment="" r_id="135715">
<source m_id="46"/>
<target m_id="47"/>
</GLINK>
<SLINK comment="" r_id="135716">
<source m_id="45"/>
<target m_id="46"/>
</SLINK>
<TLINK comment="" r_id="135717" reltype="BEFORE" signalID="">
<source m_id="5"/>
<target m_id="14"/>
</TLINK>
<TLINK comment="" r_id="135718" reltype="BEFORE" signalID="">
<source m_id="6"/>
<target m_id="14"/>
</TLINK>
<TLINK comment="" r_id="135719" reltype="BEFORE" signalID="">
<source m_id="8"/>
<target m_id="14"/>
</TLINK>
<TLINK comment="" r_id="135720" reltype="AFTER" signalID="">
<source m_id="9"/>
<target m_id="14"/>
</TLINK>
<TLINK comment="" r_id="135721" reltype="BEFORE" signalID="">
<source m_id="23"/>
<target m_id="14"/>
</TLINK>
<TLINK comment="" r_id="135722" reltype="BEFORE" signalID="">
<source m_id="24"/>
<target m_id="14"/>
</TLINK>
<TLINK comment="" r_id="135723" reltype="BEFORE" signalID="">
<source m_id="25"/>
<target m_id="14"/>
</TLINK>
<TLINK comment="" r_id="135724" reltype="SIMULTANEOUS" signalID="">
<source m_id="30"/>
<target m_id="14"/>
</TLINK>
<TLINK comment="" r_id="135725" reltype="BEFORE" signalID="">
<source m_id="33"/>
<target m_id="14"/>
</TLINK>
<TLINK comment="" r_id="135726" reltype="BEFORE" signalID="">
<source m_id="45"/>
<target m_id="14"/>
</TLINK>
<TLINK comment="" r_id="135727" reltype="IS_INCLUDED" signalID="">
<source m_id="46"/>
<target m_id="14"/>
</TLINK>
<TLINK comment="" r_id="135728" reltype="BEFORE" signalID="">
<source m_id="49"/>
<target m_id="14"/>
</TLINK>
<TLINK comment="" r_id="135729" reltype="IBEFORE" signalID="">
<source m_id="5"/>
<target m_id="23"/>
</TLINK>
<TLINK comment="" r_id="135730" reltype="AFTER" signalID="">
<source m_id="23"/>
<target m_id="30"/>
</TLINK>
<TLINK comment="" r_id="135731" reltype="BEFORE" signalID="">
<source m_id="30"/>
<target m_id="49"/>
</TLINK>
<TLINK comment="" r_id="135732" reltype="AFTER" signalID="">
<source m_id="5"/>
<target m_id="6"/>
</TLINK>
<TLINK comment="" r_id="135733" reltype="IBEFORE" signalID="">
<source m_id="5"/>
<target m_id="8"/>
</TLINK>
<TLINK comment="" r_id="135734" reltype="BEFORE" signalID="">
<source m_id="8"/>
<target m_id="9"/>
</TLINK>
<TLINK comment="" r_id="135735" reltype="BEFORE" signalID="">
<source m_id="24"/>
<target m_id="25"/>
</TLINK>
<TLINK comment="" r_id="135736" reltype="AFTER" signalID="">
<source m_id="23"/>
<target m_id="24"/>
</TLINK>
<TLINK comment="" r_id="135737" reltype="AFTER" signalID="">
<source m_id="30"/>
<target m_id="33"/>
</TLINK>
<TLINK comment="" r_id="135738" reltype="SIMULTANEOUS" signalID="">
<source m_id="49"/>
<target m_id="46"/>
</TLINK>
<TLINK comment="" r_id="135739" reltype="SIMULTANEOUS" signalID="">
<source m_id="49"/>
<target m_id="45"/>
</TLINK>
<TLINK comment="" r_id="135740" reltype="IS_INCLUDED" signalID="12">
<source m_id="7"/>
<target m_id="15"/>
</TLINK>
<TLINK comment="" r_id="135741" reltype="IS_INCLUDED" signalID="13">
<source m_id="9"/>
<target m_id="16"/>
</TLINK>
<TLINK comment="" r_id="135742" reltype="IS_INCLUDED" signalID="">
<source m_id="44"/>
<target m_id="50"/>
</TLINK>
<HAS_PARTICIPANT comment="" r_id="243794" sem_role="Arg0" sem_role_framework="PROPBANK">
<source m_id="76"/>
<target m_id="75"/>
</HAS_PARTICIPANT>



























<REFERS_TO r_id="243809">
<source m_id="6"/>
<source m_id="76"/>
<target m_id="126"/>
</REFERS_TO>
<REFERS_TO r_id="243810">
<source m_id="46"/>
<target m_id="60"/>
</REFERS_TO>
<REFERS_TO r_id="243811">
<source m_id="45"/>
<target m_id="61"/>
</REFERS_TO>
<REFERS_TO r_id="243812">
<source m_id="1"/>
<target m_id="117"/>
</REFERS_TO>
<REFERS_TO r_id="243813">
<source m_id="30"/>
<target m_id="63"/>
</REFERS_TO>
<REFERS_TO r_id="243814">
<source m_id="25"/>
<source m_id="32"/>
<target m_id="64"/>
</REFERS_TO>
<REFERS_TO r_id="243815">
<source m_id="24"/>
<source m_id="33"/>
<target m_id="65"/>
</REFERS_TO>
<REFERS_TO r_id="243816">
<source m_id="23"/>
<target m_id="66"/>
</REFERS_TO>
<REFERS_TO r_id="243817">
<source m_id="10"/>
<target m_id="67"/>
</REFERS_TO>
<REFERS_TO r_id="243818">
<source m_id="9"/>
<target m_id="68"/>
</REFERS_TO>
<REFERS_TO r_id="243819">
<source m_id="5"/>
<target m_id="119"/>
</REFERS_TO>
<REFERS_TO r_id="243820">
<source m_id="49"/>
<target m_id="118"/>
</REFERS_TO>
<REFERS_TO r_id="243821">
<source m_id="37"/>
<source m_id="36"/>
<target m_id="120"/>
</REFERS_TO>
<REFERS_TO r_id="243822">
<source m_id="44"/>
<source m_id="29"/>
<source m_id="7"/>
<source m_id="77"/>
<target m_id="121"/>
</REFERS_TO>
<REFERS_TO r_id="243823">
<source m_id="85"/>
<source m_id="95"/>
<source m_id="112"/>
<target m_id="122"/>
</REFERS_TO>
<REFERS_TO r_id="243824">
<source m_id="21"/>
<source m_id="3"/>
<source m_id="4"/>
<source m_id="93"/>
<source m_id="39"/>
<source m_id="40"/>
<source m_id="27"/>
<source m_id="38"/>
<source m_id="2"/>
<source m_id="73"/>
<source m_id="74"/>
<source m_id="75"/>
<source m_id="78"/>
<source m_id="79"/>
<target m_id="123"/>
</REFERS_TO>
<REFERS_TO r_id="243825">
<source m_id="20"/>
<source m_id="18"/>
<source m_id="28"/>
<source m_id="17"/>
<source m_id="19"/>
<target m_id="124"/>
</REFERS_TO>
<REFERS_TO r_id="243826">
<source m_id="90"/>
<source m_id="41"/>
<source m_id="43"/>
<source m_id="104"/>
<source m_id="42"/>
<target m_id="125"/>
</REFERS_TO>
<REFERS_TO r_id="243827">
<source m_id="26"/>
<target m_id="71"/>
</REFERS_TO>
<REFERS_TO r_id="243828">
<source m_id="22"/>
<target m_id="127"/>
</REFERS_TO>
<REFERS_TO r_id="243829">
<source m_id="106"/>
<target m_id="128"/>
</REFERS_TO>
<REFERS_TO r_id="243830">
<source m_id="8"/>
<target m_id="129"/>
</REFERS_TO>
<REFERS_TO r_id="243831">
<source m_id="48"/>
<target m_id="58"/>
</REFERS_TO>
<REFERS_TO r_id="243832">
<source m_id="31"/>
<target m_id="62"/>
</REFERS_TO>
<REFERS_TO r_id="243833">
<source m_id="47"/>
<target m_id="130"/>
</REFERS_TO>
</Relations>
</Document>