<?xml version="1.0" ?><Document doc_id="160257" doc_name="160257_Ford_US_auto_sales_spike" lang="en" url="http://en.wikinews.org/wiki/Ford's_US_auto_sales_spike,_surpassing_GM">
<token number="0" sentence="0" t_id="1">Ford</token>
<token number="1" sentence="0" t_id="2">'s</token>
<token number="2" sentence="0" t_id="3">US</token>
<token number="3" sentence="0" t_id="4">auto</token>
<token number="4" sentence="0" t_id="5">sales</token>
<token number="5" sentence="0" t_id="6">spike</token>
<token number="6" sentence="0" t_id="7">,</token>
<token number="7" sentence="0" t_id="8">surpassing</token>
<token number="8" sentence="0" t_id="9">GM</token>
<token number="9" sentence="1" t_id="10">March</token>
<token number="10" sentence="1" t_id="11">03</token>
<token number="11" sentence="1" t_id="12">,</token>
<token number="12" sentence="1" t_id="13">2010</token>
<token number="13" sentence="2" t_id="14">Ford</token>
<token number="14" sentence="2" t_id="15">Motor</token>
<token number="15" sentence="2" t_id="16">Company</token>
<token number="16" sentence="2" t_id="17">said</token>
<token number="17" sentence="2" t_id="18">on</token>
<token number="18" sentence="2" t_id="19">Tuesday</token>
<token number="19" sentence="2" t_id="20">that</token>
<token number="20" sentence="2" t_id="21">its</token>
<token number="21" sentence="2" t_id="22">sales</token>
<token number="22" sentence="2" t_id="23">in</token>
<token number="23" sentence="2" t_id="24">the</token>
<token number="24" sentence="2" t_id="25">United</token>
<token number="25" sentence="2" t_id="26">States</token>
<token number="26" sentence="2" t_id="27">rose</token>
<token number="27" sentence="2" t_id="28">43</token>
<token number="28" sentence="2" t_id="29">%</token>
<token number="29" sentence="2" t_id="30">in</token>
<token number="30" sentence="2" t_id="31">February</token>
<token number="31" sentence="2" t_id="32">compared</token>
<token number="32" sentence="2" t_id="33">to</token>
<token number="33" sentence="2" t_id="34">the</token>
<token number="34" sentence="2" t_id="35">same</token>
<token number="35" sentence="2" t_id="36">period</token>
<token number="36" sentence="2" t_id="37">last</token>
<token number="37" sentence="2" t_id="38">year</token>
<token number="38" sentence="2" t_id="39">,</token>
<token number="39" sentence="2" t_id="40">as</token>
<token number="40" sentence="2" t_id="41">the</token>
<token number="41" sentence="2" t_id="42">automaker</token>
<token number="42" sentence="2" t_id="43">outsold</token>
<token number="43" sentence="2" t_id="44">rivals</token>
<token number="44" sentence="2" t_id="45">Toyota</token>
<token number="45" sentence="2" t_id="46">and</token>
<token number="46" sentence="2" t_id="47">General</token>
<token number="47" sentence="2" t_id="48">Motors</token>
<token number="48" sentence="2" t_id="49">.</token>
<token number="49" sentence="3" t_id="50">Ford</token>
<token number="50" sentence="3" t_id="51">said</token>
<token number="51" sentence="3" t_id="52">that</token>
<token number="52" sentence="3" t_id="53">total</token>
<token number="53" sentence="3" t_id="54">sales</token>
<token number="54" sentence="3" t_id="55">improved</token>
<token number="55" sentence="3" t_id="56">to</token>
<token number="56" sentence="3" t_id="57">142,285</token>
<token number="57" sentence="3" t_id="58">units</token>
<token number="58" sentence="3" t_id="59">,</token>
<token number="59" sentence="3" t_id="60">compared</token>
<token number="60" sentence="3" t_id="61">to</token>
<token number="61" sentence="3" t_id="62">141,951</token>
<token number="62" sentence="3" t_id="63">units</token>
<token number="63" sentence="3" t_id="64">sold</token>
<token number="64" sentence="3" t_id="65">by</token>
<token number="65" sentence="3" t_id="66">GM</token>
<token number="66" sentence="3" t_id="67">.</token>
<token number="67" sentence="4" t_id="68">Additionally</token>
<token number="68" sentence="4" t_id="69">,</token>
<token number="69" sentence="4" t_id="70">Ford</token>
<token number="70" sentence="4" t_id="71">said</token>
<token number="71" sentence="4" t_id="72">that</token>
<token number="72" sentence="4" t_id="73">its</token>
<token number="73" sentence="4" t_id="74">share</token>
<token number="74" sentence="4" t_id="75">of</token>
<token number="75" sentence="4" t_id="76">the</token>
<token number="76" sentence="4" t_id="77">total</token>
<token number="77" sentence="4" t_id="78">US</token>
<token number="78" sentence="4" t_id="79">car</token>
<token number="79" sentence="4" t_id="80">market</token>
<token number="80" sentence="4" t_id="81">rose</token>
<token number="81" sentence="4" t_id="82">to</token>
<token number="82" sentence="4" t_id="83">17</token>
<token number="83" sentence="4" t_id="84">%</token>
<token number="84" sentence="4" t_id="85">,</token>
<token number="85" sentence="4" t_id="86">up</token>
<token number="86" sentence="4" t_id="87">from</token>
<token number="87" sentence="4" t_id="88">14</token>
<token number="88" sentence="4" t_id="89">%</token>
<token number="89" sentence="4" t_id="90">a</token>
<token number="90" sentence="4" t_id="91">year</token>
<token number="91" sentence="4" t_id="92">ago</token>
<token number="92" sentence="4" t_id="93">.</token>
<token number="93" sentence="5" t_id="94">The</token>
<token number="94" sentence="5" t_id="95">increase</token>
<token number="95" sentence="5" t_id="96">was</token>
<token number="96" sentence="5" t_id="97">better</token>
<token number="97" sentence="5" t_id="98">than</token>
<token number="98" sentence="5" t_id="99">analysts</token>
<token number="99" sentence="5" t_id="100">had</token>
<token number="100" sentence="5" t_id="101">predicted</token>
<token number="101" sentence="5" t_id="102">,</token>
<token number="102" sentence="5" t_id="103">and</token>
<token number="103" sentence="5" t_id="104">Ford</token>
<token number="104" sentence="5" t_id="105">'s</token>
<token number="105" sentence="5" t_id="106">stock</token>
<token number="106" sentence="5" t_id="107">rose</token>
<token number="107" sentence="5" t_id="108">to</token>
<token number="108" sentence="5" t_id="109">a</token>
<token number="109" sentence="5" t_id="110">five-year</token>
<token number="110" sentence="5" t_id="111">high</token>
<token number="111" sentence="5" t_id="112">in</token>
<token number="112" sentence="5" t_id="113">morning</token>
<token number="113" sentence="5" t_id="114">trading</token>
<token number="114" sentence="5" t_id="115">,</token>
<token number="115" sentence="5" t_id="116">before</token>
<token number="116" sentence="5" t_id="117">declining</token>
<token number="117" sentence="5" t_id="118">later</token>
<token number="118" sentence="5" t_id="119">in</token>
<token number="119" sentence="5" t_id="120">the</token>
<token number="120" sentence="5" t_id="121">day</token>
<token number="121" sentence="5" t_id="122">.</token>
<token number="122" sentence="6" t_id="123">Ford</token>
<token number="123" sentence="6" t_id="124">'s</token>
<token number="124" sentence="6" t_id="125">sales</token>
<token number="125" sentence="6" t_id="126">were</token>
<token number="126" sentence="6" t_id="127">significantly</token>
<token number="127" sentence="6" t_id="128">influenced</token>
<token number="128" sentence="6" t_id="129">by</token>
<token number="129" sentence="6" t_id="130">a</token>
<token number="130" sentence="6" t_id="131">74</token>
<token number="131" sentence="6" t_id="132">%</token>
<token number="132" sentence="6" t_id="133">increase</token>
<token number="133" sentence="6" t_id="134">in</token>
<token number="134" sentence="6" t_id="135">fleet</token>
<token number="135" sentence="6" t_id="136">sales</token>
<token number="136" sentence="6" t_id="137">to</token>
<token number="137" sentence="6" t_id="138">businesses</token>
<token number="138" sentence="6" t_id="139">.</token>
<token number="139" sentence="7" t_id="140">Rental</token>
<token number="140" sentence="7" t_id="141">car</token>
<token number="141" sentence="7" t_id="142">agencies</token>
<token number="142" sentence="7" t_id="143">alone</token>
<token number="143" sentence="7" t_id="144">accounted</token>
<token number="144" sentence="7" t_id="145">for</token>
<token number="145" sentence="7" t_id="146">around</token>
<token number="146" sentence="7" t_id="147">30,000</token>
<token number="147" sentence="7" t_id="148">units</token>
<token number="148" sentence="7" t_id="149">sold</token>
<token number="149" sentence="7" t_id="150">.</token>
<token number="150" sentence="8" t_id="151">Sales</token>
<token number="151" sentence="8" t_id="152">to</token>
<token number="152" sentence="8" t_id="153">retail</token>
<token number="153" sentence="8" t_id="154">consumers</token>
<token number="154" sentence="8" t_id="155">increased</token>
<token number="155" sentence="8" t_id="156">only</token>
<token number="156" sentence="8" t_id="157">28</token>
<token number="157" sentence="8" t_id="158">%</token>
<token number="158" sentence="8" t_id="159">.</token>
<token number="159" sentence="9" t_id="160">The</token>
<token number="160" sentence="9" t_id="161">increases</token>
<token number="161" sentence="9" t_id="162">were</token>
<token number="162" sentence="9" t_id="163">led</token>
<token number="163" sentence="9" t_id="164">by</token>
<token number="164" sentence="9" t_id="165">sales</token>
<token number="165" sentence="9" t_id="166">of</token>
<token number="166" sentence="9" t_id="167">two</token>
<token number="167" sentence="9" t_id="168">sedans</token>
<token number="168" sentence="9" t_id="169">,</token>
<token number="169" sentence="9" t_id="170">the</token>
<token number="170" sentence="9" t_id="171">Fusion</token>
<token number="171" sentence="9" t_id="172">and</token>
<token number="172" sentence="9" t_id="173">Taurus</token>
<token number="173" sentence="9" t_id="174">,</token>
<token number="174" sentence="9" t_id="175">which</token>
<token number="175" sentence="9" t_id="176">rose</token>
<token number="176" sentence="9" t_id="177">166.5</token>
<token number="177" sentence="9" t_id="178">and</token>
<token number="178" sentence="9" t_id="179">93.3</token>
<token number="179" sentence="9" t_id="180">%</token>
<token number="180" sentence="9" t_id="181">respectively</token>
<token number="181" sentence="9" t_id="182">,</token>
<token number="182" sentence="9" t_id="183">although</token>
<token number="183" sentence="9" t_id="184">sales</token>
<token number="184" sentence="9" t_id="185">of</token>
<token number="185" sentence="9" t_id="186">other</token>
<token number="186" sentence="9" t_id="187">models</token>
<token number="187" sentence="9" t_id="188">such</token>
<token number="188" sentence="9" t_id="189">as</token>
<token number="189" sentence="9" t_id="190">SUVs</token>
<token number="190" sentence="9" t_id="191">and</token>
<token number="191" sentence="9" t_id="192">pickup</token>
<token number="192" sentence="9" t_id="193">trucks</token>
<token number="193" sentence="9" t_id="194">also</token>
<token number="194" sentence="9" t_id="195">increased</token>
<token number="195" sentence="9" t_id="196">.</token>
<token number="196" sentence="10" t_id="197">Both</token>
<token number="197" sentence="10" t_id="198">models</token>
<token number="198" sentence="10" t_id="199">were</token>
<token number="199" sentence="10" t_id="200">significantly</token>
<token number="200" sentence="10" t_id="201">redesigned</token>
<token number="201" sentence="10" t_id="202">last</token>
<token number="202" sentence="10" t_id="203">year</token>
<token number="203" sentence="10" t_id="204">,</token>
<token number="204" sentence="10" t_id="205">and</token>
<token number="205" sentence="10" t_id="206">analysts</token>
<token number="206" sentence="10" t_id="207">said</token>
<token number="207" sentence="10" t_id="208">that</token>
<token number="208" sentence="10" t_id="209">improved</token>
<token number="209" sentence="10" t_id="210">quality</token>
<token number="210" sentence="10" t_id="211">from</token>
<token number="211" sentence="10" t_id="212">such</token>
<token number="212" sentence="10" t_id="213">cars</token>
<token number="213" sentence="10" t_id="214">were</token>
<token number="214" sentence="10" t_id="215">driving</token>
<token number="215" sentence="10" t_id="216">the</token>
<token number="216" sentence="10" t_id="217">increases</token>
<token number="217" sentence="10" t_id="218">.</token>
<token number="218" sentence="11" t_id="219">Other</token>
<token number="219" sentence="11" t_id="220">companies</token>
<token number="220" sentence="11" t_id="221">also</token>
<token number="221" sentence="11" t_id="222">reported</token>
<token number="222" sentence="11" t_id="223">February</token>
<token number="223" sentence="11" t_id="224">sales</token>
<token number="224" sentence="11" t_id="225">today</token>
<token number="225" sentence="11" t_id="226">,</token>
<token number="226" sentence="11" t_id="227">nearly</token>
<token number="227" sentence="11" t_id="228">all</token>
<token number="228" sentence="11" t_id="229">reporting</token>
<token number="229" sentence="11" t_id="230">sales</token>
<token number="230" sentence="11" t_id="231">gains</token>
<token number="231" sentence="11" t_id="232">as</token>
<token number="232" sentence="11" t_id="233">well</token>
<token number="233" sentence="11" t_id="234">,</token>
<token number="234" sentence="11" t_id="235">although</token>
<token number="235" sentence="11" t_id="236">none</token>
<token number="236" sentence="11" t_id="237">as</token>
<token number="237" sentence="11" t_id="238">large</token>
<token number="238" sentence="11" t_id="239">as</token>
<token number="239" sentence="11" t_id="240">those</token>
<token number="240" sentence="11" t_id="241">of</token>
<token number="241" sentence="11" t_id="242">Ford</token>
<token number="242" sentence="11" t_id="243">.</token>
<token number="243" sentence="12" t_id="244">Toyota</token>
<token number="244" sentence="12" t_id="245">was</token>
<token number="245" sentence="12" t_id="246">the</token>
<token number="246" sentence="12" t_id="247">sole</token>
<token number="247" sentence="12" t_id="248">exception</token>
<token number="248" sentence="12" t_id="249">to</token>
<token number="249" sentence="12" t_id="250">the</token>
<token number="250" sentence="12" t_id="251">sales</token>
<token number="251" sentence="12" t_id="252">gains</token>
<token number="252" sentence="12" t_id="253">,</token>
<token number="253" sentence="12" t_id="254">as</token>
<token number="254" sentence="12" t_id="255">their</token>
<token number="255" sentence="12" t_id="256">sales</token>
<token number="256" sentence="12" t_id="257">declined</token>
<token number="257" sentence="12" t_id="258">8.7</token>
<token number="258" sentence="12" t_id="259">%</token>
<token number="259" sentence="12" t_id="260">,</token>
<token number="260" sentence="12" t_id="261">as</token>
<token number="261" sentence="12" t_id="262">the</token>
<token number="262" sentence="12" t_id="263">company</token>
<token number="263" sentence="12" t_id="264">was</token>
<token number="264" sentence="12" t_id="265">faced</token>
<token number="265" sentence="12" t_id="266">with</token>
<token number="266" sentence="12" t_id="267">a</token>
<token number="267" sentence="12" t_id="268">global</token>
<token number="268" sentence="12" t_id="269">recall</token>
<token number="269" sentence="12" t_id="270">during</token>
<token number="270" sentence="12" t_id="271">the</token>
<token number="271" sentence="12" t_id="272">month</token>
<token number="272" sentence="12" t_id="273">that</token>
<token number="273" sentence="12" t_id="274">led</token>
<token number="274" sentence="12" t_id="275">to</token>
<token number="275" sentence="12" t_id="276">a</token>
<token number="276" sentence="12" t_id="277">temporary</token>
<token number="277" sentence="12" t_id="278">stoppage</token>
<token number="278" sentence="12" t_id="279">of</token>
<token number="279" sentence="12" t_id="280">production</token>
<token number="280" sentence="12" t_id="281">for</token>
<token number="281" sentence="12" t_id="282">some</token>
<token number="282" sentence="12" t_id="283">models</token>
<token number="283" sentence="12" t_id="284">.</token>
<token number="284" sentence="13" t_id="285">``</token>
<token number="285" sentence="13" t_id="286">The</token>
<token number="286" sentence="13" t_id="287">strength</token>
<token number="287" sentence="13" t_id="288">of</token>
<token number="288" sentence="13" t_id="289">our</token>
<token number="289" sentence="13" t_id="290">new</token>
<token number="290" sentence="13" t_id="291">products</token>
<token number="291" sentence="13" t_id="292">...</token>
<token number="292" sentence="13" t_id="293">are</token>
<token number="293" sentence="13" t_id="294">resonating</token>
<token number="294" sentence="13" t_id="295">with</token>
<token number="295" sentence="13" t_id="296">customers</token>
<token number="296" sentence="13" t_id="297">,</token>
<token number="297" sentence="13" t_id="298">''</token>
<token number="298" sentence="13" t_id="299">said</token>
<token number="299" sentence="13" t_id="300">Ken</token>
<token number="300" sentence="13" t_id="301">Czubay</token>
<token number="301" sentence="13" t_id="302">,</token>
<token number="302" sentence="13" t_id="303">Ford</token>
<token number="303" sentence="13" t_id="304">'s</token>
<token number="304" sentence="13" t_id="305">vice</token>
<token number="305" sentence="13" t_id="306">president</token>
<token number="306" sentence="13" t_id="307">of</token>
<token number="307" sentence="13" t_id="308">sales</token>
<token number="308" sentence="13" t_id="309">and</token>
<token number="309" sentence="13" t_id="310">marketing</token>
<token number="310" sentence="13" t_id="311">.</token>
<token number="311" sentence="14" t_id="312">However</token>
<token number="312" sentence="14" t_id="313">,</token>
<token number="313" sentence="14" t_id="314">he</token>
<token number="314" sentence="14" t_id="315">believed</token>
<token number="315" sentence="14" t_id="316">that</token>
<token number="316" sentence="14" t_id="317">traditional</token>
<token number="317" sentence="14" t_id="318">Toyota</token>
<token number="318" sentence="14" t_id="319">customers</token>
<token number="319" sentence="14" t_id="320">were</token>
<token number="320" sentence="14" t_id="321">not</token>
<token number="321" sentence="14" t_id="322">buying</token>
<token number="322" sentence="14" t_id="323">rival</token>
<token number="323" sentence="14" t_id="324">autos</token>
<token number="324" sentence="14" t_id="325">,</token>
<token number="325" sentence="14" t_id="326">but</token>
<token number="326" sentence="14" t_id="327">rather</token>
<token number="327" sentence="14" t_id="328">awaiting</token>
<token number="328" sentence="14" t_id="329">the</token>
<token number="329" sentence="14" t_id="330">results</token>
<token number="330" sentence="14" t_id="331">from</token>
<token number="331" sentence="14" t_id="332">the</token>
<token number="332" sentence="14" t_id="333">recalls</token>
<token number="333" sentence="14" t_id="334">.</token>
<Markables>
<ENTITY_MENTION comment="" head="" m_id="19" syntactic_type="NAM">
<token_anchor t_id="50"/>
</ENTITY_MENTION>
<ENTITY_MENTION comment="" head="" m_id="20" syntactic_type="NAM">
<token_anchor t_id="66"/>
</ENTITY_MENTION>
<ENTITY_MENTION comment="" head="" m_id="81" syntactic_type="">
<token_anchor t_id="73"/>
<token_anchor t_id="74"/>
<token_anchor t_id="75"/>
<token_anchor t_id="76"/>
<token_anchor t_id="77"/>
<token_anchor t_id="78"/>
<token_anchor t_id="79"/>
<token_anchor t_id="80"/>
</ENTITY_MENTION>
<ENTITY_MENTION comment="" head="" m_id="82" syntactic_type="NAM">
<token_anchor t_id="1"/>
</ENTITY_MENTION>
<ENTITY_MENTION comment="" head="" m_id="83" syntactic_type="NAM">
<token_anchor t_id="3"/>
</ENTITY_MENTION>
<ENTITY_MENTION comment="" head="" m_id="84" syntactic_type="">
<token_anchor t_id="4"/>
</ENTITY_MENTION>
<ENTITY_MENTION comment="" head="" m_id="85" syntactic_type="">
<token_anchor t_id="9"/>
</ENTITY_MENTION>
<ENTITY_MENTION comment="" head="" m_id="29" syntactic_type="">
<token_anchor t_id="57"/>
<token_anchor t_id="58"/>
</ENTITY_MENTION>
<ENTITY_MENTION comment="" head="" m_id="30" syntactic_type="">
<token_anchor t_id="62"/>
<token_anchor t_id="63"/>
</ENTITY_MENTION>
<ENTITY_MENTION comment="" head="" m_id="31" syntactic_type="NAM">
<token_anchor t_id="70"/>
</ENTITY_MENTION>
<ENTITY_MENTION comment="" head="" m_id="32" syntactic_type="">
<token_anchor t_id="73"/>
</ENTITY_MENTION>
<ENTITY_MENTION comment="" head="" m_id="1" syntactic_type="NAM">
<token_anchor t_id="14"/>
<token_anchor t_id="15"/>
<token_anchor t_id="16"/>
</ENTITY_MENTION>
<ENTITY_MENTION comment="" head="" m_id="33" syntactic_type="PRE.NAM">
<token_anchor t_id="78"/>
</ENTITY_MENTION>
<ENTITY_MENTION comment="" head="" m_id="2" syntactic_type="">
<token_anchor t_id="21"/>
</ENTITY_MENTION>
<ENTITY_MENTION comment="" head="" m_id="34" syntactic_type="">
<token_anchor t_id="76"/>
<token_anchor t_id="77"/>
<token_anchor t_id="78"/>
<token_anchor t_id="79"/>
<token_anchor t_id="80"/>
</ENTITY_MENTION>
<ENTITY_MENTION comment="" head="" m_id="3" syntactic_type="NAM">
<token_anchor t_id="24"/>
<token_anchor t_id="25"/>
<token_anchor t_id="26"/>
</ENTITY_MENTION>
<ENTITY_MENTION comment="" head="" m_id="4" syntactic_type="">
<token_anchor t_id="41"/>
<token_anchor t_id="42"/>
</ENTITY_MENTION>
<ENTITY_MENTION comment="" head="" m_id="5" syntactic_type="NAM">
<token_anchor t_id="45"/>
</ENTITY_MENTION>
<ENTITY_MENTION comment="" head="" m_id="6" syntactic_type="NAM">
<token_anchor t_id="47"/>
<token_anchor t_id="48"/>
</ENTITY_MENTION>
<ENTITY_MENTION comment="" head="" m_id="7" syntactic_type="">
<token_anchor t_id="44"/>
<token_anchor t_id="45"/>
<token_anchor t_id="46"/>
<token_anchor t_id="47"/>
<token_anchor t_id="48"/>
</ENTITY_MENTION>
<ENTITY_MENTION comment="" head="" m_id="41" syntactic_type="">
<token_anchor t_id="99"/>
</ENTITY_MENTION>
<ENTITY_MENTION comment="" head="" m_id="42" syntactic_type="NAM">
<token_anchor t_id="104"/>
</ENTITY_MENTION>
<ENTITY_MENTION comment="" head="" m_id="43" syntactic_type="">
<token_anchor t_id="104"/>
<token_anchor t_id="105"/>
<token_anchor t_id="106"/>
</ENTITY_MENTION>
<EVENT_MENTION aspect="NONE" certainty="CERTAIN" comment="" m_id="21" modality="" polarity="POS" pos="VERB" pred="" special_cases="NONE" tense="PAST" time="NON_FUTURE">
<token_anchor t_id="51"/>
</EVENT_MENTION>
<EVENT_MENTION aspect="NONE" certainty="CERTAIN" comment="" m_id="22" modality="" polarity="POS" pos="NOUN" pred="" special_cases="NONE" tense="NONE" time="NON_FUTURE">
<token_anchor t_id="54"/>
</EVENT_MENTION>
<EVENT_MENTION aspect="NONE" certainty="CERTAIN" comment="" m_id="23" modality="" polarity="POS" pos="VERB" pred="" special_cases="NONE" tense="PAST" time="NON_FUTURE">
<token_anchor t_id="55"/>
</EVENT_MENTION>
<EVENT_MENTION aspect="PERFECTIVE" certainty="CERTAIN" comment="" m_id="24" modality="" polarity="POS" pos="VERB" pred="" special_cases="NONE" tense="PASTPART" time="NON_FUTURE">
<token_anchor t_id="60"/>
</EVENT_MENTION>
<EVENT_MENTION aspect="PERFECTIVE" certainty="CERTAIN" comment="" m_id="25" modality="" polarity="POS" pos="VERB" pred="" special_cases="NONE" tense="PASTPART" time="NON_FUTURE">
<token_anchor t_id="64"/>
</EVENT_MENTION>
<EVENT_MENTION aspect="NONE" certainty="CERTAIN" comment="" m_id="86" modality="" polarity="POS" pos="NOUN" pred="" special_cases="NONE" tense="NONE" time="NON_FUTURE">
<token_anchor t_id="5"/>
</EVENT_MENTION>
<EVENT_MENTION aspect="NONE" certainty="CERTAIN" comment="" m_id="87" modality="" polarity="POS" pos="VERB" pred="" special_cases="NONE" tense="PRESENT" time="NON_FUTURE">
<token_anchor t_id="6"/>
</EVENT_MENTION>
<EVENT_MENTION aspect="NONE" certainty="CERTAIN" comment="" m_id="88" modality="" polarity="POS" pos="VERB" pred="" special_cases="NONE" tense="PRESPART" time="NON_FUTURE">
<token_anchor t_id="8"/>
</EVENT_MENTION>
<EVENT_MENTION aspect="NONE" certainty="CERTAIN" comment="" m_id="35" modality="" polarity="POS" pos="VERB" pred="" special_cases="NONE" tense="PAST" time="NON_FUTURE">
<token_anchor t_id="71"/>
</EVENT_MENTION>
<EVENT_MENTION aspect="NONE" certainty="CERTAIN" comment="" m_id="36" modality="" polarity="POS" pos="VERB" pred="" special_cases="NONE" tense="PAST" time="NON_FUTURE">
<token_anchor t_id="81"/>
</EVENT_MENTION>
<EVENT_MENTION aspect="NONE" certainty="CERTAIN" comment="" m_id="8" modality="" polarity="POS" pos="VERB" pred="" special_cases="NONE" tense="PAST" time="NON_FUTURE">
<token_anchor t_id="17"/>
</EVENT_MENTION>
<EVENT_MENTION aspect="NONE" certainty="CERTAIN" comment="" m_id="9" modality="" polarity="POS" pos="NOUN" pred="" special_cases="NONE" tense="NONE" time="NON_FUTURE">
<token_anchor t_id="22"/>
</EVENT_MENTION>
<EVENT_MENTION aspect="NONE" certainty="CERTAIN" comment="" m_id="10" modality="" polarity="POS" pos="VERB" pred="" special_cases="NONE" tense="PAST" time="NON_FUTURE">
<token_anchor t_id="27"/>
</EVENT_MENTION>
<EVENT_MENTION aspect="NONE" certainty="CERTAIN" comment="" m_id="44" modality="" polarity="POS" pos="NOUN" pred="" special_cases="NONE" tense="NONE" time="NON_FUTURE">
<token_anchor t_id="95"/>
</EVENT_MENTION>
<EVENT_MENTION aspect="PERFECTIVE" certainty="CERTAIN" comment="" m_id="11" modality="" polarity="POS" pos="VERB" pred="" special_cases="NONE" tense="PASTPART" time="NON_FUTURE">
<token_anchor t_id="32"/>
</EVENT_MENTION>
<EVENT_MENTION aspect="NONE" certainty="CERTAIN" comment="" m_id="45" modality="" polarity="POS" pos="VERB" pred="" special_cases="NONE" tense="PAST" time="NON_FUTURE">
<token_anchor t_id="96"/>
</EVENT_MENTION>
<EVENT_MENTION aspect="NONE" certainty="CERTAIN" comment="" m_id="12" modality="" polarity="POS" pos="VERB" pred="" special_cases="NONE" tense="PAST" time="NON_FUTURE">
<token_anchor t_id="43"/>
</EVENT_MENTION>
<EVENT_MENTION aspect="NONE" certainty="CERTAIN" comment="" m_id="46" modality="" polarity="POS" pos="OTHER" pred="" special_cases="NONE" tense="NONE" time="NON_FUTURE">
<token_anchor t_id="97"/>
</EVENT_MENTION>
<EVENT_MENTION aspect="PERFECTIVE" certainty="CERTAIN" comment="" m_id="47" modality="" polarity="POS" pos="VERB" pred="" special_cases="NONE" tense="PAST" time="NON_FUTURE">
<token_anchor t_id="101"/>
</EVENT_MENTION>
<EVENT_MENTION aspect="NONE" certainty="CERTAIN" comment="" m_id="48" modality="" polarity="POS" pos="VERB" pred="" special_cases="NONE" tense="PAST" time="NON_FUTURE">
<token_anchor t_id="107"/>
</EVENT_MENTION>
<EVENT_MENTION aspect="NONE" certainty="CERTAIN" comment="" m_id="49" modality="" polarity="POS" pos="NOUN" pred="" special_cases="NONE" tense="NONE" time="NON_FUTURE">
<token_anchor t_id="111"/>
</EVENT_MENTION>
<EVENT_MENTION aspect="NONE" certainty="CERTAIN" comment="" m_id="50" modality="" polarity="POS" pos="NOUN" pred="" special_cases="NONE" tense="NONE" time="NON_FUTURE">
<token_anchor t_id="114"/>
</EVENT_MENTION>
<EVENT_MENTION aspect="NONE" certainty="CERTAIN" comment="" m_id="51" modality="" polarity="POS" pos="VERB" pred="" special_cases="NONE" tense="PRESPART" time="NON_FUTURE">
<token_anchor t_id="117"/>
</EVENT_MENTION>
<SIGNAL comment="" m_id="57">
<token_anchor t_id="119"/>
</SIGNAL>
<SIGNAL comment="" m_id="58">
<token_anchor t_id="116"/>
</SIGNAL>
<SIGNAL comment="" m_id="17">
<token_anchor t_id="18"/>
</SIGNAL>
<SIGNAL comment="" m_id="18">
<token_anchor t_id="30"/>
</SIGNAL>
<TIMEX3 anchorTimeID="" beginPoint="53" comment="" endPoint="14" functionInDocument="NONE" m_id="52" type="DURATION" value="P5Y">
<token_anchor t_id="110"/>
</TIMEX3>
<TIMEX3 anchorTimeID="14" beginPoint="" comment="" endPoint="" functionInDocument="NONE" m_id="54" type="TIME" value="2010-03-02TMO">
<token_anchor t_id="113"/>
</TIMEX3>
<TIMEX3 anchorTimeID="14" beginPoint="" comment="" endPoint="" functionInDocument="NONE" m_id="55" type="DATE" value="2010-03-02">
<token_anchor t_id="120"/>
<token_anchor t_id="121"/>
</TIMEX3>
<TIMEX3 anchorTimeID="54" beginPoint="" comment="" endPoint="" functionInDocument="NONE" m_id="56" type="TIME" value="FUTURE_REF">
<token_anchor t_id="118"/>
</TIMEX3>
<TIMEX3 anchorTimeID="13" beginPoint="40" comment="" endPoint="13" functionInDocument="NONE" m_id="39" type="DURATION" value="P1Y">
<token_anchor t_id="90"/>
<token_anchor t_id="91"/>
<token_anchor t_id="92"/>
</TIMEX3>
<TIMEX3 anchorTimeID="" beginPoint="" comment="" endPoint="" functionInDocument="CREATION_TIME" m_id="13" type="DATE" value="2010-03-03">
<token_anchor t_id="10"/>
<token_anchor t_id="11"/>
<token_anchor t_id="12"/>
<token_anchor t_id="13"/>
</TIMEX3>
<TIMEX3 anchorTimeID="13" beginPoint="" comment="" endPoint="" functionInDocument="NONE" m_id="14" type="DATE" value="2010-03-02">
<token_anchor t_id="19"/>
</TIMEX3>
<TIMEX3 anchorTimeID="13" beginPoint="" comment="" endPoint="" functionInDocument="NONE" m_id="15" type="DATE" value="2010-02">
<token_anchor t_id="31"/>
</TIMEX3>
<TIMEX3 anchorTimeID="15" beginPoint="" comment="" endPoint="" functionInDocument="NONE" m_id="16" type="DATE" value="2009-02">
<token_anchor t_id="34"/>
<token_anchor t_id="35"/>
<token_anchor t_id="36"/>
<token_anchor t_id="37"/>
<token_anchor t_id="38"/>
</TIMEX3>
<VALUE comment="" m_id="26" type="PERCENT">
<token_anchor t_id="28"/>
<token_anchor t_id="29"/>
</VALUE>
<VALUE comment="" m_id="27" type="QUANTITY">
<token_anchor t_id="57"/>
</VALUE>
<VALUE comment="" m_id="28" type="QUANTITY">
<token_anchor t_id="62"/>
</VALUE>
<VALUE comment="" m_id="37" type="PERCENT">
<token_anchor t_id="83"/>
<token_anchor t_id="84"/>
</VALUE>
<VALUE comment="" m_id="38" type="PERCENT">
<token_anchor t_id="88"/>
<token_anchor t_id="89"/>
</VALUE>
<TIMEX3 TAG_DESCRIPTOR="2009-03-03" anchorTimeID="13" beginPoint="" comment="" endPoint="" functionInDocument="NONE" m_id="40" type="DATE" value="2009-03-03"/>
<TIMEX3 TAG_DESCRIPTOR="2005" anchorTimeID="13" beginPoint="" comment="" endPoint="" functionInDocument="NONE" m_id="53" type="DATE" value="2005"/>
<EVENT_MENTION m_id="92">
  <token_anchor t_id="240"/>
</EVENT_MENTION>
<EVENT_MENTION m_id="101">
  <token_anchor t_id="248"/>
</EVENT_MENTION>
<EVENT_MENTION m_id="103">
  <token_anchor t_id="125"/>
</EVENT_MENTION>
<EVENT_MENTION m_id="130">
  <token_anchor t_id="265"/>
</EVENT_MENTION>
<EVENT_MENTION m_id="136">
  <token_anchor t_id="256"/>
</EVENT_MENTION>
<ENTITY_MENTION m_id="90">
  <token_anchor t_id="79"/>
</ENTITY_MENTION>
<ENTITY_MENTION m_id="96">
  <token_anchor t_id="289"/>
</ENTITY_MENTION>
<ENTITY_MENTION m_id="98">
  <token_anchor t_id="147"/>
  <token_anchor t_id="148"/>
</ENTITY_MENTION>
<ENTITY_MENTION m_id="99">
  <token_anchor t_id="244"/>
</ENTITY_MENTION>
<ENTITY_MENTION m_id="100">
  <token_anchor t_id="242"/>
</ENTITY_MENTION>
<ENTITY_MENTION m_id="105">
  <token_anchor t_id="123"/>
</ENTITY_MENTION>
<ENTITY_MENTION m_id="106">
  <token_anchor t_id="303"/>
</ENTITY_MENTION>
<ENTITY_MENTION m_id="108">
  <token_anchor t_id="262"/>
  <token_anchor t_id="263"/>
</ENTITY_MENTION>
<ENTITY_MENTION m_id="119">
  <token_anchor t_id="212"/>
</ENTITY_MENTION>
<ENTITY_MENTION m_id="120">
  <token_anchor t_id="318"/>
</ENTITY_MENTION>
<ENTITY_MENTION m_id="121">
  <token_anchor t_id="213"/>
</ENTITY_MENTION>
<ENTITY_MENTION m_id="132">
  <token_anchor t_id="324"/>
</ENTITY_MENTION>
<ENTITY_MENTION m_id="137">
  <token_anchor t_id="255"/>
</ENTITY_MENTION>
<ENTITY_MENTION m_id="139">
  <token_anchor t_id="141"/>
</ENTITY_MENTION>
<EVENT TAG_DESCRIPTOR="Sale-EHU" class="OTHER" instance_id="OTH39742367516610897" m_id="161"/><EVENT TAG_DESCRIPTOR="Say-EHU" class="SPEECH_COGNITIVE" instance_id="SPE39743851035151395" m_id="160"/>
<EVENT TAG_DESCRIPTOR="Sell-EHU" class="OTHER" instance_id="OTH40543897927894908" m_id="159"/><EVENT TAG_DESCRIPTOR="Say-EHU" class="SPEECH_COGNITIVE" instance_id="SPE39744069478164620" m_id="158"/>
<EVENT TAG_DESCRIPTOR="rise" class="GRAMMATICAL" comment="" external_ref="" m_id="77"/><EVENT TAG_DESCRIPTOR="Say-EHU" class="SPEECH_COGNITIVE" instance_id="SPE39743994236124839" m_id="154"/>
<EVENT TAG_DESCRIPTOR="compare" class="OTHER" comment="" external_ref="" m_id="76"/><EVENT TAG_DESCRIPTOR="be" class="GRAMMATICAL" comment="" external_ref="" m_id="74"/>
<EVENT TAG_DESCRIPTOR="good" class="OTHER" comment="" external_ref="" m_id="73"/><EVENT TAG_DESCRIPTOR="Sale-EHU" class="OTHER" instance_id="OTH40518289736502774" m_id="150"/>
<EVENT TAG_DESCRIPTOR="predict" class="SPEECH_COGNITIVE" comment="" external_ref="" m_id="72"/><EVENT TAG_DESCRIPTOR="high" class="OTHER" comment="" external_ref="" m_id="71"/>
<EVENT TAG_DESCRIPTOR="trade" class="OTHER" comment="" external_ref="" m_id="70"/><EVENT TAG_DESCRIPTOR="Face-EHU" class="OTHER" instance_id="OTH39568313390407098" m_id="147"/>
<EVENT TAG_DESCRIPTOR="decline" class="GRAMMATICAL" comment="" external_ref="" m_id="69"/><EVENT TAG_DESCRIPTOR="Exception-EHU" class="OTHER" instance_id="OTH40517899133011524" m_id="145"/>
<EVENT TAG_DESCRIPTOR="Surpass-EHU" class="OTHER" instance_id="OTH40251404036729516" m_id="142"/><EVENT TAG_DESCRIPTOR="Outsell-EHU" class="OTHER" instance_id="OTH39743915276434066" m_id="140"/>
<ENTITY TAG_DESCRIPTOR="142,285 Ford units" ent_type="PRO" instance_id="PRO47037141090380398" m_id="157"/><ENTITY TAG_DESCRIPTOR="300,000 units" ent_type="PRO" instance_id="PRO47037235314943369" m_id="156"/>
<ENTITY TAG_DESCRIPTOR="US car market" ent_type="FIN" instance_id="FIN47037442917811061" m_id="155"/><ENTITY TAG_DESCRIPTOR="General Motors" ent_type="ORG" external_ref="http://dbpedia.org/resource/General_Motors" instance_id="ORG37406424148086837" m_id="153"/>
<ENTITY TAG_DESCRIPTOR="Toyota and GM" ent_type="ORG" instance_id="ORG47036786948088603" m_id="152"/><ENTITY TAG_DESCRIPTOR="141,951 GM units" ent_type="PRO" instance_id="PRO47037021984517238" m_id="151"/>
<ENTITY TAG_DESCRIPTOR="Toyota" ent_type="ORG" external_ref="http://dbpedia.org/resource/Toyota" instance_id="ORG37406424004775673" m_id="149"/><ENTITY TAG_DESCRIPTOR="Financial analysts" ent_type="PER" external_ref="http://dbpedia.org/resource/Financial_analyst" instance_id="PER43999661376291416" m_id="148"/>
<ENTITY TAG_DESCRIPTOR="Ford" ent_type="ORG" external_ref="http://dbpedia.org/resource/Ford_Motor_Company" instance_id="ORG37406423869806668" m_id="146"/><ENTITY TAG_DESCRIPTOR="automobile" ent_type="PRO" instance_id="PRO37402535305680047" m_id="144"/>
<ENTITY TAG_DESCRIPTOR="share of total US car market" ent_type="FIN" instance_id="FIN45903557688208853" m_id="143"/><ENTITY TAG_DESCRIPTOR="United States of America " ent_type="LOC" external_ref="http://dbpedia.org/resource/United_States" instance_id="LOC27735327659249054" m_id="141"/>
<ENTITY TAG_DESCRIPTOR="Ford's stock" comment="" ent_class="" ent_type="FIN" external_ref="" m_id="59"/></Markables>
<Relations>
<HAS_PARTICIPANT comment="" r_id="152538" sem_role="Arg0" sem_role_framework="PROPBANK">
<source m_id="8"/>
<target m_id="1"/>
</HAS_PARTICIPANT>
<HAS_PARTICIPANT comment="" r_id="152540" sem_role="Arg0" sem_role_framework="PROPBANK">
<source m_id="9"/>
<target m_id="2"/>
</HAS_PARTICIPANT>
<HAS_PARTICIPANT comment="" r_id="152541" sem_role="Argm-LOC" sem_role_framework="PROPBANK">
<source m_id="9"/>
<target m_id="3"/>
</HAS_PARTICIPANT>
<HAS_PARTICIPANT comment="" r_id="152542" sem_role="Arg0" sem_role_framework="PROPBANK">
<source m_id="12"/>
<target m_id="4"/>
</HAS_PARTICIPANT>
<HAS_PARTICIPANT comment="" r_id="152543" sem_role="Arg1" sem_role_framework="PROPBANK">
<source m_id="12"/>
<target m_id="7"/>
</HAS_PARTICIPANT>
<GLINK comment="" r_id="152544">
<source m_id="10"/>
<target m_id="9"/>
</GLINK>
<SLINK comment="" r_id="152545">
<source m_id="8"/>
<target m_id="10"/>
</SLINK>
<HAS_PARTICIPANT comment="" r_id="152546" sem_role="Arg2" sem_role_framework="PROPBANK">
<source m_id="10"/>
<target m_id="26"/>
</HAS_PARTICIPANT>
<HAS_PARTICIPANT comment="" r_id="152547" sem_role="Arg0" sem_role_framework="PROPBANK">
<source m_id="21"/>
<target m_id="19"/>
</HAS_PARTICIPANT>
<HAS_PARTICIPANT comment="" r_id="152548" sem_role="Arg2" sem_role_framework="PROPBANK">
<source m_id="23"/>
<target m_id="29"/>
</HAS_PARTICIPANT>
<HAS_PARTICIPANT comment="" r_id="152549" sem_role="Arg1" sem_role_framework="PROPBANK">
<source m_id="25"/>
<target m_id="30"/>
</HAS_PARTICIPANT>
<HAS_PARTICIPANT comment="" r_id="152550" sem_role="Arg0" sem_role_framework="PROPBANK">
<source m_id="25"/>
<target m_id="20"/>
</HAS_PARTICIPANT>
<SLINK comment="" r_id="152551">
<source m_id="21"/>
<target m_id="23"/>
</SLINK>
<GLINK comment="" r_id="152552">
<source m_id="23"/>
<target m_id="22"/>
</GLINK>
<HAS_PARTICIPANT comment="" r_id="153265" sem_role="Arg0" sem_role_framework="PROPBANK">
<source m_id="35"/>
<target m_id="31"/>
</HAS_PARTICIPANT>
<HAS_PARTICIPANT comment="" r_id="153268" sem_role="Arg4" sem_role_framework="PROPBANK">
<source m_id="36"/>
<target m_id="37"/>
</HAS_PARTICIPANT>
<HAS_PARTICIPANT comment="" r_id="153269" sem_role="Arg3" sem_role_framework="PROPBANK">
<source m_id="36"/>
<target m_id="38"/>
</HAS_PARTICIPANT>
<SLINK comment="" r_id="153270">
<source m_id="35"/>
<target m_id="36"/>
</SLINK>
<HAS_PARTICIPANT comment="" r_id="153297" sem_role="Arg0" sem_role_framework="PROPBANK">
<source m_id="47"/>
<target m_id="41"/>
</HAS_PARTICIPANT>
<HAS_PARTICIPANT comment="" r_id="153298" sem_role="Arg1" sem_role_framework="PROPBANK">
<source m_id="48"/>
<target m_id="43"/>
</HAS_PARTICIPANT>
<GLINK r_id="153299">
<source m_id="45"/>
<target m_id="46"/>
</GLINK>
<TLINK comment="" r_id="154320" reltype="BEFORE" signalID="">
<source m_id="8"/>
<target m_id="13"/>
</TLINK>
<TLINK comment="" r_id="154321" reltype="BEFORE" signalID="">
<source m_id="10"/>
<target m_id="13"/>
</TLINK>
<TLINK comment="" r_id="154322" reltype="BEFORE" signalID="">
<source m_id="12"/>
<target m_id="13"/>
</TLINK>
<TLINK comment="" r_id="154323" reltype="BEFORE" signalID="">
<source m_id="21"/>
<target m_id="13"/>
</TLINK>
<TLINK comment="" r_id="154324" reltype="BEFORE" signalID="">
<source m_id="23"/>
<target m_id="13"/>
</TLINK>
<TLINK comment="" r_id="154325" reltype="BEFORE" signalID="">
<source m_id="35"/>
<target m_id="13"/>
</TLINK>
<TLINK comment="" r_id="154326" reltype="BEFORE" signalID="">
<source m_id="36"/>
<target m_id="13"/>
</TLINK>
<TLINK comment="" r_id="154327" reltype="BEFORE" signalID="">
<source m_id="45"/>
<target m_id="13"/>
</TLINK>
<TLINK comment="" r_id="154328" reltype="BEFORE" signalID="">
<source m_id="47"/>
<target m_id="13"/>
</TLINK>
<TLINK comment="" r_id="154329" reltype="BEFORE" signalID="">
<source m_id="48"/>
<target m_id="13"/>
</TLINK>
<TLINK comment="" r_id="154330" reltype="IAFTER" signalID="">
<source m_id="8"/>
<target m_id="21"/>
</TLINK>
<TLINK comment="" r_id="154331" reltype="IAFTER" signalID="">
<source m_id="21"/>
<target m_id="35"/>
</TLINK>
<TLINK comment="" r_id="154332" reltype="AFTER" signalID="">
<source m_id="35"/>
<target m_id="45"/>
</TLINK>
<TLINK comment="" r_id="154333" reltype="AFTER" signalID="">
<source m_id="8"/>
<target m_id="10"/>
</TLINK>
<TLINK comment="" r_id="154334" reltype="SIMULTANEOUS" signalID="">
<source m_id="10"/>
<target m_id="12"/>
</TLINK>
<TLINK comment="" r_id="154335" reltype="AFTER" signalID="">
<source m_id="21"/>
<target m_id="23"/>
</TLINK>
<TLINK comment="" r_id="154336" reltype="AFTER" signalID="">
<source m_id="35"/>
<target m_id="36"/>
</TLINK>
<TLINK comment="" r_id="154337" reltype="AFTER" signalID="">
<source m_id="45"/>
<target m_id="47"/>
</TLINK>
<TLINK comment="" r_id="154338" reltype="BEFORE" signalID="">
<source m_id="45"/>
<target m_id="48"/>
</TLINK>
<TLINK comment="" r_id="154339" reltype="BEFORE" signalID="58">
<source m_id="48"/>
<target m_id="51"/>
</TLINK>
<TLINK comment="" r_id="154340" reltype="IS_INCLUDED" signalID="17">
<source m_id="8"/>
<target m_id="14"/>
</TLINK>
<TLINK comment="" r_id="154341" reltype="BEFORE" signalID="18">
<source m_id="10"/>
<target m_id="15"/>
</TLINK>
<TLINK comment="" r_id="154343" reltype="BEGUN_BY" signalID="">
<source m_id="36"/>
<target m_id="39"/>
</TLINK>
<TLINK comment="" r_id="154344" reltype="ENDS" signalID="">
<source m_id="49"/>
<target m_id="52"/>
</TLINK>
<TLINK comment="" r_id="154345" reltype="IS_INCLUDED" signalID="">
<source m_id="50"/>
<target m_id="54"/>
</TLINK>
<TLINK comment="" r_id="154346" reltype="IS_INCLUDED" signalID="">
<source m_id="51"/>
<target m_id="56"/>
</TLINK>
<TLINK comment="" r_id="154347" reltype="IS_INCLUDED" signalID="57">
<source m_id="56"/>
<target m_id="55"/>
</TLINK>
<HAS_PARTICIPANT comment="" r_id="240544" sem_role="Arg1" sem_role_framework="PROPBANK">
<source m_id="36"/>
<target m_id="81"/>
</HAS_PARTICIPANT>
<HAS_PARTICIPANT comment="" r_id="243802" sem_role="Argm-LOC" sem_role_framework="PROPBANK">
<source m_id="86"/>
<target m_id="83"/>
</HAS_PARTICIPANT>
<HAS_PARTICIPANT comment="" r_id="243803" sem_role="Arg1" sem_role_framework="PROPBANK">
<source m_id="86"/>
<target m_id="84"/>
</HAS_PARTICIPANT>
<HAS_PARTICIPANT comment="" r_id="243804" sem_role="Arg1" sem_role_framework="PROPBANK">
<source m_id="88"/>
<target m_id="85"/>
</HAS_PARTICIPANT>
<GLINK comment="" r_id="243805">
<source m_id="87"/>
<target m_id="86"/>
</GLINK>






























<REFERS_TO r_id="243829">
<source m_id="30"/>
<target m_id="151"/>
</REFERS_TO>
<REFERS_TO r_id="243830">
<source m_id="136"/>
<target m_id="150"/>
</REFERS_TO>
<REFERS_TO r_id="243831">
<source m_id="20"/>
<source m_id="85"/>
<source m_id="6"/>
<target m_id="153"/>
</REFERS_TO>
<REFERS_TO r_id="243832">
<source m_id="7"/>
<target m_id="152"/>
</REFERS_TO>
<REFERS_TO r_id="243833">
<source m_id="34"/>
<target m_id="155"/>
</REFERS_TO>
<REFERS_TO r_id="243834">
<source m_id="21"/>
<target m_id="154"/>
</REFERS_TO>
<REFERS_TO r_id="243835">
<source m_id="29"/>
<target m_id="157"/>
</REFERS_TO>
<REFERS_TO r_id="243836">
<source m_id="98"/>
<target m_id="156"/>
</REFERS_TO>
<REFERS_TO r_id="243837">
<source m_id="25"/>
<target m_id="159"/>
</REFERS_TO>
<REFERS_TO r_id="243838">
<source m_id="35"/>
<target m_id="158"/>
</REFERS_TO>
<REFERS_TO r_id="243839">
<source m_id="51"/>
<target m_id="69"/>
</REFERS_TO>
<REFERS_TO r_id="243840">
<source m_id="96"/>
<source m_id="100"/>
<source m_id="4"/>
<source m_id="105"/>
<source m_id="106"/>
<source m_id="82"/>
<source m_id="1"/>
<source m_id="31"/>
<source m_id="32"/>
<source m_id="2"/>
<source m_id="42"/>
<source m_id="19"/>
<target m_id="146"/>
</REFERS_TO>
<REFERS_TO r_id="243841">
<source m_id="130"/>
<target m_id="147"/>
</REFERS_TO>
<REFERS_TO r_id="243842">
<source m_id="90"/>
<source m_id="84"/>
<source m_id="119"/>
<source m_id="121"/>
<source m_id="132"/>
<source m_id="139"/>
<target m_id="144"/>
</REFERS_TO>
<REFERS_TO r_id="243843">
<source m_id="101"/>
<target m_id="145"/>
</REFERS_TO>
<REFERS_TO r_id="243844">
<source m_id="88"/>
<target m_id="142"/>
</REFERS_TO>
<REFERS_TO r_id="243845">
<source m_id="81"/>
<target m_id="143"/>
</REFERS_TO>
<REFERS_TO r_id="243846">
<source m_id="12"/>
<target m_id="140"/>
</REFERS_TO>
<REFERS_TO r_id="243847">
<source m_id="33"/>
<source m_id="3"/>
<source m_id="83"/>
<target m_id="141"/>
</REFERS_TO>
<REFERS_TO r_id="243848">
<source m_id="41"/>
<target m_id="148"/>
</REFERS_TO>
<REFERS_TO r_id="243849">
<source m_id="99"/>
<source m_id="108"/>
<source m_id="120"/>
<source m_id="5"/>
<source m_id="137"/>
<target m_id="149"/>
</REFERS_TO>
<REFERS_TO r_id="243850">
<source m_id="10"/>
<source m_id="23"/>
<source m_id="36"/>
<source m_id="44"/>
<source m_id="48"/>
<source m_id="87"/>
<target m_id="77"/>
</REFERS_TO>
<REFERS_TO r_id="243851">
<source m_id="11"/>
<source m_id="24"/>
<target m_id="76"/>
</REFERS_TO>
<REFERS_TO r_id="243852">
<source m_id="45"/>
<target m_id="74"/>
</REFERS_TO>
<REFERS_TO r_id="243853">
<source m_id="46"/>
<target m_id="73"/>
</REFERS_TO>
<REFERS_TO r_id="243854">
<source m_id="47"/>
<target m_id="72"/>
</REFERS_TO>
<REFERS_TO r_id="243855">
<source m_id="49"/>
<target m_id="71"/>
</REFERS_TO>
<REFERS_TO r_id="243856">
<source m_id="50"/>
<target m_id="70"/>
</REFERS_TO>
<REFERS_TO r_id="243857">
<source m_id="8"/>
<target m_id="160"/>
</REFERS_TO>
<REFERS_TO r_id="243858">
<source m_id="92"/>
<source m_id="103"/>
<source m_id="9"/>
<source m_id="86"/>
<source m_id="22"/>
<target m_id="161"/>
</REFERS_TO>
<REFERS_TO r_id="243859">
<source m_id="43"/>
<target m_id="59"/>
</REFERS_TO>
</Relations>
</Document>