<?xml version="1.0" ?><Document doc_id="79240" doc_name="79240_Ford_offers_78_million_for_Romanian_auto_plant" lang="en" url="http://en.wikinews.org/wiki/Ford_offers_US$78_million_for_Romanian_auto_plant">
<token number="0" sentence="0" t_id="1">Ford</token>
<token number="1" sentence="0" t_id="2">offers</token>
<token number="2" sentence="0" t_id="3">US$</token>
<token number="3" sentence="0" t_id="4">78</token>
<token number="4" sentence="0" t_id="5">million</token>
<token number="5" sentence="0" t_id="6">for</token>
<token number="6" sentence="0" t_id="7">Romanian</token>
<token number="7" sentence="0" t_id="8">auto</token>
<token number="8" sentence="0" t_id="9">plant</token>
<token number="9" sentence="1" t_id="10">September</token>
<token number="10" sentence="1" t_id="11">08</token>
<token number="11" sentence="1" t_id="12">,</token>
<token number="12" sentence="1" t_id="13">2007</token>
<token number="13" sentence="2" t_id="14">Ford</token>
<token number="14" sentence="2" t_id="15">Motor</token>
<token number="15" sentence="2" t_id="16">Company</token>
<token number="16" sentence="2" t_id="17">,</token>
<token number="17" sentence="2" t_id="18">the</token>
<token number="18" sentence="2" t_id="19">U.S.</token>
<token number="19" sentence="2" t_id="20">car</token>
<token number="20" sentence="2" t_id="21">maker</token>
<token number="21" sentence="2" t_id="22">,</token>
<token number="22" sentence="2" t_id="23">will</token>
<token number="23" sentence="2" t_id="24">reportedly</token>
<token number="24" sentence="2" t_id="25">pay</token>
<token number="25" sentence="2" t_id="26">$</token>
<token number="26" sentence="2" t_id="27">57</token>
<token number="27" sentence="2" t_id="28">million</token>
<token number="28" sentence="2" t_id="29">(</token>
<token number="29" sentence="2" t_id="30">US$</token>
<token number="30" sentence="2" t_id="31">78</token>
<token number="31" sentence="2" t_id="32">million</token>
<token number="32" sentence="2" t_id="33">)</token>
<token number="33" sentence="2" t_id="34">for</token>
<token number="34" sentence="2" t_id="35">a</token>
<token number="35" sentence="2" t_id="36">72.4</token>
<token number="36" sentence="2" t_id="37">percent</token>
<token number="37" sentence="2" t_id="38">stake</token>
<token number="38" sentence="2" t_id="39">in</token>
<token number="39" sentence="2" t_id="40">the</token>
<token number="40" sentence="2" t_id="41">Romanian</token>
<token number="41" sentence="2" t_id="42">assembly</token>
<token number="42" sentence="2" t_id="43">plant</token>
<token number="43" sentence="2" t_id="44">Automobile</token>
<token number="44" sentence="2" t_id="45">Craiova</token>
<token number="45" sentence="2" t_id="46">,</token>
<token number="46" sentence="2" t_id="47">a</token>
<token number="47" sentence="2" t_id="48">Romanian</token>
<token number="48" sentence="2" t_id="49">official</token>
<token number="49" sentence="2" t_id="50">said</token>
<token number="50" sentence="2" t_id="51">Friday</token>
<token number="51" sentence="2" t_id="52">.</token>
<token number="52" sentence="3" t_id="53">``</token>
<token number="53" sentence="3" t_id="54">The</token>
<token number="54" sentence="3" t_id="55">offer</token>
<token number="55" sentence="3" t_id="56">of</token>
<token number="56" sentence="3" t_id="57">Ford</token>
<token number="57" sentence="3" t_id="58">Motor</token>
<token number="58" sentence="3" t_id="59">Company</token>
<token number="59" sentence="3" t_id="60">for</token>
<token number="60" sentence="3" t_id="61">a</token>
<token number="61" sentence="3" t_id="62">72.4</token>
<token number="62" sentence="3" t_id="63">percent</token>
<token number="63" sentence="3" t_id="64">stake</token>
<token number="64" sentence="3" t_id="65">is</token>
<token number="65" sentence="3" t_id="66">$</token>
<token number="66" sentence="3" t_id="67">4.1556</token>
<token number="67" sentence="3" t_id="68">per</token>
<token number="68" sentence="3" t_id="69">share</token>
<token number="69" sentence="3" t_id="70">or</token>
<token number="70" sentence="3" t_id="71">$</token>
<token number="71" sentence="3" t_id="72">57</token>
<token number="72" sentence="3" t_id="73">million</token>
<token number="73" sentence="3" t_id="74">overall</token>
<token number="74" sentence="3" t_id="75">,</token>
<token number="75" sentence="3" t_id="76">''</token>
<token number="76" sentence="3" t_id="77">said</token>
<token number="77" sentence="3" t_id="78">Sebastian</token>
<token number="78" sentence="3" t_id="79">Vladescu</token>
<token number="79" sentence="3" t_id="80">,</token>
<token number="80" sentence="3" t_id="81">head</token>
<token number="81" sentence="3" t_id="82">of</token>
<token number="82" sentence="3" t_id="83">the</token>
<token number="83" sentence="3" t_id="84">State</token>
<token number="84" sentence="3" t_id="85">Property</token>
<token number="85" sentence="3" t_id="86">Agency</token>
<token number="86" sentence="3" t_id="87">(</token>
<token number="87" sentence="3" t_id="88">AVAS</token>
<token number="88" sentence="3" t_id="89">)</token>
<token number="89" sentence="3" t_id="90">,</token>
<token number="90" sentence="3" t_id="91">after</token>
<token number="91" sentence="3" t_id="92">opening</token>
<token number="92" sentence="3" t_id="93">Ford</token>
<token number="93" sentence="3" t_id="94">'s</token>
<token number="94" sentence="3" t_id="95">improved</token>
<token number="95" sentence="3" t_id="96">offer</token>
<token number="96" sentence="3" t_id="97">.</token>
<token number="97" sentence="4" t_id="98">Vladescu</token>
<token number="98" sentence="4" t_id="99">added</token>
<token number="99" sentence="4" t_id="100">that</token>
<token number="100" sentence="4" t_id="101">the</token>
<token number="101" sentence="4" t_id="102">contract</token>
<token number="102" sentence="4" t_id="103">may</token>
<token number="103" sentence="4" t_id="104">be</token>
<token number="104" sentence="4" t_id="105">signed</token>
<token number="105" sentence="4" t_id="106">on</token>
<token number="106" sentence="4" t_id="107">September</token>
<token number="107" sentence="4" t_id="108">12</token>
<token number="108" sentence="4" t_id="109">,</token>
<token number="109" sentence="4" t_id="110">during</token>
<token number="110" sentence="4" t_id="111">the</token>
<token number="111" sentence="4" t_id="112">auto</token>
<token number="112" sentence="4" t_id="113">show</token>
<token number="113" sentence="4" t_id="114">in</token>
<token number="114" sentence="4" t_id="115">Frankfurt</token>
<token number="115" sentence="4" t_id="116">.</token>
<token number="116" sentence="5" t_id="117">The</token>
<token number="117" sentence="5" t_id="118">Romanian</token>
<token number="118" sentence="5" t_id="119">government</token>
<token number="119" sentence="5" t_id="120">bought</token>
<token number="120" sentence="5" t_id="121">back</token>
<token number="121" sentence="5" t_id="122">the</token>
<token number="122" sentence="5" t_id="123">Craiova-based</token>
<token number="123" sentence="5" t_id="124">car</token>
<token number="124" sentence="5" t_id="125">maker</token>
<token number="125" sentence="5" t_id="126">from</token>
<token number="126" sentence="5" t_id="127">Daewoo</token>
<token number="127" sentence="5" t_id="128">Motors</token>
<token number="128" sentence="5" t_id="129">,</token>
<token number="129" sentence="5" t_id="130">in</token>
<token number="130" sentence="5" t_id="131">late</token>
<token number="131" sentence="5" t_id="132">2006</token>
<token number="132" sentence="5" t_id="133">for</token>
<token number="133" sentence="5" t_id="134">US$</token>
<token number="134" sentence="5" t_id="135">51</token>
<token number="135" sentence="5" t_id="136">million</token>
<token number="136" sentence="5" t_id="137">.</token>
<token number="137" sentence="6" t_id="138">As</token>
<token number="138" sentence="6" t_id="139">the</token>
<token number="139" sentence="6" t_id="140">Korean</token>
<token number="140" sentence="6" t_id="141">company</token>
<token number="141" sentence="6" t_id="142">was</token>
<token number="142" sentence="6" t_id="143">bankrupt</token>
<token number="143" sentence="6" t_id="144">,</token>
<token number="144" sentence="6" t_id="145">the</token>
<token number="145" sentence="6" t_id="146">government</token>
<token number="146" sentence="6" t_id="147">had</token>
<token number="147" sentence="6" t_id="148">to</token>
<token number="148" sentence="6" t_id="149">pay</token>
<token number="149" sentence="6" t_id="150">another</token>
<token number="150" sentence="6" t_id="151">$</token>
<token number="151" sentence="6" t_id="152">10</token>
<token number="152" sentence="6" t_id="153">million</token>
<token number="153" sentence="6" t_id="154">for</token>
<token number="154" sentence="6" t_id="155">debts</token>
<token number="155" sentence="6" t_id="156">stemming</token>
<token number="156" sentence="6" t_id="157">from</token>
<token number="157" sentence="6" t_id="158">past</token>
<token number="158" sentence="6" t_id="159">loans</token>
<token number="159" sentence="6" t_id="160">.</token>
<token number="160" sentence="7" t_id="161">Ford</token>
<token number="161" sentence="7" t_id="162">is</token>
<token number="162" sentence="7" t_id="163">the</token>
<token number="163" sentence="7" t_id="164">only</token>
<token number="164" sentence="7" t_id="165">bidder</token>
<token number="165" sentence="7" t_id="166">for</token>
<token number="166" sentence="7" t_id="167">the</token>
<token number="167" sentence="7" t_id="168">purchase</token>
<token number="168" sentence="7" t_id="169">of</token>
<token number="169" sentence="7" t_id="170">the</token>
<token number="170" sentence="7" t_id="171">factory</token>
<token number="171" sentence="7" t_id="172">.</token>
<token number="172" sentence="8" t_id="173">According</token>
<token number="173" sentence="8" t_id="174">to</token>
<token number="174" sentence="8" t_id="175">Washington</token>
<token number="175" sentence="8" t_id="176">Post</token>
<token number="176" sentence="8" t_id="177">,</token>
<token number="177" sentence="8" t_id="178">many</token>
<token number="178" sentence="8" t_id="179">auto-part</token>
<token number="179" sentence="8" t_id="180">makers</token>
<token number="180" sentence="8" t_id="181">have</token>
<token number="181" sentence="8" t_id="182">set</token>
<token number="182" sentence="8" t_id="183">up</token>
<token number="183" sentence="8" t_id="184">in</token>
<token number="184" sentence="8" t_id="185">the</token>
<token number="185" sentence="8" t_id="186">new</token>
<token number="186" sentence="8" t_id="187">European</token>
<token number="187" sentence="8" t_id="188">Union</token>
<token number="188" sentence="8" t_id="189">member</token>
<token number="189" sentence="8" t_id="190">country</token>
<token number="190" sentence="8" t_id="191">,</token>
<token number="191" sentence="8" t_id="192">attracted</token>
<token number="192" sentence="8" t_id="193">by</token>
<token number="193" sentence="8" t_id="194">cheap</token>
<token number="194" sentence="8" t_id="195">labor</token>
<token number="195" sentence="8" t_id="196">,</token>
<token number="196" sentence="8" t_id="197">favourable</token>
<token number="197" sentence="8" t_id="198">tax</token>
<token number="198" sentence="8" t_id="199">rates</token>
<token number="199" sentence="8" t_id="200">and</token>
<token number="200" sentence="8" t_id="201">the</token>
<token number="201" sentence="8" t_id="202">rising</token>
<token number="202" sentence="8" t_id="203">output</token>
<token number="203" sentence="8" t_id="204">of</token>
<token number="204" sentence="8" t_id="205">Renault</token>
<token number="205" sentence="8" t_id="206">'s</token>
<token number="206" sentence="8" t_id="207">Dacia</token>
<token number="207" sentence="8" t_id="208">plant</token>
<token number="208" sentence="8" t_id="209">.</token>
<token number="209" sentence="9" t_id="210">The</token>
<token number="210" sentence="9" t_id="211">vice</token>
<token number="211" sentence="9" t_id="212">president</token>
<token number="212" sentence="9" t_id="213">of</token>
<token number="213" sentence="9" t_id="214">Dacia</token>
<token number="214" sentence="9" t_id="215">,</token>
<token number="215" sentence="9" t_id="216">Constantin</token>
<token number="216" sentence="9" t_id="217">Stroe</token>
<token number="217" sentence="9" t_id="218">,</token>
<token number="218" sentence="9" t_id="219">said</token>
<token number="219" sentence="9" t_id="220">that</token>
<token number="220" sentence="9" t_id="221">the</token>
<token number="221" sentence="9" t_id="222">price</token>
<token number="222" sentence="9" t_id="223">Ford</token>
<token number="223" sentence="9" t_id="224">offers</token>
<token number="224" sentence="9" t_id="225">is</token>
<token number="225" sentence="9" t_id="226">not</token>
<token number="226" sentence="9" t_id="227">important</token>
<token number="227" sentence="9" t_id="228">.</token>
<token number="228" sentence="10" t_id="229">``</token>
<token number="229" sentence="10" t_id="230">It</token>
<token number="230" sentence="10" t_id="231">'s</token>
<token number="231" sentence="10" t_id="232">important</token>
<token number="232" sentence="10" t_id="233">to</token>
<token number="233" sentence="10" t_id="234">have</token>
<token number="234" sentence="10" t_id="235">the</token>
<token number="235" sentence="10" t_id="236">factory</token>
<token number="236" sentence="10" t_id="237">working</token>
<token number="237" sentence="10" t_id="238">as</token>
<token number="238" sentence="10" t_id="239">soon</token>
<token number="239" sentence="10" t_id="240">as</token>
<token number="240" sentence="10" t_id="241">possible</token>
<token number="241" sentence="10" t_id="242">''</token>
<token number="242" sentence="10" t_id="243">,</token>
<token number="243" sentence="10" t_id="244">he</token>
<token number="244" sentence="10" t_id="245">added</token>
<token number="245" sentence="10" t_id="246">.</token>
<token number="246" sentence="11" t_id="247">``</token>
<token number="247" sentence="11" t_id="248">With</token>
<token number="248" sentence="11" t_id="249">this</token>
<token number="249" sentence="11" t_id="250">production</token>
<token number="250" sentence="11" t_id="251">facility</token>
<token number="251" sentence="11" t_id="252">,</token>
<token number="252" sentence="11" t_id="253">Romania</token>
<token number="253" sentence="11" t_id="254">will</token>
<token number="254" sentence="11" t_id="255">become</token>
<token number="255" sentence="11" t_id="256">an</token>
<token number="256" sentence="11" t_id="257">important</token>
<token number="257" sentence="11" t_id="258">auto</token>
<token number="258" sentence="11" t_id="259">production</token>
<token number="259" sentence="11" t_id="260">center</token>
<token number="260" sentence="11" t_id="261">in</token>
<token number="261" sentence="11" t_id="262">Europe</token>
<token number="262" sentence="11" t_id="263">''</token>
<token number="263" sentence="11" t_id="264">,</token>
<token number="264" sentence="11" t_id="265">concluded</token>
<token number="265" sentence="11" t_id="266">Stroe</token>
<token number="266" sentence="11" t_id="267">,</token>
<token number="267" sentence="11" t_id="268">cited</token>
<token number="268" sentence="11" t_id="269">by</token>
<token number="269" sentence="11" t_id="270">HotNews</token>
<token number="270" sentence="11" t_id="271">.</token>
<Markables>
<ENTITY_MENTION comment="" head="" m_id="19" syntactic_type="NAM">
<token_anchor t_id="78"/>
<token_anchor t_id="79"/>
</ENTITY_MENTION>
<ENTITY_MENTION comment="" head="" m_id="70" syntactic_type="">
<token_anchor t_id="61"/>
<token_anchor t_id="62"/>
<token_anchor t_id="63"/>
<token_anchor t_id="64"/>
</ENTITY_MENTION>
<ENTITY_MENTION comment="" head="" m_id="20" syntactic_type="NAM">
<token_anchor t_id="84"/>
<token_anchor t_id="85"/>
<token_anchor t_id="86"/>
</ENTITY_MENTION>
<ENTITY_MENTION comment="" head="" m_id="71" syntactic_type="">
<token_anchor t_id="35"/>
<token_anchor t_id="36"/>
<token_anchor t_id="37"/>
<token_anchor t_id="38"/>
<token_anchor t_id="39"/>
<token_anchor t_id="40"/>
<token_anchor t_id="41"/>
<token_anchor t_id="42"/>
<token_anchor t_id="43"/>
<token_anchor t_id="44"/>
<token_anchor t_id="45"/>
</ENTITY_MENTION>
<ENTITY_MENTION comment="" head="" m_id="21" syntactic_type="NAM">
<token_anchor t_id="88"/>
</ENTITY_MENTION>
<ENTITY_MENTION comment="" head="" m_id="72" syntactic_type="">
<token_anchor t_id="69"/>
</ENTITY_MENTION>
<ENTITY_MENTION comment="" head="" m_id="22" syntactic_type="">
<token_anchor t_id="84"/>
<token_anchor t_id="85"/>
<token_anchor t_id="86"/>
<token_anchor t_id="87"/>
<token_anchor t_id="88"/>
</ENTITY_MENTION>
<ENTITY_MENTION comment="" head="" m_id="75" syntactic_type="NAM">
<token_anchor t_id="1"/>
</ENTITY_MENTION>
<ENTITY_MENTION comment="" head="" m_id="23" syntactic_type="">
<token_anchor t_id="81"/>
<token_anchor t_id="82"/>
<token_anchor t_id="83"/>
<token_anchor t_id="84"/>
<token_anchor t_id="85"/>
<token_anchor t_id="86"/>
<token_anchor t_id="87"/>
<token_anchor t_id="88"/>
</ENTITY_MENTION>
<ENTITY_MENTION comment="" head="" m_id="76" syntactic_type="PRE.NAM">
<token_anchor t_id="7"/>
</ENTITY_MENTION>
<ENTITY_MENTION comment="" head="" m_id="24" syntactic_type="">
<token_anchor t_id="78"/>
<token_anchor t_id="79"/>
<token_anchor t_id="80"/>
<token_anchor t_id="81"/>
<token_anchor t_id="82"/>
<token_anchor t_id="83"/>
<token_anchor t_id="84"/>
<token_anchor t_id="85"/>
<token_anchor t_id="86"/>
<token_anchor t_id="87"/>
<token_anchor t_id="88"/>
</ENTITY_MENTION>
<ENTITY_MENTION comment="" head="" m_id="77" syntactic_type="">
<token_anchor t_id="7"/>
<token_anchor t_id="8"/>
<token_anchor t_id="9"/>
</ENTITY_MENTION>
<ENTITY_MENTION comment="" head="" m_id="25" syntactic_type="NAM">
<token_anchor t_id="93"/>
</ENTITY_MENTION>
<ENTITY_MENTION comment="" head="Craiova" m_id="81" syntactic_type="PRE.NAM">
<token_anchor t_id="123"/>
</ENTITY_MENTION>
<ENTITY_MENTION comment="" head="" m_id="1" syntactic_type="NAM">
<token_anchor t_id="14"/>
<token_anchor t_id="15"/>
<token_anchor t_id="16"/>
</ENTITY_MENTION>
<ENTITY_MENTION comment="" head="" m_id="2" syntactic_type="PRE.NAM">
<token_anchor t_id="19"/>
</ENTITY_MENTION>
<ENTITY_MENTION comment="" head="" m_id="3" syntactic_type="">
<token_anchor t_id="18"/>
<token_anchor t_id="19"/>
<token_anchor t_id="20"/>
<token_anchor t_id="21"/>
</ENTITY_MENTION>
<ENTITY_MENTION comment="" head="" m_id="36" syntactic_type="NAM">
<token_anchor t_id="98"/>
</ENTITY_MENTION>
<ENTITY_MENTION comment="" head="" m_id="4" syntactic_type="">
<token_anchor t_id="14"/>
<token_anchor t_id="15"/>
<token_anchor t_id="16"/>
<token_anchor t_id="17"/>
<token_anchor t_id="18"/>
<token_anchor t_id="19"/>
<token_anchor t_id="20"/>
<token_anchor t_id="21"/>
</ENTITY_MENTION>
<ENTITY_MENTION comment="" head="" m_id="37" syntactic_type="NAM">
<token_anchor t_id="115"/>
</ENTITY_MENTION>
<ENTITY_MENTION comment="" head="" m_id="5" syntactic_type="PRE.NAM">
<token_anchor t_id="41"/>
</ENTITY_MENTION>
<ENTITY_MENTION comment="" head="" m_id="38" syntactic_type="">
<token_anchor t_id="101"/>
<token_anchor t_id="102"/>
</ENTITY_MENTION>
<ENTITY_MENTION comment="" head="" m_id="6" syntactic_type="">
<token_anchor t_id="40"/>
<token_anchor t_id="41"/>
<token_anchor t_id="42"/>
<token_anchor t_id="43"/>
</ENTITY_MENTION>
<ENTITY_MENTION comment="" head="" m_id="7" syntactic_type="">
<token_anchor t_id="44"/>
<token_anchor t_id="45"/>
</ENTITY_MENTION>
<ENTITY_MENTION comment="" head="" m_id="8" syntactic_type="NAM">
<token_anchor t_id="40"/>
<token_anchor t_id="41"/>
<token_anchor t_id="42"/>
<token_anchor t_id="43"/>
<token_anchor t_id="44"/>
<token_anchor t_id="45"/>
</ENTITY_MENTION>
<ENTITY_MENTION comment="" head="" m_id="9" syntactic_type="PRE.NAM">
<token_anchor t_id="48"/>
</ENTITY_MENTION>
<ENTITY_MENTION comment="" head="" m_id="10" syntactic_type="">
<token_anchor t_id="47"/>
<token_anchor t_id="48"/>
<token_anchor t_id="49"/>
</ENTITY_MENTION>
<ENTITY_MENTION comment="" head="" m_id="45" syntactic_type="">
<token_anchor t_id="117"/>
<token_anchor t_id="118"/>
<token_anchor t_id="119"/>
</ENTITY_MENTION>
<ENTITY_MENTION comment="" head="" m_id="46" syntactic_type="">
<token_anchor t_id="122"/>
<token_anchor t_id="123"/>
<token_anchor t_id="124"/>
<token_anchor t_id="125"/>
</ENTITY_MENTION>
<ENTITY_MENTION comment="" head="" m_id="47" syntactic_type="NAM">
<token_anchor t_id="127"/>
<token_anchor t_id="128"/>
</ENTITY_MENTION>
<ENTITY_MENTION comment="" head="" m_id="18" syntactic_type="NAM">
<token_anchor t_id="57"/>
<token_anchor t_id="58"/>
<token_anchor t_id="59"/>
</ENTITY_MENTION>
<EVENT_MENTION aspect="NONE" certainty="CERTAIN" comment="" m_id="78" modality="" polarity="POS" pos="VERB" pred="" special_cases="NONE" tense="PRESENT" time="NON_FUTURE">
<token_anchor t_id="2"/>
</EVENT_MENTION>
<EVENT_MENTION aspect="NONE" certainty="CERTAIN" comment="" m_id="26" modality="" polarity="POS" pos="NOUN" pred="" special_cases="NONE" tense="NONE" time="NON_FUTURE">
<token_anchor t_id="55"/>
</EVENT_MENTION>
<EVENT_MENTION aspect="NONE" certainty="CERTAIN" comment="" m_id="27" modality="" polarity="POS" pos="VERB" pred="" special_cases="NONE" tense="PAST" time="NON_FUTURE">
<token_anchor t_id="77"/>
</EVENT_MENTION>
<EVENT_MENTION aspect="NONE" certainty="CERTAIN" comment="" m_id="28" modality="" polarity="POS" pos="VERB" pred="" special_cases="NONE" tense="PRESPART" time="NON_FUTURE">
<token_anchor t_id="92"/>
</EVENT_MENTION>
<EVENT_MENTION aspect="NONE" certainty="CERTAIN" comment="" m_id="29" modality="" polarity="POS" pos="NOUN" pred="" special_cases="NONE" tense="NONE" time="NON_FUTURE">
<token_anchor t_id="96"/>
</EVENT_MENTION>
<EVENT_MENTION aspect="NONE" certainty="CERTAIN" comment="" m_id="34" modality="" polarity="POS" pos="VERB" pred="" special_cases="NONE" tense="PRESENT" time="NON_FUTURE">
<token_anchor t_id="65"/>
</EVENT_MENTION>
<EVENT_MENTION aspect="NONE" certainty="CERTAIN" comment="" m_id="39" modality="" polarity="POS" pos="VERB" pred="" special_cases="NONE" tense="PAST" time="NON_FUTURE">
<token_anchor t_id="99"/>
</EVENT_MENTION>
<EVENT_MENTION aspect="PERFECTIVE" certainty="PROBABLE" comment="" m_id="40" modality="" polarity="UNDERSPECIFIED" pos="VERB" pred="" special_cases="NONE" tense="PASTPART" time="FUTURE">
<token_anchor t_id="105"/>
</EVENT_MENTION>
<EVENT_MENTION aspect="NONE" certainty="CERTAIN" comment="" m_id="41" modality="" polarity="POS" pos="NOUN" pred="" special_cases="NONE" tense="NONE" time="FUTURE">
<token_anchor t_id="113"/>
</EVENT_MENTION>
<EVENT_MENTION aspect="NONE" certainty="CERTAIN" comment="" m_id="11" modality="" polarity="POS" pos="VERB" pred="" special_cases="NONE" tense="FUTURE" time="FUTURE">
<token_anchor t_id="25"/>
</EVENT_MENTION>
<EVENT_MENTION aspect="NONE" certainty="CERTAIN" comment="" m_id="12" modality="" polarity="POS" pos="VERB" pred="" special_cases="NONE" tense="PAST" time="NON_FUTURE">
<token_anchor t_id="50"/>
</EVENT_MENTION>
<EVENT_MENTION aspect="NONE" certainty="CERTAIN" comment="" m_id="48" modality="" polarity="POS" pos="VERB" pred="" special_cases="NONE" tense="PAST" time="NON_FUTURE">
<token_anchor t_id="120"/>
</EVENT_MENTION>
<SIGNAL comment="" m_id="33">
<token_anchor t_id="91"/>
</SIGNAL>
<SIGNAL comment="" m_id="42">
<token_anchor t_id="106"/>
</SIGNAL>
<SIGNAL comment="" m_id="43">
<token_anchor t_id="110"/>
</SIGNAL>
<SIGNAL comment="" m_id="49">
<token_anchor t_id="130"/>
</SIGNAL>
<TIMEX3 anchorTimeID="13" beginPoint="" comment="" endPoint="" functionInDocument="NONE" m_id="44" type="DATE" value="2007-09-12">
<token_anchor t_id="107"/>
<token_anchor t_id="108"/>
</TIMEX3>
<TIMEX3 anchorTimeID="" beginPoint="" comment="" endPoint="" functionInDocument="CREATION_TIME" m_id="13" type="DATE" value="2007-09-08">
<token_anchor t_id="10"/>
<token_anchor t_id="11"/>
<token_anchor t_id="12"/>
<token_anchor t_id="13"/>
</TIMEX3>
<TIMEX3 anchorTimeID="13" beginPoint="" comment="" endPoint="" functionInDocument="NONE" m_id="14" type="DATE" value="2007-09-07">
<token_anchor t_id="51"/>
</TIMEX3>
<TIMEX3 anchorTimeID="" beginPoint="" comment="" endPoint="" functionInDocument="NONE" m_id="50" type="DATE" value="2006">
<token_anchor t_id="131"/>
<token_anchor t_id="132"/>
</TIMEX3>
<VALUE comment="" m_id="51" type="MONEY">
<token_anchor t_id="134"/>
<token_anchor t_id="135"/>
<token_anchor t_id="136"/>
</VALUE>
<VALUE comment="" m_id="79" type="MONEY">
<token_anchor t_id="3"/>
<token_anchor t_id="4"/>
<token_anchor t_id="5"/>
</VALUE>
<VALUE comment="" m_id="30" type="PERCENT">
<token_anchor t_id="62"/>
<token_anchor t_id="63"/>
</VALUE>
<VALUE comment="" m_id="31" type="MONEY">
<token_anchor t_id="66"/>
<token_anchor t_id="67"/>
</VALUE>
<VALUE comment="" m_id="32" type="MONEY">
<token_anchor t_id="71"/>
<token_anchor t_id="72"/>
<token_anchor t_id="73"/>
</VALUE>
<VALUE comment="" m_id="35" type="MONEY">
<token_anchor t_id="66"/>
<token_anchor t_id="67"/>
<token_anchor t_id="71"/>
<token_anchor t_id="72"/>
<token_anchor t_id="73"/>
</VALUE>
<VALUE comment="" m_id="15" type="MONEY">
<token_anchor t_id="26"/>
<token_anchor t_id="27"/>
<token_anchor t_id="28"/>
</VALUE>
<VALUE comment="" m_id="16" type="MONEY">
<token_anchor t_id="30"/>
<token_anchor t_id="31"/>
<token_anchor t_id="32"/>
</VALUE>
<VALUE comment="" m_id="17" type="PERCENT">
<token_anchor t_id="36"/>
<token_anchor t_id="37"/>
</VALUE>
<EVENT_MENTION m_id="92">
  <token_anchor t_id="224"/>
</EVENT_MENTION>
<ENTITY_MENTION m_id="85">
  <token_anchor t_id="20"/>
</ENTITY_MENTION>
<ENTITY_MENTION m_id="91">
  <token_anchor t_id="223"/>
</ENTITY_MENTION>
<ENTITY_MENTION m_id="95">
  <token_anchor t_id="124"/>
</ENTITY_MENTION>
<ENTITY_MENTION m_id="104">
  <token_anchor t_id="161"/>
</ENTITY_MENTION>
<ENTITY_MENTION m_id="110">
  <token_anchor t_id="258"/>
</ENTITY_MENTION>
<ENTITY_MENTION m_id="115">
  <token_anchor t_id="8"/>
</ENTITY_MENTION>
<EVENT TAG_DESCRIPTOR="Offer-EHU" class="OTHER" instance_id="OTH39741417366250878" m_id="132"/><EVENT TAG_DESCRIPTOR="Pay-EHU" class="OTHER" instance_id="OTH39741947841722262" m_id="130"/>
<EVENT TAG_DESCRIPTOR="say" class="SPEECH_COGNITIVE" comment="" external_ref="" m_id="68"/><EVENT TAG_DESCRIPTOR="offer" class="OTHER" comment="" external_ref="" m_id="67"/>
<EVENT TAG_DESCRIPTOR="open" class="OTHER" comment="" external_ref="" m_id="66"/><EVENT TAG_DESCRIPTOR="add" class="SPEECH_COGNITIVE" comment="" external_ref="" m_id="65"/>
<EVENT TAG_DESCRIPTOR="sign" class="OTHER" comment="" external_ref="" m_id="64"/><EVENT TAG_DESCRIPTOR="show" class="OTHER" comment="" external_ref="" m_id="63"/>
<EVENT TAG_DESCRIPTOR="buy" class="OTHER" comment="" external_ref="" m_id="62"/><EVENT TAG_DESCRIPTOR="be" class="GRAMMATICAL" comment="" external_ref="" m_id="61"/>
<ENTITY TAG_DESCRIPTOR="Frankfurt, Germany (Hessen)" ent_type="LOC" external_ref="http://dbpedia.org/resource/Frankfurt" instance_id="LOC27735070429447634" m_id="133"/><ENTITY TAG_DESCRIPTOR="Sebastian Vladescu" ent_type="PER" external_ref="http://dbpedia.org/resource/Sebastian_Vladescu" instance_id="PER45378033796988966" m_id="131"/>
<ENTITY TAG_DESCRIPTOR="Craiova" ent_type="LOC" external_ref="http://dbpedia.org/resource/Craiova" instance_id="LOC47022753896858934" m_id="129"/><ENTITY TAG_DESCRIPTOR="Ford" ent_type="ORG" external_ref="http://dbpedia.org/resource/Ford_Motor_Company" instance_id="ORG37406423869806668" m_id="128"/>
<ENTITY TAG_DESCRIPTOR="automobile" ent_type="PRO" instance_id="PRO37402535305680047" m_id="127"/><ENTITY TAG_DESCRIPTOR="Automobile Craiova share" ent_type="FIN" instance_id="FIN45378095958232419" m_id="126"/>
<ENTITY TAG_DESCRIPTOR="Daewoo" ent_type="ORG" external_ref="http://dbpedia.org/resource/Daewoo" instance_id="ORG45377978687573613" m_id="125"/><ENTITY TAG_DESCRIPTOR="AVAS" ent_type="ORG" instance_id="ORG45377946558793564" m_id="124"/>
<ENTITY TAG_DESCRIPTOR="United States of America " ent_type="LOC" external_ref="http://dbpedia.org/resource/United_States" instance_id="LOC27735327659249054" m_id="123"/><ENTITY TAG_DESCRIPTOR="stake in Automobile Craiova" ent_type="FIN" instance_id="FIN45378146113690446" m_id="122"/>
<ENTITY TAG_DESCRIPTOR="Romania" ent_type="LOC" external_ref="http://dbpedia.org/resource/Romania" instance_id="LOC45376625617207937" m_id="121"/><ENTITY TAG_DESCRIPTOR="Automobile Craiova" ent_type="ORG" external_ref="http://dbpedia.org/resource/Automobile_Craiova" instance_id="ORG45378005175345776" m_id="120"/>
<ENTITY TAG_DESCRIPTOR="contract" ent_type="PRO" instance_id="PRO46413480415481542" m_id="119"/><ENTITY TAG_DESCRIPTOR="a Romanian official" ent_type="PER" instance_id="PER47022868018710669" m_id="118"/></Markables>
<Relations>
<HAS_PARTICIPANT comment="" r_id="162173" sem_role="Arg0" sem_role_framework="PROPBANK">
<source m_id="11"/>
<target m_id="4"/>
</HAS_PARTICIPANT>
<HAS_PARTICIPANT comment="" r_id="162174" sem_role="Arg1" sem_role_framework="PROPBANK">
<source m_id="11"/>
<target m_id="15"/>
</HAS_PARTICIPANT>
<HAS_PARTICIPANT comment="" r_id="162175" sem_role="Arg0" sem_role_framework="PROPBANK">
<source m_id="12"/>
<target m_id="10"/>
</HAS_PARTICIPANT>
<HAS_PARTICIPANT comment="" r_id="162176" sem_role="Arg0" sem_role_framework="PROPBANK">
<source m_id="26"/>
<target m_id="18"/>
</HAS_PARTICIPANT>
<SLINK comment="" r_id="162177">
<source m_id="12"/>
<target m_id="11"/>
</SLINK>
<HAS_PARTICIPANT comment="" r_id="162178" sem_role="Arg0" sem_role_framework="PROPBANK">
<source m_id="27"/>
<target m_id="24"/>
</HAS_PARTICIPANT>
<HAS_PARTICIPANT comment="" r_id="162179" sem_role="Arg0" sem_role_framework="PROPBANK">
<source m_id="28"/>
<target m_id="24"/>
</HAS_PARTICIPANT>
<HAS_PARTICIPANT comment="" r_id="162180" sem_role="Arg0" sem_role_framework="PROPBANK">
<source m_id="29"/>
<target m_id="25"/>
</HAS_PARTICIPANT>
<SLINK comment="" r_id="162181">
<source m_id="27"/>
<target m_id="34"/>
</SLINK>
<HAS_PARTICIPANT comment="" r_id="162182" sem_role="Arg2" sem_role_framework="PROPBANK">
<source m_id="34"/>
<target m_id="35"/>
</HAS_PARTICIPANT>
<HAS_PARTICIPANT comment="" r_id="162183" sem_role="Arg0" sem_role_framework="PROPBANK">
<source m_id="39"/>
<target m_id="36"/>
</HAS_PARTICIPANT>
<HAS_PARTICIPANT comment="" r_id="162184" sem_role="Arg1" sem_role_framework="PROPBANK">
<source m_id="40"/>
<target m_id="38"/>
</HAS_PARTICIPANT>
<HAS_PARTICIPANT comment="" r_id="162185" sem_role="Argm-OTHER" sem_role_framework="PROPBANK">
<source m_id="40"/>
<target m_id="37"/>
</HAS_PARTICIPANT>
<SLINK comment="" r_id="162186">
<source m_id="39"/>
<target m_id="40"/>
</SLINK>
<HAS_PARTICIPANT comment="" r_id="162187" sem_role="Arg0" sem_role_framework="PROPBANK">
<source m_id="48"/>
<target m_id="45"/>
</HAS_PARTICIPANT>
<HAS_PARTICIPANT comment="" r_id="162188" sem_role="Arg1" sem_role_framework="PROPBANK">
<source m_id="48"/>
<target m_id="46"/>
</HAS_PARTICIPANT>
<HAS_PARTICIPANT comment="" r_id="162189" sem_role="Arg2" sem_role_framework="PROPBANK">
<source m_id="48"/>
<target m_id="47"/>
</HAS_PARTICIPANT>
<HAS_PARTICIPANT comment="" r_id="162190" sem_role="Arg3" sem_role_framework="PROPBANK">
<source m_id="48"/>
<target m_id="51"/>
</HAS_PARTICIPANT>
<TLINK comment="" r_id="162191" reltype="AFTER" signalID="">
<source m_id="11"/>
<target m_id="13"/>
</TLINK>
<TLINK comment="" r_id="162192" reltype="BEFORE" signalID="">
<source m_id="12"/>
<target m_id="13"/>
</TLINK>
<TLINK comment="" r_id="162193" reltype="BEFORE" signalID="">
<source m_id="34"/>
<target m_id="13"/>
</TLINK>
<TLINK comment="" r_id="162194" reltype="BEFORE" signalID="">
<source m_id="27"/>
<target m_id="13"/>
</TLINK>
<TLINK comment="" r_id="162195" reltype="BEFORE" signalID="">
<source m_id="39"/>
<target m_id="13"/>
</TLINK>
<TLINK comment="" r_id="162196" reltype="AFTER" signalID="">
<source m_id="40"/>
<target m_id="13"/>
</TLINK>
<TLINK comment="" r_id="162197" reltype="BEFORE" signalID="">
<source m_id="48"/>
<target m_id="13"/>
</TLINK>
<TLINK comment="" r_id="162198" reltype="IDENTITY" signalID="">
<source m_id="12"/>
<target m_id="27"/>
</TLINK>
<TLINK comment="" r_id="162199" reltype="IBEFORE" signalID="">
<source m_id="27"/>
<target m_id="39"/>
</TLINK>
<TLINK comment="" r_id="162200" reltype="AFTER" signalID="">
<source m_id="39"/>
<target m_id="48"/>
</TLINK>
<TLINK comment="" r_id="162201" reltype="BEFORE" signalID="">
<source m_id="12"/>
<target m_id="11"/>
</TLINK>
<TLINK comment="" r_id="162202" reltype="SIMULTANEOUS" signalID="">
<source m_id="27"/>
<target m_id="34"/>
</TLINK>
<TLINK comment="" r_id="162203" reltype="AFTER" signalID="33">
<source m_id="27"/>
<target m_id="28"/>
</TLINK>
<TLINK comment="" r_id="162204" reltype="BEFORE" signalID="">
<source m_id="39"/>
<target m_id="40"/>
</TLINK>
<TLINK comment="" r_id="162205" reltype="IS_INCLUDED" signalID="43">
<source m_id="40"/>
<target m_id="41"/>
</TLINK>
<TLINK comment="" r_id="162206" reltype="IS_INCLUDED" signalID="">
<source m_id="12"/>
<target m_id="14"/>
</TLINK>
<TLINK comment="" r_id="162207" reltype="IS_INCLUDED" signalID="42">
<source m_id="40"/>
<target m_id="44"/>
</TLINK>
<TLINK comment="" r_id="162208" reltype="IS_INCLUDED" signalID="49">
<source m_id="48"/>
<target m_id="50"/>
</TLINK>
<TLINK comment="" r_id="162521" reltype="IS_INCLUDED" signalID="">
<source m_id="41"/>
<target m_id="44"/>
</TLINK>
<HAS_PARTICIPANT comment="" r_id="240504" sem_role="Arg3" sem_role_framework="PROPBANK">
<source m_id="11"/>
<target m_id="71"/>
</HAS_PARTICIPANT>
<HAS_PARTICIPANT comment="" r_id="240505" sem_role="Arg1" sem_role_framework="PROPBANK">
<source m_id="26"/>
<target m_id="70"/>
</HAS_PARTICIPANT>
<HAS_PARTICIPANT comment="" r_id="243845" sem_role="Arg0" sem_role_framework="PROPBANK">
<source m_id="78"/>
<target m_id="75"/>
</HAS_PARTICIPANT>
<HAS_PARTICIPANT comment="" r_id="243846" sem_role="Arg2" sem_role_framework="PROPBANK">
<source m_id="78"/>
<target m_id="79"/>
</HAS_PARTICIPANT>
<HAS_PARTICIPANT comment="" r_id="243847" sem_role="Arg1" sem_role_framework="PROPBANK">
<source m_id="78"/>
<target m_id="77"/>
</HAS_PARTICIPANT>


























<REFERS_TO r_id="243864">
<source m_id="37"/>
<target m_id="133"/>
</REFERS_TO>
<REFERS_TO r_id="243865">
<source m_id="34"/>
<target m_id="61"/>
</REFERS_TO>
<REFERS_TO r_id="243866">
<source m_id="23"/>
<source m_id="36"/>
<source m_id="19"/>
<target m_id="131"/>
</REFERS_TO>
<REFERS_TO r_id="243867">
<source m_id="11"/>
<target m_id="130"/>
</REFERS_TO>
<REFERS_TO r_id="243868">
<source m_id="40"/>
<target m_id="64"/>
</REFERS_TO>
<REFERS_TO r_id="243869">
<source m_id="39"/>
<target m_id="65"/>
</REFERS_TO>
<REFERS_TO r_id="243870">
<source m_id="28"/>
<target m_id="66"/>
</REFERS_TO>
<REFERS_TO r_id="243871">
<source m_id="26"/>
<target m_id="67"/>
</REFERS_TO>
<REFERS_TO r_id="243872">
<source m_id="12"/>
<source m_id="27"/>
<target m_id="68"/>
</REFERS_TO>
<REFERS_TO r_id="243873">
<source m_id="38"/>
<target m_id="119"/>
</REFERS_TO>
<REFERS_TO r_id="243874">
<source m_id="10"/>
<source m_id="24"/>
<target m_id="118"/>
</REFERS_TO>
<REFERS_TO r_id="243875">
<source m_id="6"/>
<source m_id="7"/>
<source m_id="77"/>
<source m_id="46"/>
<source m_id="8"/>
<target m_id="120"/>
</REFERS_TO>
<REFERS_TO r_id="243876">
<source m_id="5"/>
<source m_id="9"/>
<source m_id="45"/>
<source m_id="76"/>
<target m_id="121"/>
</REFERS_TO>
<REFERS_TO r_id="243877">
<source m_id="71"/>
<source m_id="70"/>
<target m_id="122"/>
</REFERS_TO>
<REFERS_TO r_id="243878">
<source m_id="2"/>
<target m_id="123"/>
</REFERS_TO>
<REFERS_TO r_id="243879">
<source m_id="20"/>
<source m_id="22"/>
<source m_id="21"/>
<target m_id="124"/>
</REFERS_TO>
<REFERS_TO r_id="243880">
<source m_id="47"/>
<target m_id="125"/>
</REFERS_TO>
<REFERS_TO r_id="243881">
<source m_id="72"/>
<target m_id="126"/>
</REFERS_TO>
<REFERS_TO r_id="243882">
<source m_id="85"/>
<source m_id="95"/>
<source m_id="110"/>
<source m_id="115"/>
<target m_id="127"/>
</REFERS_TO>
<REFERS_TO r_id="243883">
<source m_id="18"/>
<source m_id="91"/>
<source m_id="25"/>
<source m_id="3"/>
<source m_id="104"/>
<source m_id="75"/>
<source m_id="1"/>
<source m_id="4"/>
<target m_id="128"/>
</REFERS_TO>
<REFERS_TO r_id="243884">
<source m_id="81"/>
<target m_id="129"/>
</REFERS_TO>
<REFERS_TO r_id="243885">
<source m_id="29"/>
<source m_id="92"/>
<source m_id="78"/>
<target m_id="132"/>
</REFERS_TO>
<REFERS_TO r_id="243886">
<source m_id="48"/>
<target m_id="62"/>
</REFERS_TO>
<REFERS_TO r_id="243887">
<source m_id="41"/>
<target m_id="63"/>
</REFERS_TO>
</Relations>
</Document>