<?xml version="1.0" ?><Document doc_id="1007169" doc_name="1007169_Mary_Barra_appointed_as_General_Motors_chief" lang="en" url="http://en.wikinews.org/wiki/Mary_Barra_appointed_as_General_Motors_chief">
<token number="0" sentence="0" t_id="1">Mary</token>
<token number="1" sentence="0" t_id="2">Barra</token>
<token number="2" sentence="0" t_id="3">appointed</token>
<token number="3" sentence="0" t_id="4">as</token>
<token number="4" sentence="0" t_id="5">General</token>
<token number="5" sentence="0" t_id="6">Motors</token>
<token number="6" sentence="0" t_id="7">chief</token>
<token number="7" sentence="1" t_id="8">December</token>
<token number="8" sentence="1" t_id="9">10</token>
<token number="9" sentence="1" t_id="10">,</token>
<token number="10" sentence="1" t_id="11">2013</token>
<token number="11" sentence="2" t_id="12">The</token>
<token number="12" sentence="2" t_id="13">United</token>
<token number="13" sentence="2" t_id="14">States</token>
<token number="14" sentence="2" t_id="15">'s</token>
<token number="15" sentence="2" t_id="16">largest</token>
<token number="16" sentence="2" t_id="17">car</token>
<token number="17" sentence="2" t_id="18">manufacturer</token>
<token number="18" sentence="2" t_id="19">General</token>
<token number="19" sentence="2" t_id="20">Motors</token>
<token number="20" sentence="2" t_id="21">today</token>
<token number="21" sentence="2" t_id="22">named</token>
<token number="22" sentence="2" t_id="23">Mary</token>
<token number="23" sentence="2" t_id="24">Barra</token>
<token number="24" sentence="2" t_id="25">as</token>
<token number="25" sentence="2" t_id="26">its</token>
<token number="26" sentence="2" t_id="27">new</token>
<token number="27" sentence="2" t_id="28">chief</token>
<token number="28" sentence="2" t_id="29">executive</token>
<token number="29" sentence="2" t_id="30">.</token>
<token number="30" sentence="3" t_id="31">Barra</token>
<token number="31" sentence="3" t_id="32">,</token>
<token number="32" sentence="3" t_id="33">51</token>
<token number="33" sentence="3" t_id="34">,</token>
<token number="34" sentence="3" t_id="35">will</token>
<token number="35" sentence="3" t_id="36">be</token>
<token number="36" sentence="3" t_id="37">the</token>
<token number="37" sentence="3" t_id="38">first</token>
<token number="38" sentence="3" t_id="39">woman</token>
<token number="39" sentence="3" t_id="40">to</token>
<token number="40" sentence="3" t_id="41">lead</token>
<token number="41" sentence="3" t_id="42">a</token>
<token number="42" sentence="3" t_id="43">firm</token>
<token number="43" sentence="3" t_id="44">in</token>
<token number="44" sentence="3" t_id="45">the</token>
<token number="45" sentence="3" t_id="46">American</token>
<token number="46" sentence="3" t_id="47">auto</token>
<token number="47" sentence="3" t_id="48">industry</token>
<token number="48" sentence="3" t_id="49">.</token>
<token number="49" sentence="4" t_id="50">She</token>
<token number="50" sentence="4" t_id="51">has</token>
<token number="51" sentence="4" t_id="52">been</token>
<token number="52" sentence="4" t_id="53">with</token>
<token number="53" sentence="4" t_id="54">General</token>
<token number="54" sentence="4" t_id="55">Motors</token>
<token number="55" sentence="4" t_id="56">for</token>
<token number="56" sentence="4" t_id="57">33</token>
<token number="57" sentence="4" t_id="58">years</token>
<token number="58" sentence="4" t_id="59">,</token>
<token number="59" sentence="4" t_id="60">and</token>
<token number="60" sentence="4" t_id="61">is</token>
<token number="61" sentence="4" t_id="62">currently</token>
<token number="62" sentence="4" t_id="63">the</token>
<token number="63" sentence="4" t_id="64">global</token>
<token number="64" sentence="4" t_id="65">head</token>
<token number="65" sentence="4" t_id="66">of</token>
<token number="66" sentence="4" t_id="67">product</token>
<token number="67" sentence="4" t_id="68">development</token>
<token number="68" sentence="4" t_id="69">.</token>
<token number="69" sentence="5" t_id="70">She</token>
<token number="70" sentence="5" t_id="71">said</token>
<token number="71" sentence="5" t_id="72">in</token>
<token number="72" sentence="5" t_id="73">a</token>
<token number="73" sentence="5" t_id="74">statement</token>
<token number="74" sentence="5" t_id="75">:</token>
<token number="75" sentence="5" t_id="76">``</token>
<token number="76" sentence="5" t_id="77">With</token>
<token number="77" sentence="5" t_id="78">an</token>
<token number="78" sentence="5" t_id="79">amazing</token>
<token number="79" sentence="5" t_id="80">portfolio</token>
<token number="80" sentence="5" t_id="81">of</token>
<token number="81" sentence="5" t_id="82">cars</token>
<token number="82" sentence="5" t_id="83">and</token>
<token number="83" sentence="5" t_id="84">trucks</token>
<token number="84" sentence="5" t_id="85">and</token>
<token number="85" sentence="5" t_id="86">the</token>
<token number="86" sentence="5" t_id="87">strongest</token>
<token number="87" sentence="5" t_id="88">financial</token>
<token number="88" sentence="5" t_id="89">performance</token>
<token number="89" sentence="5" t_id="90">in</token>
<token number="90" sentence="5" t_id="91">our</token>
<token number="91" sentence="5" t_id="92">recent</token>
<token number="92" sentence="5" t_id="93">history</token>
<token number="93" sentence="5" t_id="94">,</token>
<token number="94" sentence="5" t_id="95">this</token>
<token number="95" sentence="5" t_id="96">is</token>
<token number="96" sentence="5" t_id="97">an</token>
<token number="97" sentence="5" t_id="98">exciting</token>
<token number="98" sentence="5" t_id="99">time</token>
<token number="99" sentence="5" t_id="100">at</token>
<token number="100" sentence="5" t_id="101">today</token>
<token number="101" sentence="5" t_id="102">'s</token>
<token number="102" sentence="5" t_id="103">GM</token>
<token number="103" sentence="5" t_id="104">.</token>
<token number="104" sentence="6" t_id="105">I'</token>
<token number="105" sentence="6" t_id="106">m</token>
<token number="106" sentence="6" t_id="107">honored</token>
<token number="107" sentence="6" t_id="108">to</token>
<token number="108" sentence="6" t_id="109">lead</token>
<token number="109" sentence="6" t_id="110">the</token>
<token number="110" sentence="6" t_id="111">best</token>
<token number="111" sentence="6" t_id="112">team</token>
<token number="112" sentence="6" t_id="113">in</token>
<token number="113" sentence="6" t_id="114">the</token>
<token number="114" sentence="6" t_id="115">business</token>
<token number="115" sentence="6" t_id="116">and</token>
<token number="116" sentence="6" t_id="117">to</token>
<token number="117" sentence="6" t_id="118">keep</token>
<token number="118" sentence="6" t_id="119">our</token>
<token number="119" sentence="6" t_id="120">momentum</token>
<token number="120" sentence="6" t_id="121">at</token>
<token number="121" sentence="6" t_id="122">full</token>
<token number="122" sentence="6" t_id="123">speed</token>
<token number="123" sentence="6" t_id="124">.</token>
<token number="124" sentence="6" t_id="125">''</token>
<token number="125" sentence="7" t_id="126">She</token>
<token number="126" sentence="7" t_id="127">replaces</token>
<token number="127" sentence="7" t_id="128">Daniel</token>
<token number="128" sentence="7" t_id="129">Akerson</token>
<token number="129" sentence="7" t_id="130">,</token>
<token number="130" sentence="7" t_id="131">who</token>
<token number="131" sentence="7" t_id="132">was</token>
<token number="132" sentence="7" t_id="133">appointed</token>
<token number="133" sentence="7" t_id="134">by</token>
<token number="134" sentence="7" t_id="135">the</token>
<token number="135" sentence="7" t_id="136">government</token>
<token number="136" sentence="7" t_id="137">as</token>
<token number="137" sentence="7" t_id="138">both</token>
<token number="138" sentence="7" t_id="139">chief</token>
<token number="139" sentence="7" t_id="140">executive</token>
<token number="140" sentence="7" t_id="141">and</token>
<token number="141" sentence="7" t_id="142">chairman</token>
<token number="142" sentence="7" t_id="143">in</token>
<token number="143" sentence="7" t_id="144">2009</token>
<token number="144" sentence="7" t_id="145">during</token>
<token number="145" sentence="7" t_id="146">the</token>
<token number="146" sentence="7" t_id="147">company</token>
<token number="147" sentence="7" t_id="148">'s</token>
<token number="148" sentence="7" t_id="149">bankruptcy</token>
<token number="149" sentence="7" t_id="150">.</token>
<token number="150" sentence="8" t_id="151">Akerson</token>
<token number="151" sentence="8" t_id="152">plans</token>
<token number="152" sentence="8" t_id="153">to</token>
<token number="153" sentence="8" t_id="154">stand</token>
<token number="154" sentence="8" t_id="155">down</token>
<token number="155" sentence="8" t_id="156">on</token>
<token number="156" sentence="8" t_id="157">January</token>
<token number="157" sentence="8" t_id="158">15</token>
<token number="158" sentence="8" t_id="159">following</token>
<token number="159" sentence="8" t_id="160">his</token>
<token number="160" sentence="8" t_id="161">wife</token>
<token number="161" sentence="8" t_id="162">'s</token>
<token number="162" sentence="8" t_id="163">advanced</token>
<token number="163" sentence="8" t_id="164">cancer</token>
<token number="164" sentence="8" t_id="165">diagnosis</token>
<token number="165" sentence="8" t_id="166">.</token>
<token number="166" sentence="9" t_id="167">In</token>
<token number="167" sentence="9" t_id="168">a</token>
<token number="168" sentence="9" t_id="169">message</token>
<token number="169" sentence="9" t_id="170">to</token>
<token number="170" sentence="9" t_id="171">employees</token>
<token number="171" sentence="9" t_id="172">,</token>
<token number="172" sentence="9" t_id="173">he</token>
<token number="173" sentence="9" t_id="174">said</token>
<token number="174" sentence="9" t_id="175">:</token>
<token number="175" sentence="9" t_id="176">``</token>
<token number="176" sentence="9" t_id="177">I</token>
<token number="177" sentence="9" t_id="178">will</token>
<token number="178" sentence="9" t_id="179">leave</token>
<token number="179" sentence="9" t_id="180">with</token>
<token number="180" sentence="9" t_id="181">great</token>
<token number="181" sentence="9" t_id="182">satisfaction</token>
<token number="182" sentence="9" t_id="183">in</token>
<token number="183" sentence="9" t_id="184">what</token>
<token number="184" sentence="9" t_id="185">we</token>
<token number="185" sentence="9" t_id="186">have</token>
<token number="186" sentence="9" t_id="187">accomplished</token>
<token number="187" sentence="9" t_id="188">,</token>
<token number="188" sentence="9" t_id="189">great</token>
<token number="189" sentence="9" t_id="190">optimism</token>
<token number="190" sentence="9" t_id="191">over</token>
<token number="191" sentence="9" t_id="192">what</token>
<token number="192" sentence="9" t_id="193">is</token>
<token number="193" sentence="9" t_id="194">ahead</token>
<token number="194" sentence="9" t_id="195">and</token>
<token number="195" sentence="9" t_id="196">great</token>
<token number="196" sentence="9" t_id="197">pride</token>
<token number="197" sentence="9" t_id="198">that</token>
<token number="198" sentence="9" t_id="199">we</token>
<token number="199" sentence="9" t_id="200">are</token>
<token number="200" sentence="9" t_id="201">restoring</token>
<token number="201" sentence="9" t_id="202">General</token>
<token number="202" sentence="9" t_id="203">Motors</token>
<token number="203" sentence="9" t_id="204">as</token>
<token number="204" sentence="9" t_id="205">America</token>
<token number="205" sentence="9" t_id="206">'s</token>
<token number="206" sentence="9" t_id="207">standard</token>
<token number="207" sentence="9" t_id="208">bearer</token>
<token number="208" sentence="9" t_id="209">in</token>
<token number="209" sentence="9" t_id="210">the</token>
<token number="210" sentence="9" t_id="211">global</token>
<token number="211" sentence="9" t_id="212">auto</token>
<token number="212" sentence="9" t_id="213">industry</token>
<token number="213" sentence="9" t_id="214">.</token>
<token number="214" sentence="9" t_id="215">''</token>
<token number="215" sentence="10" t_id="216">Akerson</token>
<token number="216" sentence="10" t_id="217">will</token>
<token number="217" sentence="10" t_id="218">also</token>
<token number="218" sentence="10" t_id="219">relinquish</token>
<token number="219" sentence="10" t_id="220">his</token>
<token number="220" sentence="10" t_id="221">chairman</token>
<token number="221" sentence="10" t_id="222">role</token>
<token number="222" sentence="10" t_id="223">,</token>
<token number="223" sentence="10" t_id="224">to</token>
<token number="224" sentence="10" t_id="225">be</token>
<token number="225" sentence="10" t_id="226">replaced</token>
<token number="226" sentence="10" t_id="227">by</token>
<token number="227" sentence="10" t_id="228">current</token>
<token number="228" sentence="10" t_id="229">director</token>
<token number="229" sentence="10" t_id="230">Theodore</token>
<token number="230" sentence="10" t_id="231">Solso</token>
<token number="231" sentence="10" t_id="232">.</token>
<token number="232" sentence="11" t_id="233">The</token>
<token number="233" sentence="11" t_id="234">company</token>
<token number="234" sentence="11" t_id="235">also</token>
<token number="235" sentence="11" t_id="236">announced</token>
<token number="236" sentence="11" t_id="237">head</token>
<token number="237" sentence="11" t_id="238">of</token>
<token number="238" sentence="11" t_id="239">finance</token>
<token number="239" sentence="11" t_id="240">Daniel</token>
<token number="240" sentence="11" t_id="241">Ammann</token>
<token number="241" sentence="11" t_id="242">as</token>
<token number="242" sentence="11" t_id="243">its</token>
<token number="243" sentence="11" t_id="244">new</token>
<token number="244" sentence="11" t_id="245">president</token>
<token number="245" sentence="11" t_id="246">.</token>
<token number="246" sentence="12" t_id="247">The</token>
<token number="247" sentence="12" t_id="248">appointment</token>
<token number="248" sentence="12" t_id="249">comes</token>
<token number="249" sentence="12" t_id="250">just</token>
<token number="250" sentence="12" t_id="251">days</token>
<token number="251" sentence="12" t_id="252">after</token>
<token number="252" sentence="12" t_id="253">the</token>
<token number="253" sentence="12" t_id="254">US</token>
<token number="254" sentence="12" t_id="255">government</token>
<token number="255" sentence="12" t_id="256">sold</token>
<token number="256" sentence="12" t_id="257">the</token>
<token number="257" sentence="12" t_id="258">last</token>
<token number="258" sentence="12" t_id="259">of</token>
<token number="259" sentence="12" t_id="260">its</token>
<token number="260" sentence="12" t_id="261">shares</token>
<token number="261" sentence="12" t_id="262">in</token>
<token number="262" sentence="12" t_id="263">the</token>
<token number="263" sentence="12" t_id="264">company</token>
<token number="264" sentence="12" t_id="265">,</token>
<token number="265" sentence="12" t_id="266">losing</token>
<token number="266" sentence="12" t_id="267">around</token>
<token number="267" sentence="12" t_id="268">$</token>
<token number="268" sentence="12" t_id="269">9</token>
<token number="269" sentence="12" t_id="270">billion</token>
<token number="270" sentence="12" t_id="271">on</token>
<token number="271" sentence="12" t_id="272">its</token>
<token number="272" sentence="12" t_id="273">initial</token>
<token number="273" sentence="12" t_id="274">bailout</token>
<token number="274" sentence="12" t_id="275">in</token>
<token number="275" sentence="12" t_id="276">2008</token>
<token number="276" sentence="12" t_id="277">that</token>
<token number="277" sentence="12" t_id="278">saw</token>
<token number="278" sentence="12" t_id="279">61</token>
<token number="279" sentence="12" t_id="280">%</token>
<token number="280" sentence="12" t_id="281">of</token>
<token number="281" sentence="12" t_id="282">the</token>
<token number="282" sentence="12" t_id="283">firm</token>
<token number="283" sentence="12" t_id="284">coming</token>
<token number="284" sentence="12" t_id="285">under</token>
<token number="285" sentence="12" t_id="286">public</token>
<token number="286" sentence="12" t_id="287">ownership</token>
<token number="287" sentence="12" t_id="288">.</token>
<token number="288" sentence="13" t_id="289">General</token>
<token number="289" sentence="13" t_id="290">Motors</token>
<token number="290" sentence="13" t_id="291">recovered</token>
<token number="291" sentence="13" t_id="292">from</token>
<token number="292" sentence="13" t_id="293">their</token>
<token number="293" sentence="13" t_id="294">bankruptcy</token>
<token number="294" sentence="13" t_id="295">a</token>
<token number="295" sentence="13" t_id="296">year</token>
<token number="296" sentence="13" t_id="297">after</token>
<token number="297" sentence="13" t_id="298">the</token>
<token number="298" sentence="13" t_id="299">appointment</token>
<token number="299" sentence="13" t_id="300">of</token>
<token number="300" sentence="13" t_id="301">Akerson</token>
<token number="301" sentence="13" t_id="302">,</token>
<token number="302" sentence="13" t_id="303">and</token>
<token number="303" sentence="13" t_id="304">re-entered</token>
<token number="304" sentence="13" t_id="305">the</token>
<token number="305" sentence="13" t_id="306">stock</token>
<token number="306" sentence="13" t_id="307">market</token>
<token number="307" sentence="13" t_id="308">in</token>
<token number="308" sentence="13" t_id="309">November</token>
<token number="309" sentence="13" t_id="310">2010</token>
<token number="310" sentence="13" t_id="311">.</token>
<token number="311" sentence="14" t_id="312">It</token>
<token number="312" sentence="14" t_id="313">remains</token>
<token number="313" sentence="14" t_id="314">the</token>
<token number="314" sentence="14" t_id="315">largest</token>
<token number="315" sentence="14" t_id="316">car</token>
<token number="316" sentence="14" t_id="317">manufacturer</token>
<token number="317" sentence="14" t_id="318">in</token>
<token number="318" sentence="14" t_id="319">the</token>
<token number="319" sentence="14" t_id="320">United</token>
<token number="320" sentence="14" t_id="321">States</token>
<token number="321" sentence="14" t_id="322">,</token>
<token number="322" sentence="14" t_id="323">posting</token>
<token number="323" sentence="14" t_id="324">sales</token>
<token number="324" sentence="14" t_id="325">figures</token>
<token number="325" sentence="14" t_id="326">of</token>
<token number="326" sentence="14" t_id="327">$</token>
<token number="327" sentence="14" t_id="328">152</token>
<token number="328" sentence="14" t_id="329">billion</token>
<token number="329" sentence="14" t_id="330">in</token>
<token number="330" sentence="14" t_id="331">2012</token>
<token number="331" sentence="14" t_id="332">.</token>
<token number="332" sentence="15" t_id="333">It</token>
<token number="333" sentence="15" t_id="334">currently</token>
<token number="334" sentence="15" t_id="335">produces</token>
<token number="335" sentence="15" t_id="336">fifteen</token>
<token number="336" sentence="15" t_id="337">brands</token>
<token number="337" sentence="15" t_id="338">of</token>
<token number="338" sentence="15" t_id="339">vehicle</token>
<token number="339" sentence="15" t_id="340">in</token>
<token number="340" sentence="15" t_id="341">37</token>
<token number="341" sentence="15" t_id="342">countries</token>
<token number="342" sentence="15" t_id="343">.</token>
<token number="343" sentence="16" t_id="344">Barra</token>
<token number="344" sentence="16" t_id="345">holds</token>
<token number="345" sentence="16" t_id="346">a</token>
<token number="346" sentence="16" t_id="347">bachelor</token>
<token number="347" sentence="16" t_id="348">'s</token>
<token number="348" sentence="16" t_id="349">degree</token>
<token number="349" sentence="16" t_id="350">in</token>
<token number="350" sentence="16" t_id="351">electrical</token>
<token number="351" sentence="16" t_id="352">engineering</token>
<token number="352" sentence="16" t_id="353">from</token>
<token number="353" sentence="16" t_id="354">Kettering</token>
<token number="354" sentence="16" t_id="355">University</token>
<token number="355" sentence="16" t_id="356">in</token>
<token number="356" sentence="16" t_id="357">Flint</token>
<token number="357" sentence="16" t_id="358">,</token>
<token number="358" sentence="16" t_id="359">Michigan</token>
<token number="359" sentence="16" t_id="360">,</token>
<token number="360" sentence="16" t_id="361">and</token>
<token number="361" sentence="16" t_id="362">was</token>
<token number="362" sentence="16" t_id="363">recently</token>
<token number="363" sentence="16" t_id="364">listed</token>
<token number="364" sentence="16" t_id="365">by</token>
<token number="365" sentence="16" t_id="366">Forbes</token>
<token number="366" sentence="16" t_id="367">as</token>
<token number="367" sentence="16" t_id="368">the</token>
<token number="368" sentence="16" t_id="369">35th</token>
<token number="369" sentence="16" t_id="370">most</token>
<token number="370" sentence="16" t_id="371">powerful</token>
<token number="371" sentence="16" t_id="372">woman</token>
<token number="372" sentence="16" t_id="373">in</token>
<token number="373" sentence="16" t_id="374">the</token>
<token number="374" sentence="16" t_id="375">world</token>
<token number="375" sentence="16" t_id="376">.</token>
<Markables>
<ENTITY_MENTION comment="" head="" m_id="19" syntactic_type="NAM">
<token_anchor t_id="54"/>
<token_anchor t_id="55"/>
</ENTITY_MENTION>
<ENTITY_MENTION comment="" head="" m_id="22" syntactic_type="">
<token_anchor t_id="37"/>
<token_anchor t_id="38"/>
<token_anchor t_id="39"/>
<token_anchor t_id="40"/>
<token_anchor t_id="41"/>
<token_anchor t_id="42"/>
<token_anchor t_id="43"/>
</ENTITY_MENTION>
<ENTITY_MENTION comment="" head="" m_id="23" syntactic_type="">
<token_anchor t_id="63"/>
<token_anchor t_id="64"/>
<token_anchor t_id="65"/>
<token_anchor t_id="66"/>
<token_anchor t_id="67"/>
<token_anchor t_id="68"/>
</ENTITY_MENTION>
<ENTITY_MENTION comment="" head="" m_id="28" syntactic_type="">
<token_anchor t_id="70"/>
</ENTITY_MENTION>
<ENTITY_MENTION comment="" head="" m_id="29" syntactic_type="">
<token_anchor t_id="78"/>
<token_anchor t_id="79"/>
<token_anchor t_id="80"/>
<token_anchor t_id="81"/>
<token_anchor t_id="82"/>
<token_anchor t_id="83"/>
<token_anchor t_id="84"/>
</ENTITY_MENTION>
<ENTITY_MENTION comment="" head="" m_id="1" syntactic_type="PRE.NAM">
<token_anchor t_id="13"/>
<token_anchor t_id="14"/>
</ENTITY_MENTION>
<ENTITY_MENTION comment="" head="" m_id="2" syntactic_type="">
<token_anchor t_id="12"/>
<token_anchor t_id="13"/>
<token_anchor t_id="14"/>
<token_anchor t_id="15"/>
<token_anchor t_id="16"/>
<token_anchor t_id="17"/>
<token_anchor t_id="18"/>
</ENTITY_MENTION>
<ENTITY_MENTION comment="" head="" m_id="3" syntactic_type="">
<token_anchor t_id="19"/>
<token_anchor t_id="20"/>
</ENTITY_MENTION>
<ENTITY_MENTION comment="" head="" m_id="37" syntactic_type="NAM">
<token_anchor t_id="101"/>
<token_anchor t_id="102"/>
<token_anchor t_id="103"/>
</ENTITY_MENTION>
<ENTITY_MENTION comment="" head="" m_id="4" syntactic_type="NAM">
<token_anchor t_id="12"/>
<token_anchor t_id="13"/>
<token_anchor t_id="14"/>
<token_anchor t_id="15"/>
<token_anchor t_id="16"/>
<token_anchor t_id="17"/>
<token_anchor t_id="18"/>
<token_anchor t_id="19"/>
<token_anchor t_id="20"/>
</ENTITY_MENTION>
<ENTITY_MENTION comment="" head="" m_id="5" syntactic_type="NAM">
<token_anchor t_id="23"/>
<token_anchor t_id="24"/>
</ENTITY_MENTION>
<ENTITY_MENTION comment="" head="" m_id="51" syntactic_type="">
<token_anchor t_id="82"/>
</ENTITY_MENTION>
<ENTITY_MENTION comment="" head="" m_id="6" syntactic_type="">
<token_anchor t_id="26"/>
</ENTITY_MENTION>
<ENTITY_MENTION comment="" head="" m_id="52" syntactic_type="">
<token_anchor t_id="84"/>
</ENTITY_MENTION>
<ENTITY_MENTION comment="" head="" m_id="53" syntactic_type="">
<token_anchor t_id="82"/>
<token_anchor t_id="83"/>
<token_anchor t_id="84"/>
</ENTITY_MENTION>
<ENTITY_MENTION comment="" head="" m_id="57" syntactic_type="NAM">
<token_anchor t_id="1"/>
<token_anchor t_id="2"/>
</ENTITY_MENTION>
<ENTITY_MENTION comment="" head="" m_id="59" syntactic_type="NAM">
<token_anchor t_id="5"/>
<token_anchor t_id="6"/>
</ENTITY_MENTION>
<ENTITY_MENTION comment="" head="" m_id="11" syntactic_type="NAM">
<token_anchor t_id="31"/>
</ENTITY_MENTION>
<ENTITY_MENTION comment="" head="" m_id="12" syntactic_type="PRE.NAM">
<token_anchor t_id="46"/>
</ENTITY_MENTION>
<ENTITY_MENTION comment="" head="" m_id="13" syntactic_type="">
<token_anchor t_id="45"/>
<token_anchor t_id="46"/>
<token_anchor t_id="47"/>
<token_anchor t_id="48"/>
</ENTITY_MENTION>
<ENTITY_MENTION comment="" head="" m_id="17" syntactic_type="">
<token_anchor t_id="42"/>
<token_anchor t_id="43"/>
</ENTITY_MENTION>
<ENTITY_MENTION comment="" head="" m_id="18" syntactic_type="">
<token_anchor t_id="50"/>
</ENTITY_MENTION>
<EVENT_MENTION aspect="PERFECTIVE" certainty="CERTAIN" comment="" m_id="20" modality="" polarity="POS" pos="VERB" pred="" special_cases="NONE" tense="PRESENT" time="NON_FUTURE">
<token_anchor t_id="52"/>
</EVENT_MENTION>
<EVENT_MENTION aspect="NONE" certainty="CERTAIN" comment="" m_id="21" modality="" polarity="POS" pos="VERB" pred="" special_cases="NONE" tense="PRESENT" time="NON_FUTURE">
<token_anchor t_id="61"/>
</EVENT_MENTION>
<EVENT_MENTION aspect="NONE" certainty="CERTAIN" comment="" m_id="30" modality="" polarity="POS" pos="VERB" pred="" special_cases="NONE" tense="PAST" time="NON_FUTURE">
<token_anchor t_id="71"/>
</EVENT_MENTION>
<EVENT_MENTION aspect="NONE" certainty="CERTAIN" comment="" m_id="31" modality="" polarity="POS" pos="NOUN" pred="" special_cases="NONE" tense="NONE" time="NON_FUTURE">
<token_anchor t_id="89"/>
</EVENT_MENTION>
<EVENT_MENTION aspect="NONE" certainty="CERTAIN" comment="" m_id="32" modality="" polarity="POS" pos="VERB" pred="" special_cases="NONE" tense="PRESENT" time="NON_FUTURE">
<token_anchor t_id="96"/>
</EVENT_MENTION>
<EVENT_MENTION aspect="NONE" certainty="CERTAIN" comment="" m_id="7" modality="" polarity="POS" pos="VERB" pred="" special_cases="NONE" tense="PAST" time="NON_FUTURE">
<token_anchor t_id="22"/>
</EVENT_MENTION>
<EVENT_MENTION aspect="NONE" certainty="CERTAIN" comment="" m_id="8" modality="" polarity="POS" pos="NOUN" pred="" special_cases="NONE" tense="INFINITIVE" time="NON_FUTURE">
<token_anchor t_id="28"/>
<token_anchor t_id="29"/>
</EVENT_MENTION>
<EVENT_MENTION aspect="PERFECTIVE" certainty="CERTAIN" comment="" m_id="58" modality="" polarity="POS" pos="VERB" pred="" special_cases="NONE" tense="PASTPART" time="NON_FUTURE">
<token_anchor t_id="3"/>
</EVENT_MENTION>
<EVENT_MENTION aspect="NONE" certainty="CERTAIN" comment="" m_id="60" modality="" polarity="POS" pos="NOUN" pred="" special_cases="NONE" tense="NONE" time="NON_FUTURE">
<token_anchor t_id="7"/>
</EVENT_MENTION>
<EVENT_MENTION aspect="NONE" certainty="CERTAIN" comment="" m_id="15" modality="" polarity="POS" pos="VERB" pred="" special_cases="NONE" tense="FUTURE" time="FUTURE">
<token_anchor t_id="36"/>
</EVENT_MENTION>
<EVENT_MENTION aspect="NONE" certainty="CERTAIN" comment="" m_id="16" modality="" polarity="POS" pos="VERB" pred="" special_cases="NONE" tense="INFINITIVE" time="NON_FUTURE">
<token_anchor t_id="41"/>
</EVENT_MENTION>
<SIGNAL comment="" m_id="24">
<token_anchor t_id="56"/>
</SIGNAL>
<SIGNAL comment="" m_id="38">
<token_anchor t_id="90"/>
</SIGNAL>
<TIMEX3 anchorTimeID="" beginPoint="26" comment="" endPoint="9" functionInDocument="NONE" m_id="25" type="DURATION" value="P33Y">
<token_anchor t_id="57"/>
<token_anchor t_id="58"/>
</TIMEX3>
<TIMEX3 anchorTimeID="9" beginPoint="" comment="" endPoint="" functionInDocument="NONE" m_id="27" type="DATE" value="PRESENT_REF">
<token_anchor t_id="62"/>
</TIMEX3>
<TIMEX3 anchorTimeID="9" beginPoint="" comment="" endPoint="" functionInDocument="NONE" m_id="33" type="DATE" value="PRESENT_REF">
<token_anchor t_id="91"/>
<token_anchor t_id="92"/>
<token_anchor t_id="93"/>
</TIMEX3>
<TIMEX3 anchorTimeID="9" beginPoint="" comment="" endPoint="" functionInDocument="NONE" m_id="34" type="DATE" value="XXXX-XX-XX">
<token_anchor t_id="95"/>
</TIMEX3>
<TIMEX3 anchorTimeID="9" beginPoint="" comment="" endPoint="" functionInDocument="NONE" m_id="35" type="DATE" value="XXXX-XX-XX">
<token_anchor t_id="97"/>
<token_anchor t_id="98"/>
<token_anchor t_id="99"/>
</TIMEX3>
<TIMEX3 anchorTimeID="9" beginPoint="" comment="" endPoint="" functionInDocument="NONE" m_id="36" type="DATE" value="PRESENT_REF">
<token_anchor t_id="101"/>
</TIMEX3>
<TIMEX3 anchorTimeID="" beginPoint="" comment="" endPoint="" functionInDocument="CREATION_TIME" m_id="9" type="DATE" value="2013-12-10">
<token_anchor t_id="8"/>
<token_anchor t_id="9"/>
<token_anchor t_id="10"/>
<token_anchor t_id="11"/>
</TIMEX3>
<TIMEX3 anchorTimeID="9" beginPoint="" comment="" endPoint="" functionInDocument="NONE" m_id="10" type="DATE" value="2013-12-10">
<token_anchor t_id="21"/>
</TIMEX3>
<VALUE comment="" m_id="14" type="QUANTITY">
<token_anchor t_id="33"/>
</VALUE>
<TIMEX3 TAG_DESCRIPTOR="1980" anchorTimeID="9" beginPoint="" comment="" endPoint="" functionInDocument="NONE" m_id="26" type="DATE" value="1980"/>












<ENTITY_MENTION m_id="69">
  <token_anchor t_id="17"/>
</ENTITY_MENTION>








<ENTITY_MENTION m_id="86">
  <token_anchor t_id="47"/>
</ENTITY_MENTION>




<EVENT TAG_DESCRIPTOR="name" class="SPEECH_COGNITIVE" comment="" external_ref="" m_id="50"/>

<EVENT TAG_DESCRIPTOR="be" class="GRAMMATICAL" comment="" external_ref="" m_id="49"/>
<EVENT TAG_DESCRIPTOR="chief executive" class="OTHER" comment="" external_ref="" m_id="48"/><EVENT TAG_DESCRIPTOR="lead" class="OTHER" comment="" external_ref="" m_id="47"/>
<EVENT TAG_DESCRIPTOR="say" class="SPEECH_COGNITIVE" comment="" external_ref="" m_id="46"/><EVENT TAG_DESCRIPTOR="performance" class="OTHER" comment="" external_ref="" m_id="45"/>
<EVENT TAG_DESCRIPTOR="Name-EHU" class="OTHER" instance_id="OTH40251742816615687" m_id="114"/>

<ENTITY TAG_DESCRIPTOR="General Motors" ent_type="ORG" external_ref="http://dbpedia.org/resource/General_Motors" instance_id="ORG37406424148086837" m_id="121"/><ENTITY TAG_DESCRIPTOR="cars and trucks" ent_type="PRO" instance_id="PRO47038341080653202" m_id="120"/>
<ENTITY TAG_DESCRIPTOR="American auto industry" ent_type="FIN" instance_id="FIN47037936525092512" m_id="119"/><ENTITY TAG_DESCRIPTOR="Mary Barra" ent_type="PER" external_ref="http://dbpedia.org/resource/Mary_Barra" instance_id="PER46392683046404347" m_id="118"/>
<ENTITY TAG_DESCRIPTOR="truck" ent_type="PRO" instance_id="PRO46392723793220845" m_id="117"/><ENTITY TAG_DESCRIPTOR="portfolio of cars and trucks" ent_type="PRO" instance_id="PRO46392760860606014" m_id="116"/>
<ENTITY TAG_DESCRIPTOR="automobile" ent_type="PRO" instance_id="PRO37402535305680047" m_id="115"/><ENTITY TAG_DESCRIPTOR="United States of America " ent_type="LOC" external_ref="http://dbpedia.org/resource/United_States" instance_id="LOC27735327659249054" m_id="110"/>
<ENTITY TAG_DESCRIPTOR="General Motors" comment="" ent_class="" ent_type="ORG" external_ref="" m_id="43"/></Markables>
<Relations>
<HAS_PARTICIPANT comment="" r_id="153094" sem_role="Arg0" sem_role_framework="PROPBANK">
<source m_id="7"/>
<target m_id="4"/>
</HAS_PARTICIPANT>
<HAS_PARTICIPANT comment="" r_id="153095" sem_role="Arg1" sem_role_framework="PROPBANK">
<source m_id="7"/>
<target m_id="5"/>
</HAS_PARTICIPANT>
<HAS_PARTICIPANT comment="" r_id="153098" sem_role="Argm-OTHER" sem_role_framework="PROPBANK">
<source m_id="8"/>
<target m_id="6"/>
</HAS_PARTICIPANT>
<SLINK comment="" r_id="153101">
<source m_id="7"/>
<target m_id="8"/>
</SLINK>
<HAS_PARTICIPANT comment="" r_id="154758" sem_role="Arg1" sem_role_framework="PROPBANK">
<source m_id="15"/>
<target m_id="11"/>
</HAS_PARTICIPANT>
<HAS_PARTICIPANT comment="" r_id="154759" sem_role="Arg1" sem_role_framework="PROPBANK">
<source m_id="16"/>
<target m_id="17"/>
</HAS_PARTICIPANT>
<HAS_PARTICIPANT comment="" r_id="154760" sem_role="Argm-OTHER" sem_role_framework="PROPBANK">
<source m_id="16"/>
<target m_id="13"/>
</HAS_PARTICIPANT>
<HAS_PARTICIPANT comment="" r_id="162325" sem_role="Arg2" sem_role_framework="PROPBANK">
<source m_id="15"/>
<target m_id="22"/>
</HAS_PARTICIPANT>
<HAS_PARTICIPANT comment="" r_id="162326" sem_role="Argm-LOC" sem_role_framework="PROPBANK">
<source m_id="15"/>
<target m_id="13"/>
</HAS_PARTICIPANT>
<HAS_PARTICIPANT comment="" r_id="162327" sem_role="Arg1" sem_role_framework="PROPBANK">
<source m_id="20"/>
<target m_id="18"/>
</HAS_PARTICIPANT>
<HAS_PARTICIPANT comment="" r_id="162328" sem_role="Argm-OTHER" sem_role_framework="PROPBANK">
<source m_id="20"/>
<target m_id="19"/>
</HAS_PARTICIPANT>
<HAS_PARTICIPANT comment="" r_id="162329" sem_role="Arg1" sem_role_framework="PROPBANK">
<source m_id="21"/>
<target m_id="18"/>
</HAS_PARTICIPANT>
<HAS_PARTICIPANT comment="" r_id="162330" sem_role="Arg2" sem_role_framework="PROPBANK">
<source m_id="21"/>
<target m_id="23"/>
</HAS_PARTICIPANT>
<HAS_PARTICIPANT comment="" r_id="162339" sem_role="Arg0" sem_role_framework="PROPBANK">
<source m_id="30"/>
<target m_id="28"/>
</HAS_PARTICIPANT>
<HAS_PARTICIPANT comment="" r_id="162340" sem_role="Argm-OTHER" sem_role_framework="PROPBANK">
<source m_id="32"/>
<target m_id="29"/>
</HAS_PARTICIPANT>
<HAS_PARTICIPANT comment="" r_id="162341" sem_role="Argm-LOC" sem_role_framework="PROPBANK">
<source m_id="32"/>
<target m_id="37"/>
</HAS_PARTICIPANT>
<SLINK comment="" r_id="162342">
<source m_id="30"/>
<target m_id="32"/>
</SLINK>
<TLINK comment="" r_id="162343" reltype="IS_INCLUDED" signalID="">
<source m_id="7"/>
<target m_id="9"/>
</TLINK>
<TLINK comment="" r_id="162344" reltype="BEGUN_BY" signalID="">
<source m_id="15"/>
<target m_id="9"/>
</TLINK>
<TLINK comment="" r_id="162345" reltype="ENDED_BY" signalID="">
<source m_id="20"/>
<target m_id="9"/>
</TLINK>
<TLINK comment="" r_id="162346" reltype="IS_INCLUDED" signalID="">
<source m_id="21"/>
<target m_id="9"/>
</TLINK>
<TLINK comment="" r_id="162347" reltype="IS_INCLUDED" signalID="">
<source m_id="30"/>
<target m_id="9"/>
</TLINK>
<TLINK comment="" r_id="162348" reltype="IS_INCLUDED" signalID="">
<source m_id="32"/>
<target m_id="9"/>
</TLINK>
<TLINK comment="" r_id="162349" reltype="BEGINS" signalID="">
<source m_id="7"/>
<target m_id="15"/>
</TLINK>
<TLINK comment="" r_id="162350" reltype="AFTER" signalID="">
<source m_id="15"/>
<target m_id="20"/>
</TLINK>
<TLINK comment="" r_id="162351" reltype="BEFORE" signalID="">
<source m_id="20"/>
<target m_id="30"/>
</TLINK>
<TLINK comment="" r_id="162352" reltype="INCLUDES" signalID="">
<source m_id="20"/>
<target m_id="21"/>
</TLINK>
<TLINK comment="" r_id="162353" reltype="INCLUDES" signalID="">
<source m_id="30"/>
<target m_id="32"/>
</TLINK>
<TLINK comment="" r_id="162354" reltype="IS_INCLUDED" signalID="">
<source m_id="7"/>
<target m_id="10"/>
</TLINK>
<TLINK comment="" r_id="162355" reltype="MEASURE" signalID="24">
<source m_id="25"/>
<target m_id="20"/>
</TLINK>
<TLINK comment="" r_id="162356" reltype="IS_INCLUDED" signalID="">
<source m_id="21"/>
<target m_id="27"/>
</TLINK>
<TLINK comment="" r_id="162357" reltype="IS_INCLUDED" signalID="38">
<source m_id="31"/>
<target m_id="33"/>
</TLINK>
<TLINK comment="" r_id="162358" reltype="IDENTITY" signalID="">
<source m_id="34"/>
<target m_id="35"/>
</TLINK>
<HAS_PARTICIPANT comment="" r_id="243811" sem_role="Arg1" sem_role_framework="PROPBANK">
<source m_id="58"/>
<target m_id="57"/>
</HAS_PARTICIPANT>
<HAS_PARTICIPANT comment="" r_id="243812" sem_role="Argm-LOC" sem_role_framework="PROPBANK">
<source m_id="60"/>
<target m_id="59"/>
</HAS_PARTICIPANT>
<SLINK comment="" r_id="243813">
<source m_id="58"/>
<target m_id="60"/>
</SLINK>






















<REFERS_TO r_id="243830">


<source m_id="69"/>
<source m_id="51"/>
<source m_id="86"/>
<target m_id="115"/>
</REFERS_TO>
<REFERS_TO r_id="243831">
<source m_id="7"/>
<target m_id="114"/>
</REFERS_TO>
<REFERS_TO r_id="243832">
<source m_id="52"/>
<target m_id="117"/>
</REFERS_TO>
<REFERS_TO r_id="243833">
<source m_id="29"/>
<target m_id="116"/>
</REFERS_TO>

<REFERS_TO r_id="243835">
<source m_id="12"/>
<source m_id="1"/>
<target m_id="110"/>
</REFERS_TO>


<REFERS_TO r_id="243838">
<source m_id="13"/>
<target m_id="119"/>
</REFERS_TO>
<REFERS_TO r_id="243839">
<source m_id="23"/>
<source m_id="5"/>
<source m_id="57"/>
<source m_id="11"/>
<source m_id="28"/>
<source m_id="22"/>
<source m_id="18"/>
<target m_id="118"/>
</REFERS_TO>
<REFERS_TO r_id="243840">
<source m_id="8"/>
<source m_id="60"/>
<target m_id="48"/>
</REFERS_TO>
<REFERS_TO r_id="243841">
<source m_id="15"/>
<source m_id="20"/>
<source m_id="21"/>
<source m_id="32"/>
<target m_id="49"/>
</REFERS_TO>
<REFERS_TO r_id="243842">
<source m_id="30"/>
<target m_id="46"/>
</REFERS_TO>
<REFERS_TO r_id="243843">
<source m_id="16"/>
<target m_id="47"/>
</REFERS_TO>
<REFERS_TO r_id="243844">
<source m_id="31"/>
<target m_id="45"/>
</REFERS_TO>
<REFERS_TO r_id="243845">
<source m_id="4"/>
<target m_id="43"/>
</REFERS_TO>
<REFERS_TO r_id="243846">
<source m_id="53"/>
<target m_id="120"/>
</REFERS_TO>
<REFERS_TO r_id="243847">


<source m_id="2"/>
<source m_id="37"/>




<source m_id="17"/>




<source m_id="59"/>

<source m_id="6"/>



<source m_id="19"/>
<source m_id="3"/>
<target m_id="121"/>
</REFERS_TO>



<REFERS_TO r_id="243851">
<source m_id="58"/>
<target m_id="50"/>
</REFERS_TO>

</Relations>
</Document>