<?xml version="1.0" ?><Document doc_id="120554" doc_name="120554_GM,_Chrysler_offer_buyouts_and_early_retirement_to_workers" lang="en" url="http://en.wikinews.org/wiki/GM,_Chrysler_offer_buyouts_and_early_retirement_to_workers">
<token number="0" sentence="0" t_id="1">GM</token>
<token number="1" sentence="0" t_id="2">,</token>
<token number="2" sentence="0" t_id="3">Chrysler</token>
<token number="3" sentence="0" t_id="4">offer</token>
<token number="4" sentence="0" t_id="5">buyouts</token>
<token number="5" sentence="0" t_id="6">and</token>
<token number="6" sentence="0" t_id="7">early</token>
<token number="7" sentence="0" t_id="8">retirement</token>
<token number="8" sentence="0" t_id="9">to</token>
<token number="9" sentence="0" t_id="10">workers</token>
<token number="10" sentence="1" t_id="11">February</token>
<token number="11" sentence="1" t_id="12">03</token>
<token number="12" sentence="1" t_id="13">,</token>
<token number="13" sentence="1" t_id="14">2009</token>
<token number="14" sentence="2" t_id="15">General</token>
<token number="15" sentence="2" t_id="16">Motors</token>
<token number="16" sentence="2" t_id="17">(</token>
<token number="17" sentence="2" t_id="18">GM</token>
<token number="18" sentence="2" t_id="19">)</token>
<token number="19" sentence="2" t_id="20">and</token>
<token number="20" sentence="2" t_id="21">Chrysler</token>
<token number="21" sentence="2" t_id="22">have</token>
<token number="22" sentence="2" t_id="23">both</token>
<token number="23" sentence="2" t_id="24">begun</token>
<token number="24" sentence="2" t_id="25">to</token>
<token number="25" sentence="2" t_id="26">offer</token>
<token number="26" sentence="2" t_id="27">layoff</token>
<token number="27" sentence="2" t_id="28">packages</token>
<token number="28" sentence="2" t_id="29">to</token>
<token number="29" sentence="2" t_id="30">their</token>
<token number="30" sentence="2" t_id="31">workforces</token>
<token number="31" sentence="2" t_id="32">.</token>
<token number="32" sentence="3" t_id="33">The</token>
<token number="33" sentence="3" t_id="34">automobile</token>
<token number="34" sentence="3" t_id="35">manufacturers</token>
<token number="35" sentence="3" t_id="36">have</token>
<token number="36" sentence="3" t_id="37">been</token>
<token number="37" sentence="3" t_id="38">hard</token>
<token number="38" sentence="3" t_id="39">hit</token>
<token number="39" sentence="3" t_id="40">in</token>
<token number="40" sentence="3" t_id="41">the</token>
<token number="41" sentence="3" t_id="42">recent</token>
<token number="42" sentence="3" t_id="43">economic</token>
<token number="43" sentence="3" t_id="44">downturn</token>
<token number="44" sentence="3" t_id="45">and</token>
<token number="45" sentence="3" t_id="46">have</token>
<token number="46" sentence="3" t_id="47">been</token>
<token number="47" sentence="3" t_id="48">forced</token>
<token number="48" sentence="3" t_id="49">to</token>
<token number="49" sentence="3" t_id="50">seek</token>
<token number="50" sentence="3" t_id="51">federal</token>
<token number="51" sentence="3" t_id="52">aid</token>
<token number="52" sentence="3" t_id="53">from</token>
<token number="53" sentence="3" t_id="54">the</token>
<token number="54" sentence="3" t_id="55">U.S.</token>
<token number="55" sentence="3" t_id="56">government</token>
<token number="56" sentence="3" t_id="57">.</token>
<token number="57" sentence="4" t_id="58">Reports</token>
<token number="58" sentence="4" t_id="59">say</token>
<token number="59" sentence="4" t_id="60">that</token>
<token number="60" sentence="4" t_id="61">GM</token>
<token number="61" sentence="4" t_id="62">'s</token>
<token number="62" sentence="4" t_id="63">package</token>
<token number="63" sentence="4" t_id="64">includes</token>
<token number="64" sentence="4" t_id="65">a</token>
<token number="65" sentence="4" t_id="66">$</token>
<token number="66" sentence="4" t_id="67">20,000</token>
<token number="67" sentence="4" t_id="68">cash</token>
<token number="68" sentence="4" t_id="69">payment</token>
<token number="69" sentence="4" t_id="70">and</token>
<token number="70" sentence="4" t_id="71">a</token>
<token number="71" sentence="4" t_id="72">$</token>
<token number="72" sentence="4" t_id="73">25,000</token>
<token number="73" sentence="4" t_id="74">new</token>
<token number="74" sentence="4" t_id="75">vehicle</token>
<token number="75" sentence="4" t_id="76">voucher</token>
<token number="76" sentence="4" t_id="77">.</token>
<token number="77" sentence="5" t_id="78">Chrysler</token>
<token number="78" sentence="5" t_id="79">will</token>
<token number="79" sentence="5" t_id="80">offer</token>
<token number="80" sentence="5" t_id="81">a</token>
<token number="81" sentence="5" t_id="82">$</token>
<token number="82" sentence="5" t_id="83">25,000</token>
<token number="83" sentence="5" t_id="84">vehicle</token>
<token number="84" sentence="5" t_id="85">voucher</token>
<token number="85" sentence="5" t_id="86">and</token>
<token number="86" sentence="5" t_id="87">$</token>
<token number="87" sentence="5" t_id="88">50,000</token>
<token number="88" sentence="5" t_id="89">with</token>
<token number="89" sentence="5" t_id="90">healthcare</token>
<token number="90" sentence="5" t_id="91">and</token>
<token number="91" sentence="5" t_id="92">$</token>
<token number="92" sentence="5" t_id="93">75,000</token>
<token number="93" sentence="5" t_id="94">without</token>
<token number="94" sentence="5" t_id="95">.</token>
<token number="95" sentence="6" t_id="96">Both</token>
<token number="96" sentence="6" t_id="97">will</token>
<token number="97" sentence="6" t_id="98">offer</token>
<token number="98" sentence="6" t_id="99">the</token>
<token number="99" sentence="6" t_id="100">deal</token>
<token number="100" sentence="6" t_id="101">to</token>
<token number="101" sentence="6" t_id="102">most</token>
<token number="102" sentence="6" t_id="103">United</token>
<token number="103" sentence="6" t_id="104">Auto</token>
<token number="104" sentence="6" t_id="105">Workers</token>
<token number="105" sentence="6" t_id="106">(</token>
<token number="106" sentence="6" t_id="107">UAW</token>
<token number="107" sentence="6" t_id="108">)</token>
<token number="108" sentence="6" t_id="109">union</token>
<token number="109" sentence="6" t_id="110">members</token>
<token number="110" sentence="6" t_id="111">-</token>
<token number="111" sentence="6" t_id="112">62,000</token>
<token number="112" sentence="6" t_id="113">at</token>
<token number="113" sentence="6" t_id="114">GM</token>
<token number="114" sentence="6" t_id="115">,</token>
<token number="115" sentence="6" t_id="116">which</token>
<token number="116" sentence="6" t_id="117">is</token>
<token number="117" sentence="6" t_id="118">seeking</token>
<token number="118" sentence="6" t_id="119">to</token>
<token number="119" sentence="6" t_id="120">cut</token>
<token number="120" sentence="6" t_id="121">31,500</token>
<token number="121" sentence="6" t_id="122">jobs</token>
<token number="122" sentence="6" t_id="123">by</token>
<token number="123" sentence="6" t_id="124">2012</token>
<token number="124" sentence="6" t_id="125">.</token>
<token number="125" sentence="7" t_id="126">The</token>
<token number="126" sentence="7" t_id="127">two</token>
<token number="127" sentence="7" t_id="128">companies</token>
<token number="128" sentence="7" t_id="129">have</token>
<token number="129" sentence="7" t_id="130">received</token>
<token number="130" sentence="7" t_id="131">$</token>
<token number="131" sentence="7" t_id="132">13.4</token>
<token number="132" sentence="7" t_id="133">billion</token>
<token number="133" sentence="7" t_id="134">in</token>
<token number="134" sentence="7" t_id="135">federal</token>
<token number="135" sentence="7" t_id="136">loans</token>
<token number="136" sentence="7" t_id="137">to</token>
<token number="137" sentence="7" t_id="138">keep</token>
<token number="138" sentence="7" t_id="139">them</token>
<token number="139" sentence="7" t_id="140">operating</token>
<token number="140" sentence="7" t_id="141">,</token>
<token number="141" sentence="7" t_id="142">but</token>
<token number="142" sentence="7" t_id="143">Congress</token>
<token number="143" sentence="7" t_id="144">required</token>
<token number="144" sentence="7" t_id="145">them</token>
<token number="145" sentence="7" t_id="146">to</token>
<token number="146" sentence="7" t_id="147">produce</token>
<token number="147" sentence="7" t_id="148">viability</token>
<token number="148" sentence="7" t_id="149">plans</token>
<token number="149" sentence="7" t_id="150">to</token>
<token number="150" sentence="7" t_id="151">demonstrate</token>
<token number="151" sentence="7" t_id="152">they</token>
<token number="152" sentence="7" t_id="153">were</token>
<token number="153" sentence="7" t_id="154">making</token>
<token number="154" sentence="7" t_id="155">significant</token>
<token number="155" sentence="7" t_id="156">cost</token>
<token number="156" sentence="7" t_id="157">cuts</token>
<token number="157" sentence="7" t_id="158">and</token>
<token number="158" sentence="7" t_id="159">labor</token>
<token number="159" sentence="7" t_id="160">concessions</token>
<token number="160" sentence="7" t_id="161">in</token>
<token number="161" sentence="7" t_id="162">return</token>
<token number="162" sentence="7" t_id="163">for</token>
<token number="163" sentence="7" t_id="164">the</token>
<token number="164" sentence="7" t_id="165">money</token>
<token number="165" sentence="7" t_id="166">.</token>
<token number="166" sentence="8" t_id="167">UAW</token>
<token number="167" sentence="8" t_id="168">workers</token>
<token number="168" sentence="8" t_id="169">in</token>
<token number="169" sentence="8" t_id="170">Detroit</token>
<token number="170" sentence="8" t_id="171">earn</token>
<token number="171" sentence="8" t_id="172">$</token>
<token number="172" sentence="8" t_id="173">28</token>
<token number="173" sentence="8" t_id="174">an</token>
<token number="174" sentence="8" t_id="175">hour</token>
<token number="175" sentence="8" t_id="176">;</token>
<token number="176" sentence="8" t_id="177">their</token>
<token number="177" sentence="8" t_id="178">replacements</token>
<token number="178" sentence="8" t_id="179">will</token>
<token number="179" sentence="8" t_id="180">earn</token>
<token number="180" sentence="8" t_id="181">about</token>
<token number="181" sentence="8" t_id="182">half</token>
<token number="182" sentence="8" t_id="183">that</token>
<token number="183" sentence="8" t_id="184">.</token>
<token number="184" sentence="9" t_id="185">The</token>
<token number="185" sentence="9" t_id="186">UAW</token>
<token number="186" sentence="9" t_id="187">'s</token>
<token number="187" sentence="9" t_id="188">``</token>
<token number="188" sentence="9" t_id="189">jobs</token>
<token number="189" sentence="9" t_id="190">bank</token>
<token number="190" sentence="9" t_id="191">''</token>
<token number="191" sentence="9" t_id="192">,</token>
<token number="192" sentence="9" t_id="193">a</token>
<token number="193" sentence="9" t_id="194">system</token>
<token number="194" sentence="9" t_id="195">where</token>
<token number="195" sentence="9" t_id="196">workers</token>
<token number="196" sentence="9" t_id="197">without</token>
<token number="197" sentence="9" t_id="198">duties</token>
<token number="198" sentence="9" t_id="199">are</token>
<token number="199" sentence="9" t_id="200">still</token>
<token number="200" sentence="9" t_id="201">paid</token>
<token number="201" sentence="9" t_id="202">,</token>
<token number="202" sentence="9" t_id="203">has</token>
<token number="203" sentence="9" t_id="204">stopped</token>
<token number="204" sentence="9" t_id="205">at</token>
<token number="205" sentence="9" t_id="206">both</token>
<token number="206" sentence="9" t_id="207">companies</token>
<token number="207" sentence="9" t_id="208">.</token>
<token number="208" sentence="10" t_id="209">GM</token>
<token number="209" sentence="10" t_id="210">is</token>
<token number="210" sentence="10" t_id="211">also</token>
<token number="211" sentence="10" t_id="212">attempting</token>
<token number="212" sentence="10" t_id="213">to</token>
<token number="213" sentence="10" t_id="214">engineer</token>
<token number="214" sentence="10" t_id="215">a</token>
<token number="215" sentence="10" t_id="216">debt-for-equity</token>
<token number="216" sentence="10" t_id="217">swap</token>
<token number="217" sentence="10" t_id="218">,</token>
<token number="218" sentence="10" t_id="219">reducing</token>
<token number="219" sentence="10" t_id="220">its</token>
<token number="220" sentence="10" t_id="221">liabilities</token>
<token number="221" sentence="10" t_id="222">from</token>
<token number="222" sentence="10" t_id="223">$</token>
<token number="223" sentence="10" t_id="224">27.5</token>
<token number="224" sentence="10" t_id="225">billion</token>
<token number="225" sentence="10" t_id="226">in</token>
<token number="226" sentence="10" t_id="227">unsecured</token>
<token number="227" sentence="10" t_id="228">debt</token>
<token number="228" sentence="10" t_id="229">to</token>
<token number="229" sentence="10" t_id="230">$</token>
<token number="230" sentence="10" t_id="231">9.2</token>
<token number="231" sentence="10" t_id="232">billion</token>
<token number="232" sentence="10" t_id="233">.</token>
<token number="233" sentence="11" t_id="234">It</token>
<token number="234" sentence="11" t_id="235">is</token>
<token number="235" sentence="11" t_id="236">also</token>
<token number="236" sentence="11" t_id="237">seeking</token>
<token number="237" sentence="11" t_id="238">to</token>
<token number="238" sentence="11" t_id="239">sell</token>
<token number="239" sentence="11" t_id="240">a</token>
<token number="240" sentence="11" t_id="241">truck</token>
<token number="241" sentence="11" t_id="242">manufacturer</token>
<token number="242" sentence="11" t_id="243">,</token>
<token number="243" sentence="11" t_id="244">the</token>
<token number="244" sentence="11" t_id="245">Delco</token>
<token number="245" sentence="11" t_id="246">Electronics</token>
<token number="246" sentence="11" t_id="247">parts</token>
<token number="247" sentence="11" t_id="248">group</token>
<token number="248" sentence="11" t_id="249">and</token>
<token number="249" sentence="11" t_id="250">the</token>
<token number="250" sentence="11" t_id="251">Hummer</token>
<token number="251" sentence="11" t_id="252">and</token>
<token number="252" sentence="11" t_id="253">Saab</token>
<token number="253" sentence="11" t_id="254">Automobile</token>
<token number="254" sentence="11" t_id="255">vehicle</token>
<token number="255" sentence="11" t_id="256">brands</token>
<token number="256" sentence="11" t_id="257">.</token>
<token number="257" sentence="12" t_id="258">The</token>
<token number="258" sentence="12" t_id="259">entire</token>
<token number="259" sentence="12" t_id="260">motor</token>
<token number="260" sentence="12" t_id="261">manufacturing</token>
<token number="261" sentence="12" t_id="262">sector</token>
<token number="262" sentence="12" t_id="263">has</token>
<token number="263" sentence="12" t_id="264">suffered</token>
<token number="264" sentence="12" t_id="265">under</token>
<token number="265" sentence="12" t_id="266">the</token>
<token number="266" sentence="12" t_id="267">economic</token>
<token number="267" sentence="12" t_id="268">downturn</token>
<token number="268" sentence="12" t_id="269">,</token>
<token number="269" sentence="12" t_id="270">with</token>
<token number="270" sentence="12" t_id="271">the</token>
<token number="271" sentence="12" t_id="272">Ford</token>
<token number="272" sentence="12" t_id="273">Motor</token>
<token number="273" sentence="12" t_id="274">Company</token>
<token number="274" sentence="12" t_id="275">announcing</token>
<token number="275" sentence="12" t_id="276">a</token>
<token number="276" sentence="12" t_id="277">$</token>
<token number="277" sentence="12" t_id="278">14.6</token>
<token number="278" sentence="12" t_id="279">billion</token>
<token number="279" sentence="12" t_id="280">annual</token>
<token number="280" sentence="12" t_id="281">loss</token>
<token number="281" sentence="12" t_id="282">,</token>
<token number="282" sentence="12" t_id="283">although</token>
<token number="283" sentence="12" t_id="284">it</token>
<token number="284" sentence="12" t_id="285">has</token>
<token number="285" sentence="12" t_id="286">not</token>
<token number="286" sentence="12" t_id="287">sought</token>
<token number="287" sentence="12" t_id="288">federal</token>
<token number="288" sentence="12" t_id="289">aid</token>
<token number="289" sentence="12" t_id="290">.</token>
<token number="290" sentence="13" t_id="291">GM</token>
<token number="291" sentence="13" t_id="292">and</token>
<token number="292" sentence="13" t_id="293">Chrysler</token>
<token number="293" sentence="13" t_id="294">both</token>
<token number="294" sentence="13" t_id="295">ran</token>
<token number="295" sentence="13" t_id="296">out</token>
<token number="296" sentence="13" t_id="297">of</token>
<token number="297" sentence="13" t_id="298">operating</token>
<token number="298" sentence="13" t_id="299">funds</token>
<token number="299" sentence="13" t_id="300">in</token>
<token number="300" sentence="13" t_id="301">December</token>
<token number="301" sentence="13" t_id="302">,</token>
<token number="302" sentence="13" t_id="303">leading</token>
<token number="303" sentence="13" t_id="304">to</token>
<token number="304" sentence="13" t_id="305">the</token>
<token number="305" sentence="13" t_id="306">federal</token>
<token number="306" sentence="13" t_id="307">bailout</token>
<token number="307" sentence="13" t_id="308">.</token>
<Markables>
<ENTITY_MENTION comment="" head="" m_id="19" syntactic_type="">
<token_anchor t_id="58"/>
</ENTITY_MENTION>
<ENTITY_MENTION comment="" head="" m_id="20" syntactic_type="">
<token_anchor t_id="61"/>
<token_anchor t_id="62"/>
<token_anchor t_id="63"/>
</ENTITY_MENTION>
<ENTITY_MENTION comment="" head="" m_id="21" syntactic_type="">
<token_anchor t_id="61"/>
</ENTITY_MENTION>
<ENTITY_MENTION comment="" head="" m_id="22" syntactic_type="">
<token_anchor t_id="71"/>
<token_anchor t_id="72"/>
<token_anchor t_id="73"/>
<token_anchor t_id="74"/>
<token_anchor t_id="75"/>
<token_anchor t_id="76"/>
</ENTITY_MENTION>
<ENTITY_MENTION comment="" head="" m_id="27" syntactic_type="NAM">
<token_anchor t_id="78"/>
</ENTITY_MENTION>
<ENTITY_MENTION comment="" head="" m_id="28" syntactic_type="">
<token_anchor t_id="81"/>
<token_anchor t_id="82"/>
<token_anchor t_id="83"/>
<token_anchor t_id="84"/>
<token_anchor t_id="85"/>
</ENTITY_MENTION>
<ENTITY_MENTION comment="" head="" m_id="1" syntactic_type="NAM">
<token_anchor t_id="15"/>
<token_anchor t_id="16"/>
</ENTITY_MENTION>
<ENTITY_MENTION comment="" head="" m_id="51" syntactic_type="PRE.NAM">
<token_anchor t_id="51"/>
</ENTITY_MENTION>
<ENTITY_MENTION comment="" head="" m_id="2" syntactic_type="NAM">
<token_anchor t_id="18"/>
</ENTITY_MENTION>
<ENTITY_MENTION comment="" head="" m_id="52" syntactic_type="">
<token_anchor t_id="27"/>
<token_anchor t_id="28"/>
</ENTITY_MENTION>
<ENTITY_MENTION comment="" head="" m_id="3" syntactic_type="NAM">
<token_anchor t_id="15"/>
<token_anchor t_id="16"/>
<token_anchor t_id="17"/>
<token_anchor t_id="18"/>
</ENTITY_MENTION>
<ENTITY_MENTION comment="" head="" m_id="54" syntactic_type="">
<token_anchor t_id="23"/>
</ENTITY_MENTION>
<ENTITY_MENTION comment="" head="" m_id="55" syntactic_type="">
<token_anchor t_id="51"/>
<token_anchor t_id="52"/>
</ENTITY_MENTION>
<ENTITY_MENTION comment="" head="" m_id="4" syntactic_type="NAM">
<token_anchor t_id="21"/>
</ENTITY_MENTION>
<ENTITY_MENTION comment="" head="" m_id="57" syntactic_type="">
<token_anchor t_id="65"/>
<token_anchor t_id="66"/>
<token_anchor t_id="67"/>
<token_anchor t_id="68"/>
<token_anchor t_id="69"/>
</ENTITY_MENTION>
<ENTITY_MENTION comment="" head="" m_id="5" syntactic_type="">
<token_anchor t_id="15"/>
<token_anchor t_id="16"/>
<token_anchor t_id="17"/>
<token_anchor t_id="18"/>
<token_anchor t_id="19"/>
<token_anchor t_id="20"/>
<token_anchor t_id="21"/>
</ENTITY_MENTION>
<ENTITY_MENTION comment="" head="" m_id="58" syntactic_type="">
<token_anchor t_id="65"/>
<token_anchor t_id="66"/>
<token_anchor t_id="67"/>
<token_anchor t_id="68"/>
<token_anchor t_id="69"/>
<token_anchor t_id="70"/>
<token_anchor t_id="71"/>
<token_anchor t_id="72"/>
<token_anchor t_id="73"/>
<token_anchor t_id="74"/>
<token_anchor t_id="75"/>
<token_anchor t_id="76"/>
</ENTITY_MENTION>
<ENTITY_MENTION comment="" head="" m_id="6" syntactic_type="">
<token_anchor t_id="30"/>
<token_anchor t_id="31"/>
</ENTITY_MENTION>
<ENTITY_MENTION comment="" head="" m_id="61" syntactic_type="">
<token_anchor t_id="90"/>
</ENTITY_MENTION>
<ENTITY_MENTION comment="" head="" m_id="7" syntactic_type="">
<token_anchor t_id="30"/>
</ENTITY_MENTION>
<ENTITY_MENTION comment="" head="" m_id="63" syntactic_type="">
<token_anchor t_id="81"/>
<token_anchor t_id="82"/>
<token_anchor t_id="83"/>
<token_anchor t_id="84"/>
<token_anchor t_id="85"/>
<token_anchor t_id="86"/>
<token_anchor t_id="87"/>
<token_anchor t_id="88"/>
<token_anchor t_id="89"/>
<token_anchor t_id="90"/>
<token_anchor t_id="91"/>
<token_anchor t_id="92"/>
<token_anchor t_id="93"/>
<token_anchor t_id="94"/>
</ENTITY_MENTION>
<ENTITY_MENTION comment="" head="" m_id="65" syntactic_type="NAM">
<token_anchor t_id="1"/>
</ENTITY_MENTION>
<ENTITY_MENTION comment="" head="" m_id="66" syntactic_type="NAM">
<token_anchor t_id="3"/>
</ENTITY_MENTION>
<ENTITY_MENTION comment="" head="" m_id="10" syntactic_type="">
<token_anchor t_id="33"/>
<token_anchor t_id="34"/>
<token_anchor t_id="35"/>
</ENTITY_MENTION>
<ENTITY_MENTION comment="" head="" m_id="67" syntactic_type="">
<token_anchor t_id="5"/>
</ENTITY_MENTION>
<ENTITY_MENTION comment="" head="" m_id="11" syntactic_type="">
<token_anchor t_id="54"/>
<token_anchor t_id="55"/>
<token_anchor t_id="56"/>
</ENTITY_MENTION>
<ENTITY_MENTION comment="" head="" m_id="68" syntactic_type="">
<token_anchor t_id="7"/>
<token_anchor t_id="8"/>
</ENTITY_MENTION>
<ENTITY_MENTION comment="" head="" m_id="12" syntactic_type="PRE.NAM">
<token_anchor t_id="55"/>
</ENTITY_MENTION>
<ENTITY_MENTION comment="" head="" m_id="69" syntactic_type="">
<token_anchor t_id="10"/>
</ENTITY_MENTION>
<ENTITY_MENTION comment="" head="" m_id="70" syntactic_type="">
<token_anchor t_id="5"/>
<token_anchor t_id="6"/>
<token_anchor t_id="7"/>
<token_anchor t_id="8"/>
</ENTITY_MENTION>
<ENTITY_MENTION comment="" head="" m_id="72" syntactic_type="">
<token_anchor t_id="1"/>
<token_anchor t_id="2"/>
<token_anchor t_id="3"/>
</ENTITY_MENTION>
<EVENT_MENTION aspect="NONE" certainty="CERTAIN" comment="" m_id="25" modality="" polarity="POS" pos="VERB" pred="" special_cases="NONE" tense="PRESENT" time="NON_FUTURE">
<token_anchor t_id="59"/>
</EVENT_MENTION>
<EVENT_MENTION aspect="NONE" certainty="CERTAIN" comment="" m_id="26" modality="" polarity="POS" pos="VERB" pred="" special_cases="NONE" tense="PRESENT" time="NON_FUTURE">
<token_anchor t_id="64"/>
</EVENT_MENTION>
<EVENT_MENTION aspect="NONE" certainty="CERTAIN" comment="" m_id="32" modality="" polarity="POS" pos="VERB" pred="" special_cases="NONE" tense="FUTURE" time="FUTURE">
<token_anchor t_id="80"/>
</EVENT_MENTION>
<EVENT_MENTION aspect="PERFECTIVE" certainty="CERTAIN" comment="" m_id="8" modality="" polarity="POS" pos="VERB" pred="" special_cases="NONE" tense="PAST" time="NON_FUTURE">
<token_anchor t_id="24"/>
</EVENT_MENTION>
<EVENT_MENTION aspect="NONE" certainty="CERTAIN" comment="" m_id="9" modality="" polarity="POS" pos="VERB" pred="" special_cases="NONE" tense="INFINITIVE" time="NON_FUTURE">
<token_anchor t_id="26"/>
</EVENT_MENTION>
<EVENT_MENTION aspect="PERFECTIVE" certainty="CERTAIN" comment="" m_id="13" modality="" polarity="POS" pos="VERB" pred="" special_cases="NONE" tense="PAST" time="NON_FUTURE">
<token_anchor t_id="39"/>
</EVENT_MENTION>
<EVENT_MENTION aspect="NONE" certainty="CERTAIN" comment="" m_id="14" modality="" polarity="POS" pos="NOUN" pred="" special_cases="NONE" tense="NONE" time="NON_FUTURE">
<token_anchor t_id="44"/>
</EVENT_MENTION>
<EVENT_MENTION aspect="NONE" certainty="CERTAIN" comment="" m_id="71" modality="" polarity="POS" pos="VERB" pred="" special_cases="NONE" tense="PRESENT" time="NON_FUTURE">
<token_anchor t_id="4"/>
</EVENT_MENTION>
<EVENT_MENTION aspect="PERFECTIVE" certainty="CERTAIN" comment="" m_id="15" modality="" polarity="POS" pos="VERB" pred="" special_cases="NONE" tense="PAST" time="NON_FUTURE">
<token_anchor t_id="48"/>
</EVENT_MENTION>
<EVENT_MENTION aspect="NONE" certainty="CERTAIN" comment="" m_id="16" modality="" polarity="POS" pos="VERB" pred="" special_cases="NONE" tense="INFINITIVE" time="NON_FUTURE">
<token_anchor t_id="50"/>
</EVENT_MENTION>
<TIMEX3 anchorTimeID="" beginPoint="" comment="" endPoint="" functionInDocument="CREATION_TIME" m_id="17" type="DATE" value="2009-02-03">
<token_anchor t_id="11"/>
<token_anchor t_id="12"/>
<token_anchor t_id="13"/>
<token_anchor t_id="14"/>
</TIMEX3>
<TIMEX3 anchorTimeID="" beginPoint="" comment="" endPoint="" functionInDocument="NONE" m_id="18" type="DATE" value="PAST_REF">
<token_anchor t_id="42"/>
</TIMEX3>
<VALUE comment="" m_id="23" type="MONEY">
<token_anchor t_id="72"/>
<token_anchor t_id="73"/>
</VALUE>
<VALUE comment="" m_id="24" type="MONEY">
<token_anchor t_id="66"/>
<token_anchor t_id="67"/>
</VALUE>
<VALUE comment="" m_id="29" type="MONEY">
<token_anchor t_id="82"/>
<token_anchor t_id="83"/>
</VALUE>
<VALUE comment="" m_id="30" type="MONEY">
<token_anchor t_id="87"/>
<token_anchor t_id="88"/>
</VALUE>
<VALUE comment="" m_id="31" type="MONEY">
<token_anchor t_id="92"/>
<token_anchor t_id="93"/>
</VALUE>










<ENTITY_MENTION m_id="81">
  <token_anchor t_id="34"/>
</ENTITY_MENTION>


<ENTITY_MENTION m_id="88">
  <token_anchor t_id="87"/>
  <token_anchor t_id="88"/>
  <token_anchor t_id="89"/>
  <token_anchor t_id="90"/>
</ENTITY_MENTION>
<ENTITY_MENTION m_id="90">
  <token_anchor t_id="84"/>
</ENTITY_MENTION>
<ENTITY_MENTION m_id="91">
  <token_anchor t_id="92"/>
  <token_anchor t_id="93"/>
  <token_anchor t_id="94"/>
</ENTITY_MENTION>



<ENTITY_MENTION m_id="104">
  <token_anchor t_id="75"/>
</ENTITY_MENTION>











<EVENT TAG_DESCRIPTOR="Offer-EHU" class="OTHER" instance_id="OTH39650733569778465" m_id="167"/><EVENT TAG_DESCRIPTOR="Offer-EHU" class="OTHER" instance_id="OTH39564714678610938" m_id="165"/>

<EVENT TAG_DESCRIPTOR="include" class="OTHER" comment="" external_ref="" m_id="50"/><EVENT TAG_DESCRIPTOR="begin" class="GRAMMATICAL" comment="" external_ref="" m_id="49"/>
<EVENT TAG_DESCRIPTOR="hit" class="OTHER" comment="" external_ref="" m_id="47"/>
<EVENT TAG_DESCRIPTOR="downturn" class="OTHER" comment="" external_ref="" m_id="46"/><EVENT TAG_DESCRIPTOR="force" class="GRAMMATICAL" comment="" external_ref="" m_id="45"/>
<EVENT TAG_DESCRIPTOR="seek" class="GRAMMATICAL" comment="" external_ref="" m_id="44"/>
<EVENT TAG_DESCRIPTOR="say" class="SPEECH_COGNITIVE" comment="" external_ref="" m_id="43"/>

<ENTITY TAG_DESCRIPTOR="Chrysler's voucher with or without healthcare" ent_type="FIN" instance_id="FIN47028649425770689" m_id="139"/><ENTITY TAG_DESCRIPTOR="federal aid" ent_type="FIN" instance_id="FIN47045200079346523" m_id="169"/>
<ENTITY TAG_DESCRIPTOR="$20,000 cash payment" ent_type="FIN" instance_id="FIN45381685366548727" m_id="168"/><ENTITY TAG_DESCRIPTOR="General Motors" ent_type="ORG" external_ref="http://dbpedia.org/resource/General_Motors" instance_id="ORG37406424148086837" m_id="166"/>
<ENTITY TAG_DESCRIPTOR="automobile" ent_type="PRO" instance_id="PRO37402535305680047" m_id="161"/>
<ENTITY TAG_DESCRIPTOR="buyots and early retirement" ent_type="FIN" instance_id="FIN47045052585354114" m_id="160"/><ENTITY TAG_DESCRIPTOR="Chrysler voucher" ent_type="FIN" instance_id="FIN47029691247352086" m_id="159"/>
<ENTITY TAG_DESCRIPTOR="50,000 payment" ent_type="FIN" instance_id="FIN47029569424273232" m_id="157"/><ENTITY TAG_DESCRIPTOR="GM's voucher" ent_type="FIN" instance_id="FIN47027865268705287" m_id="156"/>
<ENTITY TAG_DESCRIPTOR="report" ent_type="PRO" instance_id="PRO45382393273152132" m_id="155"/><ENTITY TAG_DESCRIPTOR="workforces - GM and Chrysler" ent_type="PER" instance_id="PER45382007091106738" m_id="154"/>
<ENTITY TAG_DESCRIPTOR="healthcare" ent_type="PRO" instance_id="PRO45382424785175083" m_id="152"/><ENTITY TAG_DESCRIPTOR="early retirement" ent_type="FIN" instance_id="FIN45381985929931930" m_id="151"/>
<ENTITY TAG_DESCRIPTOR="Chrysler" ent_type="ORG" external_ref="http://dbpedia.org/resource/Chrysler" instance_id="ORG37406423422624299" m_id="150"/><ENTITY TAG_DESCRIPTOR="75,000 payment" ent_type="FIN" instance_id="FIN47029590005573211" m_id="149"/>
<ENTITY TAG_DESCRIPTOR="GM's package" ent_type="FIN" instance_id="FIN47045359275125495" m_id="148"/><ENTITY TAG_DESCRIPTOR="$ 20,000 cash payment + GM's voucher" ent_type="FIN" instance_id="FIN47028040464426800" m_id="147"/>
<ENTITY TAG_DESCRIPTOR="Layoff packages - GM and Chrysler" ent_type="FIN" instance_id="FIN45381962929242562" m_id="146"/>
<ENTITY TAG_DESCRIPTOR="General Motors and Chrysler" ent_type="ORG" instance_id="ORG37406424291734298" m_id="141"/><ENTITY TAG_DESCRIPTOR="United States of America " ent_type="LOC" external_ref="http://dbpedia.org/resource/United_States" instance_id="LOC27735327659249054" m_id="140"/>
<ENTITY TAG_DESCRIPTOR="automobile manufacturers" comment="" ent_class="" ent_type="ORG" external_ref="" m_id="37"/></Markables>
<Relations>
<HAS_PARTICIPANT comment="" r_id="115233" sem_role="Arg0" sem_role_framework="PROPBANK">
<source m_id="8"/>
<target m_id="5"/>
</HAS_PARTICIPANT>
<HAS_PARTICIPANT comment="" r_id="115234" sem_role="Arg0" sem_role_framework="PROPBANK">
<source m_id="9"/>
<target m_id="5"/>
</HAS_PARTICIPANT>
<HAS_PARTICIPANT comment="" r_id="115235" sem_role="Arg2" sem_role_framework="PROPBANK">
<source m_id="9"/>
<target m_id="6"/>
</HAS_PARTICIPANT>
<GLINK comment="" r_id="115236">
<source m_id="8"/>
<target m_id="9"/>
</GLINK>
<HAS_PARTICIPANT comment="" r_id="115237" sem_role="Arg1" sem_role_framework="PROPBANK">
<source m_id="13"/>
<target m_id="10"/>
</HAS_PARTICIPANT>
<HAS_PARTICIPANT comment="" r_id="115238" sem_role="Arg1" sem_role_framework="PROPBANK">
<source m_id="16"/>
<target m_id="55"/>
</HAS_PARTICIPANT>
<GLINK comment="" r_id="115239">
<source m_id="15"/>
<target m_id="16"/>
</GLINK>
<HAS_PARTICIPANT comment="" r_id="115240" sem_role="Arg0" sem_role_framework="PROPBANK">
<source m_id="25"/>
<target m_id="19"/>
</HAS_PARTICIPANT>
<HAS_PARTICIPANT comment="" r_id="115241" sem_role="Arg2" sem_role_framework="PROPBANK">
<source m_id="26"/>
<target m_id="20"/>
</HAS_PARTICIPANT>
<HAS_PARTICIPANT comment="" r_id="115243" sem_role="Arg1" sem_role_framework="PROPBANK">
<source m_id="26"/>
<target m_id="58"/>
</HAS_PARTICIPANT>
<SLINK comment="" r_id="115244">
<source m_id="25"/>
<target m_id="26"/>
</SLINK>
<HAS_PARTICIPANT comment="" r_id="115245" sem_role="Arg0" sem_role_framework="PROPBANK">
<source m_id="32"/>
<target m_id="27"/>
</HAS_PARTICIPANT>
<HAS_PARTICIPANT comment="" r_id="115246" sem_role="Arg1" sem_role_framework="PROPBANK">
<source m_id="32"/>
<target m_id="28"/>
</HAS_PARTICIPANT>
<TLINK comment="" r_id="115247" reltype="BEFORE" signalID="">
<source m_id="8"/>
<target m_id="17"/>
</TLINK>
<TLINK comment="" r_id="115248" reltype="BEFORE" signalID="">
<source m_id="13"/>
<target m_id="17"/>
</TLINK>
<TLINK comment="" r_id="115249" reltype="BEFORE" signalID="">
<source m_id="15"/>
<target m_id="17"/>
</TLINK>
<TLINK comment="" r_id="115250" reltype="IS_INCLUDED" signalID="">
<source m_id="25"/>
<target m_id="17"/>
</TLINK>
<TLINK comment="" r_id="115251" reltype="IS_INCLUDED" signalID="">
<source m_id="26"/>
<target m_id="17"/>
</TLINK>
<TLINK comment="" r_id="115252" reltype="AFTER" signalID="">
<source m_id="32"/>
<target m_id="17"/>
</TLINK>
<TLINK comment="" r_id="115253" reltype="AFTER" signalID="">
<source m_id="8"/>
<target m_id="13"/>
</TLINK>
<TLINK comment="" r_id="115254" reltype="BEFORE" signalID="">
<source m_id="13"/>
<target m_id="25"/>
</TLINK>
<TLINK comment="" r_id="115255" reltype="BEFORE" signalID="">
<source m_id="25"/>
<target m_id="32"/>
</TLINK>
<TLINK comment="" r_id="115256" reltype="BEFORE" signalID="">
<source m_id="13"/>
<target m_id="15"/>
</TLINK>
<TLINK comment="" r_id="115257" reltype="SIMULTANEOUS" signalID="">
<source m_id="25"/>
<target m_id="26"/>
</TLINK>
<HAS_PARTICIPANT comment="" r_id="241075" sem_role="Arg1" sem_role_framework="PROPBANK">
<source m_id="9"/>
<target m_id="52"/>
</HAS_PARTICIPANT>
<HAS_PARTICIPANT comment="" r_id="242839" sem_role="Arg0" sem_role_framework="PROPBANK">
<source m_id="71"/>
<target m_id="72"/>
</HAS_PARTICIPANT>
<HAS_PARTICIPANT comment="" r_id="242840" sem_role="Arg1" sem_role_framework="PROPBANK">
<source m_id="71"/>
<target m_id="70"/>
</HAS_PARTICIPANT>
<HAS_PARTICIPANT comment="" r_id="242841" sem_role="Arg2" sem_role_framework="PROPBANK">
<source m_id="71"/>
<target m_id="69"/>
</HAS_PARTICIPANT>






































<REFERS_TO r_id="242876">
<source m_id="68"/>
<target m_id="151"/>
</REFERS_TO>
<REFERS_TO r_id="242877">
<source m_id="27"/>
<source m_id="66"/>
<source m_id="4"/>

<target m_id="150"/>
</REFERS_TO>

<REFERS_TO r_id="242879">
<source m_id="61"/>
<target m_id="152"/>
</REFERS_TO>
<REFERS_TO r_id="242880">
<source m_id="19"/>
<target m_id="155"/>
</REFERS_TO>
<REFERS_TO r_id="242881">
<source m_id="6"/>
<source m_id="69"/>
<target m_id="154"/>
</REFERS_TO>
<REFERS_TO r_id="242882">
<source m_id="88"/>
<target m_id="157"/>
</REFERS_TO>
<REFERS_TO r_id="242883">
<source m_id="22"/>
<target m_id="156"/>
</REFERS_TO>
<REFERS_TO r_id="242884">
<source m_id="28"/>
<target m_id="159"/>
</REFERS_TO>

<REFERS_TO r_id="242886">
<source m_id="63"/>
<target m_id="139"/>
</REFERS_TO>
<REFERS_TO r_id="242887">
<source m_id="8"/>
<target m_id="49"/>
</REFERS_TO>
<REFERS_TO r_id="242888">
<source m_id="14"/>
<target m_id="46"/>
</REFERS_TO>
<REFERS_TO r_id="242889">
<source m_id="13"/>
<target m_id="47"/>
</REFERS_TO>
<REFERS_TO r_id="242890">
<source m_id="16"/>
<target m_id="44"/>
</REFERS_TO>
<REFERS_TO r_id="242891">
<source m_id="15"/>
<target m_id="45"/>
</REFERS_TO>
<REFERS_TO r_id="242892">
<source m_id="25"/>
<target m_id="43"/>
</REFERS_TO>
<REFERS_TO r_id="242893">
<source m_id="67"/>
<source m_id="52"/>
<target m_id="146"/>
</REFERS_TO>
<REFERS_TO r_id="242894">
<source m_id="58"/>
<target m_id="147"/>
</REFERS_TO>




<REFERS_TO r_id="242899">
<source m_id="12"/>
<source m_id="11"/>
<source m_id="51"/>
<target m_id="140"/>
</REFERS_TO>
<REFERS_TO r_id="242900">

<source m_id="5"/>
<source m_id="54"/>
<source m_id="7"/>


<source m_id="72"/>



<target m_id="141"/>
</REFERS_TO>
<REFERS_TO r_id="242901">
<source m_id="20"/>
<target m_id="148"/>
</REFERS_TO>
<REFERS_TO r_id="242902">
<source m_id="91"/>
<target m_id="149"/>
</REFERS_TO>
<REFERS_TO r_id="242903">
<source m_id="57"/>
<target m_id="168"/>
</REFERS_TO>
<REFERS_TO r_id="242904">
<source m_id="55"/>
<target m_id="169"/>
</REFERS_TO>

<REFERS_TO r_id="242906">
<source m_id="9"/>
<source m_id="71"/>

<target m_id="165"/>
</REFERS_TO>
<REFERS_TO r_id="242907">


<source m_id="3"/>

<source m_id="65"/>

<source m_id="2"/>
<source m_id="21"/>
<source m_id="1"/>


<target m_id="166"/>
</REFERS_TO>
<REFERS_TO r_id="242908">
<source m_id="32"/>
<target m_id="167"/>
</REFERS_TO>
<REFERS_TO r_id="242909">
<source m_id="70"/>
<target m_id="160"/>
</REFERS_TO>
<REFERS_TO r_id="242910">
<source m_id="81"/>
<source m_id="90"/>
<source m_id="104"/>
<target m_id="161"/>
</REFERS_TO>


<REFERS_TO r_id="242913">
<source m_id="10"/>
<target m_id="37"/>
</REFERS_TO>
<REFERS_TO r_id="242914">
<source m_id="26"/>
<target m_id="50"/>
</REFERS_TO>
</Relations>
</Document>