<?xml version="1.0" ?><Document doc_id="126361" doc_name="126361_U.S._automaker_GM_plans_to_close_1,100_dealerships" lang="en" url="http://en.wikinews.org/wiki/U.S._automaker_GM_plans_to_close_1,100_dealerships">
<token number="0" sentence="0" t_id="1">U.S.</token>
<token number="1" sentence="0" t_id="2">automaker</token>
<token number="2" sentence="0" t_id="3">GM</token>
<token number="3" sentence="0" t_id="4">plans</token>
<token number="4" sentence="0" t_id="5">to</token>
<token number="5" sentence="0" t_id="6">close</token>
<token number="6" sentence="0" t_id="7">1,100</token>
<token number="7" sentence="0" t_id="8">dealerships</token>
<token number="8" sentence="1" t_id="9">May</token>
<token number="9" sentence="1" t_id="10">15</token>
<token number="10" sentence="1" t_id="11">,</token>
<token number="11" sentence="1" t_id="12">2009</token>
<token number="12" sentence="2" t_id="13">American</token>
<token number="13" sentence="2" t_id="14">automobile</token>
<token number="14" sentence="2" t_id="15">manufacturer</token>
<token number="15" sentence="2" t_id="16">General</token>
<token number="16" sentence="2" t_id="17">Motors</token>
<token number="17" sentence="2" t_id="18">(</token>
<token number="18" sentence="2" t_id="19">GM</token>
<token number="19" sentence="2" t_id="20">)</token>
<token number="20" sentence="2" t_id="21">announced</token>
<token number="21" sentence="2" t_id="22">plans</token>
<token number="22" sentence="2" t_id="23">Friday</token>
<token number="23" sentence="2" t_id="24">to</token>
<token number="24" sentence="2" t_id="25">shut</token>
<token number="25" sentence="2" t_id="26">down</token>
<token number="26" sentence="2" t_id="27">about</token>
<token number="27" sentence="2" t_id="28">1,100</token>
<token number="28" sentence="2" t_id="29">of</token>
<token number="29" sentence="2" t_id="30">its</token>
<token number="30" sentence="2" t_id="31">dealerships</token>
<token number="31" sentence="2" t_id="32">,</token>
<token number="32" sentence="2" t_id="33">in</token>
<token number="33" sentence="2" t_id="34">an</token>
<token number="34" sentence="2" t_id="35">effort</token>
<token number="35" sentence="2" t_id="36">to</token>
<token number="36" sentence="2" t_id="37">evade</token>
<token number="37" sentence="2" t_id="38">bankruptcy</token>
<token number="38" sentence="2" t_id="39">and</token>
<token number="39" sentence="2" t_id="40">lower</token>
<token number="40" sentence="2" t_id="41">its</token>
<token number="41" sentence="2" t_id="42">expenditures</token>
<token number="42" sentence="2" t_id="43">.</token>
<token number="43" sentence="3" t_id="44">GM</token>
<token number="44" sentence="3" t_id="45">'s</token>
<token number="45" sentence="3" t_id="46">move</token>
<token number="46" sentence="3" t_id="47">comes</token>
<token number="47" sentence="3" t_id="48">a</token>
<token number="48" sentence="3" t_id="49">day</token>
<token number="49" sentence="3" t_id="50">after</token>
<token number="50" sentence="3" t_id="51">Chrysler</token>
<token number="51" sentence="3" t_id="52">,</token>
<token number="52" sentence="3" t_id="53">another</token>
<token number="53" sentence="3" t_id="54">U.S.</token>
<token number="54" sentence="3" t_id="55">car</token>
<token number="55" sentence="3" t_id="56">maker</token>
<token number="56" sentence="3" t_id="57">,</token>
<token number="57" sentence="3" t_id="58">released</token>
<token number="58" sentence="3" t_id="59">a</token>
<token number="59" sentence="3" t_id="60">list</token>
<token number="60" sentence="3" t_id="61">of</token>
<token number="61" sentence="3" t_id="62">789</token>
<token number="62" sentence="3" t_id="63">dealerships</token>
<token number="63" sentence="3" t_id="64">that</token>
<token number="64" sentence="3" t_id="65">it</token>
<token number="65" sentence="3" t_id="66">was</token>
<token number="66" sentence="3" t_id="67">closing</token>
<token number="67" sentence="3" t_id="68">.</token>
<token number="68" sentence="4" t_id="69">Unlike</token>
<token number="69" sentence="4" t_id="70">Chrylser</token>
<token number="70" sentence="4" t_id="71">,</token>
<token number="71" sentence="4" t_id="72">GM</token>
<token number="72" sentence="4" t_id="73">will</token>
<token number="73" sentence="4" t_id="74">not</token>
<token number="74" sentence="4" t_id="75">publicly</token>
<token number="75" sentence="4" t_id="76">announce</token>
<token number="76" sentence="4" t_id="77">the</token>
<token number="77" sentence="4" t_id="78">dealerships</token>
<token number="78" sentence="4" t_id="79">that</token>
<token number="79" sentence="4" t_id="80">it</token>
<token number="80" sentence="4" t_id="81">intends</token>
<token number="81" sentence="4" t_id="82">to</token>
<token number="82" sentence="4" t_id="83">shut</token>
<token number="83" sentence="4" t_id="84">down</token>
<token number="84" sentence="4" t_id="85">.</token>
<token number="85" sentence="5" t_id="86">Instead</token>
<token number="86" sentence="5" t_id="87">,</token>
<token number="87" sentence="5" t_id="88">dealerships</token>
<token number="88" sentence="5" t_id="89">whose</token>
<token number="89" sentence="5" t_id="90">franchises</token>
<token number="90" sentence="5" t_id="91">wo</token>
<token number="91" sentence="5" t_id="92">n't</token>
<token number="92" sentence="5" t_id="93">be</token>
<token number="93" sentence="5" t_id="94">renewed</token>
<token number="94" sentence="5" t_id="95">after</token>
<token number="95" sentence="5" t_id="96">October</token>
<token number="96" sentence="5" t_id="97">of</token>
<token number="97" sentence="5" t_id="98">next</token>
<token number="98" sentence="5" t_id="99">year</token>
<token number="99" sentence="5" t_id="100">will</token>
<token number="100" sentence="5" t_id="101">receive</token>
<token number="101" sentence="5" t_id="102">a</token>
<token number="102" sentence="5" t_id="103">private</token>
<token number="103" sentence="5" t_id="104">letter</token>
<token number="104" sentence="5" t_id="105">telling</token>
<token number="105" sentence="5" t_id="106">them</token>
<token number="106" sentence="5" t_id="107">of</token>
<token number="107" sentence="5" t_id="108">the</token>
<token number="108" sentence="5" t_id="109">decision</token>
<token number="109" sentence="5" t_id="110">.</token>
<token number="110" sentence="6" t_id="111">At</token>
<token number="111" sentence="6" t_id="112">the</token>
<token number="112" sentence="6" t_id="113">moment</token>
<token number="113" sentence="6" t_id="114">,</token>
<token number="114" sentence="6" t_id="115">GM</token>
<token number="115" sentence="6" t_id="116">has</token>
<token number="116" sentence="6" t_id="117">6,246</token>
<token number="117" sentence="6" t_id="118">dealers</token>
<token number="118" sentence="6" t_id="119">in</token>
<token number="119" sentence="6" t_id="120">the</token>
<token number="120" sentence="6" t_id="121">U.S.</token>
<token number="121" sentence="6" t_id="122">.</token>
<token number="122" sentence="7" t_id="123">It</token>
<token number="123" sentence="7" t_id="124">intends</token>
<token number="124" sentence="7" t_id="125">to</token>
<token number="125" sentence="7" t_id="126">reduce</token>
<token number="126" sentence="7" t_id="127">that</token>
<token number="127" sentence="7" t_id="128">number</token>
<token number="128" sentence="7" t_id="129">to</token>
<token number="129" sentence="7" t_id="130">3,605</token>
<token number="130" sentence="7" t_id="131">by</token>
<token number="131" sentence="7" t_id="132">the</token>
<token number="132" sentence="7" t_id="133">end</token>
<token number="133" sentence="7" t_id="134">of</token>
<token number="134" sentence="7" t_id="135">2010</token>
<token number="135" sentence="7" t_id="136">.</token>
<token number="136" sentence="8" t_id="137">GM</token>
<token number="137" sentence="8" t_id="138">said</token>
<token number="138" sentence="8" t_id="139">the</token>
<token number="139" sentence="8" t_id="140">dealerships</token>
<token number="140" sentence="8" t_id="141">that</token>
<token number="141" sentence="8" t_id="142">were</token>
<token number="142" sentence="8" t_id="143">to</token>
<token number="143" sentence="8" t_id="144">be</token>
<token number="144" sentence="8" t_id="145">closed</token>
<token number="145" sentence="8" t_id="146">are</token>
<token number="146" sentence="8" t_id="147">``</token>
<token number="147" sentence="8" t_id="148">underperforming</token>
<token number="148" sentence="8" t_id="149">and</token>
<token number="149" sentence="8" t_id="150">very</token>
<token number="150" sentence="8" t_id="151">small</token>
<token number="151" sentence="8" t_id="152">sales</token>
<token number="152" sentence="8" t_id="153">volume</token>
<token number="153" sentence="8" t_id="154">U.S.</token>
<token number="154" sentence="8" t_id="155">dealers</token>
<token number="155" sentence="8" t_id="156">.</token>
<token number="156" sentence="8" t_id="157">''</token>
<token number="157" sentence="9" t_id="158">``</token>
<token number="158" sentence="9" t_id="159">They</token>
<token number="159" sentence="9" t_id="160">'re</token>
<token number="160" sentence="9" t_id="161">dealerships</token>
<token number="161" sentence="9" t_id="162">that</token>
<token number="162" sentence="9" t_id="163">are</token>
<token number="163" sentence="9" t_id="164">in</token>
<token number="164" sentence="9" t_id="165">most</token>
<token number="165" sentence="9" t_id="166">cases</token>
<token number="166" sentence="9" t_id="167">hurting</token>
<token number="167" sentence="9" t_id="168">,</token>
<token number="168" sentence="9" t_id="169">losing</token>
<token number="169" sentence="9" t_id="170">money</token>
<token number="170" sentence="9" t_id="171">,</token>
<token number="171" sentence="9" t_id="172">and</token>
<token number="172" sentence="9" t_id="173">in</token>
<token number="173" sentence="9" t_id="174">danger</token>
<token number="174" sentence="9" t_id="175">of</token>
<token number="175" sentence="9" t_id="176">going</token>
<token number="176" sentence="9" t_id="177">out</token>
<token number="177" sentence="9" t_id="178">of</token>
<token number="178" sentence="9" t_id="179">business</token>
<token number="179" sentence="9" t_id="180">anyway</token>
<token number="180" sentence="9" t_id="181">,</token>
<token number="181" sentence="9" t_id="182">''</token>
<token number="182" sentence="9" t_id="183">said</token>
<token number="183" sentence="9" t_id="184">GM</token>
<token number="184" sentence="9" t_id="185">'s</token>
<token number="185" sentence="9" t_id="186">sales</token>
<token number="186" sentence="9" t_id="187">,</token>
<token number="187" sentence="9" t_id="188">service</token>
<token number="188" sentence="9" t_id="189">,</token>
<token number="189" sentence="9" t_id="190">and</token>
<token number="190" sentence="9" t_id="191">marketing</token>
<token number="191" sentence="9" t_id="192">vice</token>
<token number="192" sentence="9" t_id="193">president</token>
<token number="193" sentence="9" t_id="194">in</token>
<token number="194" sentence="9" t_id="195">a</token>
<token number="195" sentence="9" t_id="196">telephone</token>
<token number="196" sentence="9" t_id="197">conference</token>
<token number="197" sentence="9" t_id="198">.</token>
<token number="198" sentence="10" t_id="199">``</token>
<token number="199" sentence="10" t_id="200">It</token>
<token number="200" sentence="10" t_id="201">'s</token>
<token number="201" sentence="10" t_id="202">a</token>
<token number="202" sentence="10" t_id="203">move</token>
<token number="203" sentence="10" t_id="204">that</token>
<token number="204" sentence="10" t_id="205">people</token>
<token number="205" sentence="10" t_id="206">could</token>
<token number="206" sentence="10" t_id="207">argue</token>
<token number="207" sentence="10" t_id="208">should</token>
<token number="208" sentence="10" t_id="209">have</token>
<token number="209" sentence="10" t_id="210">been</token>
<token number="210" sentence="10" t_id="211">taken</token>
<token number="211" sentence="10" t_id="212">years</token>
<token number="212" sentence="10" t_id="213">ago</token>
<token number="213" sentence="10" t_id="214">but</token>
<token number="214" sentence="10" t_id="215">this</token>
<token number="215" sentence="10" t_id="216">leadership</token>
<token number="216" sentence="10" t_id="217">team</token>
<token number="217" sentence="10" t_id="218">had</token>
<token number="218" sentence="10" t_id="219">no</token>
<token number="219" sentence="10" t_id="220">choice</token>
<token number="220" sentence="10" t_id="221">but</token>
<token number="221" sentence="10" t_id="222">to</token>
<token number="222" sentence="10" t_id="223">do</token>
<token number="223" sentence="10" t_id="224">it</token>
<token number="224" sentence="10" t_id="225">today</token>
<token number="225" sentence="10" t_id="226">.</token>
<token number="226" sentence="10" t_id="227">''</token>
<token number="227" sentence="11" t_id="228">The</token>
<token number="228" sentence="11" t_id="229">dealers</token>
<token number="229" sentence="11" t_id="230">that</token>
<token number="230" sentence="11" t_id="231">are</token>
<token number="231" sentence="11" t_id="232">to</token>
<token number="232" sentence="11" t_id="233">be</token>
<token number="233" sentence="11" t_id="234">closed</token>
<token number="234" sentence="11" t_id="235">represent</token>
<token number="235" sentence="11" t_id="236">18</token>
<token number="236" sentence="11" t_id="237">%</token>
<token number="237" sentence="11" t_id="238">of</token>
<token number="238" sentence="11" t_id="239">the</token>
<token number="239" sentence="11" t_id="240">firm</token>
<token number="240" sentence="11" t_id="241">'s</token>
<token number="241" sentence="11" t_id="242">dealership</token>
<token number="242" sentence="11" t_id="243">network</token>
<token number="243" sentence="11" t_id="244">,</token>
<token number="244" sentence="11" t_id="245">but</token>
<token number="245" sentence="11" t_id="246">only</token>
<token number="246" sentence="11" t_id="247">7</token>
<token number="247" sentence="11" t_id="248">%</token>
<token number="248" sentence="11" t_id="249">of</token>
<token number="249" sentence="11" t_id="250">GM</token>
<token number="250" sentence="11" t_id="251">'s</token>
<token number="251" sentence="11" t_id="252">2008</token>
<token number="252" sentence="11" t_id="253">revenue</token>
<token number="253" sentence="11" t_id="254">.</token>
<Markables>
<ENTITY_MENTION comment="" head="" m_id="53" syntactic_type="">
<token_anchor t_id="89"/>
<token_anchor t_id="90"/>
<token_anchor t_id="91"/>
<token_anchor t_id="92"/>
<token_anchor t_id="93"/>
<token_anchor t_id="94"/>
<token_anchor t_id="95"/>
<token_anchor t_id="96"/>
<token_anchor t_id="97"/>
<token_anchor t_id="98"/>
<token_anchor t_id="99"/>
</ENTITY_MENTION>
<ENTITY_MENTION comment="" head="" m_id="54" syntactic_type="">
<token_anchor t_id="88"/>
<token_anchor t_id="89"/>
<token_anchor t_id="90"/>
<token_anchor t_id="91"/>
<token_anchor t_id="92"/>
<token_anchor t_id="93"/>
<token_anchor t_id="94"/>
<token_anchor t_id="95"/>
<token_anchor t_id="96"/>
<token_anchor t_id="97"/>
<token_anchor t_id="98"/>
<token_anchor t_id="99"/>
</ENTITY_MENTION>
<ENTITY_MENTION comment="" head="" m_id="20" syntactic_type="NAM">
<token_anchor t_id="44"/>
</ENTITY_MENTION>
<ENTITY_MENTION comment="" head="" m_id="21" syntactic_type="">
<token_anchor t_id="51"/>
</ENTITY_MENTION>
<ENTITY_MENTION comment="" head="" m_id="22" syntactic_type="PRE.NAM">
<token_anchor t_id="54"/>
</ENTITY_MENTION>
<ENTITY_MENTION comment="" head="" m_id="23" syntactic_type="NAM">
<token_anchor t_id="51"/>
<token_anchor t_id="52"/>
<token_anchor t_id="53"/>
<token_anchor t_id="54"/>
<token_anchor t_id="55"/>
<token_anchor t_id="56"/>
</ENTITY_MENTION>
<ENTITY_MENTION comment="" head="" m_id="24" syntactic_type="">
<token_anchor t_id="65"/>
</ENTITY_MENTION>
<ENTITY_MENTION comment="" head="" m_id="25" syntactic_type="">
<token_anchor t_id="62"/>
<token_anchor t_id="63"/>
</ENTITY_MENTION>
<ENTITY_MENTION comment="" head="" m_id="27" syntactic_type="">
<token_anchor t_id="64"/>
</ENTITY_MENTION>
<ENTITY_MENTION comment="" head="" m_id="63" syntactic_type="">
<token_anchor t_id="105"/>
<token_anchor t_id="106"/>
<token_anchor t_id="107"/>
<token_anchor t_id="108"/>
<token_anchor t_id="109"/>
</ENTITY_MENTION>
<ENTITY_MENTION comment="" head="" m_id="64" syntactic_type="">
<token_anchor t_id="102"/>
<token_anchor t_id="103"/>
<token_anchor t_id="104"/>
<token_anchor t_id="105"/>
<token_anchor t_id="106"/>
<token_anchor t_id="107"/>
<token_anchor t_id="108"/>
<token_anchor t_id="109"/>
</ENTITY_MENTION>
<ENTITY_MENTION comment="" head="" m_id="89" syntactic_type="PRE.NAM">
<token_anchor t_id="1"/>
</ENTITY_MENTION>
<ENTITY_MENTION comment="" head="" m_id="90" syntactic_type="">
<token_anchor t_id="1"/>
<token_anchor t_id="2"/>
</ENTITY_MENTION>
<ENTITY_MENTION comment="" head="" m_id="91" syntactic_type="NAM">
<token_anchor t_id="3"/>
</ENTITY_MENTION>
<ENTITY_MENTION comment="" head="" m_id="1" syntactic_type="">
<token_anchor t_id="13"/>
<token_anchor t_id="14"/>
<token_anchor t_id="15"/>
</ENTITY_MENTION>
<ENTITY_MENTION comment="" head="" m_id="92" syntactic_type="NAM">
<token_anchor t_id="1"/>
<token_anchor t_id="2"/>
<token_anchor t_id="3"/>
</ENTITY_MENTION>
<ENTITY_MENTION comment="" head="" m_id="2" syntactic_type="NAM">
<token_anchor t_id="16"/>
<token_anchor t_id="17"/>
</ENTITY_MENTION>
<ENTITY_MENTION comment="" head="" m_id="36" syntactic_type="NAM">
<token_anchor t_id="70"/>
</ENTITY_MENTION>
<ENTITY_MENTION comment="" head="" m_id="93" syntactic_type="">
<token_anchor t_id="7"/>
<token_anchor t_id="8"/>
</ENTITY_MENTION>
<ENTITY_MENTION comment="" head="" m_id="3" syntactic_type="NAM">
<token_anchor t_id="19"/>
</ENTITY_MENTION>
<ENTITY_MENTION comment="" head="" m_id="37" syntactic_type="NAM">
<token_anchor t_id="72"/>
</ENTITY_MENTION>
<ENTITY_MENTION comment="" head="" m_id="38" syntactic_type="">
<token_anchor t_id="77"/>
<token_anchor t_id="78"/>
</ENTITY_MENTION>
<ENTITY_MENTION comment="" head="" m_id="4" syntactic_type="NAM">
<token_anchor t_id="13"/>
<token_anchor t_id="14"/>
<token_anchor t_id="15"/>
<token_anchor t_id="16"/>
<token_anchor t_id="17"/>
<token_anchor t_id="18"/>
<token_anchor t_id="19"/>
</ENTITY_MENTION>
<ENTITY_MENTION comment="" head="" m_id="39" syntactic_type="">
<token_anchor t_id="79"/>
</ENTITY_MENTION>
<ENTITY_MENTION comment="" head="" m_id="5" syntactic_type="PRE.NAM">
<token_anchor t_id="13"/>
</ENTITY_MENTION>
<ENTITY_MENTION comment="" head="" m_id="40" syntactic_type="">
<token_anchor t_id="80"/>
</ENTITY_MENTION>
<ENTITY_MENTION comment="" head="" m_id="6" syntactic_type="">
<token_anchor t_id="30"/>
</ENTITY_MENTION>
<ENTITY_MENTION comment="" head="" m_id="41" syntactic_type="">
<token_anchor t_id="64"/>
<token_anchor t_id="65"/>
<token_anchor t_id="66"/>
<token_anchor t_id="67"/>
</ENTITY_MENTION>
<ENTITY_MENTION comment="" head="" m_id="97" syntactic_type="NOM">
<token_anchor t_id="30"/>
<token_anchor t_id="31"/>
</ENTITY_MENTION>
<ENTITY_MENTION comment="" head="" m_id="7" syntactic_type="">
<token_anchor t_id="41"/>
</ENTITY_MENTION>
<ENTITY_MENTION comment="" head="" m_id="42" syntactic_type="">
<token_anchor t_id="62"/>
<token_anchor t_id="63"/>
<token_anchor t_id="64"/>
<token_anchor t_id="65"/>
<token_anchor t_id="66"/>
<token_anchor t_id="67"/>
</ENTITY_MENTION>
<ENTITY_MENTION comment="" head="" m_id="98" syntactic_type="APP">
<token_anchor t_id="53"/>
<token_anchor t_id="54"/>
<token_anchor t_id="55"/>
<token_anchor t_id="56"/>
</ENTITY_MENTION>
<ENTITY_MENTION comment="" head="" m_id="8" syntactic_type="">
<token_anchor t_id="27"/>
<token_anchor t_id="28"/>
<token_anchor t_id="29"/>
<token_anchor t_id="30"/>
<token_anchor t_id="31"/>
</ENTITY_MENTION>
<ENTITY_MENTION comment="" head="" m_id="43" syntactic_type="">
<token_anchor t_id="79"/>
<token_anchor t_id="80"/>
<token_anchor t_id="81"/>
<token_anchor t_id="82"/>
<token_anchor t_id="83"/>
<token_anchor t_id="84"/>
</ENTITY_MENTION>
<ENTITY_MENTION comment="" head="" m_id="9" syntactic_type="">
<token_anchor t_id="41"/>
<token_anchor t_id="42"/>
</ENTITY_MENTION>
<ENTITY_MENTION comment="" head="" m_id="44" syntactic_type="">
<token_anchor t_id="77"/>
<token_anchor t_id="78"/>
<token_anchor t_id="79"/>
<token_anchor t_id="80"/>
<token_anchor t_id="81"/>
<token_anchor t_id="82"/>
<token_anchor t_id="83"/>
<token_anchor t_id="84"/>
</ENTITY_MENTION>
<ENTITY_MENTION comment="" head="" m_id="48" syntactic_type="">
<token_anchor t_id="88"/>
</ENTITY_MENTION>
<ENTITY_MENTION comment="" head="" m_id="49" syntactic_type="">
<token_anchor t_id="89"/>
</ENTITY_MENTION>
<ENTITY_MENTION comment="" head="" m_id="50" syntactic_type="">
<token_anchor t_id="89"/>
<token_anchor t_id="90"/>
</ENTITY_MENTION>
<ENTITY_MENTION comment="" head="" m_id="51" syntactic_type="">
<token_anchor t_id="102"/>
<token_anchor t_id="103"/>
<token_anchor t_id="104"/>
</ENTITY_MENTION>
<ENTITY_MENTION comment="" head="" m_id="52" syntactic_type="">
<token_anchor t_id="106"/>
</ENTITY_MENTION>
<EVENT_MENTION aspect="NONE" certainty="CERTAIN" comment="" m_id="55" modality="" polarity="NEG" pos="VERB" pred="" special_cases="NONE" tense="FUTURE" time="FUTURE">
<token_anchor t_id="94"/>
</EVENT_MENTION>
<EVENT_MENTION aspect="NONE" certainty="CERTAIN" comment="" m_id="56" modality="" polarity="POS" pos="VERB" pred="" special_cases="NONE" tense="FUTURE" time="FUTURE">
<token_anchor t_id="101"/>
</EVENT_MENTION>
<EVENT_MENTION aspect="NONE" certainty="CERTAIN" comment="" m_id="57" modality="" polarity="POS" pos="VERB" pred="" special_cases="NONE" tense="PRESPART" time="FUTURE">
<token_anchor t_id="105"/>
</EVENT_MENTION>
<EVENT_MENTION aspect="NONE" certainty="CERTAIN" comment="" m_id="58" modality="" polarity="POS" pos="NOUN" pred="" special_cases="NONE" tense="NONE" time="NON_FUTURE">
<token_anchor t_id="109"/>
</EVENT_MENTION>
<EVENT_MENTION aspect="NONE" certainty="CERTAIN" comment="" m_id="28" modality="" polarity="POS" pos="NOUN" pred="" special_cases="NONE" tense="NONE" time="FUTURE">
<token_anchor t_id="46"/>
</EVENT_MENTION>
<EVENT_MENTION aspect="NONE" certainty="CERTAIN" comment="" m_id="29" modality="" polarity="POS" pos="VERB" pred="" special_cases="NONE" tense="PRESENT" time="NON_FUTURE">
<token_anchor t_id="47"/>
</EVENT_MENTION>
<EVENT_MENTION aspect="NONE" certainty="CERTAIN" comment="" m_id="30" modality="" polarity="POS" pos="VERB" pred="" special_cases="NONE" tense="PAST" time="NON_FUTURE">
<token_anchor t_id="58"/>
</EVENT_MENTION>
<EVENT_MENTION aspect="PROGRESSIVE" certainty="CERTAIN" comment="" m_id="31" modality="" polarity="POS" pos="VERB" pred="" special_cases="NONE" tense="PAST" time="NON_FUTURE">
<token_anchor t_id="67"/>
</EVENT_MENTION>
<EVENT_MENTION aspect="NONE" certainty="CERTAIN" comment="" m_id="94" modality="" polarity="POS" pos="VERB" pred="" special_cases="NONE" tense="PRESENT" time="NON_FUTURE">
<token_anchor t_id="4"/>
</EVENT_MENTION>
<EVENT_MENTION aspect="NONE" certainty="CERTAIN" comment="" m_id="95" modality="" polarity="POS" pos="VERB" pred="" special_cases="NONE" tense="INFINITIVE" time="FUTURE">
<token_anchor t_id="6"/>
</EVENT_MENTION>
<EVENT_MENTION aspect="NONE" certainty="CERTAIN" comment="" m_id="45" modality="" polarity="NEG" pos="VERB" pred="" special_cases="NONE" tense="FUTURE" time="FUTURE">
<token_anchor t_id="76"/>
</EVENT_MENTION>
<EVENT_MENTION aspect="NONE" certainty="CERTAIN" comment="" m_id="11" modality="" polarity="POS" pos="VERB" pred="" special_cases="NONE" tense="PAST" time="NON_FUTURE">
<token_anchor t_id="21"/>
</EVENT_MENTION>
<EVENT_MENTION aspect="NONE" certainty="CERTAIN" comment="" m_id="46" modality="" polarity="POS" pos="VERB" pred="" special_cases="NONE" tense="PRESENT" time="FUTURE">
<token_anchor t_id="81"/>
</EVENT_MENTION>
<EVENT_MENTION aspect="NONE" certainty="CERTAIN" comment="" m_id="12" modality="" polarity="POS" pos="NOUN" pred="" special_cases="NONE" tense="NONE" time="NON_FUTURE">
<token_anchor t_id="22"/>
</EVENT_MENTION>
<EVENT_MENTION aspect="NONE" certainty="CERTAIN" comment="" m_id="47" modality="" polarity="UNDERSPECIFIED" pos="VERB" pred="" special_cases="NONE" tense="INFINITIVE" time="FUTURE">
<token_anchor t_id="83"/>
<token_anchor t_id="84"/>
</EVENT_MENTION>
<EVENT_MENTION aspect="NONE" certainty="CERTAIN" comment="" m_id="13" modality="" polarity="UNDERSPECIFIED" pos="VERB" pred="" special_cases="NONE" tense="INFINITIVE" time="FUTURE">
<token_anchor t_id="25"/>
<token_anchor t_id="26"/>
</EVENT_MENTION>
<EVENT_MENTION aspect="NONE" certainty="CERTAIN" comment="" m_id="14" modality="" polarity="POS" pos="NOUN" pred="" special_cases="NONE" tense="NONE" time="NON_FUTURE">
<token_anchor t_id="35"/>
</EVENT_MENTION>
<EVENT_MENTION aspect="NONE" certainty="POSSIBLE" comment="" m_id="15" modality="" polarity="UNDERSPECIFIED" pos="VERB" pred="" special_cases="NONE" tense="INFINITIVE" time="FUTURE">
<token_anchor t_id="37"/>
</EVENT_MENTION>
<EVENT_MENTION aspect="NONE" certainty="UNDERSPECIFIED" comment="" m_id="16" modality="" polarity="UNDERSPECIFIED" pos="NOUN" pred="" special_cases="NONE" tense="NONE" time="FUTURE">
<token_anchor t_id="38"/>
</EVENT_MENTION>
<EVENT_MENTION aspect="NONE" certainty="UNDERSPECIFIED" comment="" m_id="17" modality="" polarity="UNDERSPECIFIED" pos="VERB" pred="" special_cases="NONE" tense="INFINITIVE" time="NON_FUTURE">
<token_anchor t_id="40"/>
</EVENT_MENTION>
<SIGNAL comment="" m_id="59">
<token_anchor t_id="95"/>
</SIGNAL>
<SIGNAL comment="" m_id="62">
<token_anchor t_id="97"/>
</SIGNAL>
<SIGNAL comment="" m_id="35">
<token_anchor t_id="50"/>
</SIGNAL>
<TIMEX3 anchorTimeID="18" beginPoint="" comment="" endPoint="" functionInDocument="NONE" m_id="19" type="DATE" value="2009-05-15">
<token_anchor t_id="23"/>
</TIMEX3>
<TIMEX3 anchorTimeID="18" beginPoint="" comment="" endPoint="" functionInDocument="NONE" m_id="60" type="DATE" value="2010-10">
<token_anchor t_id="96"/>
</TIMEX3>
<TIMEX3 anchorTimeID="18" beginPoint="" comment="" endPoint="" functionInDocument="NONE" m_id="61" type="DATE" value="2010">
<token_anchor t_id="98"/>
<token_anchor t_id="99"/>
</TIMEX3>
<TIMEX3 anchorTimeID="18" beginPoint="34" comment="" endPoint="33" functionInDocument="NONE" m_id="32" type="DURATION" value="P1D">
<token_anchor t_id="48"/>
<token_anchor t_id="49"/>
</TIMEX3>
<TIMEX3 anchorTimeID="" beginPoint="" comment="" endPoint="" functionInDocument="CREATION_TIME" m_id="18" type="DATE" value="2009-05-15">
<token_anchor t_id="9"/>
<token_anchor t_id="10"/>
<token_anchor t_id="11"/>
<token_anchor t_id="12"/>
</TIMEX3>
<VALUE comment="" m_id="26" type="QUANTITY">
<token_anchor t_id="62"/>
</VALUE>
<VALUE comment="" m_id="96" type="MONEY">
<token_anchor t_id="7"/>
</VALUE>
<VALUE comment="" m_id="10" type="QUANTITY">
<token_anchor t_id="27"/>
<token_anchor t_id="28"/>
</VALUE>
<TIMEX3 TAG_DESCRIPTOR="2009-05-15" anchorTimeID="18" beginPoint="" comment="" endPoint="" functionInDocument="NONE" m_id="33" type="DATE" value="2009-05-15"/>
<TIMEX3 TAG_DESCRIPTOR="2009-05-14" anchorTimeID="18" beginPoint="" comment="" endPoint="" functionInDocument="NONE" m_id="34" type="DATE" value="2009-05-14"/>




<ENTITY_MENTION m_id="123">
  <token_anchor t_id="55"/>
</ENTITY_MENTION>

<ENTITY_MENTION m_id="127">
  <token_anchor t_id="14"/>
</ENTITY_MENTION>



<EVENT TAG_DESCRIPTOR="plans" class="SPEECH_COGNITIVE" comment="" external_ref="" m_id="86"/><EVENT TAG_DESCRIPTOR="shut down" class="OTHER" comment="" external_ref="" m_id="85"/>
<EVENT TAG_DESCRIPTOR="effort" class="GRAMMATICAL" comment="" external_ref="" m_id="84"/><EVENT TAG_DESCRIPTOR="evade" class="OTHER" comment="" external_ref="" m_id="83"/>
<EVENT TAG_DESCRIPTOR="Announce-EHU" class="SPEECH_COGNITIVE" instance_id="SPE40168288281837776" m_id="160"/><EVENT TAG_DESCRIPTOR="bankruptcy" class="OTHER" comment="" external_ref="" m_id="82"/>
<EVENT TAG_DESCRIPTOR="lower" class="GRAMMATICAL" comment="" external_ref="" m_id="81"/><EVENT TAG_DESCRIPTOR="come" class="GRAMMATICAL" comment="" external_ref="" m_id="80"/>
<EVENT TAG_DESCRIPTOR="announce intends" class="SPEECH_COGNITIVE" comment="" external_ref="" m_id="78"/>
<EVENT TAG_DESCRIPTOR="renew" class="OTHER" comment="" external_ref="" m_id="76"/>
<EVENT TAG_DESCRIPTOR="receive" class="OTHER" comment="" external_ref="" m_id="75"/><EVENT TAG_DESCRIPTOR="Close-EHU" class="OTHER" instance_id="OTH39653496150476693" m_id="153"/>
<EVENT TAG_DESCRIPTOR="Release-EHU" class="OTHER" instance_id="OTH39653434222060906" m_id="152"/><EVENT TAG_DESCRIPTOR="decision" class="OTHER" comment="" external_ref="" m_id="73"/>
<ENTITY TAG_DESCRIPTOR="private letter" ent_type="PRO" instance_id="PRO45387053453631616" m_id="159"/><ENTITY TAG_DESCRIPTOR="dealership franchises" ent_type="FIN" instance_id="FIN45387299361454054" m_id="158"/>
<ENTITY TAG_DESCRIPTOR="General Motors" ent_type="ORG" external_ref="http://dbpedia.org/resource/General_Motors" instance_id="ORG37406424148086837" m_id="157"/><ENTITY TAG_DESCRIPTOR="Chrysler" ent_type="ORG" external_ref="http://dbpedia.org/resource/Chrysler" instance_id="ORG37406423422624299" m_id="154"/>
<ENTITY TAG_DESCRIPTOR="GM closing dealerships" ent_type="FIN" instance_id="FIN45387266010189094" m_id="151"/><ENTITY TAG_DESCRIPTOR="automobile" ent_type="PRO" instance_id="PRO37402535305680047" m_id="150"/>
<ENTITY TAG_DESCRIPTOR="Chrysler closing dealerships" ent_type="FIN" instance_id="FIN45387210505233058" m_id="149"/><ENTITY TAG_DESCRIPTOR="GM expenditures" ent_type="FIN" instance_id="FIN45387237066281632" m_id="148"/>
<ENTITY TAG_DESCRIPTOR="United States of America " ent_type="LOC" external_ref="http://dbpedia.org/resource/United_States" instance_id="LOC27735327659249054" m_id="147"/><EVENT TAG_DESCRIPTOR="tell" class="SPEECH_COGNITIVE" comment="" external_ref="" m_id="74"/>
<EVENT TAG_DESCRIPTOR="intend" class="SPEECH_COGNITIVE" comment="" external_ref="" m_id="77"/></Markables>
<Relations>
<HAS_PARTICIPANT comment="" r_id="131909" sem_role="Arg0" sem_role_framework="PROPBANK">
<source m_id="11"/>
<target m_id="4"/>
</HAS_PARTICIPANT>
<HAS_PARTICIPANT comment="" r_id="131910" sem_role="Arg1" sem_role_framework="PROPBANK">
<source m_id="13"/>
<target m_id="8"/>
</HAS_PARTICIPANT>
<HAS_PARTICIPANT comment="" r_id="131911" sem_role="Arg1" sem_role_framework="PROPBANK">
<source m_id="17"/>
<target m_id="9"/>
</HAS_PARTICIPANT>
<SLINK comment="" r_id="131912">
<source m_id="11"/>
<target m_id="12"/>
</SLINK>
<SLINK comment="" r_id="131913">
<source m_id="12"/>
<target m_id="13"/>
</SLINK>
<HAS_PARTICIPANT comment="" r_id="131914" sem_role="Arg0" sem_role_framework="PROPBANK">
<source m_id="28"/>
<target m_id="20"/>
</HAS_PARTICIPANT>
<HAS_PARTICIPANT comment="" r_id="131915" sem_role="Arg0" sem_role_framework="PROPBANK">
<source m_id="30"/>
<target m_id="23"/>
</HAS_PARTICIPANT>
<HAS_PARTICIPANT comment="" r_id="131916" sem_role="Arg0" sem_role_framework="PROPBANK">
<source m_id="31"/>
<target m_id="24"/>
</HAS_PARTICIPANT>
<HAS_PARTICIPANT comment="" r_id="131917" sem_role="Arg1" sem_role_framework="PROPBANK">
<source m_id="31"/>
<target m_id="27"/>
</HAS_PARTICIPANT>
<HAS_PARTICIPANT comment="" r_id="131918" sem_role="Arg0" sem_role_framework="PROPBANK">
<source m_id="45"/>
<target m_id="37"/>
</HAS_PARTICIPANT>
<HAS_PARTICIPANT comment="" r_id="131919" sem_role="Arg1" sem_role_framework="PROPBANK">
<source m_id="45"/>
<target m_id="44"/>
</HAS_PARTICIPANT>
<HAS_PARTICIPANT comment="" r_id="131920" sem_role="Arg0" sem_role_framework="PROPBANK">
<source m_id="46"/>
<target m_id="40"/>
</HAS_PARTICIPANT>
<HAS_PARTICIPANT comment="" r_id="131921" sem_role="Arg0" sem_role_framework="PROPBANK">
<source m_id="47"/>
<target m_id="39"/>
</HAS_PARTICIPANT>
<SLINK comment="" r_id="131922">
<source m_id="46"/>
<target m_id="47"/>
</SLINK>
<HAS_PARTICIPANT comment="" r_id="131923" sem_role="Arg1" sem_role_framework="PROPBANK">
<source m_id="55"/>
<target m_id="50"/>
</HAS_PARTICIPANT>
<HAS_PARTICIPANT comment="" r_id="131924" sem_role="Arg0" sem_role_framework="PROPBANK">
<source m_id="56"/>
<target m_id="54"/>
</HAS_PARTICIPANT>
<HAS_PARTICIPANT comment="" r_id="131925" sem_role="Arg1" sem_role_framework="PROPBANK">
<source m_id="56"/>
<target m_id="64"/>
</HAS_PARTICIPANT>
<HAS_PARTICIPANT comment="" r_id="131926" sem_role="Arg0" sem_role_framework="PROPBANK">
<source m_id="57"/>
<target m_id="51"/>
</HAS_PARTICIPANT>
<HAS_PARTICIPANT comment="" r_id="131927" sem_role="Arg2" sem_role_framework="PROPBANK">
<source m_id="57"/>
<target m_id="52"/>
</HAS_PARTICIPANT>
<SLINK comment="" r_id="131928">
<source m_id="57"/>
<target m_id="58"/>
</SLINK>
<TLINK comment="" r_id="131929" reltype="BEFORE" signalID="">
<source m_id="11"/>
<target m_id="18"/>
</TLINK>
<TLINK comment="" r_id="131930" reltype="IS_INCLUDED" signalID="">
<source m_id="29"/>
<target m_id="18"/>
</TLINK>
<TLINK comment="" r_id="131931" reltype="BEFORE" signalID="">
<source m_id="30"/>
<target m_id="18"/>
</TLINK>
<TLINK comment="" r_id="131932" reltype="AFTER" signalID="">
<source m_id="45"/>
<target m_id="18"/>
</TLINK>
<TLINK comment="" r_id="131933" reltype="IS_INCLUDED" signalID="">
<source m_id="46"/>
<target m_id="18"/>
</TLINK>
<TLINK comment="" r_id="131934" reltype="AFTER" signalID="">
<source m_id="55"/>
<target m_id="18"/>
</TLINK>
<TLINK comment="" r_id="131935" reltype="AFTER" signalID="">
<source m_id="56"/>
<target m_id="18"/>
</TLINK>
<TLINK comment="" r_id="131936" reltype="SIMULTANEOUS" signalID="">
<source m_id="11"/>
<target m_id="29"/>
</TLINK>
<TLINK comment="" r_id="131937" reltype="BEFORE" signalID="">
<source m_id="29"/>
<target m_id="45"/>
</TLINK>
<TLINK comment="" r_id="131938" reltype="BEFORE" signalID="">
<source m_id="45"/>
<target m_id="56"/>
</TLINK>
<TLINK comment="" r_id="131939" reltype="BEFORE" signalID="">
<source m_id="11"/>
<target m_id="12"/>
</TLINK>
<TLINK comment="" r_id="131940" reltype="AFTER" signalID="35">
<source m_id="29"/>
<target m_id="30"/>
</TLINK>
<TLINK comment="" r_id="131941" reltype="IS_INCLUDED" signalID="">
<source m_id="11"/>
<target m_id="19"/>
</TLINK>
<TLINK comment="" r_id="131942" reltype="IS_INCLUDED" signalID="">
<source m_id="28"/>
<target m_id="32"/>
</TLINK>
<TLINK comment="" r_id="131943" reltype="BEFORE" signalID="59">
<source m_id="55"/>
<target m_id="60"/>
</TLINK>
<TLINK comment="" r_id="131944" reltype="IS_INCLUDED" signalID="62">
<source m_id="60"/>
<target m_id="61"/>
</TLINK>
<GLINK comment="" r_id="162566">
<source m_id="14"/>
<target m_id="15"/>
</GLINK>
<GLINK comment="" r_id="162567">
<source m_id="29"/>
<target m_id="28"/>
</GLINK>
<HAS_PARTICIPANT comment="" r_id="242926" sem_role="Arg0" sem_role_framework="PROPBANK">
<source m_id="94"/>
<target m_id="92"/>
</HAS_PARTICIPANT>
<HAS_PARTICIPANT comment="" r_id="242927" sem_role="Arg1" sem_role_framework="PROPBANK">
<source m_id="95"/>
<target m_id="93"/>
</HAS_PARTICIPANT>
<HAS_PARTICIPANT comment="" r_id="242928" sem_role="Arg0" sem_role_framework="PROPBANK">
<source m_id="95"/>
<target m_id="92"/>
</HAS_PARTICIPANT>
<SLINK comment="" r_id="242929">
<source m_id="94"/>
<target m_id="95"/>
</SLINK>































<REFERS_TO r_id="242944">
<source m_id="39"/>
<source m_id="38"/>
<source m_id="93"/>
<source m_id="44"/>
<source m_id="52"/>
<source m_id="54"/>
<source m_id="8"/>
<source m_id="43"/>
<source m_id="48"/>
<source m_id="49"/>
<source m_id="97"/>
<target m_id="151"/>
</REFERS_TO>
<REFERS_TO r_id="242945">
<source m_id="123"/>
<source m_id="127"/>
<target m_id="150"/>
</REFERS_TO>
<REFERS_TO r_id="242946">
<source m_id="31"/>
<target m_id="153"/>
</REFERS_TO>
<REFERS_TO r_id="242947">
<source m_id="30"/>
<target m_id="152"/>
</REFERS_TO>

<REFERS_TO r_id="242949">
<source m_id="23"/>
<source m_id="36"/>
<source m_id="24"/>
<source m_id="21"/>
<source m_id="98"/>
<target m_id="154"/>
</REFERS_TO>
<REFERS_TO r_id="242950">

<source m_id="7"/>
<source m_id="40"/>

<source m_id="1"/>
<source m_id="91"/>
<source m_id="90"/>
<source m_id="2"/>
<source m_id="6"/>
<source m_id="37"/>
<source m_id="3"/>

<source m_id="92"/>

<source m_id="20"/>


<source m_id="4"/>
<target m_id="157"/>
</REFERS_TO>

<REFERS_TO r_id="242952">
<source m_id="63"/>
<source m_id="64"/>
<source m_id="51"/>
<target m_id="159"/>
</REFERS_TO>
<REFERS_TO r_id="242953">
<source m_id="50"/>
<source m_id="53"/>
<target m_id="158"/>
</REFERS_TO>
<REFERS_TO r_id="242954">
<source m_id="16"/>
<target m_id="82"/>
</REFERS_TO>
<REFERS_TO r_id="242955">
<source m_id="15"/>
<target m_id="83"/>
</REFERS_TO>
<REFERS_TO r_id="242956">
<source m_id="29"/>
<target m_id="80"/>
</REFERS_TO>
<REFERS_TO r_id="242957">
<source m_id="17"/>
<target m_id="81"/>
</REFERS_TO>
<REFERS_TO r_id="242958">
<source m_id="12"/>
<source m_id="94"/>
<target m_id="86"/>
</REFERS_TO>
<REFERS_TO r_id="242959">
<source m_id="14"/>
<target m_id="84"/>
</REFERS_TO>
<REFERS_TO r_id="242960">
<source m_id="13"/>
<source m_id="47"/>
<source m_id="95"/>
<target m_id="85"/>
</REFERS_TO>
<REFERS_TO r_id="242961">
<source m_id="89"/>
<source m_id="5"/>
<source m_id="22"/>
<target m_id="147"/>
</REFERS_TO>
<REFERS_TO r_id="242962">
<source m_id="9"/>
<target m_id="148"/>
</REFERS_TO>
<REFERS_TO r_id="242963">
<source m_id="41"/>
<source m_id="25"/>
<source m_id="27"/>
<source m_id="42"/>
<target m_id="149"/>
</REFERS_TO>
<REFERS_TO r_id="242964">
<source m_id="46"/>
<target m_id="77"/>
</REFERS_TO>
<REFERS_TO r_id="242965">
<source m_id="55"/>
<target m_id="76"/>
</REFERS_TO>
<REFERS_TO r_id="242966">
<source m_id="56"/>
<target m_id="75"/>
</REFERS_TO>
<REFERS_TO r_id="242967">
<source m_id="57"/>
<target m_id="74"/>
</REFERS_TO>
<REFERS_TO r_id="242968">
<source m_id="58"/>
<target m_id="73"/>
</REFERS_TO>
<REFERS_TO r_id="242969">
<source m_id="11"/>
<source m_id="28"/>
<target m_id="160"/>
</REFERS_TO>
<REFERS_TO r_id="242970">
<source m_id="45"/>
<target m_id="78"/>
</REFERS_TO>
</Relations>
</Document>