<?xml version="1.0" ?><Document doc_id="126311" doc_name="126311_U.S._automaker_Chrysler_wants_to_eliminate_789_dealerships" lang="en" url="http://en.wikinews.org/wiki/U.S._automaker_Chrysler_wants_to_eliminate_789_dealerships">
<token number="0" sentence="0" t_id="1">U.S.</token>
<token number="1" sentence="0" t_id="2">automaker</token>
<token number="2" sentence="0" t_id="3">Chrysler</token>
<token number="3" sentence="0" t_id="4">wants</token>
<token number="4" sentence="0" t_id="5">to</token>
<token number="5" sentence="0" t_id="6">eliminate</token>
<token number="6" sentence="0" t_id="7">789</token>
<token number="7" sentence="0" t_id="8">dealerships</token>
<token number="8" sentence="1" t_id="9">May</token>
<token number="9" sentence="1" t_id="10">14</token>
<token number="10" sentence="1" t_id="11">,</token>
<token number="11" sentence="1" t_id="12">2009</token>
<token number="12" sentence="2" t_id="13">American</token>
<token number="13" sentence="2" t_id="14">automobile</token>
<token number="14" sentence="2" t_id="15">manufacturer</token>
<token number="15" sentence="2" t_id="16">Chrysler</token>
<token number="16" sentence="2" t_id="17">LLC</token>
<token number="17" sentence="2" t_id="18">has</token>
<token number="18" sentence="2" t_id="19">said</token>
<token number="19" sentence="2" t_id="20">that</token>
<token number="20" sentence="2" t_id="21">it</token>
<token number="21" sentence="2" t_id="22">wants</token>
<token number="22" sentence="2" t_id="23">to</token>
<token number="23" sentence="2" t_id="24">eliminate</token>
<token number="24" sentence="2" t_id="25">789</token>
<token number="25" sentence="2" t_id="26">,</token>
<token number="26" sentence="2" t_id="27">or</token>
<token number="27" sentence="2" t_id="28">about</token>
<token number="28" sentence="2" t_id="29">a</token>
<token number="29" sentence="2" t_id="30">quarter</token>
<token number="30" sentence="2" t_id="31">,</token>
<token number="31" sentence="2" t_id="32">of</token>
<token number="32" sentence="2" t_id="33">its</token>
<token number="33" sentence="2" t_id="34">3,200</token>
<token number="34" sentence="2" t_id="35">dealers</token>
<token number="35" sentence="2" t_id="36">by</token>
<token number="36" sentence="2" t_id="37">early</token>
<token number="37" sentence="2" t_id="38">June</token>
<token number="38" sentence="2" t_id="39">.</token>
<token number="39" sentence="3" t_id="40">In</token>
<token number="40" sentence="3" t_id="41">a</token>
<token number="41" sentence="3" t_id="42">bankruptcy</token>
<token number="42" sentence="3" t_id="43">court</token>
<token number="43" sentence="3" t_id="44">filing</token>
<token number="44" sentence="3" t_id="45">on</token>
<token number="45" sentence="3" t_id="46">Thursday</token>
<token number="46" sentence="3" t_id="47">,</token>
<token number="47" sentence="3" t_id="48">the</token>
<token number="48" sentence="3" t_id="49">firm</token>
<token number="49" sentence="3" t_id="50">stated</token>
<token number="50" sentence="3" t_id="51">its</token>
<token number="51" sentence="3" t_id="52">network</token>
<token number="52" sentence="3" t_id="53">has</token>
<token number="53" sentence="3" t_id="54">too</token>
<token number="54" sentence="3" t_id="55">many</token>
<token number="55" sentence="3" t_id="56">dealers</token>
<token number="56" sentence="3" t_id="57">competing</token>
<token number="57" sentence="3" t_id="58">between</token>
<token number="58" sentence="3" t_id="59">each</token>
<token number="59" sentence="3" t_id="60">other</token>
<token number="60" sentence="3" t_id="61">and</token>
<token number="61" sentence="3" t_id="62">is</token>
<token number="62" sentence="3" t_id="63">antiquated</token>
<token number="63" sentence="3" t_id="64">.</token>
<token number="64" sentence="4" t_id="65">A</token>
<token number="65" sentence="4" t_id="66">June</token>
<token number="66" sentence="4" t_id="67">3</token>
<token number="67" sentence="4" t_id="68">hearing</token>
<token number="68" sentence="4" t_id="69">has</token>
<token number="69" sentence="4" t_id="70">been</token>
<token number="70" sentence="4" t_id="71">scheduled</token>
<token number="71" sentence="4" t_id="72">in</token>
<token number="72" sentence="4" t_id="73">the</token>
<token number="73" sentence="4" t_id="74">US</token>
<token number="74" sentence="4" t_id="75">Bankruptcy</token>
<token number="75" sentence="4" t_id="76">Court</token>
<token number="76" sentence="4" t_id="77">to</token>
<token number="77" sentence="4" t_id="78">determine</token>
<token number="78" sentence="4" t_id="79">whether</token>
<token number="79" sentence="4" t_id="80">the</token>
<token number="80" sentence="4" t_id="81">move</token>
<token number="81" sentence="4" t_id="82">should</token>
<token number="82" sentence="4" t_id="83">be</token>
<token number="83" sentence="4" t_id="84">approved</token>
<token number="84" sentence="4" t_id="85">.</token>
<token number="85" sentence="5" t_id="86">``</token>
<token number="86" sentence="5" t_id="87">This</token>
<token number="87" sentence="5" t_id="88">is</token>
<token number="88" sentence="5" t_id="89">a</token>
<token number="89" sentence="5" t_id="90">difficult</token>
<token number="90" sentence="5" t_id="91">day</token>
<token number="91" sentence="5" t_id="92">for</token>
<token number="92" sentence="5" t_id="93">us</token>
<token number="93" sentence="5" t_id="94">and</token>
<token number="94" sentence="5" t_id="95">not</token>
<token number="95" sentence="5" t_id="96">a</token>
<token number="96" sentence="5" t_id="97">day</token>
<token number="97" sentence="5" t_id="98">anybody</token>
<token number="98" sentence="5" t_id="99">can</token>
<token number="99" sentence="5" t_id="100">be</token>
<token number="100" sentence="5" t_id="101">prepared</token>
<token number="101" sentence="5" t_id="102">for</token>
<token number="102" sentence="5" t_id="103">,</token>
<token number="103" sentence="5" t_id="104">''</token>
<token number="104" sentence="5" t_id="105">said</token>
<token number="105" sentence="5" t_id="106">Jim</token>
<token number="106" sentence="5" t_id="107">Press</token>
<token number="107" sentence="5" t_id="108">,</token>
<token number="108" sentence="5" t_id="109">the</token>
<token number="109" sentence="5" t_id="110">Vice</token>
<token number="110" sentence="5" t_id="111">Chairman</token>
<token number="111" sentence="5" t_id="112">of</token>
<token number="112" sentence="5" t_id="113">Chrysler</token>
<token number="113" sentence="5" t_id="114">.</token>
<token number="114" sentence="6" t_id="115">Company</token>
<token number="115" sentence="6" t_id="116">executives</token>
<token number="116" sentence="6" t_id="117">said</token>
<token number="117" sentence="6" t_id="118">the</token>
<token number="118" sentence="6" t_id="119">firm</token>
<token number="119" sentence="6" t_id="120">is</token>
<token number="120" sentence="6" t_id="121">trying</token>
<token number="121" sentence="6" t_id="122">to</token>
<token number="122" sentence="6" t_id="123">eliminate</token>
<token number="123" sentence="6" t_id="124">dealers</token>
<token number="124" sentence="6" t_id="125">with</token>
<token number="125" sentence="6" t_id="126">poor</token>
<token number="126" sentence="6" t_id="127">performances</token>
<token number="127" sentence="6" t_id="128">,</token>
<token number="128" sentence="6" t_id="129">and</token>
<token number="129" sentence="6" t_id="130">retain</token>
<token number="130" sentence="6" t_id="131">those</token>
<token number="131" sentence="6" t_id="132">who</token>
<token number="132" sentence="6" t_id="133">make</token>
<token number="133" sentence="6" t_id="134">the</token>
<token number="134" sentence="6" t_id="135">strongest</token>
<token number="135" sentence="6" t_id="136">sales</token>
<token number="136" sentence="6" t_id="137">.</token>
<token number="137" sentence="7" t_id="138">Over</token>
<token number="138" sentence="7" t_id="139">50</token>
<token number="139" sentence="7" t_id="140">%</token>
<token number="140" sentence="7" t_id="141">of</token>
<token number="141" sentence="7" t_id="142">the</token>
<token number="142" sentence="7" t_id="143">dealerships</token>
<token number="143" sentence="7" t_id="144">that</token>
<token number="144" sentence="7" t_id="145">are</token>
<token number="145" sentence="7" t_id="146">to</token>
<token number="146" sentence="7" t_id="147">be</token>
<token number="147" sentence="7" t_id="148">eliminated</token>
<token number="148" sentence="7" t_id="149">sell</token>
<token number="149" sentence="7" t_id="150">less</token>
<token number="150" sentence="7" t_id="151">than</token>
<token number="151" sentence="7" t_id="152">a</token>
<token number="152" sentence="7" t_id="153">hundred</token>
<token number="153" sentence="7" t_id="154">automobiles</token>
<token number="154" sentence="7" t_id="155">per</token>
<token number="155" sentence="7" t_id="156">year</token>
<token number="156" sentence="7" t_id="157">.</token>
<token number="157" sentence="8" t_id="158">``</token>
<token number="158" sentence="8" t_id="159">We</token>
<token number="159" sentence="8" t_id="160">recognize</token>
<token number="160" sentence="8" t_id="161">in</token>
<token number="161" sentence="8" t_id="162">the</token>
<token number="162" sentence="8" t_id="163">short</token>
<token number="163" sentence="8" t_id="164">term</token>
<token number="164" sentence="8" t_id="165">we</token>
<token number="165" sentence="8" t_id="166">will</token>
<token number="166" sentence="8" t_id="167">see</token>
<token number="167" sentence="8" t_id="168">some</token>
<token number="168" sentence="8" t_id="169">loss</token>
<token number="169" sentence="8" t_id="170">of</token>
<token number="170" sentence="8" t_id="171">sales</token>
<token number="171" sentence="8" t_id="172">.</token>
<token number="172" sentence="9" t_id="173">But</token>
<token number="173" sentence="9" t_id="174">based</token>
<token number="174" sentence="9" t_id="175">on</token>
<token number="175" sentence="9" t_id="176">the</token>
<token number="176" sentence="9" t_id="177">long</token>
<token number="177" sentence="9" t_id="178">term</token>
<token number="178" sentence="9" t_id="179">...</token>
<token number="179" sentence="9" t_id="180">the</token>
<token number="180" sentence="9" t_id="181">dealer</token>
<token number="181" sentence="9" t_id="182">network</token>
<token number="182" sentence="9" t_id="183">]</token>
<token number="183" sentence="9" t_id="184">is</token>
<token number="184" sentence="9" t_id="185">key</token>
<token number="185" sentence="9" t_id="186">and</token>
<token number="186" sentence="9" t_id="187">it</token>
<token number="187" sentence="9" t_id="188">'s</token>
<token number="188" sentence="9" t_id="189">going</token>
<token number="189" sentence="9" t_id="190">to</token>
<token number="190" sentence="9" t_id="191">be</token>
<token number="191" sentence="9" t_id="192">very</token>
<token number="192" sentence="9" t_id="193">strong</token>
<token number="193" sentence="9" t_id="194">,</token>
<token number="194" sentence="9" t_id="195">powerful</token>
<token number="195" sentence="9" t_id="196">,</token>
<token number="196" sentence="9" t_id="197">with</token>
<token number="197" sentence="9" t_id="198">a</token>
<token number="198" sentence="9" t_id="199">much</token>
<token number="199" sentence="9" t_id="200">better</token>
<token number="200" sentence="9" t_id="201">financial</token>
<token number="201" sentence="9" t_id="202">viability</token>
<token number="202" sentence="9" t_id="203">,</token>
<token number="203" sentence="9" t_id="204">''</token>
<token number="204" sentence="9" t_id="205">said</token>
<token number="205" sentence="9" t_id="206">Press</token>
<token number="206" sentence="9" t_id="207">.</token>
<Markables>
<ENTITY_MENTION comment="" head="" m_id="75" syntactic_type="NAM">
<token_anchor t_id="1"/>
<token_anchor t_id="2"/>
<token_anchor t_id="3"/>
</ENTITY_MENTION>
<ENTITY_MENTION comment="" head="" m_id="19" syntactic_type="">
<token_anchor t_id="48"/>
<token_anchor t_id="49"/>
</ENTITY_MENTION>
<ENTITY_MENTION comment="" head="" m_id="76" syntactic_type="">
<token_anchor t_id="7"/>
<token_anchor t_id="8"/>
</ENTITY_MENTION>
<ENTITY_MENTION comment="" head="" m_id="20" syntactic_type="">
<token_anchor t_id="51"/>
</ENTITY_MENTION>
<ENTITY_MENTION comment="" head="" m_id="21" syntactic_type="">
<token_anchor t_id="54"/>
<token_anchor t_id="55"/>
<token_anchor t_id="56"/>
</ENTITY_MENTION>
<ENTITY_MENTION comment="" head="" m_id="80" syntactic_type="">
<token_anchor t_id="25"/>
</ENTITY_MENTION>
<ENTITY_MENTION comment="" head="" m_id="81" syntactic_type="">
<token_anchor t_id="28"/>
<token_anchor t_id="29"/>
<token_anchor t_id="30"/>
</ENTITY_MENTION>
<ENTITY_MENTION comment="" head="" m_id="30" syntactic_type="NAM">
<token_anchor t_id="73"/>
<token_anchor t_id="74"/>
<token_anchor t_id="75"/>
<token_anchor t_id="76"/>
</ENTITY_MENTION>
<ENTITY_MENTION comment="" head="" m_id="31" syntactic_type="PRE.NAM">
<token_anchor t_id="74"/>
</ENTITY_MENTION>
<ENTITY_MENTION comment="" head="" m_id="1" syntactic_type="">
<token_anchor t_id="13"/>
<token_anchor t_id="14"/>
<token_anchor t_id="15"/>
</ENTITY_MENTION>
<ENTITY_MENTION comment="" head="" m_id="2" syntactic_type="PRE.NAM">
<token_anchor t_id="13"/>
</ENTITY_MENTION>
<ENTITY_MENTION comment="" head="" m_id="3" syntactic_type="NAM">
<token_anchor t_id="16"/>
<token_anchor t_id="17"/>
</ENTITY_MENTION>
<ENTITY_MENTION comment="" head="" m_id="4" syntactic_type="NAM">
<token_anchor t_id="13"/>
<token_anchor t_id="14"/>
<token_anchor t_id="15"/>
<token_anchor t_id="16"/>
<token_anchor t_id="17"/>
</ENTITY_MENTION>
<ENTITY_MENTION comment="" head="" m_id="5" syntactic_type="">
<token_anchor t_id="21"/>
</ENTITY_MENTION>
<ENTITY_MENTION comment="" head="" m_id="38" syntactic_type="">
<token_anchor t_id="93"/>
</ENTITY_MENTION>
<ENTITY_MENTION comment="" head="" m_id="6" syntactic_type="">
<token_anchor t_id="33"/>
</ENTITY_MENTION>
<ENTITY_MENTION comment="" head="" m_id="39" syntactic_type="">
<token_anchor t_id="98"/>
</ENTITY_MENTION>
<ENTITY_MENTION comment="" head="" m_id="7" syntactic_type="">
<token_anchor t_id="33"/>
<token_anchor t_id="34"/>
<token_anchor t_id="35"/>
</ENTITY_MENTION>
<ENTITY_MENTION comment="" head="" m_id="40" syntactic_type="NAM">
<token_anchor t_id="106"/>
<token_anchor t_id="107"/>
</ENTITY_MENTION>
<ENTITY_MENTION comment="" head="" m_id="41" syntactic_type="NAM">
<token_anchor t_id="113"/>
</ENTITY_MENTION>
<ENTITY_MENTION comment="" head="" m_id="42" syntactic_type="NAM">
<token_anchor t_id="109"/>
<token_anchor t_id="110"/>
<token_anchor t_id="111"/>
<token_anchor t_id="112"/>
<token_anchor t_id="113"/>
</ENTITY_MENTION>
<ENTITY_MENTION comment="" head="" m_id="43" syntactic_type="">
<token_anchor t_id="106"/>
<token_anchor t_id="107"/>
<token_anchor t_id="108"/>
<token_anchor t_id="109"/>
<token_anchor t_id="110"/>
<token_anchor t_id="111"/>
<token_anchor t_id="112"/>
<token_anchor t_id="113"/>
</ENTITY_MENTION>
<ENTITY_MENTION comment="" head="" m_id="51" syntactic_type="">
<token_anchor t_id="59"/>
<token_anchor t_id="60"/>
</ENTITY_MENTION>
<ENTITY_MENTION comment="" head="" m_id="72" syntactic_type="PRE.NAM">
<token_anchor t_id="1"/>
</ENTITY_MENTION>
<ENTITY_MENTION comment="" head="" m_id="73" syntactic_type="">
<token_anchor t_id="1"/>
<token_anchor t_id="2"/>
</ENTITY_MENTION>
<ENTITY_MENTION comment="" head="" m_id="17" syntactic_type="">
<token_anchor t_id="25"/>
<token_anchor t_id="26"/>
<token_anchor t_id="27"/>
<token_anchor t_id="28"/>
<token_anchor t_id="29"/>
<token_anchor t_id="30"/>
<token_anchor t_id="31"/>
<token_anchor t_id="32"/>
<token_anchor t_id="33"/>
<token_anchor t_id="34"/>
<token_anchor t_id="35"/>
</ENTITY_MENTION>
<ENTITY_MENTION comment="" head="" m_id="74" syntactic_type="NAM">
<token_anchor t_id="3"/>
</ENTITY_MENTION>
<ENTITY_MENTION comment="" head="" m_id="18" syntactic_type="">
<token_anchor t_id="41"/>
<token_anchor t_id="42"/>
<token_anchor t_id="43"/>
</ENTITY_MENTION>
<EVENT_MENTION aspect="NONE" certainty="CERTAIN" comment="" m_id="77" modality="" polarity="POS" pos="VERB" pred="" special_cases="NONE" tense="PRESENT" time="NON_FUTURE">
<token_anchor t_id="4"/>
</EVENT_MENTION>
<EVENT_MENTION aspect="NONE" certainty="CERTAIN" comment="" m_id="78" modality="" polarity="POS" pos="VERB" pred="" special_cases="NONE" tense="INFINITIVE" time="NON_FUTURE">
<token_anchor t_id="6"/>
</EVENT_MENTION>
<EVENT_MENTION aspect="NONE" certainty="CERTAIN" comment="" m_id="22" modality="" polarity="POS" pos="VERB" pred="" special_cases="NONE" tense="PRESPART" time="NON_FUTURE">
<token_anchor t_id="44"/>
</EVENT_MENTION>
<EVENT_MENTION aspect="NONE" certainty="CERTAIN" comment="" m_id="23" modality="" polarity="POS" pos="VERB" pred="" special_cases="NONE" tense="PAST" time="NON_FUTURE">
<token_anchor t_id="50"/>
</EVENT_MENTION>
<EVENT_MENTION aspect="NONE" certainty="CERTAIN" comment="" m_id="24" modality="" polarity="POS" pos="VERB" pred="" special_cases="NONE" tense="PRESENT" time="NON_FUTURE">
<token_anchor t_id="53"/>
</EVENT_MENTION>
<EVENT_MENTION aspect="PROGRESSIVE" certainty="CERTAIN" comment="" m_id="25" modality="" polarity="POS" pos="VERB" pred="" special_cases="NONE" tense="PRESPART" time="NON_FUTURE">
<token_anchor t_id="57"/>
</EVENT_MENTION>
<EVENT_MENTION aspect="NONE" certainty="CERTAIN" comment="" m_id="26" modality="" polarity="POS" pos="VERB" pred="" special_cases="NONE" tense="PRESENT" time="NON_FUTURE">
<token_anchor t_id="62"/>
</EVENT_MENTION>
<EVENT_MENTION aspect="NONE" certainty="CERTAIN" comment="" m_id="29" modality="" polarity="POS" pos="VERB" pred="" special_cases="NONE" tense="PRESENT" time="NON_FUTURE">
<token_anchor t_id="53"/>
<token_anchor t_id="62"/>
</EVENT_MENTION>
<EVENT_MENTION aspect="NONE" certainty="CERTAIN" comment="" m_id="32" modality="" polarity="POS" pos="NOUN" pred="" special_cases="NONE" tense="NONE" time="FUTURE">
<token_anchor t_id="68"/>
</EVENT_MENTION>
<EVENT_MENTION aspect="PROGRESSIVE" certainty="CERTAIN" comment="" m_id="33" modality="" polarity="POS" pos="VERB" pred="" special_cases="NONE" tense="PRESENT" time="NON_FUTURE">
<token_anchor t_id="71"/>
</EVENT_MENTION>
<EVENT_MENTION aspect="NONE" certainty="CERTAIN" comment="" m_id="34" modality="" polarity="UNDERSPECIFIED" pos="VERB" pred="" special_cases="NONE" tense="INFINITIVE" time="FUTURE">
<token_anchor t_id="78"/>
</EVENT_MENTION>
<EVENT_MENTION aspect="NONE" certainty="CERTAIN" comment="" m_id="35" modality="" polarity="UNDERSPECIFIED" pos="NOUN" pred="" special_cases="NONE" tense="NONE" time="FUTURE">
<token_anchor t_id="81"/>
</EVENT_MENTION>
<EVENT_MENTION aspect="NONE" certainty="UNDERSPECIFIED" comment="" m_id="36" modality="" polarity="UNDERSPECIFIED" pos="VERB" pred="" special_cases="NONE" tense="PRESENT" time="FUTURE">
<token_anchor t_id="84"/>
</EVENT_MENTION>
<EVENT_MENTION aspect="PERFECTIVE" certainty="CERTAIN" comment="" m_id="8" modality="" polarity="POS" pos="VERB" pred="" special_cases="NONE" tense="PRESENT" time="NON_FUTURE">
<token_anchor t_id="19"/>
</EVENT_MENTION>
<EVENT_MENTION aspect="NONE" certainty="CERTAIN" comment="" m_id="9" modality="" polarity="POS" pos="VERB" pred="" special_cases="NONE" tense="PRESENT" time="NON_FUTURE">
<token_anchor t_id="22"/>
</EVENT_MENTION>
<EVENT_MENTION aspect="NONE" certainty="PROBABLE" comment="" m_id="10" modality="" polarity="UNDERSPECIFIED" pos="VERB" pred="" special_cases="NONE" tense="INFINITIVE" time="FUTURE">
<token_anchor t_id="24"/>
</EVENT_MENTION>
<EVENT_MENTION aspect="NONE" certainty="CERTAIN" comment="" m_id="44" modality="" polarity="POS" pos="VERB" pred="" special_cases="NONE" tense="PRESENT" time="NON_FUTURE">
<token_anchor t_id="88"/>
</EVENT_MENTION>
<EVENT_MENTION aspect="NONE" certainty="CERTAIN" comment="" m_id="45" modality="" polarity="POS" pos="VERB" pred="" special_cases="NONE" tense="PAST" time="NON_FUTURE">
<token_anchor t_id="105"/>
</EVENT_MENTION>
<EVENT_MENTION aspect="NONE" certainty="CERTAIN" comment="" m_id="52" modality="" polarity="POS" pos="VERB" pred="" special_cases="NONE" tense="PRESENT" time="NON_FUTURE">
<token_anchor t_id="100"/>
</EVENT_MENTION>
<SIGNAL comment="" m_id="27">
<token_anchor t_id="45"/>
</SIGNAL>
<SIGNAL comment="" m_id="14">
<token_anchor t_id="36"/>
</SIGNAL>
<TIMEX3 anchorTimeID="16" beginPoint="" comment="" endPoint="" functionInDocument="NONE" m_id="28" type="DATE" value="2009-05-14">
<token_anchor t_id="46"/>
</TIMEX3>
<TIMEX3 anchorTimeID="16" beginPoint="" comment="" endPoint="" functionInDocument="NONE" m_id="37" type="DATE" value="2009-06-03">
<token_anchor t_id="66"/>
<token_anchor t_id="67"/>
</TIMEX3>
<TIMEX3 anchorTimeID="16" beginPoint="" comment="" endPoint="" functionInDocument="NONE" m_id="15" type="DATE" value="2009-06">
<token_anchor t_id="37"/>
<token_anchor t_id="38"/>
</TIMEX3>
<TIMEX3 anchorTimeID="" beginPoint="" comment="" endPoint="" functionInDocument="CREATION_TIME" m_id="16" type="DATE" value="2009-05-14">
<token_anchor t_id="9"/>
<token_anchor t_id="10"/>
<token_anchor t_id="11"/>
<token_anchor t_id="12"/>
</TIMEX3>
<VALUE comment="" m_id="79" type="QUANTITY">
<token_anchor t_id="7"/>
</VALUE>
<VALUE comment="" m_id="11" type="QUANTITY">
<token_anchor t_id="25"/>
</VALUE>
<VALUE comment="" m_id="12" type="QUANTITY">
<token_anchor t_id="28"/>
<token_anchor t_id="29"/>
<token_anchor t_id="30"/>
</VALUE>
<VALUE comment="" m_id="13" type="QUANTITY">
<token_anchor t_id="34"/>
</VALUE>





<ENTITY_MENTION m_id="91">
  <token_anchor t_id="14"/>
</ENTITY_MENTION>



<EVENT TAG_DESCRIPTOR="schedule" class="OTHER" comment="" external_ref="" m_id="59"/><EVENT TAG_DESCRIPTOR="determine" class="OTHER" comment="" external_ref="" m_id="58"/>
<EVENT TAG_DESCRIPTOR="approve" class="SPEECH_COGNITIVE" comment="" external_ref="" m_id="57"/><EVENT TAG_DESCRIPTOR="be 2" class="GRAMMATICAL" comment="" external_ref="" m_id="56"/>
<EVENT TAG_DESCRIPTOR="Say-EHU" class="SPEECH_COGNITIVE" instance_id="SPE39659908296362287" m_id="129"/><EVENT TAG_DESCRIPTOR="Say-EHU" class="SPEECH_COGNITIVE" instance_id="SPE39130297458502324" m_id="127"/>
<EVENT TAG_DESCRIPTOR="be 3" class="GRAMMATICAL" comment="" external_ref="" m_id="71"/>
<EVENT TAG_DESCRIPTOR="State-EHU" class="SPEECH_COGNITIVE" instance_id="SPE39660105450626276" m_id="119"/>
<EVENT TAG_DESCRIPTOR="want" class="SPEECH_COGNITIVE" comment="" external_ref="" m_id="68"/><EVENT TAG_DESCRIPTOR="eliminate" class="OTHER" comment="" external_ref="" m_id="67"/>
<EVENT TAG_DESCRIPTOR="file" class="OTHER" comment="" external_ref="" m_id="66"/><EVENT TAG_DESCRIPTOR="have" class="OTHER" comment="" external_ref="" m_id="64"/>
<EVENT TAG_DESCRIPTOR="competing" class="OTHER" comment="" external_ref="" m_id="63"/><EVENT TAG_DESCRIPTOR="be" class="GRAMMATICAL" comment="" external_ref="" m_id="62"/>
<EVENT TAG_DESCRIPTOR="have + be" class="MIX" comment="" external_ref="" m_id="61"/><EVENT TAG_DESCRIPTOR="hearing" class="OTHER" comment="" external_ref="" m_id="60"/>
<ENTITY TAG_DESCRIPTOR="automobile" ent_type="PRO" instance_id="PRO37402535305680047" m_id="128"/><ENTITY TAG_DESCRIPTOR="Jim Press" ent_type="PER" external_ref="http://dbpedia.org/resource/Jim_Press" instance_id="PER37406424553414514" m_id="126"/>
<ENTITY TAG_DESCRIPTOR="3200 dealers" ent_type="PER" instance_id="PER46392345575023205" m_id="125"/><ENTITY TAG_DESCRIPTOR="Jim Press" comment="" ent_class="" ent_type="PER" external_ref="" m_id="46"/>
<ENTITY TAG_DESCRIPTOR="a US bankruptcy court" ent_type="PRO" instance_id="PRO45387539286496249" m_id="123"/><ENTITY TAG_DESCRIPTOR="789 dealers" ent_type="PER" instance_id="PER46392369979276619" m_id="122"/>
<ENTITY TAG_DESCRIPTOR="Chrysler" ent_type="ORG" external_ref="http://dbpedia.org/resource/Chrysler" instance_id="ORG37406423422624299" m_id="121"/><ENTITY TAG_DESCRIPTOR="United States of America " ent_type="LOC" external_ref="http://dbpedia.org/resource/United_States" instance_id="LOC27735327659249054" m_id="120"/></Markables>
<Relations>
<HAS_PARTICIPANT comment="" r_id="123125" sem_role="Arg0" sem_role_framework="PROPBANK">
<source m_id="8"/>
<target m_id="4"/>
</HAS_PARTICIPANT>
<HAS_PARTICIPANT comment="" r_id="123126" sem_role="Arg0" sem_role_framework="PROPBANK">
<source m_id="9"/>
<target m_id="5"/>
</HAS_PARTICIPANT>
<HAS_PARTICIPANT comment="" r_id="123127" sem_role="Arg1" sem_role_framework="PROPBANK">
<source m_id="10"/>
<target m_id="17"/>
</HAS_PARTICIPANT>
<SLINK comment="" r_id="123129">
<source m_id="8"/>
<target m_id="9"/>
</SLINK>
<HAS_PARTICIPANT comment="" r_id="123130" sem_role="Arg0" sem_role_framework="PROPBANK">
<source m_id="22"/>
<target m_id="18"/>
</HAS_PARTICIPANT>
<HAS_PARTICIPANT comment="" r_id="123131" sem_role="Arg0" sem_role_framework="PROPBANK">
<source m_id="23"/>
<target m_id="19"/>
</HAS_PARTICIPANT>
<HAS_PARTICIPANT comment="" r_id="123132" sem_role="Arg0" sem_role_framework="PROPBANK">
<source m_id="24"/>
<target m_id="21"/>
</HAS_PARTICIPANT>
<HAS_PARTICIPANT comment="" r_id="123133" sem_role="Arg0" sem_role_framework="PROPBANK">
<source m_id="25"/>
<target m_id="21"/>
</HAS_PARTICIPANT>
<HAS_PARTICIPANT comment="" r_id="123134" sem_role="Arg0" sem_role_framework="PROPBANK">
<source m_id="25"/>
<target m_id="51"/>
</HAS_PARTICIPANT>
<SLINK comment="" r_id="123137">
<source m_id="23"/>
<target m_id="29"/>
</SLINK>
<HAS_PARTICIPANT comment="" r_id="123138" sem_role="Argm-LOC" sem_role_framework="PROPBANK">
<source m_id="33"/>
<target m_id="30"/>
</HAS_PARTICIPANT>
<SLINK comment="" r_id="123140">
<source m_id="34"/>
<target m_id="36"/>
</SLINK>
<SLINK comment="" r_id="123141">
<source m_id="36"/>
<target m_id="35"/>
</SLINK>
<HAS_PARTICIPANT comment="" r_id="123142" sem_role="Arg1" sem_role_framework="PROPBANK">
<source m_id="52"/>
<target m_id="39"/>
</HAS_PARTICIPANT>
<HAS_PARTICIPANT comment="" r_id="123143" sem_role="Arg0" sem_role_framework="PROPBANK">
<source m_id="45"/>
<target m_id="43"/>
</HAS_PARTICIPANT>
<SLINK comment="" r_id="123144">
<source m_id="45"/>
<target m_id="44"/>
</SLINK>
<GLINK comment="" r_id="162568">
<source m_id="9"/>
<target m_id="10"/>
</GLINK>
<SLINK comment="" r_id="162569">
<source m_id="33"/>
<target m_id="32"/>
</SLINK>
<TLINK comment="" r_id="240545" reltype="BEFORE" signalID="">
<source m_id="8"/>
<target m_id="16"/>
</TLINK>
<TLINK comment="" r_id="240546" reltype="IS_INCLUDED" signalID="">
<source m_id="9"/>
<target m_id="16"/>
</TLINK>
<TLINK comment="" r_id="240547" reltype="BEFORE" signalID="">
<source m_id="23"/>
<target m_id="16"/>
</TLINK>
<TLINK comment="" r_id="240548" reltype="IS_INCLUDED" signalID="">
<source m_id="24"/>
<target m_id="16"/>
</TLINK>
<TLINK comment="" r_id="240549" reltype="IS_INCLUDED" signalID="">
<source m_id="26"/>
<target m_id="16"/>
</TLINK>
<TLINK comment="" r_id="240550" reltype="BEFORE" signalID="">
<source m_id="33"/>
<target m_id="16"/>
</TLINK>
<TLINK comment="" r_id="240551" reltype="AFTER" signalID="">
<source m_id="36"/>
<target m_id="16"/>
</TLINK>
<TLINK comment="" r_id="240552" reltype="IS_INCLUDED" signalID="">
<source m_id="44"/>
<target m_id="16"/>
</TLINK>
<TLINK comment="" r_id="240554" reltype="BEFORE" signalID="">
<source m_id="45"/>
<target m_id="16"/>
</TLINK>
<TLINK comment="" r_id="240579" reltype="IAFTER" signalID="">
<source m_id="8"/>
<target m_id="23"/>
</TLINK>
<TLINK comment="" r_id="240580" reltype="IAFTER" signalID="">
<source m_id="23"/>
<target m_id="33"/>
</TLINK>
<TLINK comment="" r_id="240581" reltype="IAFTER" signalID="">
<source m_id="33"/>
<target m_id="45"/>
</TLINK>
<TLINK comment="" r_id="240582" reltype="BEFORE" signalID="">
<source m_id="8"/>
<target m_id="9"/>
</TLINK>
<TLINK comment="" r_id="240583" reltype="BEFORE" signalID="">
<source m_id="9"/>
<target m_id="10"/>
</TLINK>
<TLINK comment="" r_id="240584" reltype="IS_INCLUDED" signalID="">
<source m_id="23"/>
<target m_id="29"/>
</TLINK>
<TLINK comment="" r_id="240585" reltype="SIMULTANEOUS" signalID="">
<source m_id="34"/>
<target m_id="36"/>
</TLINK>
<TLINK comment="" r_id="240586" reltype="SIMULTANEOUS" signalID="">
<source m_id="44"/>
<target m_id="52"/>
</TLINK>
<TLINK comment="" r_id="240587" reltype="IS_INCLUDED" signalID="">
<source m_id="45"/>
<target m_id="44"/>
</TLINK>
<TLINK comment="" r_id="240588" reltype="BEFORE" signalID="14">
<source m_id="9"/>
<target m_id="15"/>
</TLINK>
<TLINK comment="" r_id="240589" reltype="IS_INCLUDED" signalID="27">
<source m_id="22"/>
<target m_id="28"/>
</TLINK>
<TLINK comment="" r_id="240590" reltype="IS_INCLUDED" signalID="">
<source m_id="32"/>
<target m_id="37"/>
</TLINK>
<HAS_PARTICIPANT comment="" r_id="242908" sem_role="Arg0" sem_role_framework="PROPBANK">
<source m_id="77"/>
<target m_id="75"/>
</HAS_PARTICIPANT>
<HAS_PARTICIPANT comment="" r_id="242909" sem_role="Arg1" sem_role_framework="PROPBANK">
<source m_id="78"/>
<target m_id="76"/>
</HAS_PARTICIPANT>
<GLINK comment="" r_id="242921">
<source m_id="77"/>
<target m_id="78"/>
</GLINK>




























<REFERS_TO r_id="242934">
<source m_id="40"/>
<source m_id="42"/>
<source m_id="43"/>

<target m_id="126"/>
</REFERS_TO>
<REFERS_TO r_id="242935">
<source m_id="32"/>
<target m_id="60"/>
</REFERS_TO>
<REFERS_TO r_id="242936">
<source m_id="29"/>
<target m_id="61"/>
</REFERS_TO>
<REFERS_TO r_id="242937">
<source m_id="26"/>
<target m_id="62"/>
</REFERS_TO>
<REFERS_TO r_id="242938">
<source m_id="25"/>
<target m_id="63"/>
</REFERS_TO>
<REFERS_TO r_id="242939">
<source m_id="24"/>
<target m_id="64"/>
</REFERS_TO>
<REFERS_TO r_id="242940">
<source m_id="22"/>
<target m_id="66"/>
</REFERS_TO>
<REFERS_TO r_id="242941">
<source m_id="10"/>
<source m_id="35"/>
<source m_id="78"/>
<target m_id="67"/>
</REFERS_TO>
<REFERS_TO r_id="242942">
<source m_id="9"/>
<source m_id="77"/>
<target m_id="68"/>
</REFERS_TO>
<REFERS_TO r_id="242943">
<source m_id="23"/>
<target m_id="119"/>
</REFERS_TO>

<REFERS_TO r_id="242945">
<source m_id="39"/>
<target m_id="46"/>
</REFERS_TO>
<REFERS_TO r_id="242946">
<source m_id="72"/>
<source m_id="31"/>
<source m_id="2"/>
<target m_id="120"/>
</REFERS_TO>
<REFERS_TO r_id="242947">

<source m_id="41"/>

<source m_id="6"/>

<source m_id="4"/>
<source m_id="5"/>
<source m_id="75"/>
<source m_id="38"/>
<source m_id="19"/>

<source m_id="1"/>
<source m_id="73"/>
<source m_id="74"/>
<source m_id="3"/>
<source m_id="20"/>
<target m_id="121"/>
</REFERS_TO>
<REFERS_TO r_id="242948">
<source m_id="17"/>
<source m_id="76"/>
<source m_id="80"/>
<source m_id="81"/>
<target m_id="122"/>
</REFERS_TO>
<REFERS_TO r_id="242949">
<source m_id="18"/>
<source m_id="30"/>
<target m_id="123"/>
</REFERS_TO>

<REFERS_TO r_id="242951">
<source m_id="51"/>
<source m_id="7"/>
<source m_id="21"/>
<target m_id="125"/>
</REFERS_TO>
<REFERS_TO r_id="242952">
<source m_id="52"/>
<target m_id="71"/>
</REFERS_TO>
<REFERS_TO r_id="242953">
<source m_id="45"/>
<target m_id="127"/>
</REFERS_TO>
<REFERS_TO r_id="242954">
<source m_id="91"/>

<target m_id="128"/>
</REFERS_TO>
<REFERS_TO r_id="242955">
<source m_id="8"/>
<target m_id="129"/>
</REFERS_TO>
<REFERS_TO r_id="242956">
<source m_id="33"/>
<target m_id="59"/>
</REFERS_TO>
<REFERS_TO r_id="242957">
<source m_id="34"/>
<target m_id="58"/>
</REFERS_TO>
<REFERS_TO r_id="242958">
<source m_id="36"/>
<target m_id="57"/>
</REFERS_TO>
<REFERS_TO r_id="242959">
<source m_id="44"/>
<target m_id="56"/>
</REFERS_TO>
</Relations>
</Document>