<?xml version="1.0" ?><Document doc_id="126878" doc_name="126878_Bankruptcy_for_U.S._automaker_GM_becomes_almost_certain_after_bondholder_offers_fail" lang="en" url="http://en.wikinews.org/wiki/Bankruptcy_for_U.S._automaker_GM_becomes_almost_certain_after_bondholder_offers_fail">
<token number="0" sentence="0" t_id="1">Bankruptcy</token>
<token number="1" sentence="0" t_id="2">for</token>
<token number="2" sentence="0" t_id="3">U.S.</token>
<token number="3" sentence="0" t_id="4">automaker</token>
<token number="4" sentence="0" t_id="5">GM</token>
<token number="5" sentence="0" t_id="6">becomes</token>
<token number="6" sentence="0" t_id="7">almost</token>
<token number="7" sentence="0" t_id="8">certain</token>
<token number="8" sentence="0" t_id="9">after</token>
<token number="9" sentence="0" t_id="10">bondholder</token>
<token number="10" sentence="0" t_id="11">offers</token>
<token number="11" sentence="0" t_id="12">fail</token>
<token number="12" sentence="1" t_id="13">May</token>
<token number="13" sentence="1" t_id="14">28</token>
<token number="14" sentence="1" t_id="15">,</token>
<token number="15" sentence="1" t_id="16">2009</token>
<token number="16" sentence="2" t_id="17">The</token>
<token number="17" sentence="2" t_id="18">United</token>
<token number="18" sentence="2" t_id="19">States</token>
<token number="19" sentence="2" t_id="20">automobile</token>
<token number="20" sentence="2" t_id="21">manufacturing</token>
<token number="21" sentence="2" t_id="22">firm</token>
<token number="22" sentence="2" t_id="23">General</token>
<token number="23" sentence="2" t_id="24">Motors</token>
<token number="24" sentence="2" t_id="25">announced</token>
<token number="25" sentence="2" t_id="26">on</token>
<token number="26" sentence="2" t_id="27">Wednesday</token>
<token number="27" sentence="2" t_id="28">that</token>
<token number="28" sentence="2" t_id="29">most</token>
<token number="29" sentence="2" t_id="30">of</token>
<token number="30" sentence="2" t_id="31">its</token>
<token number="31" sentence="2" t_id="32">bondholders</token>
<token number="32" sentence="2" t_id="33">did</token>
<token number="33" sentence="2" t_id="34">not</token>
<token number="34" sentence="2" t_id="35">exchange</token>
<token number="35" sentence="2" t_id="36">GM</token>
<token number="36" sentence="2" t_id="37">'s</token>
<token number="37" sentence="2" t_id="38">US$</token>
<token number="38" sentence="2" t_id="39">27</token>
<token number="39" sentence="2" t_id="40">billion</token>
<token number="40" sentence="2" t_id="41">debt</token>
<token number="41" sentence="2" t_id="42">for</token>
<token number="42" sentence="2" t_id="43">a</token>
<token number="43" sentence="2" t_id="44">ten</token>
<token number="44" sentence="2" t_id="45">percent</token>
<token number="45" sentence="2" t_id="46">share</token>
<token number="46" sentence="2" t_id="47">in</token>
<token number="47" sentence="2" t_id="48">the</token>
<token number="48" sentence="2" t_id="49">company</token>
<token number="49" sentence="2" t_id="50">'s</token>
<token number="50" sentence="2" t_id="51">stock</token>
<token number="51" sentence="2" t_id="52">.</token>
<token number="52" sentence="3" t_id="53">The</token>
<token number="53" sentence="3" t_id="54">automaker</token>
<token number="54" sentence="3" t_id="55">,</token>
<token number="55" sentence="3" t_id="56">in</token>
<token number="56" sentence="3" t_id="57">financial</token>
<token number="57" sentence="3" t_id="58">straits</token>
<token number="58" sentence="3" t_id="59">,</token>
<token number="59" sentence="3" t_id="60">has</token>
<token number="60" sentence="3" t_id="61">a</token>
<token number="61" sentence="3" t_id="62">June</token>
<token number="62" sentence="3" t_id="63">1</token>
<token number="63" sentence="3" t_id="64">deadline</token>
<token number="64" sentence="3" t_id="65">to</token>
<token number="65" sentence="3" t_id="66">finish</token>
<token number="66" sentence="3" t_id="67">a</token>
<token number="67" sentence="3" t_id="68">government</token>
<token number="68" sentence="3" t_id="69">restructuring</token>
<token number="69" sentence="3" t_id="70">plan</token>
<token number="70" sentence="3" t_id="71">that</token>
<token number="71" sentence="3" t_id="72">includes</token>
<token number="72" sentence="3" t_id="73">plant</token>
<token number="73" sentence="3" t_id="74">closures</token>
<token number="74" sentence="3" t_id="75">and</token>
<token number="75" sentence="3" t_id="76">other</token>
<token number="76" sentence="3" t_id="77">debt</token>
<token number="77" sentence="3" t_id="78">reduction</token>
<token number="78" sentence="3" t_id="79">measures</token>
<token number="79" sentence="3" t_id="80">.</token>
<token number="80" sentence="4" t_id="81">U.S.</token>
<token number="81" sentence="4" t_id="82">President</token>
<token number="82" sentence="4" t_id="83">Barack</token>
<token number="83" sentence="4" t_id="84">Obama</token>
<token number="84" sentence="4" t_id="85">'s</token>
<token number="85" sentence="4" t_id="86">administration</token>
<token number="86" sentence="4" t_id="87">said</token>
<token number="87" sentence="4" t_id="88">it</token>
<token number="88" sentence="4" t_id="89">would</token>
<token number="89" sentence="4" t_id="90">not</token>
<token number="90" sentence="4" t_id="91">give</token>
<token number="91" sentence="4" t_id="92">more</token>
<token number="92" sentence="4" t_id="93">financial</token>
<token number="93" sentence="4" t_id="94">aid</token>
<token number="94" sentence="4" t_id="95">to</token>
<token number="95" sentence="4" t_id="96">the</token>
<token number="96" sentence="4" t_id="97">firm</token>
<token number="97" sentence="4" t_id="98">unless</token>
<token number="98" sentence="4" t_id="99">90</token>
<token number="99" sentence="4" t_id="100">%</token>
<token number="100" sentence="4" t_id="101">of</token>
<token number="101" sentence="4" t_id="102">GM</token>
<token number="102" sentence="4" t_id="103">'s</token>
<token number="103" sentence="4" t_id="104">bondholders</token>
<token number="104" sentence="4" t_id="105">would</token>
<token number="105" sentence="4" t_id="106">agree</token>
<token number="106" sentence="4" t_id="107">on</token>
<token number="107" sentence="4" t_id="108">compromises</token>
<token number="108" sentence="4" t_id="109">that</token>
<token number="109" sentence="4" t_id="110">would</token>
<token number="110" sentence="4" t_id="111">significantly</token>
<token number="111" sentence="4" t_id="112">reduce</token>
<token number="112" sentence="4" t_id="113">the</token>
<token number="113" sentence="4" t_id="114">firm</token>
<token number="114" sentence="4" t_id="115">'s</token>
<token number="115" sentence="4" t_id="116">costs</token>
<token number="116" sentence="4" t_id="117">.</token>
<token number="117" sentence="5" t_id="118">``</token>
<token number="118" sentence="5" t_id="119">The</token>
<token number="119" sentence="5" t_id="120">principal</token>
<token number="120" sentence="5" t_id="121">amount</token>
<token number="121" sentence="5" t_id="122">of</token>
<token number="122" sentence="5" t_id="123">notes</token>
<token number="123" sentence="5" t_id="124">tendered</token>
<token number="124" sentence="5" t_id="125">was</token>
<token number="125" sentence="5" t_id="126">substantially</token>
<token number="126" sentence="5" t_id="127">less</token>
<token number="127" sentence="5" t_id="128">than</token>
<token number="128" sentence="5" t_id="129">the</token>
<token number="129" sentence="5" t_id="130">amount</token>
<token number="130" sentence="5" t_id="131">required</token>
<token number="131" sentence="5" t_id="132">by</token>
<token number="132" sentence="5" t_id="133">GM</token>
<token number="133" sentence="5" t_id="134">to</token>
<token number="134" sentence="5" t_id="135">satisfy</token>
<token number="135" sentence="5" t_id="136">the</token>
<token number="136" sentence="5" t_id="137">debt</token>
<token number="137" sentence="5" t_id="138">reduction</token>
<token number="138" sentence="5" t_id="139">requirement</token>
<token number="139" sentence="5" t_id="140">,</token>
<token number="140" sentence="5" t_id="141">''</token>
<token number="141" sentence="5" t_id="142">GM</token>
<token number="142" sentence="5" t_id="143">said</token>
<token number="143" sentence="5" t_id="144">in</token>
<token number="144" sentence="5" t_id="145">a</token>
<token number="145" sentence="5" t_id="146">statement</token>
<token number="146" sentence="5" t_id="147">.</token>
<token number="147" sentence="6" t_id="148">``</token>
<token number="148" sentence="6" t_id="149">They</token>
<token number="149" sentence="6" t_id="150">said</token>
<token number="150" sentence="6" t_id="151">no</token>
<token number="151" sentence="6" t_id="152">.</token>
<token number="152" sentence="7" t_id="153">That</token>
<token number="153" sentence="7" t_id="154">'s</token>
<token number="154" sentence="7" t_id="155">it</token>
<token number="155" sentence="7" t_id="156">.</token>
<token number="156" sentence="8" t_id="157">They</token>
<token number="157" sentence="8" t_id="158">tried</token>
<token number="158" sentence="8" t_id="159">.</token>
<token number="159" sentence="9" t_id="160">That</token>
<token number="160" sentence="9" t_id="161">'s</token>
<token number="161" sentence="9" t_id="162">why</token>
<token number="162" sentence="9" t_id="163">they</token>
<token number="163" sentence="9" t_id="164">'re</token>
<token number="164" sentence="9" t_id="165">going</token>
<token number="165" sentence="9" t_id="166">to</token>
<token number="166" sentence="9" t_id="167">have</token>
<token number="167" sentence="9" t_id="168">to</token>
<token number="168" sentence="9" t_id="169">file</token>
<token number="169" sentence="9" t_id="170">for</token>
<token number="170" sentence="9" t_id="171">bankruptcy</token>
<token number="171" sentence="9" t_id="172">,</token>
<token number="172" sentence="9" t_id="173">''</token>
<token number="173" sentence="9" t_id="174">said</token>
<token number="174" sentence="9" t_id="175">a</token>
<token number="175" sentence="9" t_id="176">university</token>
<token number="176" sentence="9" t_id="177">professor</token>
<token number="177" sentence="9" t_id="178">from</token>
<token number="178" sentence="9" t_id="179">the</token>
<token number="179" sentence="9" t_id="180">University</token>
<token number="180" sentence="9" t_id="181">of</token>
<token number="181" sentence="9" t_id="182">Michigan</token>
<token number="182" sentence="9" t_id="183">who</token>
<token number="183" sentence="9" t_id="184">specializes</token>
<token number="184" sentence="9" t_id="185">in</token>
<token number="185" sentence="9" t_id="186">bankruptcy</token>
<token number="186" sentence="9" t_id="187">.</token>
<Markables>
<ENTITY_MENTION comment="" head="" m_id="51" syntactic_type="NAM">
<token_anchor t_id="133"/>
</ENTITY_MENTION>
<ENTITY_MENTION comment="" head="" m_id="19" syntactic_type="">
<token_anchor t_id="53"/>
<token_anchor t_id="54"/>
</ENTITY_MENTION>
<ENTITY_MENTION comment="" head="" m_id="52" syntactic_type="">
<token_anchor t_id="137"/>
</ENTITY_MENTION>
<ENTITY_MENTION comment="" head="" m_id="20" syntactic_type="">
<token_anchor t_id="68"/>
</ENTITY_MENTION>
<ENTITY_MENTION comment="" head="" m_id="53" syntactic_type="NAM">
<token_anchor t_id="142"/>
</ENTITY_MENTION>
<ENTITY_MENTION comment="" head="" m_id="21" syntactic_type="">
<token_anchor t_id="73"/>
</ENTITY_MENTION>
<ENTITY_MENTION comment="" head="" m_id="29" syntactic_type="">
<token_anchor t_id="77"/>
</ENTITY_MENTION>
<ENTITY_MENTION comment="" head="" m_id="31" syntactic_type="PRE.NAM">
<token_anchor t_id="81"/>
</ENTITY_MENTION>
<ENTITY_MENTION comment="" head="" m_id="95" syntactic_type="PRE.NAM">
<token_anchor t_id="3"/>
</ENTITY_MENTION>
<ENTITY_MENTION comment="" head="" m_id="32" syntactic_type="">
<token_anchor t_id="81"/>
<token_anchor t_id="82"/>
</ENTITY_MENTION>
<ENTITY_MENTION comment="" head="" m_id="96" syntactic_type="">
<token_anchor t_id="3"/>
<token_anchor t_id="4"/>
</ENTITY_MENTION>
<ENTITY_MENTION comment="" head="" m_id="1" syntactic_type="PRE.NAM">
<token_anchor t_id="18"/>
<token_anchor t_id="19"/>
</ENTITY_MENTION>
<ENTITY_MENTION comment="" head="" m_id="33" syntactic_type="">
<token_anchor t_id="83"/>
<token_anchor t_id="84"/>
</ENTITY_MENTION>
<ENTITY_MENTION comment="" head="" m_id="97" syntactic_type="NAM">
<token_anchor t_id="5"/>
</ENTITY_MENTION>
<ENTITY_MENTION comment="" head="" m_id="2" syntactic_type="NAM">
<token_anchor t_id="23"/>
<token_anchor t_id="24"/>
</ENTITY_MENTION>
<ENTITY_MENTION comment="" head="" m_id="34" syntactic_type="NAM">
<token_anchor t_id="81"/>
<token_anchor t_id="82"/>
<token_anchor t_id="83"/>
<token_anchor t_id="84"/>
</ENTITY_MENTION>
<ENTITY_MENTION comment="" head="" m_id="98" syntactic_type="NAM">
<token_anchor t_id="3"/>
<token_anchor t_id="4"/>
<token_anchor t_id="5"/>
</ENTITY_MENTION>
<ENTITY_MENTION comment="" head="" m_id="3" syntactic_type="">
<token_anchor t_id="17"/>
<token_anchor t_id="18"/>
<token_anchor t_id="19"/>
<token_anchor t_id="20"/>
<token_anchor t_id="21"/>
<token_anchor t_id="22"/>
</ENTITY_MENTION>
<ENTITY_MENTION comment="" head="" m_id="35" syntactic_type="">
<token_anchor t_id="81"/>
<token_anchor t_id="82"/>
<token_anchor t_id="83"/>
<token_anchor t_id="84"/>
<token_anchor t_id="85"/>
<token_anchor t_id="86"/>
</ENTITY_MENTION>
<ENTITY_MENTION comment="" head="" m_id="36" syntactic_type="">
<token_anchor t_id="88"/>
</ENTITY_MENTION>
<ENTITY_MENTION comment="" head="" m_id="99" syntactic_type="">
<token_anchor t_id="10"/>
</ENTITY_MENTION>
<ENTITY_MENTION comment="" head="" m_id="4" syntactic_type="NAM">
<token_anchor t_id="17"/>
<token_anchor t_id="18"/>
<token_anchor t_id="19"/>
<token_anchor t_id="20"/>
<token_anchor t_id="21"/>
<token_anchor t_id="22"/>
<token_anchor t_id="23"/>
<token_anchor t_id="24"/>
</ENTITY_MENTION>
<ENTITY_MENTION comment="" head="" m_id="37" syntactic_type="">
<token_anchor t_id="92"/>
<token_anchor t_id="93"/>
<token_anchor t_id="94"/>
</ENTITY_MENTION>
<ENTITY_MENTION comment="" head="" m_id="5" syntactic_type="">
<token_anchor t_id="31"/>
</ENTITY_MENTION>
<ENTITY_MENTION comment="" head="" m_id="38" syntactic_type="">
<token_anchor t_id="96"/>
<token_anchor t_id="97"/>
</ENTITY_MENTION>
<ENTITY_MENTION comment="" head="" m_id="6" syntactic_type="">
<token_anchor t_id="29"/>
<token_anchor t_id="30"/>
<token_anchor t_id="31"/>
<token_anchor t_id="32"/>
</ENTITY_MENTION>
<ENTITY_MENTION comment="" head="" m_id="39" syntactic_type="NAM">
<token_anchor t_id="102"/>
</ENTITY_MENTION>
<ENTITY_MENTION comment="" head="" m_id="7" syntactic_type="NAM">
<token_anchor t_id="36"/>
</ENTITY_MENTION>
<ENTITY_MENTION comment="" head="" m_id="40" syntactic_type="">
<token_anchor t_id="99"/>
<token_anchor t_id="100"/>
<token_anchor t_id="101"/>
<token_anchor t_id="102"/>
<token_anchor t_id="103"/>
<token_anchor t_id="104"/>
</ENTITY_MENTION>
<ENTITY_MENTION comment="" head="" m_id="8" syntactic_type="">
<token_anchor t_id="43"/>
<token_anchor t_id="44"/>
<token_anchor t_id="45"/>
<token_anchor t_id="46"/>
<token_anchor t_id="47"/>
<token_anchor t_id="48"/>
<token_anchor t_id="49"/>
<token_anchor t_id="50"/>
<token_anchor t_id="51"/>
</ENTITY_MENTION>
<ENTITY_MENTION comment="" head="" m_id="41" syntactic_type="">
<token_anchor t_id="113"/>
<token_anchor t_id="114"/>
</ENTITY_MENTION>
<ENTITY_MENTION comment="" head="" m_id="9" syntactic_type="">
<token_anchor t_id="48"/>
<token_anchor t_id="49"/>
<token_anchor t_id="50"/>
<token_anchor t_id="51"/>
</ENTITY_MENTION>
<ENTITY_MENTION comment="" head="" m_id="10" syntactic_type="">
<token_anchor t_id="48"/>
<token_anchor t_id="49"/>
</ENTITY_MENTION>
<ENTITY_MENTION comment="" head="" m_id="11" syntactic_type="">
<token_anchor t_id="36"/>
<token_anchor t_id="37"/>
<token_anchor t_id="38"/>
<token_anchor t_id="39"/>
<token_anchor t_id="40"/>
<token_anchor t_id="41"/>
</ENTITY_MENTION>
<ENTITY_MENTION comment="" head="" m_id="50" syntactic_type="">
<token_anchor t_id="119"/>
<token_anchor t_id="120"/>
<token_anchor t_id="121"/>
<token_anchor t_id="122"/>
<token_anchor t_id="123"/>
<token_anchor t_id="124"/>
</ENTITY_MENTION>
<EVENT_MENTION aspect="NONE" certainty="CERTAIN" comment="" m_id="54" modality="" polarity="POS" pos="VERB" pred="" special_cases="NONE" tense="PAST" time="NON_FUTURE">
<token_anchor t_id="125"/>
</EVENT_MENTION>
<EVENT_MENTION aspect="NONE" certainty="CERTAIN" comment="" m_id="22" modality="" polarity="POS" pos="NOUN" pred="" special_cases="NONE" tense="NONE" time="NON_FUTURE">
<token_anchor t_id="58"/>
</EVENT_MENTION>
<EVENT_MENTION aspect="NONE" certainty="UNDERSPECIFIED" comment="" m_id="55" modality="" polarity="UNDERSPECIFIED" pos="VERB" pred="" special_cases="NONE" tense="INFINITIVE" time="FUTURE">
<token_anchor t_id="135"/>
</EVENT_MENTION>
<EVENT_MENTION aspect="NONE" certainty="CERTAIN" comment="" m_id="23" modality="" polarity="UNDERSPECIFIED" pos="VERB" pred="" special_cases="NONE" tense="INFINITIVE" time="FUTURE">
<token_anchor t_id="66"/>
</EVENT_MENTION>
<EVENT_MENTION aspect="NONE" certainty="PROBABLE" comment="" m_id="56" modality="" polarity="UNDERSPECIFIED" pos="NOUN" pred="" special_cases="NONE" tense="NONE" time="FUTURE">
<token_anchor t_id="138"/>
</EVENT_MENTION>
<EVENT_MENTION aspect="NONE" certainty="CERTAIN" comment="" m_id="24" modality="" polarity="POS" pos="VERB" pred="" special_cases="NONE" tense="PRESENT" time="NON_FUTURE">
<token_anchor t_id="60"/>
</EVENT_MENTION>
<EVENT_MENTION aspect="NONE" certainty="CERTAIN" comment="" m_id="57" modality="" polarity="POS" pos="NOUN" pred="" special_cases="NONE" tense="NONE" time="NON_FUTURE">
<token_anchor t_id="139"/>
</EVENT_MENTION>
<EVENT_MENTION aspect="NONE" certainty="CERTAIN" comment="" m_id="25" modality="" polarity="POS" pos="VERB" pred="" special_cases="NONE" tense="PRESENT" time="NON_FUTURE">
<token_anchor t_id="72"/>
</EVENT_MENTION>
<EVENT_MENTION aspect="NONE" certainty="CERTAIN" comment="" m_id="58" modality="" polarity="POS" pos="VERB" pred="" special_cases="NONE" tense="PAST" time="NON_FUTURE">
<token_anchor t_id="143"/>
</EVENT_MENTION>
<EVENT_MENTION aspect="NONE" certainty="CERTAIN" comment="" m_id="26" modality="" polarity="POS" pos="NOUN" pred="" special_cases="NONE" tense="NONE" time="FUTURE">
<token_anchor t_id="74"/>
</EVENT_MENTION>
<EVENT_MENTION aspect="NONE" certainty="CERTAIN" comment="" m_id="27" modality="" polarity="POS" pos="NOUN" pred="" special_cases="NONE" tense="NONE" time="FUTURE">
<token_anchor t_id="78"/>
</EVENT_MENTION>
<EVENT_MENTION aspect="NONE" certainty="CERTAIN" comment="" m_id="62" modality="" polarity="POS" pos="VERB" pred="" special_cases="NONE" tense="PAST" time="NON_FUTURE">
<token_anchor t_id="131"/>
</EVENT_MENTION>
<EVENT_MENTION aspect="NONE" certainty="CERTAIN" comment="" m_id="30" modality="" polarity="UNDERSPECIFIED" pos="NOUN" pred="" special_cases="NONE" tense="NONE" time="FUTURE">
<token_anchor t_id="70"/>
</EVENT_MENTION>
<EVENT_MENTION aspect="NONE" certainty="CERTAIN" comment="" m_id="63" modality="" polarity="POS" pos="NOUN" pred="" special_cases="NONE" tense="NONE" time="NON_FUTURE">
<token_anchor t_id="146"/>
</EVENT_MENTION>
<EVENT_MENTION aspect="NONE" certainty="PROBABLE" comment="" m_id="100" modality="" polarity="POS" pos="NOUN" pred="" special_cases="NONE" tense="NONE" time="UNDERSPECIFIED">
<token_anchor t_id="1"/>
</EVENT_MENTION>
<EVENT_MENTION aspect="NONE" certainty="PROBABLE" comment="" m_id="101" modality="" polarity="POS" pos="VERB" pred="" special_cases="NONE" tense="NONE" time="NON_FUTURE">
<token_anchor t_id="6"/>
</EVENT_MENTION>
<EVENT_MENTION aspect="NONE" certainty="CERTAIN" comment="" m_id="102" modality="" polarity="POS" pos="NOUN" pred="" special_cases="NONE" tense="NONE" time="NON_FUTURE">
<token_anchor t_id="11"/>
</EVENT_MENTION>
<EVENT_MENTION aspect="NONE" certainty="CERTAIN" comment="" m_id="103" modality="" polarity="POS" pos="VERB" pred="" special_cases="NONE" tense="PRESENT" time="NON_FUTURE">
<token_anchor t_id="12"/>
</EVENT_MENTION>
<EVENT_MENTION aspect="NONE" certainty="CERTAIN" comment="" m_id="43" modality="" polarity="POS" pos="VERB" pred="" special_cases="NONE" tense="PAST" time="NON_FUTURE">
<token_anchor t_id="87"/>
</EVENT_MENTION>
<EVENT_MENTION aspect="NONE" certainty="CERTAIN" comment="" m_id="44" modality="" polarity="NEG" pos="VERB" pred="" special_cases="COND_MAIN_CLAUSE" tense="PAST" time="FUTURE">
<token_anchor t_id="91"/>
</EVENT_MENTION>
<EVENT_MENTION aspect="NONE" certainty="CERTAIN" comment="" m_id="12" modality="" polarity="POS" pos="VERB" pred="" special_cases="NONE" tense="PAST" time="NON_FUTURE">
<token_anchor t_id="25"/>
</EVENT_MENTION>
<EVENT_MENTION aspect="NONE" certainty="UNDERSPECIFIED" comment="" m_id="45" modality="" polarity="UNDERSPECIFIED" pos="VERB" pred="" special_cases="NONE" tense="PAST" time="FUTURE">
<token_anchor t_id="106"/>
</EVENT_MENTION>
<EVENT_MENTION aspect="NONE" certainty="CERTAIN" comment="" m_id="13" modality="" polarity="NEG" pos="VERB" pred="" special_cases="NONE" tense="PAST" time="NON_FUTURE">
<token_anchor t_id="35"/>
</EVENT_MENTION>
<EVENT_MENTION aspect="NONE" certainty="UNDERSPECIFIED" comment="" m_id="46" modality="" polarity="UNDERSPECIFIED" pos="NOUN" pred="" special_cases="NONE" tense="NONE" time="FUTURE">
<token_anchor t_id="108"/>
</EVENT_MENTION>
<EVENT_MENTION aspect="NONE" certainty="UNDERSPECIFIED" comment="" m_id="47" modality="" polarity="UNDERSPECIFIED" pos="OTHER" pred="" special_cases="NONE" tense="NONE" time="FUTURE">
<token_anchor t_id="109"/>
</EVENT_MENTION>
<EVENT_MENTION aspect="NONE" certainty="UNDERSPECIFIED" comment="" m_id="48" modality="" polarity="UNDERSPECIFIED" pos="VERB" pred="" special_cases="NONE" tense="PAST" time="FUTURE">
<token_anchor t_id="112"/>
</EVENT_MENTION>
<EVENT_MENTION aspect="NONE" certainty="CERTAIN" comment="" m_id="49" modality="" polarity="POS" pos="NOUN" pred="" special_cases="NONE" tense="NONE" time="NON_FUTURE">
<token_anchor t_id="116"/>
</EVENT_MENTION>
<SIGNAL comment="" m_id="14">
<token_anchor t_id="26"/>
</SIGNAL>
<TIMEX3 anchorTimeID="16" beginPoint="" comment="" endPoint="" functionInDocument="NONE" m_id="28" type="DATE" value="2009-06-01">
<token_anchor t_id="62"/>
<token_anchor t_id="63"/>
</TIMEX3>
<TIMEX3 anchorTimeID="16" beginPoint="" comment="" endPoint="" functionInDocument="NONE" m_id="15" type="DATE" value="2009-05-27">
<token_anchor t_id="27"/>
</TIMEX3>
<TIMEX3 anchorTimeID="" beginPoint="" comment="" endPoint="" functionInDocument="CREATION_TIME" m_id="16" type="DATE" value="2009-05-28">
<token_anchor t_id="13"/>
<token_anchor t_id="14"/>
<token_anchor t_id="15"/>
<token_anchor t_id="16"/>
</TIMEX3>
<VALUE comment="" m_id="59" type="QUANTITY">
<token_anchor t_id="119"/>
<token_anchor t_id="120"/>
<token_anchor t_id="121"/>
</VALUE>
<VALUE comment="" m_id="60" type="QUANTITY">
<token_anchor t_id="126"/>
<token_anchor t_id="127"/>
</VALUE>
<VALUE comment="" m_id="61" type="QUANTITY">
<token_anchor t_id="129"/>
<token_anchor t_id="130"/>
</VALUE>
<VALUE comment="" m_id="42" type="PERCENT">
<token_anchor t_id="99"/>
<token_anchor t_id="100"/>
</VALUE>
<VALUE comment="" m_id="17" type="MONEY">
<token_anchor t_id="38"/>
<token_anchor t_id="39"/>
<token_anchor t_id="40"/>
</VALUE>
<VALUE comment="" m_id="18" type="PERCENT">
<token_anchor t_id="44"/>
<token_anchor t_id="45"/>
</VALUE>



<ENTITY_MENTION m_id="118">
  <token_anchor t_id="20"/>
</ENTITY_MENTION>
<ENTITY_MENTION m_id="125">
  <token_anchor t_id="17"/>
  <token_anchor t_id="18"/>
  <token_anchor t_id="19"/>
</ENTITY_MENTION>

<EVENT TAG_DESCRIPTOR="bankruptcy" class="OTHER" comment="" external_ref="" m_id="107"/><EVENT TAG_DESCRIPTOR="become" class="GRAMMATICAL" comment="" external_ref="" m_id="106"/>
<EVENT TAG_DESCRIPTOR="bonholders' offer" class="OTHER" comment="" external_ref="" m_id="105"/><EVENT TAG_DESCRIPTOR="fail" class="GRAMMATICAL" comment="" external_ref="" m_id="104"/>
<EVENT TAG_DESCRIPTOR="plan" class="SPEECH_COGNITIVE" comment="" external_ref="" m_id="89"/><EVENT TAG_DESCRIPTOR="include" class="OTHER" comment="" external_ref="" m_id="88"/>
<EVENT TAG_DESCRIPTOR="Have-EHU" class="OTHER" instance_id="OTH40166924368580505" m_id="165"/><EVENT TAG_DESCRIPTOR="closure" class="OTHER" comment="" external_ref="" m_id="87"/>
<EVENT TAG_DESCRIPTOR="reduction" class="OTHER" comment="" external_ref="" m_id="86"/><EVENT TAG_DESCRIPTOR="say" class="SPEECH_COGNITIVE" comment="" external_ref="" m_id="85"/>
<EVENT TAG_DESCRIPTOR="Say-EHU" class="SPEECH_COGNITIVE" instance_id="SPE40170558490989382" m_id="162"/><EVENT TAG_DESCRIPTOR="give" class="OTHER" comment="" external_ref="" m_id="84"/>
<EVENT TAG_DESCRIPTOR="agree" class="SPEECH_COGNITIVE" comment="" external_ref="" m_id="83"/>
<EVENT TAG_DESCRIPTOR="compromises" class="OTHER" comment="" external_ref="" m_id="82"/><EVENT TAG_DESCRIPTOR="reduce" class="OTHER" comment="" external_ref="" m_id="81"/>
<EVENT TAG_DESCRIPTOR="cost" class="OTHER" comment="" external_ref="" m_id="80"/><EVENT TAG_DESCRIPTOR="Announce-EHU" class="SPEECH_COGNITIVE" instance_id="SPE40170027437763458" m_id="159"/>
<EVENT TAG_DESCRIPTOR="Require-EHU" class="OTHER" instance_id="OTH40540343086339680" m_id="157"/><EVENT TAG_DESCRIPTOR="be" class="GRAMMATICAL" comment="" external_ref="" m_id="79"/>
<EVENT TAG_DESCRIPTOR="satisfy" class="OTHER" comment="" external_ref="" m_id="77"/><EVENT TAG_DESCRIPTOR="requirement" class="OTHER" comment="" external_ref="" m_id="76"/>
<EVENT TAG_DESCRIPTOR="statement" class="SPEECH_COGNITIVE" comment="" external_ref="" m_id="74"/>
<EVENT TAG_DESCRIPTOR="exchange" class="OTHER" comment="" external_ref="" m_id="93"/><EVENT TAG_DESCRIPTOR="financial straits" class="OTHER" comment="" external_ref="" m_id="92"/>
<EVENT TAG_DESCRIPTOR="finish" class="GRAMMATICAL" comment="" external_ref="" m_id="90"/><ENTITY TAG_DESCRIPTOR="debt - general" ent_type="FIN" instance_id="FIN45388019616399088" m_id="164"/>
<ENTITY TAG_DESCRIPTOR="plant - GM" ent_type="PRO" instance_id="PRO45388585944101069" m_id="163"/><ENTITY TAG_DESCRIPTOR="General Motors" ent_type="ORG" external_ref="http://dbpedia.org/resource/General_Motors" instance_id="ORG37406424148086837" m_id="160"/>
<ENTITY TAG_DESCRIPTOR="27 billion debt" ent_type="FIN" instance_id="FIN45387920585914443" m_id="158"/><ENTITY TAG_DESCRIPTOR="Barack Obama" ent_type="PER" external_ref="http://dbpedia.org/resource/Barack_Obama" instance_id="PER37406424967115208" m_id="156"/>
<ENTITY TAG_DESCRIPTOR="most of the notes tendered" ent_type="FIN" instance_id="FIN45387692111609939" m_id="155"/><ENTITY TAG_DESCRIPTOR="automobile" ent_type="PRO" instance_id="PRO37402535305680047" m_id="154"/>
<ENTITY TAG_DESCRIPTOR="bondholder" ent_type="PER" instance_id="PER46415299759624109" m_id="153"/><ENTITY TAG_DESCRIPTOR="GM's stock" ent_type="FIN" instance_id="FIN46419614611241826" m_id="152"/>
<ENTITY TAG_DESCRIPTOR="90% of GM bondholders" ent_type="PER" instance_id="PER47033920279370673" m_id="151"/><ENTITY TAG_DESCRIPTOR="United States of America " ent_type="LOC" external_ref="http://dbpedia.org/resource/United_States" instance_id="LOC27735327659249054" m_id="150"/>
<ENTITY TAG_DESCRIPTOR="United States" comment="" ent_class="" ent_type="LOC" external_ref="" m_id="72"/><ENTITY TAG_DESCRIPTOR="financial aid" ent_type="FIN" instance_id="FIN45388042835765340" m_id="149"/>
<ENTITY TAG_DESCRIPTOR="10% GM share" comment="" ent_class="" ent_type="FIN" external_ref="" m_id="69"/></Markables>
<Relations>
<HAS_PARTICIPANT comment="" r_id="131969" sem_role="Arg0" sem_role_framework="PROPBANK">
<source m_id="12"/>
<target m_id="4"/>
</HAS_PARTICIPANT>
<HAS_PARTICIPANT comment="" r_id="131970" sem_role="Arg0" sem_role_framework="PROPBANK">
<source m_id="13"/>
<target m_id="6"/>
</HAS_PARTICIPANT>
<HAS_PARTICIPANT comment="" r_id="131971" sem_role="Arg1" sem_role_framework="PROPBANK">
<source m_id="13"/>
<target m_id="11"/>
</HAS_PARTICIPANT>
<HAS_PARTICIPANT comment="" r_id="131972" sem_role="Arg3" sem_role_framework="PROPBANK">
<source m_id="13"/>
<target m_id="8"/>
</HAS_PARTICIPANT>
<SLINK comment="" r_id="131973">
<source m_id="12"/>
<target m_id="13"/>
</SLINK>
<HAS_PARTICIPANT comment="" r_id="242697" sem_role="Arg0" sem_role_framework="PROPBANK">
<source m_id="22"/>
<target m_id="19"/>
</HAS_PARTICIPANT>
<HAS_PARTICIPANT comment="" r_id="242698" sem_role="Arg0" sem_role_framework="PROPBANK">
<source m_id="24"/>
<target m_id="19"/>
</HAS_PARTICIPANT>
<HAS_PARTICIPANT comment="" r_id="242700" sem_role="Arg1" sem_role_framework="PROPBANK">
<source m_id="26"/>
<target m_id="21"/>
</HAS_PARTICIPANT>
<HAS_PARTICIPANT comment="" r_id="242701" sem_role="Arg1" sem_role_framework="PROPBANK">
<source m_id="27"/>
<target m_id="29"/>
</HAS_PARTICIPANT>
<HAS_PARTICIPANT comment="" r_id="242702" sem_role="Arg0" sem_role_framework="PROPBANK">
<source m_id="30"/>
<target m_id="20"/>
</HAS_PARTICIPANT>
<GLINK comment="" r_id="242703">
<source m_id="23"/>
<target m_id="30"/>
</GLINK>
<HAS_PARTICIPANT comment="" r_id="242704" sem_role="Arg0" sem_role_framework="PROPBANK">
<source m_id="43"/>
<target m_id="35"/>
</HAS_PARTICIPANT>
<HAS_PARTICIPANT comment="" r_id="242705" sem_role="Arg0" sem_role_framework="PROPBANK">
<source m_id="44"/>
<target m_id="36"/>
</HAS_PARTICIPANT>
<HAS_PARTICIPANT comment="" r_id="242706" sem_role="Arg1" sem_role_framework="PROPBANK">
<source m_id="44"/>
<target m_id="37"/>
</HAS_PARTICIPANT>
<HAS_PARTICIPANT comment="" r_id="242707" sem_role="Arg2" sem_role_framework="PROPBANK">
<source m_id="44"/>
<target m_id="38"/>
</HAS_PARTICIPANT>
<HAS_PARTICIPANT comment="" r_id="242708" sem_role="Arg0" sem_role_framework="PROPBANK">
<source m_id="45"/>
<target m_id="40"/>
</HAS_PARTICIPANT>
<HAS_PARTICIPANT comment="" r_id="242709" sem_role="Arg1" sem_role_framework="PROPBANK">
<source m_id="49"/>
<target m_id="41"/>
</HAS_PARTICIPANT>
<SLINK comment="" r_id="242710">
<source m_id="43"/>
<target m_id="44"/>
</SLINK>
<SLINK comment="" r_id="242711">
<source m_id="45"/>
<target m_id="46"/>
</SLINK>
<GLINK comment="" r_id="242712">
<source m_id="48"/>
<target m_id="49"/>
</GLINK>
<HAS_PARTICIPANT comment="" r_id="242713" sem_role="Arg1" sem_role_framework="PROPBANK">
<source m_id="54"/>
<target m_id="50"/>
</HAS_PARTICIPANT>
<HAS_PARTICIPANT comment="" r_id="242714" sem_role="Arg2" sem_role_framework="PROPBANK">
<source m_id="54"/>
<target m_id="60"/>
</HAS_PARTICIPANT>
<HAS_PARTICIPANT comment="" r_id="242715" sem_role="Arg1" sem_role_framework="PROPBANK">
<source m_id="62"/>
<target m_id="61"/>
</HAS_PARTICIPANT>
<HAS_PARTICIPANT comment="" r_id="242716" sem_role="Arg0" sem_role_framework="PROPBANK">
<source m_id="62"/>
<target m_id="51"/>
</HAS_PARTICIPANT>
<HAS_PARTICIPANT comment="" r_id="242717" sem_role="Arg1" sem_role_framework="PROPBANK">
<source m_id="56"/>
<target m_id="52"/>
</HAS_PARTICIPANT>
<HAS_PARTICIPANT comment="" r_id="242718" sem_role="Arg0" sem_role_framework="PROPBANK">
<source m_id="58"/>
<target m_id="53"/>
</HAS_PARTICIPANT>
<SLINK comment="" r_id="242719">
<source m_id="58"/>
<target m_id="54"/>
</SLINK>
<TLINK comment="" r_id="242720" reltype="BEFORE" signalID="">
<source m_id="12"/>
<target m_id="16"/>
</TLINK>
<TLINK comment="" r_id="242721" reltype="BEFORE" signalID="">
<source m_id="13"/>
<target m_id="16"/>
</TLINK>
<TLINK comment="" r_id="242722" reltype="IS_INCLUDED" signalID="">
<source m_id="24"/>
<target m_id="16"/>
</TLINK>
<TLINK comment="" r_id="242723" reltype="IS_INCLUDED" signalID="">
<source m_id="25"/>
<target m_id="16"/>
</TLINK>
<TLINK comment="" r_id="242724" reltype="BEFORE" signalID="">
<source m_id="43"/>
<target m_id="16"/>
</TLINK>
<TLINK comment="" r_id="242725" reltype="AFTER" signalID="">
<source m_id="44"/>
<target m_id="16"/>
</TLINK>
<TLINK comment="" r_id="242726" reltype="AFTER" signalID="">
<source m_id="45"/>
<target m_id="16"/>
</TLINK>
<TLINK comment="" r_id="242727" reltype="AFTER" signalID="">
<source m_id="48"/>
<target m_id="16"/>
</TLINK>
<TLINK comment="" r_id="242728" reltype="BEFORE" signalID="">
<source m_id="54"/>
<target m_id="16"/>
</TLINK>
<TLINK comment="" r_id="242729" reltype="BEFORE" signalID="">
<source m_id="58"/>
<target m_id="16"/>
</TLINK>
<TLINK comment="" r_id="242730" reltype="BEFORE" signalID="">
<source m_id="12"/>
<target m_id="24"/>
</TLINK>
<TLINK comment="" r_id="242731" reltype="AFTER" signalID="">
<source m_id="24"/>
<target m_id="43"/>
</TLINK>
<TLINK comment="" r_id="242732" reltype="BEFORE" signalID="">
<source m_id="43"/>
<target m_id="58"/>
</TLINK>
<TLINK comment="" r_id="242733" reltype="AFTER" signalID="">
<source m_id="12"/>
<target m_id="13"/>
</TLINK>
<TLINK comment="" r_id="242734" reltype="BEFORE" signalID="">
<source m_id="43"/>
<target m_id="44"/>
</TLINK>
<TLINK comment="" r_id="242735" reltype="AFTER" signalID="">
<source m_id="44"/>
<target m_id="45"/>
</TLINK>
<TLINK comment="" r_id="242736" reltype="AFTER" signalID="">
<source m_id="58"/>
<target m_id="54"/>
</TLINK>
<TLINK comment="" r_id="242737" reltype="IS_INCLUDED" signalID="14">
<source m_id="12"/>
<target m_id="15"/>
</TLINK>
<TLINK comment="" r_id="242738" reltype="ENDED_BY" signalID="">
<source m_id="24"/>
<target m_id="28"/>
</TLINK>
<TLINK comment="" r_id="242739" reltype="ENDED_BY" signalID="">
<source m_id="23"/>
<target m_id="28"/>
</TLINK>
<HAS_PARTICIPANT comment="" r_id="243488" sem_role="Arg0" sem_role_framework="PROPBANK">
<source m_id="100"/>
<target m_id="98"/>
</HAS_PARTICIPANT>
<GLINK comment="" r_id="243711">
<source m_id="101"/>
<target m_id="100"/>
</GLINK>
<GLINK comment="" r_id="243712">
<source m_id="103"/>
<target m_id="102"/>
</GLINK>
<HAS_PARTICIPANT comment="" r_id="243713" sem_role="Arg0" sem_role_framework="PROPBANK">
<source m_id="102"/>
<target m_id="99"/>
</HAS_PARTICIPANT>











































<REFERS_TO r_id="243736">
<source m_id="40"/>
<target m_id="151"/>
</REFERS_TO>
<REFERS_TO r_id="243737">
<source m_id="35"/>
<source m_id="31"/>
<source m_id="125"/>
<source m_id="20"/>
<source m_id="95"/>
<source m_id="36"/>
<target m_id="150"/>
</REFERS_TO>
<REFERS_TO r_id="243738">
<source m_id="6"/>
<source m_id="99"/>
<target m_id="153"/>
</REFERS_TO>
<REFERS_TO r_id="243739">
<source m_id="9"/>
<target m_id="152"/>
</REFERS_TO>
<REFERS_TO r_id="243740">
<source m_id="50"/>
<target m_id="155"/>
</REFERS_TO>
<REFERS_TO r_id="243741">
<source m_id="118"/>
<target m_id="154"/>
</REFERS_TO>
<REFERS_TO r_id="243742">
<source m_id="62"/>
<target m_id="157"/>
</REFERS_TO>
<REFERS_TO r_id="243743">
<source m_id="34"/>
<source m_id="32"/>
<source m_id="33"/>
<target m_id="156"/>
</REFERS_TO>
<REFERS_TO r_id="243744">
<source m_id="12"/>
<target m_id="159"/>
</REFERS_TO>
<REFERS_TO r_id="243745">
<source m_id="11"/>
<target m_id="158"/>
</REFERS_TO>
<REFERS_TO r_id="243746">
<source m_id="25"/>
<target m_id="88"/>
</REFERS_TO>
<REFERS_TO r_id="243747">
<source m_id="30"/>
<target m_id="89"/>
</REFERS_TO>
<REFERS_TO r_id="243748">
<source m_id="24"/>
<target m_id="165"/>
</REFERS_TO>
<REFERS_TO r_id="243749">
<source m_id="46"/>
<source m_id="47"/>
<target m_id="82"/>
</REFERS_TO>
<REFERS_TO r_id="243750">
<source m_id="45"/>
<target m_id="83"/>
</REFERS_TO>
<REFERS_TO r_id="243751">
<source m_id="49"/>
<target m_id="80"/>
</REFERS_TO>
<REFERS_TO r_id="243752">
<source m_id="48"/>
<target m_id="81"/>
</REFERS_TO>
<REFERS_TO r_id="243753">
<source m_id="27"/>
<source m_id="56"/>
<target m_id="86"/>
</REFERS_TO>
<REFERS_TO r_id="243754">
<source m_id="26"/>
<target m_id="87"/>
</REFERS_TO>
<REFERS_TO r_id="243755">
<source m_id="44"/>
<target m_id="84"/>
</REFERS_TO>
<REFERS_TO r_id="243756">
<source m_id="43"/>
<target m_id="85"/>
</REFERS_TO>
<REFERS_TO r_id="243757">
<source m_id="8"/>
<target m_id="69"/>
</REFERS_TO>
<REFERS_TO r_id="243758">
<source m_id="51"/>
<source m_id="98"/>
<source m_id="7"/>

<source m_id="38"/>
<source m_id="39"/>
<source m_id="41"/>
<source m_id="10"/>
<source m_id="2"/>

<source m_id="96"/>
<source m_id="3"/>
<source m_id="97"/>
<source m_id="5"/>
<source m_id="19"/>
<source m_id="53"/>
<source m_id="4"/>
<target m_id="160"/>
</REFERS_TO>

<REFERS_TO r_id="243760">
<source m_id="58"/>
<target m_id="162"/>
</REFERS_TO>
<REFERS_TO r_id="243761">
<source m_id="54"/>
<target m_id="79"/>
</REFERS_TO>
<REFERS_TO r_id="243762">
<source m_id="21"/>
<target m_id="163"/>
</REFERS_TO>

<REFERS_TO r_id="243764">
<source m_id="37"/>
<target m_id="149"/>
</REFERS_TO>
<REFERS_TO r_id="243765">
<source m_id="55"/>
<target m_id="77"/>
</REFERS_TO>
<REFERS_TO r_id="243766">
<source m_id="57"/>
<target m_id="76"/>
</REFERS_TO>
<REFERS_TO r_id="243767">
<source m_id="63"/>
<target m_id="74"/>
</REFERS_TO>
<REFERS_TO r_id="243768">
<source m_id="1"/>
<target m_id="72"/>
</REFERS_TO>
<REFERS_TO r_id="243769">
<source m_id="29"/>
<source m_id="52"/>
<target m_id="164"/>
</REFERS_TO>
<REFERS_TO r_id="243770">
<source m_id="23"/>
<target m_id="90"/>
</REFERS_TO>
<REFERS_TO r_id="243771">
<source m_id="13"/>
<target m_id="93"/>
</REFERS_TO>
<REFERS_TO r_id="243772">
<source m_id="22"/>
<target m_id="92"/>
</REFERS_TO>
<REFERS_TO r_id="243773">
<source m_id="101"/>
<target m_id="106"/>
</REFERS_TO>
<REFERS_TO r_id="243774">
<source m_id="100"/>
<target m_id="107"/>
</REFERS_TO>
<REFERS_TO r_id="243775">
<source m_id="103"/>
<target m_id="104"/>
</REFERS_TO>
<REFERS_TO r_id="243776">
<source m_id="102"/>
<target m_id="105"/>
</REFERS_TO>
</Relations>
</Document>