<?xml version="1.0" ?><Document doc_id="150433" doc_name="150433_Ford_Motors_posts_2.7_billion_annual_profit" lang="en" url="http://en.wikinews.org/wiki/Ford_Motors_posts_US$2.7_billion_annual_profit">
<token number="0" sentence="0" t_id="1">Ford</token>
<token number="1" sentence="0" t_id="2">Motors</token>
<token number="2" sentence="0" t_id="3">posts</token>
<token number="3" sentence="0" t_id="4">US$</token>
<token number="4" sentence="0" t_id="5">2.7</token>
<token number="5" sentence="0" t_id="6">billion</token>
<token number="6" sentence="0" t_id="7">annual</token>
<token number="7" sentence="0" t_id="8">profit</token>
<token number="8" sentence="1" t_id="9">January</token>
<token number="9" sentence="1" t_id="10">28</token>
<token number="10" sentence="1" t_id="11">,</token>
<token number="11" sentence="1" t_id="12">2010</token>
<token number="12" sentence="2" t_id="13">Ford</token>
<token number="13" sentence="2" t_id="14">Motors</token>
<token number="14" sentence="2" t_id="15">Co.</token>
<token number="15" sentence="2" t_id="16">,</token>
<token number="16" sentence="2" t_id="17">the</token>
<token number="17" sentence="2" t_id="18">automobile</token>
<token number="18" sentence="2" t_id="19">manufacturing</token>
<token number="19" sentence="2" t_id="20">firm</token>
<token number="20" sentence="2" t_id="21">,</token>
<token number="21" sentence="2" t_id="22">has</token>
<token number="22" sentence="2" t_id="23">posted</token>
<token number="23" sentence="2" t_id="24">an</token>
<token number="24" sentence="2" t_id="25">annual</token>
<token number="25" sentence="2" t_id="26">profit</token>
<token number="26" sentence="2" t_id="27">for</token>
<token number="27" sentence="2" t_id="28">the</token>
<token number="28" sentence="2" t_id="29">last</token>
<token number="29" sentence="2" t_id="30">year</token>
<token number="30" sentence="2" t_id="31">of</token>
<token number="31" sentence="2" t_id="32">US$</token>
<token number="32" sentence="2" t_id="33">2.7</token>
<token number="33" sentence="2" t_id="34">billion</token>
<token number="34" sentence="2" t_id="35">,</token>
<token number="35" sentence="2" t_id="36">the</token>
<token number="36" sentence="2" t_id="37">first</token>
<token number="37" sentence="2" t_id="38">gain</token>
<token number="38" sentence="2" t_id="39">for</token>
<token number="39" sentence="2" t_id="40">four</token>
<token number="40" sentence="2" t_id="41">years</token>
<token number="41" sentence="2" t_id="42">.</token>
<token number="42" sentence="3" t_id="43">The</token>
<token number="43" sentence="3" t_id="44">statistics</token>
<token number="44" sentence="3" t_id="45">are</token>
<token number="45" sentence="3" t_id="46">an</token>
<token number="46" sentence="3" t_id="47">improvement</token>
<token number="47" sentence="3" t_id="48">from</token>
<token number="48" sentence="3" t_id="49">2008</token>
<token number="49" sentence="3" t_id="50">,</token>
<token number="50" sentence="3" t_id="51">when</token>
<token number="51" sentence="3" t_id="52">the</token>
<token number="52" sentence="3" t_id="53">car</token>
<token number="53" sentence="3" t_id="54">company</token>
<token number="54" sentence="3" t_id="55">posted</token>
<token number="55" sentence="3" t_id="56">a</token>
<token number="56" sentence="3" t_id="57">loss</token>
<token number="57" sentence="3" t_id="58">of</token>
<token number="58" sentence="3" t_id="59">close</token>
<token number="59" sentence="3" t_id="60">to</token>
<token number="60" sentence="3" t_id="61">$</token>
<token number="61" sentence="3" t_id="62">15</token>
<token number="62" sentence="3" t_id="63">billion</token>
<token number="63" sentence="3" t_id="64">.</token>
<token number="64" sentence="4" t_id="65">For</token>
<token number="65" sentence="4" t_id="66">the</token>
<token number="66" sentence="4" t_id="67">final</token>
<token number="67" sentence="4" t_id="68">quarter</token>
<token number="68" sentence="4" t_id="69">of</token>
<token number="69" sentence="4" t_id="70">2009</token>
<token number="70" sentence="4" t_id="71">,</token>
<token number="71" sentence="4" t_id="72">Ford</token>
<token number="72" sentence="4" t_id="73">says</token>
<token number="73" sentence="4" t_id="74">it</token>
<token number="74" sentence="4" t_id="75">made</token>
<token number="75" sentence="4" t_id="76">profits</token>
<token number="76" sentence="4" t_id="77">of</token>
<token number="77" sentence="4" t_id="78">$</token>
<token number="78" sentence="4" t_id="79">868</token>
<token number="79" sentence="4" t_id="80">million</token>
<token number="80" sentence="4" t_id="81">,</token>
<token number="81" sentence="4" t_id="82">and</token>
<token number="82" sentence="4" t_id="83">expects</token>
<token number="83" sentence="4" t_id="84">to</token>
<token number="84" sentence="4" t_id="85">continue</token>
<token number="85" sentence="4" t_id="86">to</token>
<token number="86" sentence="4" t_id="87">be</token>
<token number="87" sentence="4" t_id="88">profitable</token>
<token number="88" sentence="4" t_id="89">this</token>
<token number="89" sentence="4" t_id="90">year</token>
<token number="90" sentence="4" t_id="91">.</token>
<token number="91" sentence="5" t_id="92">The</token>
<token number="92" sentence="5" t_id="93">company</token>
<token number="93" sentence="5" t_id="94">had</token>
<token number="94" sentence="5" t_id="95">cut</token>
<token number="95" sentence="5" t_id="96">its</token>
<token number="96" sentence="5" t_id="97">costs</token>
<token number="97" sentence="5" t_id="98">to</token>
<token number="98" sentence="5" t_id="99">$</token>
<token number="99" sentence="5" t_id="100">118.3</token>
<token number="100" sentence="5" t_id="101">billion</token>
<token number="101" sentence="5" t_id="102">last</token>
<token number="102" sentence="5" t_id="103">year</token>
<token number="103" sentence="5" t_id="104">,</token>
<token number="104" sentence="5" t_id="105">$</token>
<token number="105" sentence="5" t_id="106">19.8</token>
<token number="106" sentence="5" t_id="107">billion</token>
<token number="107" sentence="5" t_id="108">than</token>
<token number="108" sentence="5" t_id="109">the</token>
<token number="109" sentence="5" t_id="110">year</token>
<token number="110" sentence="5" t_id="111">previous</token>
<token number="111" sentence="5" t_id="112">.</token>
<token number="112" sentence="6" t_id="113">Ford</token>
<token number="113" sentence="6" t_id="114">had</token>
<token number="114" sentence="6" t_id="115">a</token>
<token number="115" sentence="6" t_id="116">$</token>
<token number="116" sentence="6" t_id="117">34.3</token>
<token number="117" sentence="6" t_id="118">billion</token>
<token number="118" sentence="6" t_id="119">debt</token>
<token number="119" sentence="6" t_id="120">at</token>
<token number="120" sentence="6" t_id="121">the</token>
<token number="121" sentence="6" t_id="122">end</token>
<token number="122" sentence="6" t_id="123">of</token>
<token number="123" sentence="6" t_id="124">2009</token>
<token number="124" sentence="6" t_id="125">.</token>
<token number="125" sentence="7" t_id="126">In</token>
<token number="126" sentence="7" t_id="127">the</token>
<token number="127" sentence="7" t_id="128">fourth</token>
<token number="128" sentence="7" t_id="129">quarter</token>
<token number="129" sentence="7" t_id="130">,</token>
<token number="130" sentence="7" t_id="131">Ford</token>
<token number="131" sentence="7" t_id="132">brand</token>
<token number="132" sentence="7" t_id="133">sales</token>
<token number="133" sentence="7" t_id="134">were</token>
<token number="134" sentence="7" t_id="135">up</token>
<token number="135" sentence="7" t_id="136">thirteen</token>
<token number="136" sentence="7" t_id="137">percent</token>
<token number="137" sentence="7" t_id="138">compared</token>
<token number="138" sentence="7" t_id="139">to</token>
<token number="139" sentence="7" t_id="140">the</token>
<token number="140" sentence="7" t_id="141">same</token>
<token number="141" sentence="7" t_id="142">time</token>
<token number="142" sentence="7" t_id="143">in</token>
<token number="143" sentence="7" t_id="144">2008</token>
<token number="144" sentence="7" t_id="145">in</token>
<token number="145" sentence="7" t_id="146">the</token>
<token number="146" sentence="7" t_id="147">US</token>
<token number="147" sentence="7" t_id="148">,</token>
<token number="148" sentence="7" t_id="149">and</token>
<token number="149" sentence="7" t_id="150">obtained</token>
<token number="150" sentence="7" t_id="151">15.3</token>
<token number="151" sentence="7" t_id="152">%</token>
<token number="152" sentence="7" t_id="153">of</token>
<token number="153" sentence="7" t_id="154">the</token>
<token number="154" sentence="7" t_id="155">automobile</token>
<token number="155" sentence="7" t_id="156">market</token>
<token number="156" sentence="7" t_id="157">in</token>
<token number="157" sentence="7" t_id="158">the</token>
<token number="158" sentence="7" t_id="159">country</token>
<token number="159" sentence="7" t_id="160">.</token>
<token number="160" sentence="8" t_id="161">The</token>
<token number="161" sentence="8" t_id="162">firm</token>
<token number="162" sentence="8" t_id="163">'s</token>
<token number="163" sentence="8" t_id="164">president</token>
<token number="164" sentence="8" t_id="165">and</token>
<token number="165" sentence="8" t_id="166">chief</token>
<token number="166" sentence="8" t_id="167">executive</token>
<token number="167" sentence="8" t_id="168">,</token>
<token number="168" sentence="8" t_id="169">Alan</token>
<token number="169" sentence="8" t_id="170">Mulally</token>
<token number="170" sentence="8" t_id="171">,</token>
<token number="171" sentence="8" t_id="172">commented</token>
<token number="172" sentence="8" t_id="173">on</token>
<token number="173" sentence="8" t_id="174">the</token>
<token number="174" sentence="8" t_id="175">profits</token>
<token number="175" sentence="8" t_id="176">.</token>
<token number="176" sentence="9" t_id="177">``</token>
<token number="177" sentence="9" t_id="178">While</token>
<token number="178" sentence="9" t_id="179">we</token>
<token number="179" sentence="9" t_id="180">still</token>
<token number="180" sentence="9" t_id="181">face</token>
<token number="181" sentence="9" t_id="182">significant</token>
<token number="182" sentence="9" t_id="183">challenges</token>
<token number="183" sentence="9" t_id="184">ahead</token>
<token number="184" sentence="9" t_id="185">,</token>
<token number="185" sentence="9" t_id="186">2009</token>
<token number="186" sentence="9" t_id="187">was</token>
<token number="187" sentence="9" t_id="188">a</token>
<token number="188" sentence="9" t_id="189">pivotal</token>
<token number="189" sentence="9" t_id="190">year</token>
<token number="190" sentence="9" t_id="191">for</token>
<token number="191" sentence="9" t_id="192">Ford</token>
<token number="192" sentence="9" t_id="193">and</token>
<token number="193" sentence="9" t_id="194">the</token>
<token number="194" sentence="9" t_id="195">strongest</token>
<token number="195" sentence="9" t_id="196">proof</token>
<token number="196" sentence="9" t_id="197">yet</token>
<token number="197" sentence="9" t_id="198">that</token>
<token number="198" sentence="9" t_id="199">our</token>
<token number="199" sentence="9" t_id="200">One</token>
<token number="200" sentence="9" t_id="201">Ford</token>
<token number="201" sentence="9" t_id="202">plan</token>
<token number="202" sentence="9" t_id="203">is</token>
<token number="203" sentence="9" t_id="204">working</token>
<token number="204" sentence="9" t_id="205">and</token>
<token number="205" sentence="9" t_id="206">that</token>
<token number="206" sentence="9" t_id="207">we</token>
<token number="207" sentence="9" t_id="208">are</token>
<token number="208" sentence="9" t_id="209">forging</token>
<token number="209" sentence="9" t_id="210">a</token>
<token number="210" sentence="9" t_id="211">path</token>
<token number="211" sentence="9" t_id="212">toward</token>
<token number="212" sentence="9" t_id="213">profitable</token>
<token number="213" sentence="9" t_id="214">growth</token>
<token number="214" sentence="9" t_id="215">,</token>
<token number="215" sentence="9" t_id="216">''</token>
<token number="216" sentence="9" t_id="217">he</token>
<token number="217" sentence="9" t_id="218">said</token>
<token number="218" sentence="9" t_id="219">,</token>
<token number="219" sentence="9" t_id="220">adding</token>
<token number="220" sentence="9" t_id="221">that</token>
<token number="221" sentence="9" t_id="222">``</token>
<token number="222" sentence="9" t_id="223">global</token>
<token number="223" sentence="9" t_id="224">economic</token>
<token number="224" sentence="9" t_id="225">conditions</token>
<token number="225" sentence="9" t_id="226">are</token>
<token number="226" sentence="9" t_id="227">reviving</token>
<token number="227" sentence="9" t_id="228">but</token>
<token number="228" sentence="9" t_id="229">remain</token>
<token number="229" sentence="9" t_id="230">fragile</token>
<token number="230" sentence="9" t_id="231">.</token>
<token number="231" sentence="9" t_id="232">''</token>
<Markables>
<ENTITY_MENTION comment="" head="" m_id="25" syntactic_type="NAM">
<token_anchor t_id="72"/>
</ENTITY_MENTION>
<ENTITY_MENTION comment="" head="" m_id="26" syntactic_type="">
<token_anchor t_id="74"/>
</ENTITY_MENTION>
<ENTITY_MENTION comment="" head="" m_id="1" syntactic_type="NAM">
<token_anchor t_id="13"/>
<token_anchor t_id="14"/>
<token_anchor t_id="15"/>
</ENTITY_MENTION>
<ENTITY_MENTION comment="" head="" m_id="2" syntactic_type="NAM">
<token_anchor t_id="17"/>
<token_anchor t_id="18"/>
<token_anchor t_id="19"/>
<token_anchor t_id="20"/>
</ENTITY_MENTION>
<ENTITY_MENTION comment="" head="" m_id="3" syntactic_type="">
<token_anchor t_id="13"/>
<token_anchor t_id="14"/>
<token_anchor t_id="15"/>
<token_anchor t_id="16"/>
<token_anchor t_id="17"/>
<token_anchor t_id="18"/>
<token_anchor t_id="19"/>
<token_anchor t_id="20"/>
</ENTITY_MENTION>
<ENTITY_MENTION comment="" head="" m_id="38" syntactic_type="">
<token_anchor t_id="92"/>
<token_anchor t_id="93"/>
</ENTITY_MENTION>
<ENTITY_MENTION comment="" head="" m_id="39" syntactic_type="">
<token_anchor t_id="96"/>
</ENTITY_MENTION>
<ENTITY_MENTION comment="" head="" m_id="61" syntactic_type="NAM">
<token_anchor t_id="1"/>
<token_anchor t_id="2"/>
</ENTITY_MENTION>
<ENTITY_MENTION comment="" head="" m_id="17" syntactic_type="">
<token_anchor t_id="52"/>
<token_anchor t_id="53"/>
<token_anchor t_id="54"/>
</ENTITY_MENTION>
<EVENT_MENTION aspect="NONE" certainty="CERTAIN" comment="" m_id="27" modality="" polarity="POS" pos="VERB" pred="" special_cases="NONE" tense="PRESENT" time="NON_FUTURE">
<token_anchor t_id="73"/>
</EVENT_MENTION>
<EVENT_MENTION aspect="NONE" certainty="CERTAIN" comment="" m_id="28" modality="" polarity="POS" pos="VERB" pred="" special_cases="NONE" tense="PAST" time="NON_FUTURE">
<token_anchor t_id="75"/>
</EVENT_MENTION>
<EVENT_MENTION aspect="NONE" certainty="CERTAIN" comment="" m_id="29" modality="" polarity="POS" pos="NOUN" pred="" special_cases="NONE" tense="NONE" time="NON_FUTURE">
<token_anchor t_id="76"/>
</EVENT_MENTION>
<EVENT_MENTION aspect="NONE" certainty="CERTAIN" comment="" m_id="30" modality="" polarity="POS" pos="VERB" pred="" special_cases="NONE" tense="PRESENT" time="NON_FUTURE">
<token_anchor t_id="83"/>
</EVENT_MENTION>
<EVENT_MENTION aspect="NONE" certainty="UNDERSPECIFIED" comment="" m_id="31" modality="" polarity="UNDERSPECIFIED" pos="VERB" pred="" special_cases="NONE" tense="INFINITIVE" time="FUTURE">
<token_anchor t_id="85"/>
</EVENT_MENTION>
<EVENT_MENTION aspect="NONE" certainty="UNDERSPECIFIED" comment="" m_id="32" modality="" polarity="UNDERSPECIFIED" pos="VERB" pred="" special_cases="NONE" tense="INFINITIVE" time="FUTURE">
<token_anchor t_id="87"/>
</EVENT_MENTION>
<EVENT_MENTION aspect="NONE" certainty="UNDERSPECIFIED" comment="" m_id="33" modality="" polarity="UNDERSPECIFIED" pos="OTHER" pred="" special_cases="NONE" tense="NONE" time="FUTURE">
<token_anchor t_id="88"/>
</EVENT_MENTION>
<EVENT_MENTION aspect="PERFECTIVE" certainty="CERTAIN" comment="" m_id="4" modality="" polarity="POS" pos="VERB" pred="" special_cases="NONE" tense="PAST" time="NON_FUTURE">
<token_anchor t_id="23"/>
</EVENT_MENTION>
<EVENT_MENTION aspect="PERFECTIVE" certainty="CERTAIN" comment="" m_id="40" modality="" polarity="POS" pos="VERB" pred="" special_cases="NONE" tense="PAST" time="NON_FUTURE">
<token_anchor t_id="95"/>
</EVENT_MENTION>
<EVENT_MENTION aspect="NONE" certainty="CERTAIN" comment="" m_id="5" modality="" polarity="POS" pos="NOUN" pred="" special_cases="NONE" tense="NONE" time="NON_FUTURE">
<token_anchor t_id="26"/>
</EVENT_MENTION>
<EVENT_MENTION aspect="NONE" certainty="CERTAIN" comment="" m_id="41" modality="" polarity="POS" pos="NOUN" pred="" special_cases="NONE" tense="NONE" time="NON_FUTURE">
<token_anchor t_id="97"/>
</EVENT_MENTION>
<EVENT_MENTION aspect="NONE" certainty="CERTAIN" comment="" m_id="6" modality="" polarity="POS" pos="NOUN" pred="" special_cases="NONE" tense="NONE" time="NON_FUTURE">
<token_anchor t_id="38"/>
</EVENT_MENTION>
<EVENT_MENTION aspect="NONE" certainty="CERTAIN" comment="" m_id="60" modality="" polarity="POS" pos="VERB" pred="" special_cases="NONE" tense="PRESENT" time="NON_FUTURE">
<token_anchor t_id="45"/>
</EVENT_MENTION>
<EVENT_MENTION aspect="NONE" certainty="CERTAIN" comment="" m_id="62" modality="" polarity="POS" pos="VERB" pred="" special_cases="NONE" tense="PRESENT" time="NON_FUTURE">
<token_anchor t_id="3"/>
</EVENT_MENTION>
<EVENT_MENTION aspect="NONE" certainty="CERTAIN" comment="" m_id="63" modality="" polarity="POS" pos="NOUN" pred="" special_cases="NONE" tense="NONE" time="NON_FUTURE">
<token_anchor t_id="8"/>
</EVENT_MENTION>
<EVENT_MENTION aspect="NONE" certainty="CERTAIN" comment="" m_id="18" modality="" polarity="POS" pos="NOUN" pred="" special_cases="NONE" tense="NONE" time="NON_FUTURE">
<token_anchor t_id="47"/>
</EVENT_MENTION>
<EVENT_MENTION aspect="NONE" certainty="CERTAIN" comment="" m_id="19" modality="" polarity="POS" pos="VERB" pred="" special_cases="NONE" tense="PAST" time="NON_FUTURE">
<token_anchor t_id="55"/>
</EVENT_MENTION>
<EVENT_MENTION aspect="NONE" certainty="CERTAIN" comment="" m_id="20" modality="" polarity="POS" pos="NOUN" pred="" special_cases="NONE" tense="NONE" time="NON_FUTURE">
<token_anchor t_id="57"/>
</EVENT_MENTION>
<SIGNAL comment="" m_id="22">
<token_anchor t_id="51"/>
</SIGNAL>
<SIGNAL comment="" m_id="34">
<token_anchor t_id="65"/>
</SIGNAL>
<SIGNAL comment="" m_id="14">
<token_anchor t_id="27"/>
</SIGNAL>
<SIGNAL comment="" m_id="15">
<token_anchor t_id="39"/>
</SIGNAL>
<SIGNAL comment="" m_id="21">
<token_anchor t_id="48"/>
</SIGNAL>
<TIMEX3 anchorTimeID="" beginPoint="" comment="" endPoint="" functionInDocument="NONE" m_id="23" type="DATE" value="2008">
<token_anchor t_id="49"/>
</TIMEX3>
<TIMEX3 anchorTimeID="" beginPoint="" comment="" endPoint="" functionInDocument="NONE" m_id="35" type="DATE" value="2009-Q4">
<token_anchor t_id="66"/>
<token_anchor t_id="67"/>
<token_anchor t_id="68"/>
<token_anchor t_id="69"/>
<token_anchor t_id="70"/>
</TIMEX3>
<TIMEX3 anchorTimeID="7" beginPoint="" comment="" endPoint="" functionInDocument="NONE" m_id="36" type="DATE" value="2010">
<token_anchor t_id="89"/>
<token_anchor t_id="90"/>
</TIMEX3>
<TIMEX3 anchorTimeID="" beginPoint="" comment="" endPoint="" functionInDocument="CREATION_TIME" m_id="7" type="DATE" value="2010-01-28">
<token_anchor t_id="9"/>
<token_anchor t_id="10"/>
<token_anchor t_id="11"/>
<token_anchor t_id="12"/>
</TIMEX3>
<TIMEX3 anchorTimeID="" beginPoint="10" comment="" endPoint="9" functionInDocument="NONE" m_id="8" type="DURATION" value="P1Y">
<token_anchor t_id="25"/>
</TIMEX3>
<TIMEX3 anchorTimeID="7" beginPoint="" comment="" endPoint="" functionInDocument="NONE" m_id="44" type="DATE" value="2009">
<token_anchor t_id="102"/>
<token_anchor t_id="103"/>
</TIMEX3>
<TIMEX3 anchorTimeID="7" beginPoint="" comment="" endPoint="" functionInDocument="NONE" m_id="11" type="DATE" value="2009">
<token_anchor t_id="28"/>
<token_anchor t_id="29"/>
<token_anchor t_id="30"/>
</TIMEX3>
<TIMEX3 anchorTimeID="44" beginPoint="" comment="" endPoint="" functionInDocument="NONE" m_id="45" type="DATE" value="2008">
<token_anchor t_id="109"/>
<token_anchor t_id="110"/>
<token_anchor t_id="111"/>
</TIMEX3>
<TIMEX3 anchorTimeID="7" beginPoint="13" comment="" endPoint="9" functionInDocument="NONE" m_id="12" type="DURATION" value="P4Y">
<token_anchor t_id="40"/>
<token_anchor t_id="41"/>
</TIMEX3>
<TIMEX3 anchorTimeID="7" beginPoint="10" comment="" endPoint="9" functionInDocument="NONE" m_id="65" type="DURATION" value="P1Y">
<token_anchor t_id="7"/>
</TIMEX3>
<VALUE comment="" m_id="24" type="MONEY">
<token_anchor t_id="61"/>
<token_anchor t_id="62"/>
<token_anchor t_id="63"/>
</VALUE>
<VALUE comment="" m_id="37" type="MONEY">
<token_anchor t_id="78"/>
<token_anchor t_id="79"/>
<token_anchor t_id="80"/>
</VALUE>
<VALUE comment="" m_id="42" type="MONEY">
<token_anchor t_id="99"/>
<token_anchor t_id="100"/>
<token_anchor t_id="101"/>
</VALUE>
<VALUE comment="" m_id="43" type="MONEY">
<token_anchor t_id="105"/>
<token_anchor t_id="106"/>
<token_anchor t_id="107"/>
</VALUE>
<VALUE comment="" m_id="16" type="MONEY">
<token_anchor t_id="32"/>
<token_anchor t_id="33"/>
<token_anchor t_id="34"/>
</VALUE>
<VALUE comment="" m_id="64" type="MONEY">
<token_anchor t_id="4"/>
<token_anchor t_id="5"/>
<token_anchor t_id="6"/>
</VALUE>
<TIMEX3 TAG_DESCRIPTOR="2009-12-31" anchorTimeID="7" beginPoint="" comment="" endPoint="" functionInDocument="NONE" m_id="9" type="DATE" value="2009-12-31"/>
<TIMEX3 TAG_DESCRIPTOR="2009-01-01" anchorTimeID="7" beginPoint="" comment="" endPoint="" functionInDocument="NONE" m_id="10" type="DATE" value="2009-01-01"/>
<TIMEX3 TAG_DESCRIPTOR="2005-01-01" anchorTimeID="7" beginPoint="" comment="" endPoint="" functionInDocument="NONE" m_id="13" type="DATE" value="2005-01-01"/>








<ENTITY_MENTION m_id="70">
  <token_anchor t_id="18"/>
</ENTITY_MENTION>








<ENTITY_MENTION m_id="93">
  <token_anchor t_id="53"/>
</ENTITY_MENTION>
<EVENT TAG_DESCRIPTOR="continue" class="GRAMMATICAL" comment="" external_ref="" m_id="50"/>
<EVENT TAG_DESCRIPTOR="Post-EHU" class="OTHER" instance_id="OTH40536982880418431" m_id="98"/><EVENT TAG_DESCRIPTOR="Cut-EHU" class="OTHER" instance_id="OTH40533460196276656" m_id="109"/>

<EVENT TAG_DESCRIPTOR="Post-EHU" class="OTHER" instance_id="OTH40536862620178085" m_id="106"/>
<EVENT TAG_DESCRIPTOR="Say-EHU" class="SPEECH_COGNITIVE" instance_id="SPE39744960269715266" m_id="105"/>
<EVENT TAG_DESCRIPTOR="be" class="GRAMMATICAL" comment="" external_ref="" m_id="49"/>
<EVENT TAG_DESCRIPTOR="profitable" class="OTHER" comment="" external_ref="" m_id="48"/><EVENT TAG_DESCRIPTOR="cost" class="OTHER" comment="" external_ref="" m_id="59"/>
<EVENT TAG_DESCRIPTOR="profit" class="OTHER" comment="" external_ref="" m_id="57"/><EVENT TAG_DESCRIPTOR="improvement" class="OTHER" comment="" external_ref="" m_id="56"/>
<EVENT TAG_DESCRIPTOR="loss" class="OTHER" comment="" external_ref="" m_id="54"/><EVENT TAG_DESCRIPTOR="make" class="GRAMMATICAL" comment="" external_ref="" m_id="52"/>
<EVENT TAG_DESCRIPTOR="expect" class="SPEECH_COGNITIVE" comment="" external_ref="" m_id="51"/>
<ENTITY TAG_DESCRIPTOR="Ford" ent_type="ORG" external_ref="http://dbpedia.org/resource/Ford_Motor_Company" instance_id="ORG37406423869806668" m_id="101"/><ENTITY TAG_DESCRIPTOR="automobile" ent_type="PRO" instance_id="PRO37402535305680047" m_id="100"/></Markables>
<Relations>
<HAS_PARTICIPANT comment="" r_id="136004" sem_role="Arg0" sem_role_framework="PROPBANK">
<source m_id="4"/>
<target m_id="3"/>
</HAS_PARTICIPANT>
<HAS_PARTICIPANT comment="" r_id="136005" sem_role="Arg1" sem_role_framework="PROPBANK">
<source m_id="5"/>
<target m_id="16"/>
</HAS_PARTICIPANT>
<SLINK comment="" r_id="136006">
<source m_id="4"/>
<target m_id="5"/>
</SLINK>
<SLINK comment="" r_id="136007">
<source m_id="19"/>
<target m_id="20"/>
</SLINK>
<HAS_PARTICIPANT comment="" r_id="136008" sem_role="Arg0" sem_role_framework="PROPBANK">
<source m_id="19"/>
<target m_id="17"/>
</HAS_PARTICIPANT>
<HAS_PARTICIPANT comment="" r_id="136009" sem_role="Arg2" sem_role_framework="PROPBANK">
<source m_id="20"/>
<target m_id="24"/>
</HAS_PARTICIPANT>
<HAS_PARTICIPANT comment="" r_id="136010" sem_role="Arg0" sem_role_framework="PROPBANK">
<source m_id="27"/>
<target m_id="25"/>
</HAS_PARTICIPANT>
<HAS_PARTICIPANT comment="" r_id="136011" sem_role="Arg0" sem_role_framework="PROPBANK">
<source m_id="28"/>
<target m_id="26"/>
</HAS_PARTICIPANT>
<HAS_PARTICIPANT comment="" r_id="136012" sem_role="Arg0" sem_role_framework="PROPBANK">
<source m_id="30"/>
<target m_id="25"/>
</HAS_PARTICIPANT>
<HAS_PARTICIPANT comment="" r_id="136013" sem_role="Arg1" sem_role_framework="PROPBANK">
<source m_id="31"/>
<target m_id="25"/>
</HAS_PARTICIPANT>
<HAS_PARTICIPANT comment="" r_id="136014" sem_role="Arg1" sem_role_framework="PROPBANK">
<source m_id="32"/>
<target m_id="25"/>
</HAS_PARTICIPANT>
<HAS_PARTICIPANT comment="" r_id="136015" sem_role="Arg1" sem_role_framework="PROPBANK">
<source m_id="29"/>
<target m_id="37"/>
</HAS_PARTICIPANT>
<SLINK comment="" r_id="136016">
<source m_id="27"/>
<target m_id="28"/>
</SLINK>
<SLINK comment="" r_id="136017">
<source m_id="30"/>
<target m_id="31"/>
</SLINK>
<GLINK comment="" r_id="136018">
<source m_id="28"/>
<target m_id="29"/>
</GLINK>
<GLINK comment="" r_id="136019">
<source m_id="31"/>
<target m_id="32"/>
</GLINK>
<GLINK comment="" r_id="136020">
<source m_id="32"/>
<target m_id="33"/>
</GLINK>
<HAS_PARTICIPANT comment="" r_id="136021" sem_role="Arg0" sem_role_framework="PROPBANK">
<source m_id="40"/>
<target m_id="38"/>
</HAS_PARTICIPANT>
<HAS_PARTICIPANT comment="" r_id="136022" sem_role="Arg1" sem_role_framework="PROPBANK">
<source m_id="41"/>
<target m_id="39"/>
</HAS_PARTICIPANT>
<HAS_PARTICIPANT comment="" r_id="136023" sem_role="Arg4" sem_role_framework="PROPBANK">
<source m_id="40"/>
<target m_id="42"/>
</HAS_PARTICIPANT>
<GLINK comment="" r_id="136024">
<source m_id="40"/>
<target m_id="41"/>
</GLINK>
<TLINK comment="" r_id="136039" reltype="BEFORE" signalID="">
<source m_id="4"/>
<target m_id="7"/>
</TLINK>
<TLINK comment="" r_id="136040" reltype="BEFORE" signalID="">
<source m_id="19"/>
<target m_id="7"/>
</TLINK>
<GLINK comment="" r_id="136041">
<source m_id="60"/>
<target m_id="18"/>
</GLINK>
<TLINK comment="" r_id="136042" reltype="IS_INCLUDED" signalID="">
<source m_id="60"/>
<target m_id="7"/>
</TLINK>
<TLINK comment="" r_id="136043" reltype="IS_INCLUDED" signalID="">
<source m_id="27"/>
<target m_id="7"/>
</TLINK>
<TLINK comment="" r_id="136044" reltype="BEFORE" signalID="">
<source m_id="28"/>
<target m_id="7"/>
</TLINK>
<TLINK comment="" r_id="136045" reltype="IS_INCLUDED" signalID="">
<source m_id="30"/>
<target m_id="7"/>
</TLINK>
<TLINK comment="" r_id="136046" reltype="BEFORE" signalID="">
<source m_id="40"/>
<target m_id="7"/>
</TLINK>
<TLINK comment="" r_id="136050" reltype="SIMULTANEOUS" signalID="">
<source m_id="4"/>
<target m_id="60"/>
</TLINK>
<TLINK comment="" r_id="136051" reltype="SIMULTANEOUS" signalID="">
<source m_id="60"/>
<target m_id="27"/>
</TLINK>
<TLINK comment="" r_id="136052" reltype="AFTER" signalID="">
<source m_id="27"/>
<target m_id="40"/>
</TLINK>
<TLINK comment="" r_id="136053" reltype="AFTER" signalID="">
<source m_id="27"/>
<target m_id="28"/>
</TLINK>
<TLINK comment="" r_id="136054" reltype="BEFORE" signalID="">
<source m_id="30"/>
<target m_id="31"/>
</TLINK>
<TLINK comment="" r_id="136056" reltype="MEASURE" signalID="">
<source m_id="8"/>
<target m_id="5"/>
</TLINK>
<TLINK comment="" r_id="136058" reltype="IS_INCLUDED" signalID="14">
<source m_id="5"/>
<target m_id="11"/>
</TLINK>
<TLINK comment="" r_id="136060" reltype="IS_INCLUDED" signalID="15">
<source m_id="6"/>
<target m_id="12"/>
</TLINK>
<TLINK comment="" r_id="136062" reltype="BEGUN_BY" signalID="21">
<source m_id="18"/>
<target m_id="23"/>
</TLINK>
<TLINK comment="" r_id="136066" reltype="IS_INCLUDED" signalID="22">
<source m_id="19"/>
<target m_id="23"/>
</TLINK>
<TLINK comment="" r_id="136069" reltype="IS_INCLUDED" signalID="34">
<source m_id="28"/>
<target m_id="35"/>
</TLINK>
<TLINK comment="" r_id="136070" reltype="IS_INCLUDED" signalID="">
<source m_id="32"/>
<target m_id="36"/>
</TLINK>
<TLINK comment="" r_id="136071" reltype="IS_INCLUDED" signalID="">
<source m_id="40"/>
<target m_id="44"/>
</TLINK>
<TLINK comment="" r_id="162526" reltype="IS_INCLUDED" signalID="22">
<source m_id="19"/>
<target m_id="23"/>
</TLINK>
<HAS_PARTICIPANT comment="" r_id="243798" sem_role="Arg0" sem_role_framework="PROPBANK">
<source m_id="62"/>
<target m_id="61"/>
</HAS_PARTICIPANT>
<HAS_PARTICIPANT comment="" r_id="243799" sem_role="Arg1" sem_role_framework="PROPBANK">
<source m_id="63"/>
<target m_id="64"/>
</HAS_PARTICIPANT>
<TLINK comment="" r_id="243800" reltype="MEASURE" signalID="">
<source m_id="65"/>
<target m_id="63"/>
</TLINK>






















<REFERS_TO r_id="243814">
<source m_id="33"/>
<target m_id="48"/>
</REFERS_TO>
<REFERS_TO r_id="243815">
<source m_id="32"/>
<source m_id="60"/>
<target m_id="49"/>
</REFERS_TO>


<REFERS_TO r_id="243818">
<source m_id="4"/>
<source m_id="62"/>
<target m_id="98"/>
</REFERS_TO>

<REFERS_TO r_id="243820">
<source m_id="40"/>
<target m_id="109"/>
</REFERS_TO>


<REFERS_TO r_id="243823">
<source m_id="70"/>

<source m_id="93"/>
<target m_id="100"/>
</REFERS_TO>
<REFERS_TO r_id="243824">



<source m_id="2"/>


<source m_id="39"/>

<source m_id="1"/>
<source m_id="61"/>
<source m_id="17"/>
<source m_id="38"/>
<source m_id="25"/>
<source m_id="26"/>
<source m_id="3"/>
<target m_id="101"/>
</REFERS_TO>
<REFERS_TO r_id="243825">
<source m_id="19"/>
<target m_id="106"/>
</REFERS_TO>


<REFERS_TO r_id="243828">
<source m_id="27"/>
<target m_id="105"/>
</REFERS_TO>
<REFERS_TO r_id="243829">
<source m_id="41"/>
<target m_id="59"/>
</REFERS_TO>
<REFERS_TO r_id="243830">
<source m_id="20"/>
<target m_id="54"/>
</REFERS_TO>
<REFERS_TO r_id="243831">
<source m_id="5"/>
<source m_id="6"/>
<source m_id="29"/>
<source m_id="63"/>
<target m_id="57"/>
</REFERS_TO>
<REFERS_TO r_id="243832">
<source m_id="18"/>
<target m_id="56"/>
</REFERS_TO>
<REFERS_TO r_id="243833">
<source m_id="30"/>
<target m_id="51"/>
</REFERS_TO>
<REFERS_TO r_id="243834">
<source m_id="31"/>
<target m_id="50"/>
</REFERS_TO>
<REFERS_TO r_id="243835">
<source m_id="28"/>
<target m_id="52"/>
</REFERS_TO>
</Relations>
</Document>