<?xml version="1.0" ?><Document doc_id="31706" doc_name="31706_Ford_Motor_Company_cutting_30,000_jobs_by_2012" lang="en" url="http://en.wikinews.org/wiki/Ford_Motor_Company_cutting_30,000_jobs_by_2012">
<token number="0" sentence="0" t_id="1">Ford</token>
<token number="1" sentence="0" t_id="2">Motor</token>
<token number="2" sentence="0" t_id="3">Company</token>
<token number="3" sentence="0" t_id="4">cutting</token>
<token number="4" sentence="0" t_id="5">30,000</token>
<token number="5" sentence="0" t_id="6">jobs</token>
<token number="6" sentence="0" t_id="7">by</token>
<token number="7" sentence="0" t_id="8">2012</token>
<token number="8" sentence="1" t_id="9">January</token>
<token number="9" sentence="1" t_id="10">23</token>
<token number="10" sentence="1" t_id="11">,</token>
<token number="11" sentence="1" t_id="12">2006</token>
<token number="12" sentence="2" t_id="13">The</token>
<token number="13" sentence="2" t_id="14">Ford</token>
<token number="14" sentence="2" t_id="15">Motor</token>
<token number="15" sentence="2" t_id="16">Company</token>
<token number="16" sentence="2" t_id="17">,</token>
<token number="17" sentence="2" t_id="18">the</token>
<token number="18" sentence="2" t_id="19">second-largest</token>
<token number="19" sentence="2" t_id="20">car</token>
<token number="20" sentence="2" t_id="21">manufacturer</token>
<token number="21" sentence="2" t_id="22">in</token>
<token number="22" sentence="2" t_id="23">America</token>
<token number="23" sentence="2" t_id="24">,</token>
<token number="24" sentence="2" t_id="25">will</token>
<token number="25" sentence="2" t_id="26">cut</token>
<token number="26" sentence="2" t_id="27">30,000</token>
<token number="27" sentence="2" t_id="28">jobs</token>
<token number="28" sentence="2" t_id="29">and</token>
<token number="29" sentence="2" t_id="30">14</token>
<token number="30" sentence="2" t_id="31">plants</token>
<token number="31" sentence="2" t_id="32">as</token>
<token number="32" sentence="2" t_id="33">part</token>
<token number="33" sentence="2" t_id="34">of</token>
<token number="34" sentence="2" t_id="35">a</token>
<token number="35" sentence="2" t_id="36">restructuring</token>
<token number="36" sentence="2" t_id="37">plan</token>
<token number="37" sentence="2" t_id="38">to</token>
<token number="38" sentence="2" t_id="39">relieve</token>
<token number="39" sentence="2" t_id="40">Ford</token>
<token number="40" sentence="2" t_id="41">after</token>
<token number="41" sentence="2" t_id="42">a</token>
<token number="42" sentence="2" t_id="43">US$</token>
<token number="43" sentence="2" t_id="44">1.6</token>
<token number="44" sentence="2" t_id="45">billion</token>
<token number="45" sentence="2" t_id="46">loss</token>
<token number="46" sentence="2" t_id="47">last</token>
<token number="47" sentence="2" t_id="48">year</token>
<token number="48" sentence="2" t_id="49">in</token>
<token number="49" sentence="2" t_id="50">North</token>
<token number="50" sentence="2" t_id="51">American</token>
<token number="51" sentence="2" t_id="52">sales</token>
<token number="52" sentence="2" t_id="53">.</token>
<token number="53" sentence="3" t_id="54">The</token>
<token number="54" sentence="3" t_id="55">plan</token>
<token number="55" sentence="3" t_id="56">,</token>
<token number="56" sentence="3" t_id="57">called</token>
<token number="57" sentence="3" t_id="58">``</token>
<token number="58" sentence="3" t_id="59">Way</token>
<token number="59" sentence="3" t_id="60">Forward</token>
<token number="60" sentence="3" t_id="61">''</token>
<token number="61" sentence="3" t_id="62">,</token>
<token number="62" sentence="3" t_id="63">the</token>
<token number="63" sentence="3" t_id="64">brainchild</token>
<token number="64" sentence="3" t_id="65">of</token>
<token number="65" sentence="3" t_id="66">Ford</token>
<token number="66" sentence="3" t_id="67">'s</token>
<token number="67" sentence="3" t_id="68">Chief</token>
<token number="68" sentence="3" t_id="69">Executive</token>
<token number="69" sentence="3" t_id="70">Officer</token>
<token number="70" sentence="3" t_id="71">,</token>
<token number="71" sentence="3" t_id="72">William</token>
<token number="72" sentence="3" t_id="73">Clay</token>
<token number="73" sentence="3" t_id="74">Ford</token>
<token number="74" sentence="3" t_id="75">Jr.</token>
<token number="75" sentence="3" t_id="76">,</token>
<token number="76" sentence="3" t_id="77">is</token>
<token number="77" sentence="3" t_id="78">to</token>
<token number="78" sentence="3" t_id="79">end</token>
<token number="79" sentence="3" t_id="80">Ford</token>
<token number="80" sentence="3" t_id="81">'s</token>
<token number="81" sentence="3" t_id="82">North</token>
<token number="82" sentence="3" t_id="83">American</token>
<token number="83" sentence="3" t_id="84">losses</token>
<token number="84" sentence="3" t_id="85">by</token>
<token number="85" sentence="3" t_id="86">2008</token>
<token number="86" sentence="3" t_id="87">.</token>
<token number="87" sentence="4" t_id="88">To</token>
<token number="88" sentence="4" t_id="89">accomplish</token>
<token number="89" sentence="4" t_id="90">this</token>
<token number="90" sentence="4" t_id="91">30,000</token>
<token number="91" sentence="4" t_id="92">jobs</token>
<token number="92" sentence="4" t_id="93">which</token>
<token number="93" sentence="4" t_id="94">make</token>
<token number="94" sentence="4" t_id="95">up</token>
<token number="95" sentence="4" t_id="96">20</token>
<token number="96" sentence="4" t_id="97">to</token>
<token number="97" sentence="4" t_id="98">25</token>
<token number="98" sentence="4" t_id="99">percent</token>
<token number="99" sentence="4" t_id="100">of</token>
<token number="100" sentence="4" t_id="101">Ford</token>
<token number="101" sentence="4" t_id="102">'s</token>
<token number="102" sentence="4" t_id="103">North</token>
<token number="103" sentence="4" t_id="104">American</token>
<token number="104" sentence="4" t_id="105">workforce</token>
<token number="105" sentence="4" t_id="106">of</token>
<token number="106" sentence="4" t_id="107">122,000</token>
<token number="107" sentence="4" t_id="108">people</token>
<token number="108" sentence="4" t_id="109">will</token>
<token number="109" sentence="4" t_id="110">be</token>
<token number="110" sentence="4" t_id="111">cut</token>
<token number="111" sentence="4" t_id="112">and</token>
<token number="112" sentence="4" t_id="113">14</token>
<token number="113" sentence="4" t_id="114">plants</token>
<token number="114" sentence="4" t_id="115">will</token>
<token number="115" sentence="4" t_id="116">be</token>
<token number="116" sentence="4" t_id="117">closed</token>
<token number="117" sentence="4" t_id="118">in</token>
<token number="118" sentence="4" t_id="119">order</token>
<token number="119" sentence="4" t_id="120">to</token>
<token number="120" sentence="4" t_id="121">bring</token>
<token number="121" sentence="4" t_id="122">Ford</token>
<token number="122" sentence="4" t_id="123">'s</token>
<token number="123" sentence="4" t_id="124">production</token>
<token number="124" sentence="4" t_id="125">capacity</token>
<token number="125" sentence="4" t_id="126">in</token>
<token number="126" sentence="4" t_id="127">line</token>
<token number="127" sentence="4" t_id="128">with</token>
<token number="128" sentence="4" t_id="129">demand</token>
<token number="129" sentence="4" t_id="130">.</token>
<token number="130" sentence="5" t_id="131">By</token>
<token number="131" sentence="5" t_id="132">the</token>
<token number="132" sentence="5" t_id="133">end</token>
<token number="133" sentence="5" t_id="134">of</token>
<token number="134" sentence="5" t_id="135">this</token>
<token number="135" sentence="5" t_id="136">year</token>
<token number="136" sentence="5" t_id="137">,</token>
<token number="137" sentence="5" t_id="138">the</token>
<token number="138" sentence="5" t_id="139">Atlanta</token>
<token number="139" sentence="5" t_id="140">and</token>
<token number="140" sentence="5" t_id="141">St.</token>
<token number="141" sentence="5" t_id="142">Louis</token>
<token number="142" sentence="5" t_id="143">plants</token>
<token number="143" sentence="5" t_id="144">will</token>
<token number="144" sentence="5" t_id="145">be</token>
<token number="145" sentence="5" t_id="146">closed</token>
<token number="146" sentence="5" t_id="147">.</token>
<token number="147" sentence="6" t_id="148">Atlanta</token>
<token number="148" sentence="6" t_id="149">makes</token>
<token number="149" sentence="6" t_id="150">the</token>
<token number="150" sentence="6" t_id="151">Ford</token>
<token number="151" sentence="6" t_id="152">Taurus</token>
<token number="152" sentence="6" t_id="153">sedan</token>
<token number="153" sentence="6" t_id="154">,</token>
<token number="154" sentence="6" t_id="155">which</token>
<token number="155" sentence="6" t_id="156">is</token>
<token number="156" sentence="6" t_id="157">being</token>
<token number="157" sentence="6" t_id="158">phased</token>
<token number="158" sentence="6" t_id="159">out</token>
<token number="159" sentence="6" t_id="160">.</token>
<token number="160" sentence="7" t_id="161">The</token>
<token number="161" sentence="7" t_id="162">St.</token>
<token number="162" sentence="7" t_id="163">Louis</token>
<token number="163" sentence="7" t_id="164">plant</token>
<token number="164" sentence="7" t_id="165">is</token>
<token number="165" sentence="7" t_id="166">one</token>
<token number="166" sentence="7" t_id="167">of</token>
<token number="167" sentence="7" t_id="168">two</token>
<token number="168" sentence="7" t_id="169">plants</token>
<token number="169" sentence="7" t_id="170">that</token>
<token number="170" sentence="7" t_id="171">manufactures</token>
<token number="171" sentence="7" t_id="172">the</token>
<token number="172" sentence="7" t_id="173">Ford</token>
<token number="173" sentence="7" t_id="174">Explorer</token>
<token number="174" sentence="7" t_id="175">,</token>
<token number="175" sentence="7" t_id="176">whose</token>
<token number="176" sentence="7" t_id="177">sales</token>
<token number="177" sentence="7" t_id="178">had</token>
<token number="178" sentence="7" t_id="179">a</token>
<token number="179" sentence="7" t_id="180">29</token>
<token number="180" sentence="7" t_id="181">%</token>
<token number="181" sentence="7" t_id="182">decline</token>
<token number="182" sentence="7" t_id="183">in</token>
<token number="183" sentence="7" t_id="184">2005</token>
<token number="184" sentence="7" t_id="185">.</token>
<token number="185" sentence="8" t_id="186">It</token>
<token number="186" sentence="8" t_id="187">will</token>
<token number="187" sentence="8" t_id="188">also</token>
<token number="188" sentence="8" t_id="189">close</token>
<token number="189" sentence="8" t_id="190">its</token>
<token number="190" sentence="8" t_id="191">Wixom</token>
<token number="191" sentence="8" t_id="192">,</token>
<token number="192" sentence="8" t_id="193">Michigan</token>
<token number="193" sentence="8" t_id="194">plant</token>
<token number="194" sentence="8" t_id="195">,</token>
<token number="195" sentence="8" t_id="196">Batavia</token>
<token number="196" sentence="8" t_id="197">Transmission</token>
<token number="197" sentence="8" t_id="198">in</token>
<token number="198" sentence="8" t_id="199">Ohio</token>
<token number="199" sentence="8" t_id="200">the</token>
<token number="200" sentence="8" t_id="201">Windsor</token>
<token number="201" sentence="8" t_id="202">Casting</token>
<token number="202" sentence="8" t_id="203">plant</token>
<token number="203" sentence="8" t_id="204">in</token>
<token number="204" sentence="8" t_id="205">Ontario</token>
<token number="205" sentence="8" t_id="206">which</token>
<token number="206" sentence="8" t_id="207">was</token>
<token number="207" sentence="8" t_id="208">previously</token>
<token number="208" sentence="8" t_id="209">announced</token>
<token number="209" sentence="8" t_id="210">by</token>
<token number="210" sentence="8" t_id="211">Ford</token>
<token number="211" sentence="8" t_id="212">that</token>
<token number="212" sentence="8" t_id="213">it</token>
<token number="213" sentence="8" t_id="214">was</token>
<token number="214" sentence="8" t_id="215">to</token>
<token number="215" sentence="8" t_id="216">be</token>
<token number="216" sentence="8" t_id="217">closed</token>
<token number="217" sentence="8" t_id="218">after</token>
<token number="218" sentence="8" t_id="219">contract</token>
<token number="219" sentence="8" t_id="220">negotiations</token>
<token number="220" sentence="8" t_id="221">with</token>
<token number="221" sentence="8" t_id="222">the</token>
<token number="222" sentence="8" t_id="223">Canadian</token>
<token number="223" sentence="8" t_id="224">Auto</token>
<token number="224" sentence="8" t_id="225">Workers</token>
<token number="225" sentence="8" t_id="226">union</token>
<token number="226" sentence="8" t_id="227">.</token>
<token number="227" sentence="9" t_id="228">The</token>
<token number="228" sentence="9" t_id="229">plant</token>
<token number="229" sentence="9" t_id="230">in</token>
<token number="230" sentence="9" t_id="231">St.</token>
<token number="231" sentence="9" t_id="232">Thomas</token>
<token number="232" sentence="9" t_id="233">,</token>
<token number="233" sentence="9" t_id="234">Ontario</token>
<token number="234" sentence="9" t_id="235">plant</token>
<token number="235" sentence="9" t_id="236">will</token>
<token number="236" sentence="9" t_id="237">have</token>
<token number="237" sentence="9" t_id="238">one</token>
<token number="238" sentence="9" t_id="239">shift</token>
<token number="239" sentence="9" t_id="240">cut</token>
<token number="240" sentence="9" t_id="241">from</token>
<token number="241" sentence="9" t_id="242">it</token>
<token number="242" sentence="9" t_id="243">.</token>
<token number="243" sentence="10" t_id="244">The</token>
<token number="244" sentence="10" t_id="245">plant</token>
<token number="245" sentence="10" t_id="246">makes</token>
<token number="246" sentence="10" t_id="247">the</token>
<token number="247" sentence="10" t_id="248">Crown</token>
<token number="248" sentence="10" t_id="249">Victoria</token>
<token number="249" sentence="10" t_id="250">and</token>
<token number="250" sentence="10" t_id="251">Grand</token>
<token number="251" sentence="10" t_id="252">Marquis</token>
<token number="252" sentence="10" t_id="253">cars</token>
<token number="253" sentence="10" t_id="254">.</token>
<token number="254" sentence="11" t_id="255">On</token>
<token number="255" sentence="11" t_id="256">this</token>
<token number="256" sentence="11" t_id="257">cut</token>
<token number="257" sentence="11" t_id="258">of</token>
<token number="258" sentence="11" t_id="259">the</token>
<token number="259" sentence="11" t_id="260">one</token>
<token number="260" sentence="11" t_id="261">shift</token>
<token number="261" sentence="11" t_id="262">,</token>
<token number="262" sentence="11" t_id="263">Whitey</token>
<token number="263" sentence="11" t_id="264">MacDonald</token>
<token number="264" sentence="11" t_id="265">,</token>
<token number="265" sentence="11" t_id="266">chairperson</token>
<token number="266" sentence="11" t_id="267">of</token>
<token number="267" sentence="11" t_id="268">Local</token>
<token number="268" sentence="11" t_id="269">1520</token>
<token number="269" sentence="11" t_id="270">,</token>
<token number="270" sentence="11" t_id="271">Canadian</token>
<token number="271" sentence="11" t_id="272">Auto</token>
<token number="272" sentence="11" t_id="273">Workers</token>
<token number="273" sentence="11" t_id="274">union</token>
<token number="274" sentence="11" t_id="275">said</token>
<token number="275" sentence="11" t_id="276">``</token>
<token number="276" sentence="11" t_id="277">There</token>
<token number="277" sentence="11" t_id="278">is</token>
<token number="278" sentence="11" t_id="279">a</token>
<token number="279" sentence="11" t_id="280">lot</token>
<token number="280" sentence="11" t_id="281">of</token>
<token number="281" sentence="11" t_id="282">anger</token>
<token number="282" sentence="11" t_id="283">here</token>
<token number="283" sentence="11" t_id="284">today</token>
<token number="284" sentence="11" t_id="285">,</token>
<token number="285" sentence="11" t_id="286">there</token>
<token number="286" sentence="11" t_id="287">is</token>
<token number="287" sentence="11" t_id="288">no</token>
<token number="288" sentence="11" t_id="289">doubt</token>
<token number="289" sentence="11" t_id="290">about</token>
<token number="290" sentence="11" t_id="291">it</token>
<token number="291" sentence="11" t_id="292">.</token>
<token number="292" sentence="12" t_id="293">Any</token>
<token number="293" sentence="12" t_id="294">time</token>
<token number="294" sentence="12" t_id="295">a</token>
<token number="295" sentence="12" t_id="296">plant</token>
<token number="296" sentence="12" t_id="297">goes</token>
<token number="297" sentence="12" t_id="298">to</token>
<token number="298" sentence="12" t_id="299">one</token>
<token number="299" sentence="12" t_id="300">shift</token>
<token number="300" sentence="12" t_id="301">,</token>
<token number="301" sentence="12" t_id="302">it</token>
<token number="302" sentence="12" t_id="303">puts</token>
<token number="303" sentence="12" t_id="304">them</token>
<token number="304" sentence="12" t_id="305">in</token>
<token number="305" sentence="12" t_id="306">limbo</token>
<token number="306" sentence="12" t_id="307">.</token>
<token number="307" sentence="13" t_id="308">This</token>
<token number="308" sentence="13" t_id="309">car</token>
<token number="309" sentence="13" t_id="310">has</token>
<token number="310" sentence="13" t_id="311">made</token>
<token number="311" sentence="13" t_id="312">the</token>
<token number="312" sentence="13" t_id="313">company</token>
<token number="313" sentence="13" t_id="314">millions</token>
<token number="314" sentence="13" t_id="315">of</token>
<token number="315" sentence="13" t_id="316">dollars</token>
<token number="316" sentence="13" t_id="317">over</token>
<token number="317" sentence="13" t_id="318">the</token>
<token number="318" sentence="13" t_id="319">years</token>
<token number="319" sentence="13" t_id="320">they</token>
<token number="320" sentence="13" t_id="321">have</token>
<token number="321" sentence="13" t_id="322">invested</token>
<token number="322" sentence="13" t_id="323">in</token>
<token number="323" sentence="13" t_id="324">other</token>
<token number="324" sentence="13" t_id="325">products</token>
<token number="325" sentence="13" t_id="326">and</token>
<token number="326" sentence="13" t_id="327">locations</token>
<token number="327" sentence="13" t_id="328">-</token>
<token number="328" sentence="13" t_id="329">we</token>
<token number="329" sentence="13" t_id="330">are</token>
<token number="330" sentence="13" t_id="331">entitled</token>
<token number="331" sentence="13" t_id="332">to</token>
<token number="332" sentence="13" t_id="333">some</token>
<token number="333" sentence="13" t_id="334">new</token>
<token number="334" sentence="13" t_id="335">investment</token>
<token number="335" sentence="13" t_id="336">given</token>
<token number="336" sentence="13" t_id="337">our</token>
<token number="337" sentence="13" t_id="338">track</token>
<token number="338" sentence="13" t_id="339">record</token>
<token number="339" sentence="13" t_id="340">.</token>
<token number="340" sentence="13" t_id="341">''</token>
<token number="341" sentence="14" t_id="342">Positive</token>
<token number="342" sentence="14" t_id="343">news</token>
<token number="343" sentence="14" t_id="344">for</token>
<token number="344" sentence="14" t_id="345">the</token>
<token number="345" sentence="14" t_id="346">plant</token>
<token number="346" sentence="14" t_id="347">is</token>
<token number="347" sentence="14" t_id="348">that</token>
<token number="348" sentence="14" t_id="349">Ford</token>
<token number="349" sentence="14" t_id="350">is</token>
<token number="350" sentence="14" t_id="351">still</token>
<token number="351" sentence="14" t_id="352">committed</token>
<token number="352" sentence="14" t_id="353">to</token>
<token number="353" sentence="14" t_id="354">invest</token>
<token number="354" sentence="14" t_id="355">$</token>
<token number="355" sentence="14" t_id="356">200</token>
<token number="356" sentence="14" t_id="357">million</token>
<token number="357" sentence="14" t_id="358">into</token>
<token number="358" sentence="14" t_id="359">the</token>
<token number="359" sentence="14" t_id="360">plant</token>
<token number="360" sentence="14" t_id="361">to</token>
<token number="361" sentence="14" t_id="362">upgrade</token>
<token number="362" sentence="14" t_id="363">the</token>
<token number="363" sentence="14" t_id="364">appearance</token>
<token number="364" sentence="14" t_id="365">of</token>
<token number="365" sentence="14" t_id="366">the</token>
<token number="366" sentence="14" t_id="367">two</token>
<token number="367" sentence="14" t_id="368">cars</token>
<token number="368" sentence="14" t_id="369">manufactured</token>
<token number="369" sentence="14" t_id="370">there</token>
<token number="370" sentence="14" t_id="371">.</token>
<token number="371" sentence="15" t_id="372">On</token>
<token number="372" sentence="15" t_id="373">the</token>
<token number="373" sentence="15" t_id="374">contrary</token>
<token number="374" sentence="15" t_id="375">,</token>
<token number="375" sentence="15" t_id="376">according</token>
<token number="376" sentence="15" t_id="377">to</token>
<token number="377" sentence="15" t_id="378">Automotive</token>
<token number="378" sentence="15" t_id="379">analyst</token>
<token number="379" sentence="15" t_id="380">Dennis</token>
<token number="380" sentence="15" t_id="381">DesRosier</token>
<token number="381" sentence="15" t_id="382">believes</token>
<token number="382" sentence="15" t_id="383">that</token>
<token number="383" sentence="15" t_id="384">the</token>
<token number="384" sentence="15" t_id="385">factory</token>
<token number="385" sentence="15" t_id="386">is</token>
<token number="386" sentence="15" t_id="387">still</token>
<token number="387" sentence="15" t_id="388">``</token>
<token number="388" sentence="15" t_id="389">likely</token>
<token number="389" sentence="15" t_id="390">''</token>
<token number="390" sentence="15" t_id="391">to</token>
<token number="391" sentence="15" t_id="392">close</token>
<token number="392" sentence="15" t_id="393">.</token>
<token number="393" sentence="16" t_id="394">DesRoiser</token>
<token number="394" sentence="16" t_id="395">said</token>
<token number="395" sentence="16" t_id="396">,</token>
<token number="396" sentence="16" t_id="397">``</token>
<token number="397" sentence="16" t_id="398">The</token>
<token number="398" sentence="16" t_id="399">St.</token>
<token number="399" sentence="16" t_id="400">Thomas</token>
<token number="400" sentence="16" t_id="401">plant</token>
<token number="401" sentence="16" t_id="402">is</token>
<token number="402" sentence="16" t_id="403">old</token>
<token number="403" sentence="16" t_id="404">,</token>
<token number="404" sentence="16" t_id="405">the</token>
<token number="405" sentence="16" t_id="406">product</token>
<token number="406" sentence="16" t_id="407">is</token>
<token number="407" sentence="16" t_id="408">old</token>
<token number="408" sentence="16" t_id="409">,</token>
<token number="409" sentence="16" t_id="410">it</token>
<token number="410" sentence="16" t_id="411">make</token>
<token number="411" sentence="16" t_id="412">sense</token>
<token number="412" sentence="16" t_id="413">it</token>
<token number="413" sentence="16" t_id="414">is</token>
<token number="414" sentence="16" t_id="415">on</token>
<token number="415" sentence="16" t_id="416">that</token>
<token number="416" sentence="16" t_id="417">list</token>
<token number="417" sentence="16" t_id="418">.</token>
<token number="418" sentence="17" t_id="419">This</token>
<token number="419" sentence="17" t_id="420">may</token>
<token number="420" sentence="17" t_id="421">be</token>
<token number="421" sentence="17" t_id="422">just</token>
<token number="422" sentence="17" t_id="423">a</token>
<token number="423" sentence="17" t_id="424">short-term</token>
<token number="424" sentence="17" t_id="425">reprieve</token>
<token number="425" sentence="17" t_id="426">,</token>
<token number="426" sentence="17" t_id="427">it</token>
<token number="427" sentence="17" t_id="428">may</token>
<token number="428" sentence="17" t_id="429">be</token>
<token number="429" sentence="17" t_id="430">look</token>
<token number="430" sentence="17" t_id="431">at</token>
<token number="431" sentence="17" t_id="432">permanent</token>
<token number="432" sentence="17" t_id="433">closure</token>
<token number="433" sentence="17" t_id="434">in</token>
<token number="434" sentence="17" t_id="435">two</token>
<token number="435" sentence="17" t_id="436">to</token>
<token number="436" sentence="17" t_id="437">three</token>
<token number="437" sentence="17" t_id="438">years</token>
<token number="438" sentence="17" t_id="439">.</token>
<token number="439" sentence="17" t_id="440">''</token>
<token number="440" sentence="18" t_id="441">Two</token>
<token number="441" sentence="18" t_id="442">more</token>
<token number="442" sentence="18" t_id="443">plants</token>
<token number="443" sentence="18" t_id="444">will</token>
<token number="444" sentence="18" t_id="445">close</token>
<token number="445" sentence="18" t_id="446">in</token>
<token number="446" sentence="18" t_id="447">2008</token>
<token number="447" sentence="18" t_id="448">,</token>
<token number="448" sentence="18" t_id="449">another</token>
<token number="449" sentence="18" t_id="450">two</token>
<token number="450" sentence="18" t_id="451">in</token>
<token number="451" sentence="18" t_id="452">2012</token>
<token number="452" sentence="18" t_id="453">.</token>
<token number="453" sentence="19" t_id="454">Two</token>
<token number="454" sentence="19" t_id="455">more</token>
<token number="455" sentence="19" t_id="456">plants</token>
<token number="456" sentence="19" t_id="457">to</token>
<token number="457" sentence="19" t_id="458">be</token>
<token number="458" sentence="19" t_id="459">closed</token>
<token number="459" sentence="19" t_id="460">are</token>
<token number="460" sentence="19" t_id="461">to</token>
<token number="461" sentence="19" t_id="462">be</token>
<token number="462" sentence="19" t_id="463">announced</token>
<token number="463" sentence="19" t_id="464">later</token>
<token number="464" sentence="19" t_id="465">this</token>
<token number="465" sentence="19" t_id="466">year</token>
<token number="466" sentence="19" t_id="467">.</token>
<token number="467" sentence="20" t_id="468">Also</token>
<token number="468" sentence="20" t_id="469">,</token>
<token number="469" sentence="20" t_id="470">Ford</token>
<token number="470" sentence="20" t_id="471">will</token>
<token number="471" sentence="20" t_id="472">fire</token>
<token number="472" sentence="20" t_id="473">12</token>
<token number="473" sentence="20" t_id="474">%</token>
<token number="474" sentence="20" t_id="475">of</token>
<token number="475" sentence="20" t_id="476">its</token>
<token number="476" sentence="20" t_id="477">53</token>
<token number="477" sentence="20" t_id="478">executive</token>
<token number="478" sentence="20" t_id="479">officers</token>
<token number="479" sentence="20" t_id="480">.</token>
<token number="480" sentence="21" t_id="481">Due</token>
<token number="481" sentence="21" t_id="482">to</token>
<token number="482" sentence="21" t_id="483">the</token>
<token number="483" sentence="21" t_id="484">company</token>
<token number="484" sentence="21" t_id="485">'s</token>
<token number="485" sentence="21" t_id="486">current</token>
<token number="486" sentence="21" t_id="487">contract</token>
<token number="487" sentence="21" t_id="488">with</token>
<token number="488" sentence="21" t_id="489">the</token>
<token number="489" sentence="21" t_id="490">United</token>
<token number="490" sentence="21" t_id="491">Auto</token>
<token number="491" sentence="21" t_id="492">Workers</token>
<token number="492" sentence="21" t_id="493">union</token>
<token number="493" sentence="21" t_id="494">,</token>
<token number="494" sentence="21" t_id="495">workers</token>
<token number="495" sentence="21" t_id="496">at</token>
<token number="496" sentence="21" t_id="497">the</token>
<token number="497" sentence="21" t_id="498">idled</token>
<token number="498" sentence="21" t_id="499">plants</token>
<token number="499" sentence="21" t_id="500">will</token>
<token number="500" sentence="21" t_id="501">still</token>
<token number="501" sentence="21" t_id="502">be</token>
<token number="502" sentence="21" t_id="503">receiving</token>
<token number="503" sentence="21" t_id="504">their</token>
<token number="504" sentence="21" t_id="505">pay</token>
<token number="505" sentence="21" t_id="506">and</token>
<token number="506" sentence="21" t_id="507">benefits</token>
<token number="507" sentence="21" t_id="508">until</token>
<token number="508" sentence="21" t_id="509">Ford</token>
<token number="509" sentence="21" t_id="510">negotiates</token>
<token number="510" sentence="21" t_id="511">a</token>
<token number="511" sentence="21" t_id="512">new</token>
<token number="512" sentence="21" t_id="513">contract</token>
<token number="513" sentence="21" t_id="514">with</token>
<token number="514" sentence="21" t_id="515">the</token>
<token number="515" sentence="21" t_id="516">union</token>
<token number="516" sentence="21" t_id="517">.</token>
<token number="517" sentence="22" t_id="518">However</token>
<token number="518" sentence="22" t_id="519">,</token>
<token number="519" sentence="22" t_id="520">the</token>
<token number="520" sentence="22" t_id="521">workers</token>
<token number="521" sentence="22" t_id="522">may</token>
<token number="522" sentence="22" t_id="523">not</token>
<token number="523" sentence="22" t_id="524">earn</token>
<token number="524" sentence="22" t_id="525">what</token>
<token number="525" sentence="22" t_id="526">they</token>
<token number="526" sentence="22" t_id="527">earn</token>
<token number="527" sentence="22" t_id="528">today</token>
<token number="528" sentence="22" t_id="529">because</token>
<token number="529" sentence="22" t_id="530">they</token>
<token number="530" sentence="22" t_id="531">will</token>
<token number="531" sentence="22" t_id="532">not</token>
<token number="532" sentence="22" t_id="533">be</token>
<token number="533" sentence="22" t_id="534">eligible</token>
<token number="534" sentence="22" t_id="535">for</token>
<token number="535" sentence="22" t_id="536">overtime</token>
<token number="536" sentence="22" t_id="537">.</token>
<token number="537" sentence="23" t_id="538">The</token>
<token number="538" sentence="23" t_id="539">UAW</token>
<token number="539" sentence="23" t_id="540">President</token>
<token number="540" sentence="23" t_id="541">Ron</token>
<token number="541" sentence="23" t_id="542">Gettelfinger</token>
<token number="542" sentence="23" t_id="543">and</token>
<token number="543" sentence="23" t_id="544">Vice</token>
<token number="544" sentence="23" t_id="545">President</token>
<token number="545" sentence="23" t_id="546">Gerald</token>
<token number="546" sentence="23" t_id="547">Bantom</token>
<token number="547" sentence="23" t_id="548">called</token>
<token number="548" sentence="23" t_id="549">say</token>
<token number="549" sentence="23" t_id="550">the</token>
<token number="550" sentence="23" t_id="551">plan</token>
<token number="551" sentence="23" t_id="552">is</token>
<token number="552" sentence="23" t_id="553">``</token>
<token number="553" sentence="23" t_id="554">extremely</token>
<token number="554" sentence="23" t_id="555">disappointing</token>
<token number="555" sentence="23" t_id="556">.</token>
<token number="556" sentence="23" t_id="557">''</token>
<token number="557" sentence="24" t_id="558">The</token>
<token number="558" sentence="24" t_id="559">UAW</token>
<token number="559" sentence="24" t_id="560">issued</token>
<token number="560" sentence="24" t_id="561">statement</token>
<token number="561" sentence="24" t_id="562">saying</token>
<token number="562" sentence="24" t_id="563">``</token>
<token number="563" sentence="24" t_id="564">The</token>
<token number="564" sentence="24" t_id="565">impacted</token>
<token number="565" sentence="24" t_id="566">hourly</token>
<token number="566" sentence="24" t_id="567">and</token>
<token number="567" sentence="24" t_id="568">salaried</token>
<token number="568" sentence="24" t_id="569">workers</token>
<token number="569" sentence="24" t_id="570">find</token>
<token number="570" sentence="24" t_id="571">themselves</token>
<token number="571" sentence="24" t_id="572">facing</token>
<token number="572" sentence="24" t_id="573">uncertain</token>
<token number="573" sentence="24" t_id="574">futures</token>
<token number="574" sentence="24" t_id="575">because</token>
<token number="575" sentence="24" t_id="576">of</token>
<token number="576" sentence="24" t_id="577">senior</token>
<token number="577" sentence="24" t_id="578">management</token>
<token number="578" sentence="24" t_id="579">'s</token>
<token number="579" sentence="24" t_id="580">failure</token>
<token number="580" sentence="24" t_id="581">to</token>
<token number="581" sentence="24" t_id="582">halt</token>
<token number="582" sentence="24" t_id="583">Ford</token>
<token number="583" sentence="24" t_id="584">'s</token>
<token number="584" sentence="24" t_id="585">sliding</token>
<token number="585" sentence="24" t_id="586">market</token>
<token number="586" sentence="24" t_id="587">share</token>
<token number="587" sentence="24" t_id="588">.</token>
<token number="588" sentence="25" t_id="589">The</token>
<token number="589" sentence="25" t_id="590">announcement</token>
<token number="590" sentence="25" t_id="591">has</token>
<token number="591" sentence="25" t_id="592">further</token>
<token number="592" sentence="25" t_id="593">left</token>
<token number="593" sentence="25" t_id="594">a</token>
<token number="594" sentence="25" t_id="595">cloud</token>
<token number="595" sentence="25" t_id="596">hanging</token>
<token number="596" sentence="25" t_id="597">over</token>
<token number="597" sentence="25" t_id="598">the</token>
<token number="598" sentence="25" t_id="599">entire</token>
<token number="599" sentence="25" t_id="600">work</token>
<token number="600" sentence="25" t_id="601">force</token>
<token number="601" sentence="25" t_id="602">because</token>
<token number="602" sentence="25" t_id="603">of</token>
<token number="603" sentence="25" t_id="604">pending</token>
<token number="604" sentence="25" t_id="605">future</token>
<token number="605" sentence="25" t_id="606">announcements</token>
<token number="606" sentence="25" t_id="607">of</token>
<token number="607" sentence="25" t_id="608">additional</token>
<token number="608" sentence="25" t_id="609">facilities</token>
<token number="609" sentence="25" t_id="610">to</token>
<token number="610" sentence="25" t_id="611">be</token>
<token number="611" sentence="25" t_id="612">closed</token>
<token number="612" sentence="25" t_id="613">at</token>
<token number="613" sentence="25" t_id="614">some</token>
<token number="614" sentence="25" t_id="615">point</token>
<token number="615" sentence="25" t_id="616">in</token>
<token number="616" sentence="25" t_id="617">the</token>
<token number="617" sentence="25" t_id="618">future</token>
<token number="618" sentence="25" t_id="619">.</token>
<token number="619" sentence="25" t_id="620">''</token>
<Markables>
<ENTITY_MENTION comment="" head="" m_id="20" syntactic_type="NAM">
<token_anchor t_id="66"/>
</ENTITY_MENTION>
<ENTITY_MENTION comment="" head="" m_id="21" syntactic_type="">
<token_anchor t_id="66"/>
<token_anchor t_id="67"/>
<token_anchor t_id="68"/>
<token_anchor t_id="69"/>
<token_anchor t_id="70"/>
</ENTITY_MENTION>
<ENTITY_MENTION comment="" head="" m_id="22" syntactic_type="NAM">
<token_anchor t_id="72"/>
<token_anchor t_id="73"/>
<token_anchor t_id="74"/>
<token_anchor t_id="75"/>
</ENTITY_MENTION>
<ENTITY_MENTION comment="" head="" m_id="55" syntactic_type="PRE.NAM">
<token_anchor t_id="139"/>
</ENTITY_MENTION>
<ENTITY_MENTION comment="" head="" m_id="23" syntactic_type="">
<token_anchor t_id="66"/>
<token_anchor t_id="67"/>
<token_anchor t_id="68"/>
<token_anchor t_id="69"/>
<token_anchor t_id="70"/>
<token_anchor t_id="71"/>
<token_anchor t_id="72"/>
<token_anchor t_id="73"/>
<token_anchor t_id="74"/>
<token_anchor t_id="75"/>
</ENTITY_MENTION>
<ENTITY_MENTION comment="" head="" m_id="56" syntactic_type="PRE.NAM">
<token_anchor t_id="141"/>
<token_anchor t_id="142"/>
</ENTITY_MENTION>
<ENTITY_MENTION comment="" head="" m_id="24" syntactic_type="NAM">
<token_anchor t_id="80"/>
</ENTITY_MENTION>
<ENTITY_MENTION comment="" head="" m_id="57" syntactic_type="">
<token_anchor t_id="141"/>
<token_anchor t_id="142"/>
<token_anchor t_id="143"/>
</ENTITY_MENTION>
<ENTITY_MENTION comment="" head="" m_id="25" syntactic_type="">
<token_anchor t_id="82"/>
<token_anchor t_id="83"/>
</ENTITY_MENTION>
<ENTITY_MENTION comment="" head="" m_id="58" syntactic_type="">
<token_anchor t_id="138"/>
<token_anchor t_id="139"/>
<token_anchor t_id="140"/>
<token_anchor t_id="141"/>
<token_anchor t_id="142"/>
<token_anchor t_id="143"/>
</ENTITY_MENTION>
<ENTITY_MENTION comment="" head="" m_id="87" syntactic_type="NAM">
<token_anchor t_id="1"/>
<token_anchor t_id="2"/>
<token_anchor t_id="3"/>
</ENTITY_MENTION>
<ENTITY_MENTION comment="" head="" m_id="1" syntactic_type="NAM">
<token_anchor t_id="13"/>
<token_anchor t_id="14"/>
<token_anchor t_id="15"/>
<token_anchor t_id="16"/>
</ENTITY_MENTION>
<ENTITY_MENTION comment="" head="" m_id="2" syntactic_type="NAM">
<token_anchor t_id="23"/>
</ENTITY_MENTION>
<ENTITY_MENTION comment="" head="" m_id="34" syntactic_type="NAM">
<token_anchor t_id="101"/>
</ENTITY_MENTION>
<ENTITY_MENTION comment="" head="" m_id="3" syntactic_type="">
<token_anchor t_id="18"/>
<token_anchor t_id="19"/>
<token_anchor t_id="20"/>
<token_anchor t_id="21"/>
<token_anchor t_id="22"/>
<token_anchor t_id="23"/>
</ENTITY_MENTION>
<ENTITY_MENTION comment="" head="" m_id="35" syntactic_type="PRE.NAM">
<token_anchor t_id="103"/>
<token_anchor t_id="104"/>
</ENTITY_MENTION>
<ENTITY_MENTION comment="" head="" m_id="36" syntactic_type="">
<token_anchor t_id="101"/>
<token_anchor t_id="102"/>
<token_anchor t_id="103"/>
<token_anchor t_id="104"/>
<token_anchor t_id="105"/>
<token_anchor t_id="106"/>
<token_anchor t_id="107"/>
<token_anchor t_id="108"/>
</ENTITY_MENTION>
<ENTITY_MENTION comment="" head="" m_id="4" syntactic_type="">
<token_anchor t_id="13"/>
<token_anchor t_id="14"/>
<token_anchor t_id="15"/>
<token_anchor t_id="16"/>
<token_anchor t_id="17"/>
<token_anchor t_id="18"/>
<token_anchor t_id="19"/>
<token_anchor t_id="20"/>
<token_anchor t_id="21"/>
<token_anchor t_id="22"/>
<token_anchor t_id="23"/>
</ENTITY_MENTION>
<ENTITY_MENTION comment="" head="" m_id="5" syntactic_type="">
<token_anchor t_id="30"/>
<token_anchor t_id="31"/>
</ENTITY_MENTION>
<ENTITY_MENTION comment="" head="" m_id="6" syntactic_type="NAM">
<token_anchor t_id="40"/>
</ENTITY_MENTION>
<ENTITY_MENTION comment="" head="" m_id="7" syntactic_type="">
<token_anchor t_id="50"/>
<token_anchor t_id="51"/>
</ENTITY_MENTION>
<ENTITY_MENTION comment="" head="" m_id="42" syntactic_type="">
<token_anchor t_id="113"/>
<token_anchor t_id="114"/>
</ENTITY_MENTION>
<ENTITY_MENTION comment="" head="" m_id="43" syntactic_type="NAM">
<token_anchor t_id="122"/>
</ENTITY_MENTION>
<EVENT_MENTION aspect="NONE" certainty="UNDERSPECIFIED" comment="" m_id="51" modality="" polarity="UNDERSPECIFIED" pos="VERB" pred="" special_cases="NONE" tense="INFINITIVE" time="FUTURE">
<token_anchor t_id="121"/>
</EVENT_MENTION>
<EVENT_MENTION aspect="NONE" certainty="UNDERSPECIFIED" comment="" m_id="52" modality="" polarity="UNDERSPECIFIED" pos="NOUN" pred="" special_cases="NONE" tense="NONE" time="FUTURE">
<token_anchor t_id="125"/>
</EVENT_MENTION>
<EVENT_MENTION aspect="NONE" certainty="CERTAIN" comment="" m_id="53" modality="" polarity="POS" pos="NOUN" pred="" special_cases="NONE" tense="NONE" time="NON_FUTURE">
<token_anchor t_id="129"/>
</EVENT_MENTION>
<EVENT_MENTION aspect="NONE" certainty="CERTAIN" comment="" m_id="26" modality="" polarity="POS" pos="NOUN" pred="" special_cases="NONE" tense="NONE" time="NON_FUTURE">
<token_anchor t_id="55"/>
</EVENT_MENTION>
<EVENT_MENTION aspect="NONE" certainty="CERTAIN" comment="" m_id="59" modality="" polarity="POS" pos="VERB" pred="" special_cases="NONE" tense="FUTURE" time="FUTURE">
<token_anchor t_id="146"/>
</EVENT_MENTION>
<EVENT_MENTION aspect="NONE" certainty="CERTAIN" comment="" m_id="27" modality="" polarity="POS" pos="VERB" pred="" special_cases="NONE" tense="PASTPART" time="NON_FUTURE">
<token_anchor t_id="57"/>
</EVENT_MENTION>
<EVENT_MENTION aspect="NONE" certainty="CERTAIN" comment="" m_id="28" modality="" polarity="POS" pos="NOUN" pred="" special_cases="NONE" tense="NONE" time="NON_FUTURE">
<token_anchor t_id="64"/>
</EVENT_MENTION>
<EVENT_MENTION aspect="NONE" certainty="CERTAIN" comment="" m_id="29" modality="" polarity="POS" pos="VERB" pred="" special_cases="NONE" tense="PRESENT" time="NON_FUTURE">
<token_anchor t_id="77"/>
</EVENT_MENTION>
<EVENT_MENTION aspect="NONE" certainty="CERTAIN" comment="" m_id="62" modality="" polarity="POS" pos="VERB" pred="" special_cases="NONE" tense="FUTURE" time="FUTURE">
<token_anchor t_id="111"/>
<token_anchor t_id="117"/>
</EVENT_MENTION>
<EVENT_MENTION aspect="NONE" certainty="CERTAIN" comment="" m_id="30" modality="" polarity="POS" pos="VERB" pred="" special_cases="NONE" tense="INFINITIVE" time="FUTURE">
<token_anchor t_id="79"/>
</EVENT_MENTION>
<EVENT_MENTION aspect="NONE" certainty="CERTAIN" comment="" m_id="31" modality="" polarity="POS" pos="NOUN" pred="" special_cases="NONE" tense="NONE" time="NON_FUTURE">
<token_anchor t_id="84"/>
</EVENT_MENTION>
<EVENT_MENTION aspect="NONE" certainty="CERTAIN" comment="" m_id="88" modality="" polarity="POS" pos="VERB" pred="" special_cases="NONE" tense="PRESPART" time="FUTURE">
<token_anchor t_id="4"/>
</EVENT_MENTION>
<EVENT_MENTION aspect="NONE" certainty="CERTAIN" comment="" m_id="90" modality="" polarity="POS" pos="NOUN" pred="" special_cases="NONE" tense="NONE" time="NON_FUTURE">
<token_anchor t_id="6"/>
</EVENT_MENTION>
<EVENT_MENTION aspect="NONE" certainty="CERTAIN" comment="" m_id="8" modality="" polarity="POS" pos="VERB" pred="" special_cases="NONE" tense="FUTURE" time="FUTURE">
<token_anchor t_id="26"/>
</EVENT_MENTION>
<EVENT_MENTION aspect="NONE" certainty="CERTAIN" comment="" m_id="9" modality="" polarity="POS" pos="NOUN" pred="" special_cases="NONE" tense="NONE" time="NON_FUTURE">
<token_anchor t_id="28"/>
</EVENT_MENTION>
<EVENT_MENTION aspect="NONE" certainty="CERTAIN" comment="" m_id="10" modality="" polarity="POS" pos="NOUN" pred="" special_cases="NONE" tense="NONE" time="NON_FUTURE">
<token_anchor t_id="37"/>
</EVENT_MENTION>
<EVENT_MENTION aspect="NONE" certainty="UNDERSPECIFIED" comment="" m_id="11" modality="" polarity="UNDERSPECIFIED" pos="VERB" pred="" special_cases="NONE" tense="INFINITIVE" time="FUTURE">
<token_anchor t_id="39"/>
</EVENT_MENTION>
<EVENT_MENTION aspect="NONE" certainty="UNDERSPECIFIED" comment="" m_id="44" modality="" polarity="UNDERSPECIFIED" pos="VERB" pred="" special_cases="NONE" tense="INFINITIVE" time="FUTURE">
<token_anchor t_id="89"/>
</EVENT_MENTION>
<EVENT_MENTION aspect="NONE" certainty="CERTAIN" comment="" m_id="12" modality="" polarity="POS" pos="NOUN" pred="" special_cases="NONE" tense="NONE" time="NON_FUTURE">
<token_anchor t_id="46"/>
</EVENT_MENTION>
<EVENT_MENTION aspect="NONE" certainty="UNDERSPECIFIED" comment="" m_id="45" modality="" polarity="UNDERSPECIFIED" pos="OTHER" pred="" special_cases="NONE" tense="NONE" time="FUTURE">
<token_anchor t_id="90"/>
</EVENT_MENTION>
<EVENT_MENTION aspect="NONE" certainty="CERTAIN" comment="" m_id="13" modality="" polarity="POS" pos="NOUN" pred="" special_cases="NONE" tense="NONE" time="NON_FUTURE">
<token_anchor t_id="52"/>
</EVENT_MENTION>
<EVENT_MENTION aspect="NONE" certainty="CERTAIN" comment="" m_id="46" modality="" polarity="POS" pos="NOUN" pred="" special_cases="NONE" tense="NONE" time="NON_FUTURE">
<token_anchor t_id="92"/>
</EVENT_MENTION>
<EVENT_MENTION aspect="NONE" certainty="CERTAIN" comment="" m_id="47" modality="" polarity="POS" pos="OTHER" pred="" special_cases="NONE" tense="NONE" time="NON_FUTURE">
<token_anchor t_id="93"/>
</EVENT_MENTION>
<EVENT_MENTION aspect="NONE" certainty="CERTAIN" comment="" m_id="48" modality="" polarity="POS" pos="VERB" pred="" special_cases="NONE" tense="PRESENT" time="NON_FUTURE">
<token_anchor t_id="94"/>
</EVENT_MENTION>
<EVENT_MENTION aspect="NONE" certainty="CERTAIN" comment="" m_id="49" modality="" polarity="POS" pos="VERB" pred="" special_cases="NONE" tense="FUTURE" time="FUTURE">
<token_anchor t_id="111"/>
</EVENT_MENTION>
<EVENT_MENTION aspect="NONE" certainty="CERTAIN" comment="" m_id="50" modality="" polarity="POS" pos="VERB" pred="" special_cases="NONE" tense="FUTURE" time="FUTURE">
<token_anchor t_id="117"/>
</EVENT_MENTION>
<SIGNAL comment="" m_id="19">
<token_anchor t_id="41"/>
</SIGNAL>
<SIGNAL comment="" m_id="60">
<token_anchor t_id="131"/>
</SIGNAL>
<SIGNAL comment="" m_id="32">
<token_anchor t_id="85"/>
</SIGNAL>
<SIGNAL comment="" m_id="91">
<token_anchor t_id="7"/>
</SIGNAL>
<TIMEX3 anchorTimeID="14" beginPoint="" comment="" endPoint="" functionInDocument="NONE" m_id="61" type="DATE" value="2006">
<token_anchor t_id="132"/>
<token_anchor t_id="133"/>
<token_anchor t_id="134"/>
<token_anchor t_id="135"/>
<token_anchor t_id="136"/>
</TIMEX3>
<TIMEX3 anchorTimeID="" beginPoint="" comment="" endPoint="" functionInDocument="NONE" m_id="33" type="DATE" value="2008">
<token_anchor t_id="86"/>
</TIMEX3>
<TIMEX3 anchorTimeID="" beginPoint="" comment="" endPoint="" functionInDocument="NONE" m_id="92" type="DATE" value="2012">
<token_anchor t_id="8"/>
</TIMEX3>
<TIMEX3 anchorTimeID="" beginPoint="" comment="" endPoint="" functionInDocument="CREATION_TIME" m_id="14" type="DATE" value="2006-01-23">
<token_anchor t_id="9"/>
<token_anchor t_id="10"/>
<token_anchor t_id="11"/>
<token_anchor t_id="12"/>
</TIMEX3>
<TIMEX3 anchorTimeID="14" beginPoint="" comment="" endPoint="" functionInDocument="NONE" m_id="15" type="DATE" value="2005">
<token_anchor t_id="47"/>
<token_anchor t_id="48"/>
</TIMEX3>
<VALUE comment="" m_id="54" type="QUANTITY">
<token_anchor t_id="113"/>
</VALUE>
<VALUE comment="" m_id="89" type="QUANTITY">
<token_anchor t_id="5"/>
</VALUE>
<VALUE comment="" m_id="37" type="QUANTITY">
<token_anchor t_id="107"/>
</VALUE>
<VALUE comment="" m_id="38" type="QUANTITY">
<token_anchor t_id="91"/>
</VALUE>
<VALUE comment="" m_id="39" type="PERCENT">
<token_anchor t_id="96"/>
</VALUE>
<VALUE comment="" m_id="40" type="PERCENT">
<token_anchor t_id="98"/>
<token_anchor t_id="99"/>
</VALUE>
<VALUE comment="" m_id="41" type="PERCENT">
<token_anchor t_id="96"/>
<token_anchor t_id="97"/>
<token_anchor t_id="98"/>
<token_anchor t_id="99"/>
</VALUE>
<VALUE comment="" m_id="16" type="QUANTITY">
<token_anchor t_id="27"/>
</VALUE>
<VALUE comment="" m_id="17" type="QUANTITY">
<token_anchor t_id="30"/>
</VALUE>
<VALUE comment="" m_id="18" type="MONEY">
<token_anchor t_id="43"/>
<token_anchor t_id="44"/>
<token_anchor t_id="45"/>
</VALUE>

















<EVENT TAG_DESCRIPTOR="Cut-EHU" class="OTHER" instance_id="OTH39738341861981866" m_id="139"/><EVENT TAG_DESCRIPTOR="cut" class="OTHER" comment="" external_ref="" m_id="158"/>
<EVENT TAG_DESCRIPTOR="jobs" class="OTHER" comment="" external_ref="" m_id="86"/><EVENT TAG_DESCRIPTOR="plan" class="SPEECH_COGNITIVE" comment="" external_ref="" m_id="85"/>
<EVENT TAG_DESCRIPTOR="sales" class="OTHER" comment="" external_ref="" m_id="82"/><EVENT TAG_DESCRIPTOR="call" class="SPEECH_COGNITIVE" comment="" external_ref="" m_id="81"/>
<EVENT TAG_DESCRIPTOR="be" class="GRAMMATICAL" comment="" external_ref="" m_id="80"/>
<EVENT TAG_DESCRIPTOR="end" class="GRAMMATICAL" comment="" external_ref="" m_id="79"/><EVENT TAG_DESCRIPTOR="accomplish" class="GRAMMATICAL" comment="" external_ref="" m_id="78"/>
<EVENT TAG_DESCRIPTOR="make" class="OTHER" comment="" external_ref="" m_id="77"/>
<EVENT TAG_DESCRIPTOR="bring" class="OTHER" comment="" external_ref="" m_id="76"/>
<EVENT TAG_DESCRIPTOR="capacity" class="OTHER" comment="" external_ref="" m_id="75"/><EVENT TAG_DESCRIPTOR="Relieve-EHU" class="OTHER" instance_id="OTH40531246675794195" m_id="152"/>
<EVENT TAG_DESCRIPTOR="demand" class="OTHER" comment="" external_ref="" m_id="74"/>
<EVENT TAG_DESCRIPTOR="Loss-EHU" class="OTHER" instance_id="OTH41392155815680033" m_id="143"/>
<ENTITY TAG_DESCRIPTOR="Ford US workforce" ent_type="PER" instance_id="PER47041428810015779" m_id="156"/><ENTITY TAG_DESCRIPTOR="North America" ent_type="LOC" external_ref="http://dbpedia.org/resource/North_America" instance_id="LOC45373489427512948" m_id="153"/>
<ENTITY TAG_DESCRIPTOR="St. Louis plant" ent_type="PRO" instance_id="PRO45359713783941062" m_id="150"/><ENTITY TAG_DESCRIPTOR="St. Louis" ent_type="LOC" external_ref="http://dbpedia.org/resource/St._Louis" instance_id="LOC45358751939057126" m_id="149"/>
<ENTITY TAG_DESCRIPTOR="Atlanta" ent_type="LOC" external_ref="http://dbpedia.org/resource/Atlanta" instance_id="LOC45358675775792149" m_id="148"/><ENTITY TAG_DESCRIPTOR="Ford" ent_type="ORG" external_ref="http://dbpedia.org/resource/Ford_Motor_Company" instance_id="ORG37406423869806668" m_id="147"/>
<ENTITY TAG_DESCRIPTOR="14 Ford plants" ent_type="PRO" instance_id="PRO45359591439432706" m_id="145"/>
<ENTITY TAG_DESCRIPTOR="William Clayd Ford Jr." ent_type="PER" external_ref="http://dbpedia.org/resource/William_Clay_Ford,_Jr." instance_id="PER45359461366211498" m_id="144"/><ENTITY TAG_DESCRIPTOR="Atlanta and St Louis plants" ent_type="PRO" instance_id="PRO47041552970820098" m_id="142"/>
<ENTITY TAG_DESCRIPTOR="United States of America " ent_type="LOC" external_ref="http://dbpedia.org/resource/United_States" instance_id="LOC27735327659249054" m_id="141"/></Markables>
<Relations>
<HAS_PARTICIPANT comment="" r_id="154761" sem_role="Arg0" sem_role_framework="PROPBANK">
<source m_id="8"/>
<target m_id="4"/>
</HAS_PARTICIPANT>
<HAS_PARTICIPANT comment="" r_id="154762" sem_role="Arg1" sem_role_framework="PROPBANK">
<source m_id="8"/>
<target m_id="5"/>
</HAS_PARTICIPANT>
<HAS_PARTICIPANT comment="" r_id="154763" sem_role="Arg1" sem_role_framework="PROPBANK">
<source m_id="11"/>
<target m_id="6"/>
</HAS_PARTICIPANT>
<HAS_PARTICIPANT comment="" r_id="154764" sem_role="Argm-LOC" sem_role_framework="PROPBANK">
<source m_id="13"/>
<target m_id="7"/>
</HAS_PARTICIPANT>
<GLINK comment="" r_id="154765">
<source m_id="8"/>
<target m_id="9"/>
</GLINK>
<SLINK comment="" r_id="154766">
<source m_id="10"/>
<target m_id="11"/>
</SLINK>
<HAS_PARTICIPANT comment="" r_id="154767" sem_role="Arg0" sem_role_framework="PROPBANK">
<source m_id="28"/>
<target m_id="23"/>
</HAS_PARTICIPANT>
<HAS_PARTICIPANT comment="" r_id="154768" sem_role="Arg0" sem_role_framework="PROPBANK">
<source m_id="31"/>
<target m_id="24"/>
</HAS_PARTICIPANT>
<HAS_PARTICIPANT comment="" r_id="154769" sem_role="Argm-LOC" sem_role_framework="PROPBANK">
<source m_id="31"/>
<target m_id="25"/>
</HAS_PARTICIPANT>
<GLINK comment="" r_id="154772">
<source m_id="30"/>
<target m_id="31"/>
</GLINK>
<GLINK comment="" r_id="154773">
<source m_id="29"/>
<target m_id="30"/>
</GLINK>
<HAS_PARTICIPANT comment="" r_id="154775" sem_role="Arg1" sem_role_framework="PROPBANK">
<source m_id="48"/>
<target m_id="41"/>
</HAS_PARTICIPANT>
<HAS_PARTICIPANT comment="" r_id="154776" sem_role="Argm-OTHER" sem_role_framework="PROPBANK">
<source m_id="48"/>
<target m_id="36"/>
</HAS_PARTICIPANT>
<HAS_PARTICIPANT comment="" r_id="154777" sem_role="Arg1" sem_role_framework="PROPBANK">
<source m_id="50"/>
<target m_id="42"/>
</HAS_PARTICIPANT>
<HAS_PARTICIPANT comment="" r_id="154778" sem_role="Arg1" sem_role_framework="PROPBANK">
<source m_id="52"/>
<target m_id="43"/>
</HAS_PARTICIPANT>
<GLINK comment="" r_id="154779">
<source m_id="44"/>
<target m_id="45"/>
</GLINK>
<GLINK comment="" r_id="154780">
<source m_id="49"/>
<target m_id="46"/>
</GLINK>
<GLINK comment="" r_id="154783">
<source m_id="51"/>
<target m_id="52"/>
</GLINK>
<HAS_PARTICIPANT comment="" r_id="154784" sem_role="Arg1" sem_role_framework="PROPBANK">
<source m_id="59"/>
<target m_id="58"/>
</HAS_PARTICIPANT>
<TLINK comment="" r_id="154785" reltype="AFTER" signalID="">
<source m_id="8"/>
<target m_id="14"/>
</TLINK>
<TLINK comment="" r_id="154786" reltype="IS_INCLUDED" signalID="">
<source m_id="29"/>
<target m_id="14"/>
</TLINK>
<TLINK comment="" r_id="154787" reltype="IS_INCLUDED" signalID="">
<source m_id="48"/>
<target m_id="14"/>
</TLINK>
<TLINK comment="" r_id="154788" reltype="AFTER" signalID="">
<source m_id="49"/>
<target m_id="14"/>
</TLINK>
<TLINK comment="" r_id="154789" reltype="AFTER" signalID="">
<source m_id="50"/>
<target m_id="14"/>
</TLINK>
<TLINK comment="" r_id="154790" reltype="AFTER" signalID="">
<source m_id="59"/>
<target m_id="14"/>
</TLINK>
<TLINK comment="" r_id="154791" reltype="AFTER" signalID="">
<source m_id="8"/>
<target m_id="29"/>
</TLINK>
<TLINK comment="" r_id="154792" reltype="BEFORE" signalID="">
<source m_id="29"/>
<target m_id="49"/>
</TLINK>
<TLINK comment="" r_id="154793" reltype="INCLUDES" signalID="">
<source m_id="49"/>
<target m_id="59"/>
</TLINK>
<TLINK comment="" r_id="154794" reltype="BEFORE" signalID="">
<source m_id="10"/>
<target m_id="11"/>
</TLINK>
<TLINK comment="" r_id="154796" reltype="BEFORE" signalID="">
<source m_id="29"/>
<target m_id="30"/>
</TLINK>
<TLINK comment="" r_id="154797" reltype="AFTER" signalID="">
<source m_id="44"/>
<target m_id="62"/>
</TLINK>
<TLINK comment="" r_id="154798" reltype="IS_INCLUDED" signalID="">
<source m_id="12"/>
<target m_id="15"/>
</TLINK>
<TLINK comment="" r_id="154799" reltype="ENDED_BY" signalID="32">
<source m_id="30"/>
<target m_id="33"/>
</TLINK>
<TLINK comment="" r_id="154800" reltype="ENDED_BY" signalID="60">
<source m_id="59"/>
<target m_id="61"/>
</TLINK>
<HAS_PARTICIPANT comment="" r_id="243814" sem_role="Arg0" sem_role_framework="PROPBANK">
<source m_id="88"/>
<target m_id="87"/>
</HAS_PARTICIPANT>
<GLINK comment="" r_id="243816">
<source m_id="88"/>
<target m_id="90"/>
</GLINK>
<TLINK comment="" r_id="243818" reltype="ENDED_BY" signalID="91">
<source m_id="88"/>
<target m_id="92"/>
</TLINK>































<REFERS_TO r_id="243839">
<source m_id="57"/>
<target m_id="150"/>
</REFERS_TO>
<REFERS_TO r_id="243840">
<source m_id="35"/>
<source m_id="7"/>
<source m_id="25"/>
<target m_id="153"/>
</REFERS_TO>
<REFERS_TO r_id="243841">
<source m_id="11"/>
<target m_id="152"/>
</REFERS_TO>



<REFERS_TO r_id="243845">
<source m_id="36"/>
<target m_id="156"/>
</REFERS_TO>
<REFERS_TO r_id="243846">
<source m_id="49"/>
<source m_id="50"/>
<source m_id="59"/>
<source m_id="62"/>
<target m_id="158"/>
</REFERS_TO>
<REFERS_TO r_id="243847">
<source m_id="13"/>
<target m_id="82"/>
</REFERS_TO>
<REFERS_TO r_id="243848">
<source m_id="29"/>
<target m_id="80"/>
</REFERS_TO>
<REFERS_TO r_id="243849">
<source m_id="27"/>
<target m_id="81"/>
</REFERS_TO>
<REFERS_TO r_id="243850">
<source m_id="9"/>
<source m_id="46"/>
<source m_id="47"/>
<source m_id="90"/>
<target m_id="86"/>
</REFERS_TO>
<REFERS_TO r_id="243851">
<source m_id="8"/>
<source m_id="88"/>
<target m_id="139"/>
</REFERS_TO>
<REFERS_TO r_id="243852">
<source m_id="10"/>
<source m_id="26"/>
<source m_id="28"/>
<target m_id="85"/>
</REFERS_TO>

<REFERS_TO r_id="243854">


<source m_id="6"/>
<source m_id="24"/>
<source m_id="34"/>
<source m_id="87"/>
<source m_id="4"/>
<source m_id="3"/>

<source m_id="20"/>

<source m_id="43"/>
<source m_id="1"/>



<target m_id="147"/>
</REFERS_TO>
<REFERS_TO r_id="243855">
<source m_id="21"/>
<source m_id="23"/>
<source m_id="22"/>
<target m_id="144"/>
</REFERS_TO>
<REFERS_TO r_id="243856">
<source m_id="5"/>
<source m_id="42"/>
<target m_id="145"/>
</REFERS_TO>
<REFERS_TO r_id="243857">
<source m_id="58"/>
<target m_id="142"/>
</REFERS_TO>
<REFERS_TO r_id="243858">
<source m_id="31"/>
<source m_id="12"/>
<target m_id="143"/>
</REFERS_TO>

<REFERS_TO r_id="243860">
<source m_id="2"/>
<target m_id="141"/>
</REFERS_TO>
<REFERS_TO r_id="243861">
<source m_id="55"/>
<target m_id="148"/>
</REFERS_TO>
<REFERS_TO r_id="243862">
<source m_id="56"/>
<target m_id="149"/>
</REFERS_TO>
<REFERS_TO r_id="243863">
<source m_id="48"/>
<target m_id="77"/>
</REFERS_TO>
<REFERS_TO r_id="243864">
<source m_id="51"/>
<target m_id="76"/>
</REFERS_TO>
<REFERS_TO r_id="243865">
<source m_id="52"/>
<target m_id="75"/>
</REFERS_TO>
<REFERS_TO r_id="243866">
<source m_id="53"/>
<target m_id="74"/>
</REFERS_TO>
<REFERS_TO r_id="243867">
<source m_id="30"/>
<source m_id="45"/>
<target m_id="79"/>
</REFERS_TO>
<REFERS_TO r_id="243868">
<source m_id="44"/>
<target m_id="78"/>
</REFERS_TO>
</Relations>
</Document>