<?xml version="1.0" ?><Document doc_id="47720" doc_name="47720_Ford_announces_deep_production_cuts_in_response_to_growing_losses" lang="en" url="http://en.wikinews.org/wiki/Ford_announces_deep_production_cuts_in_response_to_growing_losses">
<token number="0" sentence="0" t_id="1">Ford</token>
<token number="1" sentence="0" t_id="2">announces</token>
<token number="2" sentence="0" t_id="3">deep</token>
<token number="3" sentence="0" t_id="4">production</token>
<token number="4" sentence="0" t_id="5">cuts</token>
<token number="5" sentence="0" t_id="6">in</token>
<token number="6" sentence="0" t_id="7">response</token>
<token number="7" sentence="0" t_id="8">to</token>
<token number="8" sentence="0" t_id="9">growing</token>
<token number="9" sentence="0" t_id="10">losses</token>
<token number="10" sentence="1" t_id="11">August</token>
<token number="11" sentence="1" t_id="12">19</token>
<token number="12" sentence="1" t_id="13">,</token>
<token number="13" sentence="1" t_id="14">2006</token>
<token number="14" sentence="2" t_id="15">Ford</token>
<token number="15" sentence="2" t_id="16">has</token>
<token number="16" sentence="2" t_id="17">announced</token>
<token number="17" sentence="2" t_id="18">sweeping</token>
<token number="18" sentence="2" t_id="19">cuts</token>
<token number="19" sentence="2" t_id="20">of</token>
<token number="20" sentence="2" t_id="21">21</token>
<token number="21" sentence="2" t_id="22">%</token>
<token number="22" sentence="2" t_id="23">(</token>
<token number="23" sentence="2" t_id="24">168,000</token>
<token number="24" sentence="2" t_id="25">units</token>
<token number="25" sentence="2" t_id="26">)</token>
<token number="26" sentence="2" t_id="27">in</token>
<token number="27" sentence="2" t_id="28">its</token>
<token number="28" sentence="2" t_id="29">US</token>
<token number="29" sentence="2" t_id="30">and</token>
<token number="30" sentence="2" t_id="31">Canadian</token>
<token number="31" sentence="2" t_id="32">production</token>
<token number="32" sentence="2" t_id="33">,</token>
<token number="33" sentence="2" t_id="34">resulting</token>
<token number="34" sentence="2" t_id="35">in</token>
<token number="35" sentence="2" t_id="36">the</token>
<token number="36" sentence="2" t_id="37">partial</token>
<token number="37" sentence="2" t_id="38">closure</token>
<token number="38" sentence="2" t_id="39">of</token>
<token number="39" sentence="2" t_id="40">ten</token>
<token number="40" sentence="2" t_id="41">of</token>
<token number="41" sentence="2" t_id="42">its</token>
<token number="42" sentence="2" t_id="43">plants</token>
<token number="43" sentence="2" t_id="44">during</token>
<token number="44" sentence="2" t_id="45">the</token>
<token number="45" sentence="2" t_id="46">fourth</token>
<token number="46" sentence="2" t_id="47">quarter</token>
<token number="47" sentence="2" t_id="48">.</token>
<token number="48" sentence="3" t_id="49">The</token>
<token number="49" sentence="3" t_id="50">measure</token>
<token number="50" sentence="3" t_id="51">comes</token>
<token number="51" sentence="3" t_id="52">on</token>
<token number="52" sentence="3" t_id="53">top</token>
<token number="53" sentence="3" t_id="54">of</token>
<token number="54" sentence="3" t_id="55">existing</token>
<token number="55" sentence="3" t_id="56">turnaround</token>
<token number="56" sentence="3" t_id="57">plans</token>
<token number="57" sentence="3" t_id="58">announced</token>
<token number="58" sentence="3" t_id="59">in</token>
<token number="59" sentence="3" t_id="60">January</token>
<token number="60" sentence="3" t_id="61">,</token>
<token number="61" sentence="3" t_id="62">in</token>
<token number="62" sentence="3" t_id="63">which</token>
<token number="63" sentence="3" t_id="64">25,000</token>
<token number="64" sentence="3" t_id="65">to</token>
<token number="65" sentence="3" t_id="66">30,000</token>
<token number="66" sentence="3" t_id="67">positions</token>
<token number="67" sentence="3" t_id="68">should</token>
<token number="68" sentence="3" t_id="69">be</token>
<token number="69" sentence="3" t_id="70">cut</token>
<token number="70" sentence="3" t_id="71">and</token>
<token number="71" sentence="3" t_id="72">14</token>
<token number="72" sentence="3" t_id="73">plants</token>
<token number="73" sentence="3" t_id="74">closed</token>
<token number="74" sentence="3" t_id="75">by</token>
<token number="75" sentence="3" t_id="76">2012</token>
<token number="76" sentence="3" t_id="77">.</token>
<token number="77" sentence="4" t_id="78">Ford</token>
<token number="78" sentence="4" t_id="79">is</token>
<token number="79" sentence="4" t_id="80">the</token>
<token number="80" sentence="4" t_id="81">world</token>
<token number="81" sentence="4" t_id="82">'s</token>
<token number="82" sentence="4" t_id="83">third-largest</token>
<token number="83" sentence="4" t_id="84">automaker</token>
<token number="84" sentence="4" t_id="85">and</token>
<token number="85" sentence="4" t_id="86">the</token>
<token number="86" sentence="4" t_id="87">U.S.</token>
<token number="87" sentence="4" t_id="88">'s</token>
<token number="88" sentence="4" t_id="89">second-largest</token>
<token number="89" sentence="4" t_id="90">.</token>
<token number="90" sentence="5" t_id="91">However</token>
<token number="91" sentence="5" t_id="92">it</token>
<token number="92" sentence="5" t_id="93">has</token>
<token number="93" sentence="5" t_id="94">in</token>
<token number="94" sentence="5" t_id="95">recent</token>
<token number="95" sentence="5" t_id="96">years</token>
<token number="96" sentence="5" t_id="97">been</token>
<token number="97" sentence="5" t_id="98">struggling</token>
<token number="98" sentence="5" t_id="99">with</token>
<token number="99" sentence="5" t_id="100">poor</token>
<token number="100" sentence="5" t_id="101">profitability</token>
<token number="101" sentence="5" t_id="102">and</token>
<token number="102" sentence="5" t_id="103">shrinking</token>
<token number="103" sentence="5" t_id="104">market</token>
<token number="104" sentence="5" t_id="105">shares</token>
<token number="105" sentence="5" t_id="106">.</token>
<token number="106" sentence="6" t_id="107">In</token>
<token number="107" sentence="6" t_id="108">2005</token>
<token number="108" sentence="6" t_id="109">it</token>
<token number="109" sentence="6" t_id="110">lost</token>
<token number="110" sentence="6" t_id="111">$</token>
<token number="111" sentence="6" t_id="112">1.6</token>
<token number="112" sentence="6" t_id="113">billion</token>
<token number="113" sentence="6" t_id="114">and</token>
<token number="114" sentence="6" t_id="115">recently</token>
<token number="115" sentence="6" t_id="116">the</token>
<token number="116" sentence="6" t_id="117">company</token>
<token number="117" sentence="6" t_id="118">reported</token>
<token number="118" sentence="6" t_id="119">a</token>
<token number="119" sentence="6" t_id="120">second</token>
<token number="120" sentence="6" t_id="121">quarter</token>
<token number="121" sentence="6" t_id="122">loss</token>
<token number="122" sentence="6" t_id="123">of</token>
<token number="123" sentence="6" t_id="124">$</token>
<token number="124" sentence="6" t_id="125">254</token>
<token number="125" sentence="6" t_id="126">million</token>
<token number="126" sentence="6" t_id="127">and</token>
<token number="127" sentence="6" t_id="128">a</token>
<token number="128" sentence="6" t_id="129">34</token>
<token number="129" sentence="6" t_id="130">%</token>
<token number="130" sentence="6" t_id="131">year-year</token>
<token number="131" sentence="6" t_id="132">decline</token>
<token number="132" sentence="6" t_id="133">in</token>
<token number="133" sentence="6" t_id="134">sales</token>
<token number="134" sentence="6" t_id="135">for</token>
<token number="135" sentence="6" t_id="136">the</token>
<token number="136" sentence="6" t_id="137">month</token>
<token number="137" sentence="6" t_id="138">of</token>
<token number="138" sentence="6" t_id="139">July</token>
<token number="139" sentence="6" t_id="140">.</token>
<token number="140" sentence="7" t_id="141">George</token>
<token number="141" sentence="7" t_id="142">Pipas</token>
<token number="142" sentence="7" t_id="143">,</token>
<token number="143" sentence="7" t_id="144">director</token>
<token number="144" sentence="7" t_id="145">of</token>
<token number="145" sentence="7" t_id="146">sales</token>
<token number="146" sentence="7" t_id="147">analysis</token>
<token number="147" sentence="7" t_id="148">at</token>
<token number="148" sentence="7" t_id="149">Ford</token>
<token number="149" sentence="7" t_id="150">,</token>
<token number="150" sentence="7" t_id="151">points</token>
<token number="151" sentence="7" t_id="152">to</token>
<token number="152" sentence="7" t_id="153">rising</token>
<token number="153" sentence="7" t_id="154">gas</token>
<token number="154" sentence="7" t_id="155">prices</token>
<token number="155" sentence="7" t_id="156">having</token>
<token number="156" sentence="7" t_id="157">negative</token>
<token number="157" sentence="7" t_id="158">impact</token>
<token number="158" sentence="7" t_id="159">on</token>
<token number="159" sentence="7" t_id="160">the</token>
<token number="160" sentence="7" t_id="161">sale</token>
<token number="161" sentence="7" t_id="162">of</token>
<token number="162" sentence="7" t_id="163">the</token>
<token number="163" sentence="7" t_id="164">companies</token>
<token number="164" sentence="7" t_id="165">SUV</token>
<token number="165" sentence="7" t_id="166">lines</token>
<token number="166" sentence="7" t_id="167">as</token>
<token number="167" sentence="7" t_id="168">well</token>
<token number="168" sentence="7" t_id="169">as</token>
<token number="169" sentence="7" t_id="170">its</token>
<token number="170" sentence="7" t_id="171">sales</token>
<token number="171" sentence="7" t_id="172">leader</token>
<token number="172" sentence="7" t_id="173">,</token>
<token number="173" sentence="7" t_id="174">the</token>
<token number="174" sentence="7" t_id="175">F-series</token>
<token number="175" sentence="7" t_id="176">pickup</token>
<token number="176" sentence="7" t_id="177">truck</token>
<token number="177" sentence="7" t_id="178">as</token>
<token number="178" sentence="7" t_id="179">being</token>
<token number="179" sentence="7" t_id="180">the</token>
<token number="180" sentence="7" t_id="181">direct</token>
<token number="181" sentence="7" t_id="182">cause</token>
<token number="182" sentence="7" t_id="183">of</token>
<token number="183" sentence="7" t_id="184">the</token>
<token number="184" sentence="7" t_id="185">latest</token>
<token number="185" sentence="7" t_id="186">initiative</token>
<token number="186" sentence="7" t_id="187">.</token>
<token number="187" sentence="8" t_id="188">So</token>
<token number="188" sentence="8" t_id="189">far</token>
<token number="189" sentence="8" t_id="190">the</token>
<token number="190" sentence="8" t_id="191">following</token>
<token number="191" sentence="8" t_id="192">plants</token>
<token number="192" sentence="8" t_id="193">are</token>
<token number="193" sentence="8" t_id="194">thought</token>
<token number="194" sentence="8" t_id="195">to</token>
<token number="195" sentence="8" t_id="196">be</token>
<token number="196" sentence="8" t_id="197">affected</token>
<token number="197" sentence="8" t_id="198">:</token>
<token number="198" sentence="8" t_id="199">*</token>
<token number="199" sentence="8" t_id="200">St.</token>
<token number="200" sentence="8" t_id="201">Thomas</token>
<token number="201" sentence="8" t_id="202">Assembly</token>
<token number="202" sentence="8" t_id="203">of</token>
<token number="203" sentence="8" t_id="204">St.</token>
<token number="204" sentence="8" t_id="205">Thomas</token>
<token number="205" sentence="8" t_id="206">,</token>
<token number="206" sentence="8" t_id="207">Ontario</token>
<token number="207" sentence="8" t_id="208">,</token>
<token number="208" sentence="8" t_id="209">Canada</token>
<token number="209" sentence="8" t_id="210">*</token>
<token number="210" sentence="8" t_id="211">Chicago</token>
<token number="211" sentence="8" t_id="212">,</token>
<token number="212" sentence="8" t_id="213">Illinois</token>
<token number="213" sentence="8" t_id="214">*</token>
<token number="214" sentence="8" t_id="215">Wixom</token>
<token number="215" sentence="8" t_id="216">Assembly</token>
<token number="216" sentence="8" t_id="217">Plant</token>
<token number="217" sentence="8" t_id="218">of</token>
<token number="218" sentence="8" t_id="219">Wixom</token>
<token number="219" sentence="8" t_id="220">,</token>
<token number="220" sentence="8" t_id="221">Michigan</token>
<token number="221" sentence="8" t_id="222">,</token>
<token number="222" sentence="8" t_id="223">Michigan</token>
<token number="223" sentence="8" t_id="224">*</token>
<token number="224" sentence="8" t_id="225">Louisville</token>
<token number="225" sentence="8" t_id="226">Assembly</token>
<token number="226" sentence="8" t_id="227">of</token>
<token number="227" sentence="8" t_id="228">Louisville</token>
<token number="228" sentence="8" t_id="229">,</token>
<token number="229" sentence="8" t_id="230">Kentucky</token>
<token number="230" sentence="8" t_id="231">*</token>
<token number="231" sentence="8" t_id="232">Michigan</token>
<token number="232" sentence="8" t_id="233">Truck</token>
<token number="233" sentence="8" t_id="234">Plant</token>
<token number="234" sentence="8" t_id="235">of</token>
<token number="235" sentence="8" t_id="236">Wayne</token>
<token number="236" sentence="8" t_id="237">,</token>
<token number="237" sentence="8" t_id="238">Michigan</token>
<token number="238" sentence="8" t_id="239">*</token>
<token number="239" sentence="8" t_id="240">St.</token>
<token number="240" sentence="8" t_id="241">Paul</token>
<token number="241" sentence="8" t_id="242">,</token>
<token number="242" sentence="8" t_id="243">Minnesota</token>
<token number="243" sentence="8" t_id="244">*</token>
<token number="244" sentence="8" t_id="245">Kansas</token>
<token number="245" sentence="8" t_id="246">City</token>
<token number="246" sentence="8" t_id="247">Assembly</token>
<token number="247" sentence="8" t_id="248">of</token>
<token number="248" sentence="8" t_id="249">Kansas</token>
<token number="249" sentence="8" t_id="250">City</token>
<token number="250" sentence="8" t_id="251">,</token>
<token number="251" sentence="8" t_id="252">Missouri</token>
<token number="252" sentence="8" t_id="253">*</token>
<token number="253" sentence="8" t_id="254">Norfolk</token>
<token number="254" sentence="8" t_id="255">Assembly</token>
<token number="255" sentence="8" t_id="256">of</token>
<token number="256" sentence="8" t_id="257">Norfolk</token>
<token number="257" sentence="8" t_id="258">,</token>
<token number="258" sentence="8" t_id="259">Virginia</token>
<token number="259" sentence="8" t_id="260">*</token>
<token number="260" sentence="8" t_id="261">River</token>
<token number="261" sentence="8" t_id="262">Rouge</token>
<token number="262" sentence="8" t_id="263">Plant</token>
<token number="263" sentence="8" t_id="264">of</token>
<token number="264" sentence="8" t_id="265">Dearborn</token>
<token number="265" sentence="8" t_id="266">,</token>
<token number="266" sentence="8" t_id="267">Michigan</token>
<token number="267" sentence="8" t_id="268">Ford</token>
<token number="268" sentence="8" t_id="269">'s</token>
<token number="269" sentence="8" t_id="270">stock</token>
<token number="270" sentence="8" t_id="271">fell</token>
<token number="271" sentence="8" t_id="272">17</token>
<token number="272" sentence="8" t_id="273">cents</token>
<token number="273" sentence="8" t_id="274">(</token>
<token number="274" sentence="8" t_id="275">2.1</token>
<token number="275" sentence="8" t_id="276">%</token>
<token number="276" sentence="8" t_id="277">)</token>
<token number="277" sentence="8" t_id="278">to</token>
<token number="278" sentence="8" t_id="279">$</token>
<token number="279" sentence="8" t_id="280">8</token>
<token number="280" sentence="8" t_id="281">on</token>
<token number="281" sentence="8" t_id="282">the</token>
<token number="282" sentence="8" t_id="283">New</token>
<token number="283" sentence="8" t_id="284">York</token>
<token number="284" sentence="8" t_id="285">Stock</token>
<token number="285" sentence="8" t_id="286">Exchange</token>
<token number="286" sentence="8" t_id="287">.</token>
<Markables>
<ENTITY_MENTION comment="" head="" m_id="76" syntactic_type="NAM">
<token_anchor t_id="1"/>
</ENTITY_MENTION>
<ENTITY_MENTION comment="" head="" m_id="20" syntactic_type="">
<token_anchor t_id="72"/>
<token_anchor t_id="73"/>
</ENTITY_MENTION>
<ENTITY_MENTION comment="" head="" m_id="1" syntactic_type="NAM">
<token_anchor t_id="15"/>
</ENTITY_MENTION>
<ENTITY_MENTION comment="" head="" m_id="2" syntactic_type="NAM">
<token_anchor t_id="29"/>
</ENTITY_MENTION>
<ENTITY_MENTION comment="" head="" m_id="3" syntactic_type="">
<token_anchor t_id="31"/>
</ENTITY_MENTION>
<ENTITY_MENTION comment="" head="" m_id="4" syntactic_type="">
<token_anchor t_id="28"/>
</ENTITY_MENTION>
<ENTITY_MENTION comment="" head="" m_id="37" syntactic_type="NAM">
<token_anchor t_id="78"/>
</ENTITY_MENTION>
<ENTITY_MENTION comment="" head="" m_id="5" syntactic_type="">
<token_anchor t_id="29"/>
<token_anchor t_id="30"/>
<token_anchor t_id="31"/>
</ENTITY_MENTION>
<ENTITY_MENTION comment="" head="" m_id="38" syntactic_type="">
<token_anchor t_id="80"/>
<token_anchor t_id="81"/>
</ENTITY_MENTION>
<ENTITY_MENTION comment="" head="" m_id="6" syntactic_type="">
<token_anchor t_id="42"/>
</ENTITY_MENTION>
<ENTITY_MENTION comment="" head="" m_id="39" syntactic_type="NAM">
<token_anchor t_id="87"/>
</ENTITY_MENTION>
<ENTITY_MENTION comment="" head="" m_id="41" syntactic_type="">
<token_anchor t_id="92"/>
</ENTITY_MENTION>
<ENTITY_MENTION comment="" head="" m_id="9" syntactic_type="">
<token_anchor t_id="24"/>
<token_anchor t_id="25"/>
</ENTITY_MENTION>
<ENTITY_MENTION comment="" head="" m_id="44" syntactic_type="">
<token_anchor t_id="80"/>
<token_anchor t_id="81"/>
<token_anchor t_id="82"/>
<token_anchor t_id="83"/>
<token_anchor t_id="84"/>
</ENTITY_MENTION>
<ENTITY_MENTION comment="" head="" m_id="45" syntactic_type="">
<token_anchor t_id="86"/>
<token_anchor t_id="87"/>
<token_anchor t_id="88"/>
<token_anchor t_id="89"/>
</ENTITY_MENTION>
<ENTITY_MENTION comment="" head="" m_id="13" syntactic_type="">
<token_anchor t_id="40"/>
<token_anchor t_id="41"/>
<token_anchor t_id="42"/>
<token_anchor t_id="43"/>
</ENTITY_MENTION>
<ENTITY_MENTION comment="" head="" m_id="46" syntactic_type="">
<token_anchor t_id="80"/>
<token_anchor t_id="81"/>
<token_anchor t_id="82"/>
<token_anchor t_id="83"/>
<token_anchor t_id="84"/>
<token_anchor t_id="85"/>
<token_anchor t_id="86"/>
<token_anchor t_id="87"/>
<token_anchor t_id="88"/>
<token_anchor t_id="89"/>
</ENTITY_MENTION>
<EVENT_MENTION aspect="NONE" certainty="CERTAIN" comment="" m_id="51" modality="" polarity="POS" pos="NOUN" pred="" special_cases="NONE" tense="NONE" time="NON_FUTURE">
<token_anchor t_id="101"/>
<token_anchor t_id="105"/>
</EVENT_MENTION>
<EVENT_MENTION aspect="NONE" certainty="CERTAIN" comment="" m_id="77" modality="" polarity="POS" pos="VERB" pred="" special_cases="NONE" tense="PRESENT" time="NON_FUTURE">
<token_anchor t_id="2"/>
</EVENT_MENTION>
<EVENT_MENTION aspect="NONE" certainty="CERTAIN" comment="" m_id="21" modality="" polarity="POS" pos="NOUN" pred="" special_cases="NONE" tense="NONE" time="FUTURE">
<token_anchor t_id="50"/>
</EVENT_MENTION>
<EVENT_MENTION aspect="NONE" certainty="CERTAIN" comment="" m_id="78" modality="" polarity="POS" pos="NOUN" pred="" special_cases="NONE" tense="NONE" time="FUTURE">
<token_anchor t_id="5"/>
</EVENT_MENTION>
<EVENT_MENTION aspect="NONE" certainty="CERTAIN" comment="" m_id="22" modality="" polarity="POS" pos="VERB" pred="" special_cases="NONE" tense="PRESENT" time="NON_FUTURE">
<token_anchor t_id="51"/>
</EVENT_MENTION>
<EVENT_MENTION aspect="NONE" certainty="CERTAIN" comment="" m_id="79" modality="" polarity="POS" pos="NOUN" pred="" special_cases="NONE" tense="NONE" time="NON_FUTURE">
<token_anchor t_id="10"/>
</EVENT_MENTION>
<EVENT_MENTION aspect="NONE" certainty="CERTAIN" comment="" m_id="23" modality="" polarity="POS" pos="NOUN" pred="" special_cases="NONE" tense="NONE" time="NON_FUTURE">
<token_anchor t_id="57"/>
</EVENT_MENTION>
<EVENT_MENTION aspect="NONE" certainty="CERTAIN" comment="" m_id="24" modality="" polarity="POS" pos="VERB" pred="" special_cases="NONE" tense="PASTPART" time="NON_FUTURE">
<token_anchor t_id="58"/>
</EVENT_MENTION>
<EVENT_MENTION aspect="NONE" certainty="CERTAIN" comment="" m_id="25" modality="" polarity="POS" pos="OTHER" pred="" special_cases="NONE" tense="NONE" time="NON_FUTURE">
<token_anchor t_id="63"/>
</EVENT_MENTION>
<EVENT_MENTION aspect="NONE" certainty="UNDERSPECIFIED" comment="" m_id="26" modality="" polarity="UNDERSPECIFIED" pos="VERB" pred="" special_cases="NONE" tense="PRESENT" time="FUTURE">
<token_anchor t_id="70"/>
</EVENT_MENTION>
<EVENT_MENTION aspect="NONE" certainty="UNDERSPECIFIED" comment="" m_id="27" modality="" polarity="UNDERSPECIFIED" pos="VERB" pred="" special_cases="NONE" tense="PRESENT" time="FUTURE">
<token_anchor t_id="74"/>
</EVENT_MENTION>
<EVENT_MENTION aspect="NONE" certainty="CERTAIN" comment="" m_id="28" modality="" polarity="POS" pos="NOUN" pred="" special_cases="NONE" tense="NONE" time="NON_FUTURE">
<token_anchor t_id="67"/>
</EVENT_MENTION>
<EVENT_MENTION aspect="NONE" certainty="CERTAIN" comment="" m_id="7" modality="" polarity="POS" pos="VERB" pred="" special_cases="NONE" tense="PAST" time="NON_FUTURE">
<token_anchor t_id="17"/>
</EVENT_MENTION>
<EVENT_MENTION aspect="NONE" certainty="CERTAIN" comment="" m_id="40" modality="" polarity="POS" pos="VERB" pred="" special_cases="GEN" tense="PRESENT" time="NON_FUTURE">
<token_anchor t_id="79"/>
</EVENT_MENTION>
<EVENT_MENTION aspect="NONE" certainty="CERTAIN" comment="" m_id="8" modality="" polarity="POS" pos="NOUN" pred="" special_cases="NONE" tense="NONE" time="FUTURE">
<token_anchor t_id="19"/>
</EVENT_MENTION>
<EVENT_MENTION aspect="PERFECTIVE_PROGRESSIVE" certainty="CERTAIN" comment="" m_id="42" modality="" polarity="POS" pos="VERB" pred="" special_cases="NONE" tense="PRESENT" time="NON_FUTURE">
<token_anchor t_id="98"/>
</EVENT_MENTION>
<EVENT_MENTION aspect="NONE" certainty="CERTAIN" comment="" m_id="10" modality="" polarity="POS" pos="NOUN" pred="" special_cases="NONE" tense="NONE" time="NON_FUTURE">
<token_anchor t_id="32"/>
</EVENT_MENTION>
<EVENT_MENTION aspect="NONE" certainty="CERTAIN" comment="" m_id="11" modality="" polarity="POS" pos="VERB" pred="" special_cases="NONE" tense="PRESPART" time="NON_FUTURE">
<token_anchor t_id="34"/>
</EVENT_MENTION>
<EVENT_MENTION aspect="NONE" certainty="CERTAIN" comment="" m_id="12" modality="" polarity="POS" pos="NOUN" pred="" special_cases="NONE" tense="NONE" time="NON_FUTURE">
<token_anchor t_id="38"/>
</EVENT_MENTION>
<EVENT_MENTION aspect="NONE" certainty="CERTAIN" comment="" m_id="47" modality="" polarity="POS" pos="NOUN" pred="" special_cases="NONE" tense="NONE" time="NON_FUTURE">
<token_anchor t_id="101"/>
</EVENT_MENTION>
<EVENT_MENTION aspect="NONE" certainty="CERTAIN" comment="" m_id="48" modality="" polarity="POS" pos="NOUN" pred="" special_cases="NONE" tense="NONE" time="NON_FUTURE">
<token_anchor t_id="105"/>
</EVENT_MENTION>
<SIGNAL comment="" m_id="33">
<token_anchor t_id="75"/>
</SIGNAL>
<SIGNAL comment="" m_id="35">
<token_anchor t_id="59"/>
</SIGNAL>
<SIGNAL comment="" m_id="43">
<token_anchor t_id="52"/>
<token_anchor t_id="53"/>
<token_anchor t_id="54"/>
</SIGNAL>
<SIGNAL comment="" m_id="49">
<token_anchor t_id="94"/>
</SIGNAL>
<SIGNAL comment="" m_id="17">
<token_anchor t_id="44"/>
</SIGNAL>
<TIMEX3 anchorTimeID="18" beginPoint="" comment="" endPoint="" functionInDocument="NONE" m_id="19" type="DATE" value="2006-Q4">
<token_anchor t_id="45"/>
<token_anchor t_id="46"/>
<token_anchor t_id="47"/>
</TIMEX3>
<TIMEX3 anchorTimeID="" beginPoint="" comment="" endPoint="" functionInDocument="NONE" m_id="34" type="DATE" value="2010">
<token_anchor t_id="76"/>
</TIMEX3>
<TIMEX3 anchorTimeID="18" beginPoint="" comment="" endPoint="" functionInDocument="NONE" m_id="36" type="DATE" value="2006-01">
<token_anchor t_id="60"/>
</TIMEX3>
<TIMEX3 anchorTimeID="" beginPoint="" comment="" endPoint="18" functionInDocument="NONE" m_id="50" type="DURATION" value="PXY">
<token_anchor t_id="95"/>
<token_anchor t_id="96"/>
</TIMEX3>
<TIMEX3 anchorTimeID="" beginPoint="" comment="" endPoint="" functionInDocument="CREATION_TIME" m_id="18" type="DATE" value="2006-08-19">
<token_anchor t_id="11"/>
<token_anchor t_id="12"/>
<token_anchor t_id="13"/>
<token_anchor t_id="14"/>
</TIMEX3>
<VALUE comment="" m_id="29" type="QUANTITY">
<token_anchor t_id="64"/>
</VALUE>
<VALUE comment="" m_id="30" type="QUANTITY">
<token_anchor t_id="66"/>
</VALUE>
<VALUE comment="" m_id="31" type="QUANTITY">
<token_anchor t_id="72"/>
</VALUE>
<VALUE comment="" m_id="32" type="QUANTITY">
<token_anchor t_id="64"/>
<token_anchor t_id="65"/>
<token_anchor t_id="66"/>
</VALUE>
<VALUE comment="" m_id="14" type="PERCENT">
<token_anchor t_id="21"/>
<token_anchor t_id="22"/>
</VALUE>
<VALUE comment="" m_id="15" type="QUANTITY">
<token_anchor t_id="24"/>
</VALUE>
<VALUE comment="" m_id="16" type="QUANTITY">
<token_anchor t_id="40"/>
</VALUE>


<EVENT_MENTION m_id="138">
  <token_anchor t_id="4"/>
</EVENT_MENTION>



<ENTITY_MENTION m_id="126">
  <token_anchor t_id="81"/>
</ENTITY_MENTION>

<EVENT TAG_DESCRIPTOR="loss" class="OTHER" comment="" external_ref="" m_id="80"/><EVENT TAG_DESCRIPTOR="Cuts-EHU" class="OTHER" instance_id="OTH41392342366910801" m_id="154"/>
<EVENT TAG_DESCRIPTOR="profitability + shares" class="MIX" comment="" external_ref="" m_id="75"/>
<EVENT TAG_DESCRIPTOR="Struggle-EHU" class="OTHER" instance_id="OTH39740002749281928" m_id="152"/><EVENT TAG_DESCRIPTOR="Production-EHU" class="OTHER" instance_id="OTH39740664281324084" m_id="151"/>
<EVENT TAG_DESCRIPTOR="result" class="GRAMMATICAL" comment="" external_ref="" m_id="71"/><EVENT TAG_DESCRIPTOR="closure" class="OTHER" comment="" external_ref="" m_id="70"/>
<EVENT TAG_DESCRIPTOR="come" class="OTHER" comment="" external_ref="" m_id="69"/><EVENT TAG_DESCRIPTOR="Announce-EHU" class="SPEECH_COGNITIVE" instance_id="SPE39739929454593096" m_id="146"/>
<EVENT TAG_DESCRIPTOR="announce 2" class="SPEECH_COGNITIVE" comment="" external_ref="" m_id="68"/><EVENT TAG_DESCRIPTOR="plan" class="SPEECH_COGNITIVE" comment="" external_ref="" m_id="67"/>
<EVENT TAG_DESCRIPTOR="positions" class="OTHER" comment="" external_ref="" m_id="66"/>
<EVENT TAG_DESCRIPTOR="cut 2" class="GRAMMATICAL" comment="" external_ref="" m_id="65"/><EVENT TAG_DESCRIPTOR="close" class="OTHER" comment="" external_ref="" m_id="64"/>
<EVENT TAG_DESCRIPTOR="be" class="GRAMMATICAL" comment="" external_ref="" m_id="63"/><EVENT TAG_DESCRIPTOR="profitability" class="OTHER" comment="" external_ref="" m_id="61"/>
<EVENT TAG_DESCRIPTOR="shares" class="OTHER" comment="" external_ref="" m_id="60"/><ENTITY TAG_DESCRIPTOR="10 Ford plants" ent_type="PRO" instance_id="PRO45369943415873434" m_id="155"/>
<ENTITY TAG_DESCRIPTOR="168,000 units" ent_type="PRO" instance_id="PRO45370402612652067" m_id="150"/><ENTITY TAG_DESCRIPTOR="Ford" ent_type="ORG" external_ref="http://dbpedia.org/resource/Ford_Motor_Company" instance_id="ORG37406423869806668" m_id="149"/>
<ENTITY TAG_DESCRIPTOR="14 Ford plants" ent_type="PRO" instance_id="PRO45359591439432706" m_id="148"/><ENTITY TAG_DESCRIPTOR="US and Canada" ent_type="LOC" instance_id="LOC47031668479371794" m_id="147"/>
<ENTITY TAG_DESCRIPTOR="Earth" ent_type="LOC" external_ref="http://dbpedia.org/resource/Earth" instance_id="LOC27738550854291187" m_id="145"/><ENTITY TAG_DESCRIPTOR="United States of America " ent_type="LOC" external_ref="http://dbpedia.org/resource/United_States" instance_id="LOC27735327659249054" m_id="144"/>
<ENTITY TAG_DESCRIPTOR="Canada" ent_type="LOC" external_ref="http://dbpedia.org/resource/Canada" instance_id="LOC43997528276927841" m_id="142"/><ENTITY TAG_DESCRIPTOR="world" comment="" ent_class="" ent_type="LOC" external_ref="" m_id="59"/></Markables>
<Relations>
<HAS_PARTICIPANT comment="" r_id="161874" sem_role="Arg0" sem_role_framework="PROPBANK">
<source m_id="7"/>
<target m_id="1"/>
</HAS_PARTICIPANT>
<HAS_PARTICIPANT comment="" r_id="161875" sem_role="Arg2" sem_role_framework="PROPBANK">
<source m_id="8"/>
<target m_id="14"/>
</HAS_PARTICIPANT>
<HAS_PARTICIPANT comment="" r_id="161877" sem_role="Arg0" sem_role_framework="PROPBANK">
<source m_id="10"/>
<target m_id="4"/>
</HAS_PARTICIPANT>
<HAS_PARTICIPANT comment="" r_id="161878" sem_role="Argm-LOC" sem_role_framework="PROPBANK">
<source m_id="10"/>
<target m_id="5"/>
</HAS_PARTICIPANT>
<HAS_PARTICIPANT comment="" r_id="161879" sem_role="Arg1" sem_role_framework="PROPBANK">
<source m_id="12"/>
<target m_id="13"/>
</HAS_PARTICIPANT>
<SLINK comment="" r_id="161880">
<source m_id="7"/>
<target m_id="8"/>
</SLINK>
<GLINK comment="" r_id="161881">
<source m_id="8"/>
<target m_id="10"/>
</GLINK>
<HAS_PARTICIPANT comment="" r_id="161882" sem_role="Arg1" sem_role_framework="PROPBANK">
<source m_id="27"/>
<target m_id="20"/>
</HAS_PARTICIPANT>
<SLINK comment="" r_id="161883">
<source m_id="24"/>
<target m_id="23"/>
</SLINK>
<GLINK comment="" r_id="161884">
<source m_id="26"/>
<target m_id="28"/>
</GLINK>
<CLINK c-signalID="" comment="" r_id="162296">
<source m_id="8"/>
<target m_id="12"/>
</CLINK>
<HAS_PARTICIPANT comment="" r_id="162297" sem_role="Arg1" sem_role_framework="PROPBANK">
<source m_id="40"/>
<target m_id="37"/>
</HAS_PARTICIPANT>
<HAS_PARTICIPANT comment="" r_id="162298" sem_role="Arg2" sem_role_framework="PROPBANK">
<source m_id="40"/>
<target m_id="46"/>
</HAS_PARTICIPANT>
<HAS_PARTICIPANT comment="" r_id="162299" sem_role="Arg0" sem_role_framework="PROPBANK">
<source m_id="42"/>
<target m_id="41"/>
</HAS_PARTICIPANT>
<TLINK comment="" r_id="162301" reltype="BEFORE" signalID="">
<source m_id="7"/>
<target m_id="18"/>
</TLINK>
<TLINK comment="" r_id="162302" reltype="IS_INCLUDED" signalID="">
<source m_id="22"/>
<target m_id="18"/>
</TLINK>
<TLINK comment="" r_id="162303" reltype="AFTER" signalID="">
<source m_id="26"/>
<target m_id="18"/>
</TLINK>
<TLINK comment="" r_id="162304" reltype="AFTER" signalID="">
<source m_id="27"/>
<target m_id="18"/>
</TLINK>
<TLINK comment="" r_id="162305" reltype="IS_INCLUDED" signalID="">
<source m_id="40"/>
<target m_id="18"/>
</TLINK>
<TLINK comment="" r_id="162306" reltype="ENDED_BY" signalID="">
<source m_id="42"/>
<target m_id="18"/>
</TLINK>
<TLINK comment="" r_id="162307" reltype="SIMULTANEOUS" signalID="">
<source m_id="7"/>
<target m_id="22"/>
</TLINK>
<TLINK comment="" r_id="162308" reltype="SIMULTANEOUS" signalID="">
<source m_id="22"/>
<target m_id="40"/>
</TLINK>
<TLINK comment="" r_id="162309" reltype="INCLUDES" signalID="">
<source m_id="40"/>
<target m_id="42"/>
</TLINK>
<TLINK comment="" r_id="162311" reltype="IS_INCLUDED" signalID="17">
<source m_id="12"/>
<target m_id="19"/>
</TLINK>
<TLINK comment="" r_id="162312" reltype="IS_INCLUDED" signalID="35">
<source m_id="24"/>
<target m_id="36"/>
</TLINK>
<TLINK comment="" r_id="162313" reltype="ENDED_BY" signalID="33">
<source m_id="26"/>
<target m_id="34"/>
</TLINK>
<TLINK comment="" r_id="162314" reltype="BEFORE" signalID="33">
<source m_id="27"/>
<target m_id="34"/>
</TLINK>
<TLINK comment="" r_id="162315" reltype="IS_INCLUDED" signalID="49">
<source m_id="42"/>
<target m_id="50"/>
</TLINK>
<HAS_PARTICIPANT comment="" r_id="243832" sem_role="Arg0" sem_role_framework="PROPBANK">
<source m_id="77"/>
<target m_id="76"/>
</HAS_PARTICIPANT>
<SLINK comment="" r_id="243833">
<source m_id="77"/>
<target m_id="78"/>
</SLINK>



























<REFERS_TO r_id="243856">
<source m_id="10"/>
<source m_id="138"/>
<target m_id="151"/>
</REFERS_TO>
<REFERS_TO r_id="243857">
<source m_id="9"/>
<target m_id="150"/>
</REFERS_TO>

<REFERS_TO r_id="243859">
<source m_id="42"/>
<target m_id="152"/>
</REFERS_TO>
<REFERS_TO r_id="243860">
<source m_id="13"/>
<target m_id="155"/>
</REFERS_TO>
<REFERS_TO r_id="243861">
<source m_id="8"/>
<source m_id="78"/>
<source m_id="21"/>
<target m_id="154"/>
</REFERS_TO>
<REFERS_TO r_id="243862">
<source m_id="48"/>
<target m_id="60"/>
</REFERS_TO>
<REFERS_TO r_id="243863">
<source m_id="47"/>
<target m_id="61"/>
</REFERS_TO>
<REFERS_TO r_id="243864">
<source m_id="40"/>
<target m_id="63"/>
</REFERS_TO>
<REFERS_TO r_id="243865">
<source m_id="27"/>
<target m_id="64"/>
</REFERS_TO>
<REFERS_TO r_id="243866">
<source m_id="26"/>
<target m_id="65"/>
</REFERS_TO>
<REFERS_TO r_id="243867">
<source m_id="28"/>
<target m_id="66"/>
</REFERS_TO>
<REFERS_TO r_id="243868">
<source m_id="23"/>
<source m_id="25"/>
<target m_id="67"/>
</REFERS_TO>
<REFERS_TO r_id="243869">
<source m_id="24"/>
<target m_id="68"/>
</REFERS_TO>
<REFERS_TO r_id="243870">
<source m_id="22"/>
<target m_id="69"/>
</REFERS_TO>
<REFERS_TO r_id="243871">
<source m_id="79"/>
<target m_id="80"/>
</REFERS_TO>
<REFERS_TO r_id="243872">
<source m_id="7"/>
<source m_id="77"/>
<target m_id="146"/>
</REFERS_TO>
<REFERS_TO r_id="243873">
<source m_id="5"/>
<target m_id="147"/>
</REFERS_TO>
<REFERS_TO r_id="243874">
<source m_id="39"/>
<source m_id="2"/>
<target m_id="144"/>
</REFERS_TO>
<REFERS_TO r_id="243875">
<source m_id="126"/>
<target m_id="145"/>
</REFERS_TO>
<REFERS_TO r_id="243876">
<source m_id="3"/>
<target m_id="142"/>
</REFERS_TO>

<REFERS_TO r_id="243878">
<source m_id="20"/>
<target m_id="148"/>
</REFERS_TO>
<REFERS_TO r_id="243879">
<source m_id="37"/>

<source m_id="1"/>
<source m_id="44"/>
<source m_id="45"/>
<source m_id="46"/>
<source m_id="6"/>


<source m_id="41"/>

<source m_id="4"/>
<source m_id="76"/>
<target m_id="149"/>
</REFERS_TO>
<REFERS_TO r_id="243880">
<source m_id="51"/>
<target m_id="75"/>
</REFERS_TO>
<REFERS_TO r_id="243881">
<source m_id="11"/>
<target m_id="71"/>
</REFERS_TO>
<REFERS_TO r_id="243882">
<source m_id="12"/>
<target m_id="70"/>
</REFERS_TO>
<REFERS_TO r_id="243883">
<source m_id="38"/>
<target m_id="59"/>
</REFERS_TO>
</Relations>
</Document>