<?xml version="1.0" ?><Document doc_id="60086" doc_name="60086_Ford_Taurus_to_be_revived" lang="en" url="http://en.wikinews.org/wiki/Ford_Taurus_to_be_revived">
<token number="0" sentence="0" t_id="1">Ford</token>
<token number="1" sentence="0" t_id="2">Taurus</token>
<token number="2" sentence="0" t_id="3">to</token>
<token number="3" sentence="0" t_id="4">be</token>
<token number="4" sentence="0" t_id="5">revived</token>
<token number="5" sentence="1" t_id="6">February</token>
<token number="6" sentence="1" t_id="7">09</token>
<token number="7" sentence="1" t_id="8">,</token>
<token number="8" sentence="1" t_id="9">2007</token>
<token number="9" sentence="2" t_id="10">Ford</token>
<token number="10" sentence="2" t_id="11">Motor</token>
<token number="11" sentence="2" t_id="12">Company</token>
<token number="12" sentence="2" t_id="13">CEO</token>
<token number="13" sentence="2" t_id="14">Alan</token>
<token number="14" sentence="2" t_id="15">Mulally</token>
<token number="15" sentence="2" t_id="16">has</token>
<token number="16" sentence="2" t_id="17">reported</token>
<token number="17" sentence="2" t_id="18">that</token>
<token number="18" sentence="2" t_id="19">Ford</token>
<token number="19" sentence="2" t_id="20">will</token>
<token number="20" sentence="2" t_id="21">rename</token>
<token number="21" sentence="2" t_id="22">the</token>
<token number="22" sentence="2" t_id="23">Ford</token>
<token number="23" sentence="2" t_id="24">Five</token>
<token number="24" sentence="2" t_id="25">Hundred</token>
<token number="25" sentence="2" t_id="26">to</token>
<token number="26" sentence="2" t_id="27">the</token>
<token number="27" sentence="2" t_id="28">Taurus</token>
<token number="28" sentence="2" t_id="29">for</token>
<token number="29" sentence="2" t_id="30">the</token>
<token number="30" sentence="2" t_id="31">2008</token>
<token number="31" sentence="2" t_id="32">model</token>
<token number="32" sentence="2" t_id="33">year</token>
<token number="33" sentence="2" t_id="34">,</token>
<token number="34" sentence="2" t_id="35">when</token>
<token number="35" sentence="2" t_id="36">a</token>
<token number="36" sentence="2" t_id="37">facelifted</token>
<token number="37" sentence="2" t_id="38">model</token>
<token number="38" sentence="2" t_id="39">is</token>
<token number="39" sentence="2" t_id="40">expected</token>
<token number="40" sentence="2" t_id="41">to</token>
<token number="41" sentence="2" t_id="42">be</token>
<token number="42" sentence="2" t_id="43">launched</token>
<token number="43" sentence="2" t_id="44">to</token>
<token number="44" sentence="2" t_id="45">improve</token>
<token number="45" sentence="2" t_id="46">the</token>
<token number="46" sentence="2" t_id="47">lackluster</token>
<token number="47" sentence="2" t_id="48">sales</token>
<token number="48" sentence="2" t_id="49">of</token>
<token number="49" sentence="2" t_id="50">the</token>
<token number="50" sentence="2" t_id="51">outgoing</token>
<token number="51" sentence="2" t_id="52">model</token>
<token number="52" sentence="2" t_id="53">.</token>
<token number="53" sentence="3" t_id="54">Mulally</token>
<token number="54" sentence="3" t_id="55">says</token>
<token number="55" sentence="3" t_id="56">that</token>
<token number="56" sentence="3" t_id="57">Ford</token>
<token number="57" sentence="3" t_id="58">'s</token>
<token number="58" sentence="3" t_id="59">decision</token>
<token number="59" sentence="3" t_id="60">to</token>
<token number="60" sentence="3" t_id="61">name</token>
<token number="61" sentence="3" t_id="62">all</token>
<token number="62" sentence="3" t_id="63">their</token>
<token number="63" sentence="3" t_id="64">cars</token>
<token number="64" sentence="3" t_id="65">with</token>
<token number="65" sentence="3" t_id="66">the</token>
<token number="66" sentence="3" t_id="67">letter</token>
<token number="67" sentence="3" t_id="68">F</token>
<token number="68" sentence="3" t_id="69">was</token>
<token number="69" sentence="3" t_id="70">a</token>
<token number="70" sentence="3" t_id="71">lackluster</token>
<token number="71" sentence="3" t_id="72">move</token>
<token number="72" sentence="3" t_id="73">,</token>
<token number="73" sentence="3" t_id="74">and</token>
<token number="74" sentence="3" t_id="75">makes</token>
<token number="75" sentence="3" t_id="76">their</token>
<token number="76" sentence="3" t_id="77">names</token>
<token number="77" sentence="3" t_id="78">easily</token>
<token number="78" sentence="3" t_id="79">forgettable</token>
<token number="79" sentence="3" t_id="80">.</token>
<token number="80" sentence="4" t_id="81">As</token>
<token number="81" sentence="4" t_id="82">a</token>
<token number="82" sentence="4" t_id="83">result</token>
<token number="83" sentence="4" t_id="84">,</token>
<token number="84" sentence="4" t_id="85">Mulally</token>
<token number="85" sentence="4" t_id="86">plans</token>
<token number="86" sentence="4" t_id="87">on</token>
<token number="87" sentence="4" t_id="88">reviving</token>
<token number="88" sentence="4" t_id="89">many</token>
<token number="89" sentence="4" t_id="90">respected</token>
<token number="90" sentence="4" t_id="91">Ford</token>
<token number="91" sentence="4" t_id="92">nameplates</token>
<token number="92" sentence="4" t_id="93">,</token>
<token number="93" sentence="4" t_id="94">the</token>
<token number="94" sentence="4" t_id="95">Taurus</token>
<token number="95" sentence="4" t_id="96">being</token>
<token number="96" sentence="4" t_id="97">one</token>
<token number="97" sentence="4" t_id="98">of</token>
<token number="98" sentence="4" t_id="99">them</token>
<token number="99" sentence="4" t_id="100">,</token>
<token number="100" sentence="4" t_id="101">and</token>
<token number="101" sentence="4" t_id="102">the</token>
<token number="102" sentence="4" t_id="103">Falcon</token>
<token number="103" sentence="4" t_id="104">possibly</token>
<token number="104" sentence="4" t_id="105">in</token>
<token number="105" sentence="4" t_id="106">the</token>
<token number="106" sentence="4" t_id="107">future</token>
<token number="107" sentence="4" t_id="108">.</token>
<token number="108" sentence="5" t_id="109">The</token>
<token number="109" sentence="5" t_id="110">Ford</token>
<token number="110" sentence="5" t_id="111">Taurus</token>
<token number="111" sentence="5" t_id="112">was</token>
<token number="112" sentence="5" t_id="113">originally</token>
<token number="113" sentence="5" t_id="114">introduced</token>
<token number="114" sentence="5" t_id="115">in</token>
<token number="115" sentence="5" t_id="116">1986</token>
<token number="116" sentence="5" t_id="117">,</token>
<token number="117" sentence="5" t_id="118">and</token>
<token number="118" sentence="5" t_id="119">was</token>
<token number="119" sentence="5" t_id="120">a</token>
<token number="120" sentence="5" t_id="121">revolutionary</token>
<token number="121" sentence="5" t_id="122">car</token>
<token number="122" sentence="5" t_id="123">that</token>
<token number="123" sentence="5" t_id="124">rewrote</token>
<token number="124" sentence="5" t_id="125">the</token>
<token number="125" sentence="5" t_id="126">rules</token>
<token number="126" sentence="5" t_id="127">for</token>
<token number="127" sentence="5" t_id="128">creating</token>
<token number="128" sentence="5" t_id="129">a</token>
<token number="129" sentence="5" t_id="130">sedan</token>
<token number="130" sentence="5" t_id="131">,</token>
<token number="131" sentence="5" t_id="132">and</token>
<token number="132" sentence="5" t_id="133">pushed</token>
<token number="133" sentence="5" t_id="134">the</token>
<token number="134" sentence="5" t_id="135">other</token>
<token number="135" sentence="5" t_id="136">American</token>
<token number="136" sentence="5" t_id="137">automakers</token>
<token number="137" sentence="5" t_id="138">to</token>
<token number="138" sentence="5" t_id="139">follow</token>
<token number="139" sentence="5" t_id="140">suit</token>
<token number="140" sentence="5" t_id="141">,</token>
<token number="141" sentence="5" t_id="142">leading</token>
<token number="142" sentence="5" t_id="143">to</token>
<token number="143" sentence="5" t_id="144">a</token>
<token number="144" sentence="5" t_id="145">design</token>
<token number="145" sentence="5" t_id="146">revolution</token>
<token number="146" sentence="5" t_id="147">that</token>
<token number="147" sentence="5" t_id="148">completely</token>
<token number="148" sentence="5" t_id="149">rid</token>
<token number="149" sentence="5" t_id="150">Detroit</token>
<token number="150" sentence="5" t_id="151">of</token>
<token number="151" sentence="5" t_id="152">the</token>
<token number="152" sentence="5" t_id="153">``</token>
<token number="153" sentence="5" t_id="154">boxy</token>
<token number="154" sentence="5" t_id="155">''</token>
<token number="155" sentence="5" t_id="156">cars</token>
<token number="156" sentence="5" t_id="157">of</token>
<token number="157" sentence="5" t_id="158">the</token>
<token number="158" sentence="5" t_id="159">70s</token>
<token number="159" sentence="5" t_id="160">and</token>
<token number="160" sentence="5" t_id="161">80s</token>
<token number="161" sentence="5" t_id="162">.</token>
<token number="162" sentence="6" t_id="163">The</token>
<token number="163" sentence="6" t_id="164">Taurus</token>
<token number="164" sentence="6" t_id="165">survived</token>
<token number="165" sentence="6" t_id="166">for</token>
<token number="166" sentence="6" t_id="167">four</token>
<token number="167" sentence="6" t_id="168">generations</token>
<token number="168" sentence="6" t_id="169">,</token>
<token number="169" sentence="6" t_id="170">selling</token>
<token number="170" sentence="6" t_id="171">over</token>
<token number="171" sentence="6" t_id="172">7,500,000</token>
<token number="172" sentence="6" t_id="173">units</token>
<token number="173" sentence="6" t_id="174">.</token>
<token number="174" sentence="7" t_id="175">The</token>
<token number="175" sentence="7" t_id="176">Taurus</token>
<token number="176" sentence="7" t_id="177">was</token>
<token number="177" sentence="7" t_id="178">discontinued</token>
<token number="178" sentence="7" t_id="179">in</token>
<token number="179" sentence="7" t_id="180">October</token>
<token number="180" sentence="7" t_id="181">2006</token>
<token number="181" sentence="7" t_id="182">,</token>
<token number="182" sentence="7" t_id="183">after</token>
<token number="183" sentence="7" t_id="184">a</token>
<token number="184" sentence="7" t_id="185">brief</token>
<token number="185" sentence="7" t_id="186">run</token>
<token number="186" sentence="7" t_id="187">of</token>
<token number="187" sentence="7" t_id="188">2007</token>
<token number="188" sentence="7" t_id="189">models</token>
<token number="189" sentence="7" t_id="190">destined</token>
<token number="190" sentence="7" t_id="191">for</token>
<token number="191" sentence="7" t_id="192">fleet</token>
<token number="192" sentence="7" t_id="193">customers</token>
<token number="193" sentence="7" t_id="194">.</token>
<token number="194" sentence="8" t_id="195">``</token>
<token number="195" sentence="8" t_id="196">How</token>
<token number="196" sentence="8" t_id="197">can</token>
<token number="197" sentence="8" t_id="198">it</token>
<token number="198" sentence="8" t_id="199">go</token>
<token number="199" sentence="8" t_id="200">away</token>
<token number="200" sentence="8" t_id="201">?</token>
<token number="201" sentence="8" t_id="202">''</token>
<token number="202" sentence="9" t_id="203">Alan</token>
<token number="203" sentence="9" t_id="204">Mulally</token>
<token number="204" sentence="9" t_id="205">remembered</token>
<token number="205" sentence="9" t_id="206">asking</token>
<token number="206" sentence="9" t_id="207">,</token>
<token number="207" sentence="9" t_id="208">``</token>
<token number="208" sentence="9" t_id="209">It</token>
<token number="209" sentence="9" t_id="210">'s</token>
<token number="210" sentence="9" t_id="211">the</token>
<token number="211" sentence="9" t_id="212">best-selling</token>
<token number="212" sentence="9" t_id="213">car</token>
<token number="213" sentence="9" t_id="214">in</token>
<token number="214" sentence="9" t_id="215">America</token>
<token number="215" sentence="9" t_id="216">.</token>
<token number="216" sentence="9" t_id="217">''</token>
<token number="217" sentence="10" t_id="218">While</token>
<token number="218" sentence="10" t_id="219">it</token>
<token number="219" sentence="10" t_id="220">is</token>
<token number="220" sentence="10" t_id="221">not</token>
<token number="221" sentence="10" t_id="222">expected</token>
<token number="222" sentence="10" t_id="223">for</token>
<token number="223" sentence="10" t_id="224">the</token>
<token number="224" sentence="10" t_id="225">name</token>
<token number="225" sentence="10" t_id="226">change</token>
<token number="226" sentence="10" t_id="227">to</token>
<token number="227" sentence="10" t_id="228">turn</token>
<token number="228" sentence="10" t_id="229">the</token>
<token number="229" sentence="10" t_id="230">Five</token>
<token number="230" sentence="10" t_id="231">Hundred</token>
<token number="231" sentence="10" t_id="232">into</token>
<token number="232" sentence="10" t_id="233">a</token>
<token number="233" sentence="10" t_id="234">400,000</token>
<token number="234" sentence="10" t_id="235">plus</token>
<token number="235" sentence="10" t_id="236">units</token>
<token number="236" sentence="10" t_id="237">a</token>
<token number="237" sentence="10" t_id="238">year</token>
<token number="238" sentence="10" t_id="239">blockbuster</token>
<token number="239" sentence="10" t_id="240">like</token>
<token number="240" sentence="10" t_id="241">the</token>
<token number="241" sentence="10" t_id="242">Taurus</token>
<token number="242" sentence="10" t_id="243">,</token>
<token number="243" sentence="10" t_id="244">it</token>
<token number="244" sentence="10" t_id="245">is</token>
<token number="245" sentence="10" t_id="246">expected</token>
<token number="246" sentence="10" t_id="247">to</token>
<token number="247" sentence="10" t_id="248">make</token>
<token number="248" sentence="10" t_id="249">sales</token>
<token number="249" sentence="10" t_id="250">more</token>
<token number="250" sentence="10" t_id="251">solid</token>
<token number="251" sentence="10" t_id="252">,</token>
<token number="252" sentence="10" t_id="253">and</token>
<token number="253" sentence="10" t_id="254">to</token>
<token number="254" sentence="10" t_id="255">make</token>
<token number="255" sentence="10" t_id="256">the</token>
<token number="256" sentence="10" t_id="257">car</token>
<token number="257" sentence="10" t_id="258">well</token>
<token number="258" sentence="10" t_id="259">known</token>
<token number="259" sentence="10" t_id="260">,</token>
<token number="260" sentence="10" t_id="261">since</token>
<token number="261" sentence="10" t_id="262">the</token>
<token number="262" sentence="10" t_id="263">Taurus</token>
<token number="263" sentence="10" t_id="264">is</token>
<token number="264" sentence="10" t_id="265">a</token>
<token number="265" sentence="10" t_id="266">well</token>
<token number="266" sentence="10" t_id="267">known</token>
<token number="267" sentence="10" t_id="268">nameplate</token>
<token number="268" sentence="10" t_id="269">around</token>
<token number="269" sentence="10" t_id="270">the</token>
<token number="270" sentence="10" t_id="271">country</token>
<token number="271" sentence="10" t_id="272">.</token>
<Markables>
<C-SIGNAL comment="" m_id="1">
<token_anchor t_id="81"/>
<token_anchor t_id="82"/>
<token_anchor t_id="83"/>
</C-SIGNAL>
<ENTITY_MENTION comment="" head="" m_id="21" syntactic_type="">
<token_anchor t_id="10"/>
<token_anchor t_id="11"/>
<token_anchor t_id="12"/>
<token_anchor t_id="13"/>
</ENTITY_MENTION>
<ENTITY_MENTION comment="" head="" m_id="22" syntactic_type="PRE.NAM">
<token_anchor t_id="91"/>
</ENTITY_MENTION>
<ENTITY_MENTION comment="" head="" m_id="23" syntactic_type="">
<token_anchor t_id="123"/>
</ENTITY_MENTION>
<ENTITY_MENTION comment="" head="" m_id="24" syntactic_type="">
<token_anchor t_id="14"/>
<token_anchor t_id="15"/>
</ENTITY_MENTION>
<ENTITY_MENTION comment="" head="" m_id="25" syntactic_type="">
<token_anchor t_id="99"/>
</ENTITY_MENTION>
<ENTITY_MENTION comment="" head="" m_id="26" syntactic_type="">
<token_anchor t_id="123"/>
<token_anchor t_id="124"/>
<token_anchor t_id="125"/>
<token_anchor t_id="126"/>
<token_anchor t_id="127"/>
<token_anchor t_id="128"/>
<token_anchor t_id="129"/>
<token_anchor t_id="130"/>
</ENTITY_MENTION>
<ENTITY_MENTION comment="" head="" m_id="27" syntactic_type="NAM">
<token_anchor t_id="10"/>
<token_anchor t_id="11"/>
<token_anchor t_id="12"/>
<token_anchor t_id="13"/>
<token_anchor t_id="14"/>
<token_anchor t_id="15"/>
</ENTITY_MENTION>
<ENTITY_MENTION comment="" head="" m_id="28" syntactic_type="">
<token_anchor t_id="133"/>
<token_anchor t_id="134"/>
<token_anchor t_id="135"/>
<token_anchor t_id="136"/>
<token_anchor t_id="137"/>
<token_anchor t_id="138"/>
<token_anchor t_id="139"/>
<token_anchor t_id="140"/>
</ENTITY_MENTION>
<ENTITY_MENTION comment="" head="" m_id="29" syntactic_type="NAM">
<token_anchor t_id="19"/>
</ENTITY_MENTION>
<ENTITY_MENTION comment="" head="" m_id="30" syntactic_type="">
<token_anchor t_id="123"/>
<token_anchor t_id="124"/>
<token_anchor t_id="125"/>
<token_anchor t_id="126"/>
<token_anchor t_id="127"/>
<token_anchor t_id="128"/>
<token_anchor t_id="129"/>
<token_anchor t_id="130"/>
<token_anchor t_id="131"/>
<token_anchor t_id="132"/>
<token_anchor t_id="133"/>
<token_anchor t_id="134"/>
<token_anchor t_id="135"/>
<token_anchor t_id="136"/>
<token_anchor t_id="137"/>
<token_anchor t_id="138"/>
<token_anchor t_id="139"/>
<token_anchor t_id="140"/>
</ENTITY_MENTION>
<ENTITY_MENTION comment="" head="" m_id="31" syntactic_type="NAM">
<token_anchor t_id="22"/>
<token_anchor t_id="23"/>
<token_anchor t_id="24"/>
<token_anchor t_id="25"/>
</ENTITY_MENTION>
<ENTITY_MENTION comment="" head="" m_id="32" syntactic_type="">
<token_anchor t_id="89"/>
<token_anchor t_id="90"/>
<token_anchor t_id="91"/>
<token_anchor t_id="92"/>
</ENTITY_MENTION>
<ENTITY_MENTION comment="" head="" m_id="33" syntactic_type="">
<token_anchor t_id="120"/>
<token_anchor t_id="121"/>
<token_anchor t_id="122"/>
<token_anchor t_id="123"/>
<token_anchor t_id="124"/>
<token_anchor t_id="125"/>
<token_anchor t_id="126"/>
<token_anchor t_id="127"/>
<token_anchor t_id="128"/>
<token_anchor t_id="129"/>
<token_anchor t_id="130"/>
<token_anchor t_id="131"/>
<token_anchor t_id="132"/>
<token_anchor t_id="133"/>
<token_anchor t_id="134"/>
<token_anchor t_id="135"/>
<token_anchor t_id="136"/>
<token_anchor t_id="137"/>
<token_anchor t_id="138"/>
<token_anchor t_id="139"/>
<token_anchor t_id="140"/>
</ENTITY_MENTION>
<ENTITY_MENTION comment="" head="" m_id="2" syntactic_type="NAM">
<token_anchor t_id="1"/>
<token_anchor t_id="2"/>
</ENTITY_MENTION>
<ENTITY_MENTION comment="" head="" m_id="34" syntactic_type="">
<token_anchor t_id="30"/>
<token_anchor t_id="31"/>
<token_anchor t_id="32"/>
<token_anchor t_id="33"/>
</ENTITY_MENTION>
<ENTITY_MENTION comment="" head="" m_id="3" syntactic_type="">
<token_anchor t_id="50"/>
<token_anchor t_id="51"/>
<token_anchor t_id="52"/>
</ENTITY_MENTION>
<ENTITY_MENTION comment="" head="" m_id="35" syntactic_type="NAM">
<token_anchor t_id="27"/>
<token_anchor t_id="28"/>
</ENTITY_MENTION>
<ENTITY_MENTION comment="" head="" m_id="4" syntactic_type="NAM">
<token_anchor t_id="109"/>
<token_anchor t_id="110"/>
<token_anchor t_id="111"/>
</ENTITY_MENTION>
<ENTITY_MENTION comment="" head="" m_id="36" syntactic_type="">
<token_anchor t_id="36"/>
<token_anchor t_id="37"/>
<token_anchor t_id="38"/>
</ENTITY_MENTION>
<ENTITY_MENTION comment="" head="" m_id="5" syntactic_type="">
<token_anchor t_id="129"/>
<token_anchor t_id="130"/>
</ENTITY_MENTION>
<ENTITY_MENTION comment="" head="" m_id="6" syntactic_type="PRE.NAM">
<token_anchor t_id="136"/>
</ENTITY_MENTION>
<ENTITY_MENTION comment="" head="" m_id="7" syntactic_type="">
<token_anchor t_id="134"/>
<token_anchor t_id="135"/>
<token_anchor t_id="136"/>
<token_anchor t_id="137"/>
</ENTITY_MENTION>
<ENTITY_MENTION comment="" head="" m_id="8" syntactic_type="NAM">
<token_anchor t_id="150"/>
</ENTITY_MENTION>
<ENTITY_MENTION comment="" head="" m_id="9" syntactic_type="">
<token_anchor t_id="152"/>
<token_anchor t_id="153"/>
<token_anchor t_id="154"/>
<token_anchor t_id="155"/>
<token_anchor t_id="156"/>
<token_anchor t_id="157"/>
<token_anchor t_id="158"/>
<token_anchor t_id="159"/>
<token_anchor t_id="160"/>
<token_anchor t_id="161"/>
</ENTITY_MENTION>
<ENTITY_MENTION comment="" head="" m_id="10" syntactic_type="NAM">
<token_anchor t_id="54"/>
</ENTITY_MENTION>
<ENTITY_MENTION comment="" head="" m_id="11" syntactic_type="NAM">
<token_anchor t_id="57"/>
</ENTITY_MENTION>
<ENTITY_MENTION comment="" head="" m_id="12" syntactic_type="">
<token_anchor t_id="63"/>
</ENTITY_MENTION>
<ENTITY_MENTION comment="" head="" m_id="13" syntactic_type="">
<token_anchor t_id="62"/>
<token_anchor t_id="63"/>
<token_anchor t_id="64"/>
</ENTITY_MENTION>
<ENTITY_MENTION comment="" head="" m_id="14" syntactic_type="">
<token_anchor t_id="76"/>
</ENTITY_MENTION>
<ENTITY_MENTION comment="" head="" m_id="15" syntactic_type="NAM">
<token_anchor t_id="94"/>
<token_anchor t_id="95"/>
</ENTITY_MENTION>
<ENTITY_MENTION comment="" head="" m_id="16" syntactic_type="NAM">
<token_anchor t_id="102"/>
<token_anchor t_id="103"/>
</ENTITY_MENTION>
<ENTITY_MENTION comment="" head="" m_id="17" syntactic_type="">
<token_anchor t_id="97"/>
<token_anchor t_id="98"/>
<token_anchor t_id="99"/>
</ENTITY_MENTION>
<ENTITY_MENTION comment="" head="" m_id="18" syntactic_type="PRE.NAM">
<token_anchor t_id="10"/>
<token_anchor t_id="11"/>
<token_anchor t_id="12"/>
</ENTITY_MENTION>
<ENTITY_MENTION comment="" head="" m_id="19" syntactic_type="NAM">
<token_anchor t_id="85"/>
</ENTITY_MENTION>
<ENTITY_MENTION comment="" head="" m_id="20" syntactic_type="">
<token_anchor t_id="120"/>
<token_anchor t_id="121"/>
<token_anchor t_id="122"/>
</ENTITY_MENTION>
<EVENT_MENTION aspect="NONE" certainty="CERTAIN" comment="" m_id="53" modality="" polarity="POS" pos="NOUN" pred="" special_cases="NONE" tense="NONE" time="NON_FUTURE">
<token_anchor t_id="146"/>
</EVENT_MENTION>
<EVENT_MENTION aspect="NONE" certainty="CERTAIN" comment="" m_id="54" modality="" polarity="POS" pos="NOUN" pred="" special_cases="NONE" tense="NONE" time="NON_FUTURE">
<token_anchor t_id="59"/>
</EVENT_MENTION>
<EVENT_MENTION aspect="NONE" certainty="CERTAIN" comment="" m_id="55" modality="" polarity="POS" pos="OTHER" pred="" special_cases="NONE" tense="NONE" time="NON_FUTURE">
<token_anchor t_id="147"/>
</EVENT_MENTION>
<EVENT_MENTION aspect="NONE" certainty="CERTAIN" comment="" m_id="56" modality="" polarity="POS" pos="VERB" pred="" special_cases="NONE" tense="INFINITIVE" time="NON_FUTURE">
<token_anchor t_id="61"/>
</EVENT_MENTION>
<EVENT_MENTION aspect="NONE" certainty="CERTAIN" comment="" m_id="57" modality="" polarity="POS" pos="VERB" pred="" special_cases="NONE" tense="PAST" time="NON_FUTURE">
<token_anchor t_id="149"/>
</EVENT_MENTION>
<EVENT_MENTION aspect="NONE" certainty="CERTAIN" comment="" m_id="58" modality="" polarity="POS" pos="VERB" pred="" special_cases="NONE" tense="PAST" time="NON_FUTURE">
<token_anchor t_id="69"/>
</EVENT_MENTION>
<EVENT_MENTION aspect="NONE" certainty="CERTAIN" comment="" m_id="59" modality="" polarity="POS" pos="NOUN" pred="" special_cases="NONE" tense="NONE" time="NON_FUTURE">
<token_anchor t_id="72"/>
</EVENT_MENTION>
<EVENT_MENTION aspect="NONE" certainty="CERTAIN" comment="" m_id="60" modality="" polarity="POS" pos="VERB" pred="" special_cases="NONE" tense="PRESENT" time="NON_FUTURE">
<token_anchor t_id="75"/>
</EVENT_MENTION>
<EVENT_MENTION aspect="NONE" certainty="CERTAIN" comment="" m_id="61" modality="" polarity="POS" pos="OTHER" pred="" special_cases="NONE" tense="NONE" time="NON_FUTURE">
<token_anchor t_id="79"/>
</EVENT_MENTION>
<EVENT_MENTION aspect="NONE" certainty="CERTAIN" comment="" m_id="62" modality="" polarity="POS" pos="VERB" pred="" special_cases="NONE" tense="PRESENT" time="NON_FUTURE">
<token_anchor t_id="69"/>
<token_anchor t_id="75"/>
</EVENT_MENTION>
<EVENT_MENTION aspect="NONE" certainty="CERTAIN" comment="" m_id="63" modality="" polarity="POS" pos="VERB" pred="" special_cases="NONE" tense="PRESENT" time="NON_FUTURE">
<token_anchor t_id="86"/>
</EVENT_MENTION>
<EVENT_MENTION aspect="PROGRESSIVE" certainty="CERTAIN" comment="" m_id="64" modality="" polarity="UNDERSPECIFIED" pos="VERB" pred="" special_cases="NONE" tense="PRESPART" time="FUTURE">
<token_anchor t_id="88"/>
</EVENT_MENTION>
<EVENT_MENTION aspect="NONE" certainty="CERTAIN" comment="" m_id="65" modality="" polarity="POS" pos="VERB" pred="" special_cases="GEN" tense="INFINITIVE" time="NON_FUTURE">
<token_anchor t_id="96"/>
</EVENT_MENTION>
<EVENT_MENTION aspect="NONE" certainty="CERTAIN" comment="" m_id="37" modality="" polarity="POS" pos="VERB" pred="" special_cases="NONE" tense="INFINITIVE" time="FUTURE">
<token_anchor t_id="5"/>
</EVENT_MENTION>
<EVENT_MENTION aspect="PERFECTIVE" certainty="CERTAIN" comment="" m_id="38" modality="" polarity="POS" pos="VERB" pred="" special_cases="NONE" tense="PRESENT" time="NON_FUTURE">
<token_anchor t_id="17"/>
</EVENT_MENTION>
<EVENT_MENTION aspect="NONE" certainty="CERTAIN" comment="" m_id="39" modality="" polarity="POS" pos="VERB" pred="" special_cases="NONE" tense="FUTURE" time="FUTURE">
<token_anchor t_id="21"/>
</EVENT_MENTION>
<EVENT_MENTION aspect="NONE" certainty="CERTAIN" comment="" m_id="40" modality="" polarity="POS" pos="VERB" pred="" special_cases="NONE" tense="PRESENT" time="FUTURE">
<token_anchor t_id="40"/>
</EVENT_MENTION>
<EVENT_MENTION aspect="PERFECTIVE" certainty="UNDERSPECIFIED" comment="" m_id="41" modality="" polarity="UNDERSPECIFIED" pos="VERB" pred="" special_cases="NONE" tense="INFINITIVE" time="FUTURE">
<token_anchor t_id="43"/>
</EVENT_MENTION>
<EVENT_MENTION aspect="NONE" certainty="UNDERSPECIFIED" comment="" m_id="42" modality="" polarity="UNDERSPECIFIED" pos="VERB" pred="" special_cases="NONE" tense="INFINITIVE" time="FUTURE">
<token_anchor t_id="45"/>
</EVENT_MENTION>
<EVENT_MENTION aspect="NONE" certainty="CERTAIN" comment="" m_id="43" modality="" polarity="POS" pos="NOUN" pred="" special_cases="NONE" tense="NONE" time="NON_FUTURE">
<token_anchor t_id="48"/>
</EVENT_MENTION>
<EVENT_MENTION aspect="NONE" certainty="CERTAIN" comment="" m_id="44" modality="" polarity="POS" pos="VERB" pred="" special_cases="NONE" tense="PAST" time="NON_FUTURE">
<token_anchor t_id="114"/>
</EVENT_MENTION>
<EVENT_MENTION aspect="NONE" certainty="CERTAIN" comment="" m_id="45" modality="" polarity="POS" pos="VERB" pred="" special_cases="NONE" tense="PAST" time="NON_FUTURE">
<token_anchor t_id="119"/>
</EVENT_MENTION>
<EVENT_MENTION aspect="NONE" certainty="CERTAIN" comment="" m_id="46" modality="" polarity="POS" pos="VERB" pred="" special_cases="NONE" tense="PAST" time="NON_FUTURE">
<token_anchor t_id="124"/>
</EVENT_MENTION>
<EVENT_MENTION aspect="PROGRESSIVE" certainty="CERTAIN" comment="" m_id="47" modality="" polarity="POS" pos="VERB" pred="" special_cases="NONE" tense="PRESPART" time="NON_FUTURE">
<token_anchor t_id="128"/>
</EVENT_MENTION>
<EVENT_MENTION aspect="NONE" certainty="CERTAIN" comment="" m_id="48" modality="" polarity="POS" pos="VERB" pred="" special_cases="NONE" tense="PAST" time="NON_FUTURE">
<token_anchor t_id="133"/>
</EVENT_MENTION>
<EVENT_MENTION aspect="NONE" certainty="CERTAIN" comment="" m_id="49" modality="" polarity="POS" pos="VERB" pred="" special_cases="NONE" tense="PAST" time="NON_FUTURE">
<token_anchor t_id="124"/>
<token_anchor t_id="133"/>
</EVENT_MENTION>
<EVENT_MENTION aspect="NONE" certainty="CERTAIN" comment="" m_id="50" modality="" polarity="POS" pos="VERB" pred="" special_cases="NONE" tense="INFINITIVE" time="NON_FUTURE">
<token_anchor t_id="139"/>
<token_anchor t_id="140"/>
</EVENT_MENTION>
<EVENT_MENTION aspect="NONE" certainty="CERTAIN" comment="" m_id="51" modality="" polarity="POS" pos="VERB" pred="" special_cases="NONE" tense="PRESPART" time="NON_FUTURE">
<token_anchor t_id="142"/>
</EVENT_MENTION>
<EVENT_MENTION aspect="NONE" certainty="CERTAIN" comment="" m_id="52" modality="" polarity="POS" pos="VERB" pred="" special_cases="NONE" tense="PRESENT" time="NON_FUTURE">
<token_anchor t_id="55"/>
</EVENT_MENTION>
<SIGNAL comment="" m_id="66">
<token_anchor t_id="35"/>
</SIGNAL>
<SIGNAL comment="" m_id="67">
<token_anchor t_id="115"/>
</SIGNAL>
<SIGNAL comment="" m_id="68">
<token_anchor t_id="105"/>
</SIGNAL>
<TIMEX3 anchorTimeID="71" beginPoint="" comment="" endPoint="" functionInDocument="NONE" m_id="69" type="DATE" value="FUTURE_REF">
<token_anchor t_id="106"/>
<token_anchor t_id="107"/>
</TIMEX3>
<TIMEX3 anchorTimeID="" beginPoint="" comment="" endPoint="" functionInDocument="NONE" m_id="70" type="DATE" value="2008">
<token_anchor t_id="31"/>
</TIMEX3>
<TIMEX3 anchorTimeID="" beginPoint="" comment="" endPoint="" functionInDocument="CREATION_TIME" m_id="71" type="DATE" value="2007-02-09">
<token_anchor t_id="6"/>
<token_anchor t_id="7"/>
<token_anchor t_id="8"/>
<token_anchor t_id="9"/>
</TIMEX3>
<TIMEX3 anchorTimeID="" beginPoint="" comment="" endPoint="" functionInDocument="NONE" m_id="72" type="DATE" value="1986">
<token_anchor t_id="116"/>
</TIMEX3>
<TIMEX3 anchorTimeID="71" beginPoint="" comment="" endPoint="" functionInDocument="NONE" m_id="73" type="DATE" value="197">
<token_anchor t_id="159"/>
</TIMEX3>
<TIMEX3 anchorTimeID="71" beginPoint="" comment="" endPoint="" functionInDocument="NONE" m_id="74" type="DATE" value="198">
<token_anchor t_id="161"/>
</TIMEX3>


<ENTITY_MENTION m_id="122">
  <token_anchor t_id="156"/>
</ENTITY_MENTION>

<ENTITY_MENTION m_id="132">
  <token_anchor t_id="64"/>
</ENTITY_MENTION>
<ENTITY_MENTION m_id="138">
  <token_anchor t_id="154"/>
  <token_anchor t_id="155"/>
  <token_anchor t_id="156"/>
  <token_anchor t_id="157"/>
  <token_anchor t_id="158"/>
  <token_anchor t_id="159"/>
  <token_anchor t_id="160"/>
  <token_anchor t_id="161"/>
</ENTITY_MENTION>
<ENTITY_MENTION m_id="142">
  <token_anchor t_id="122"/>
</ENTITY_MENTION>

<EVENT TAG_DESCRIPTOR="make" class="GRAMMATICAL" comment="" external_ref="" m_id="89"/>
<EVENT TAG_DESCRIPTOR="Report-EHU" class="SPEECH_COGNITIVE" instance_id="SPE39043991993985851" m_id="166"/><EVENT TAG_DESCRIPTOR="forgettable" class="OTHER" comment="" external_ref="" m_id="88"/>
<EVENT TAG_DESCRIPTOR="be + make" class="GRAMMATICAL" comment="" external_ref="" m_id="101"/><EVENT TAG_DESCRIPTOR="plan" class="SPEECH_COGNITIVE" comment="" external_ref="" m_id="87"/>
<EVENT TAG_DESCRIPTOR="revive" class="OTHER" comment="" external_ref="" m_id="86"/><EVENT TAG_DESCRIPTOR="rewrite + push" class="OTHER" comment="" external_ref="" m_id="100"/>
<EVENT TAG_DESCRIPTOR="introduce" class="OTHER" comment="" external_ref="" m_id="85"/><EVENT TAG_DESCRIPTOR="rewrite" class="OTHER" comment="" external_ref="" m_id="84"/>
<EVENT TAG_DESCRIPTOR="create" class="OTHER" comment="" external_ref="" m_id="83"/><EVENT TAG_DESCRIPTOR="push" class="GRAMMATICAL" comment="" external_ref="" m_id="82"/>
<EVENT TAG_DESCRIPTOR="follow suit" class="OTHER" comment="" external_ref="" m_id="81"/><EVENT TAG_DESCRIPTOR="lead" class="OTHER" comment="" external_ref="" m_id="80"/>
<EVENT TAG_DESCRIPTOR="Decision-EHU" class="OTHER" instance_id="OTH39744684457632972" m_id="159"/><EVENT TAG_DESCRIPTOR="revolution" class="OTHER" comment="" external_ref="" m_id="79"/>
<EVENT TAG_DESCRIPTOR="rid" class="OTHER" comment="" external_ref="" m_id="78"/><EVENT TAG_DESCRIPTOR="expect" class="SPEECH_COGNITIVE" comment="" external_ref="" m_id="97"/>
<EVENT TAG_DESCRIPTOR="Rename-EHU" class="SPEECH_COGNITIVE" instance_id="SPE40532554616221473" m_id="174"/><EVENT TAG_DESCRIPTOR="launch" class="GRAMMATICAL" comment="" external_ref="" m_id="96"/>
<EVENT TAG_DESCRIPTOR="improve" class="OTHER" comment="" external_ref="" m_id="95"/><EVENT TAG_DESCRIPTOR="Say-EHU" class="SPEECH_COGNITIVE" instance_id="SPE39044042063875878" m_id="172"/>
<EVENT TAG_DESCRIPTOR="sales" class="OTHER" comment="" external_ref="" m_id="94"/><EVENT TAG_DESCRIPTOR="Name-EHU" class="OTHER" instance_id="OTH41392785847680115" m_id="170"/>
<EVENT TAG_DESCRIPTOR="decision" class="SPEECH_COGNITIVE" comment="" external_ref="" m_id="92"/><EVENT TAG_DESCRIPTOR="be" class="GRAMMATICAL" comment="" external_ref="" m_id="90"/>
<ENTITY TAG_DESCRIPTOR="Alan Mulally" ent_type="PER" external_ref="http://dbpedia.org/resource/Alan_Mulally" instance_id="PER37406424840192289" m_id="169"/><ENTITY TAG_DESCRIPTOR="automakers other than Ford" ent_type="ORG" instance_id="ORG46393162121001135" m_id="168"/>
<ENTITY TAG_DESCRIPTOR="Ford" ent_type="ORG" external_ref="http://dbpedia.org/resource/Ford_Motor_Company" instance_id="ORG37406423869806668" m_id="165"/><ENTITY TAG_DESCRIPTOR="Ford Taurus" ent_type="PRO" external_ref="http://dbpedia.org/resource/Ford_Taurus" instance_id="PRO46393341248915317" m_id="164"/>
<ENTITY TAG_DESCRIPTOR="automobile" ent_type="PRO" instance_id="PRO37402535305680047" m_id="163"/><ENTITY TAG_DESCRIPTOR="Ford nameplates" ent_type="PRO" instance_id="PRO46393379463753137" m_id="162"/>
<ENTITY TAG_DESCRIPTOR="all Ford cars" ent_type="PRO" instance_id="PRO47038929036145698" m_id="161"/><ENTITY TAG_DESCRIPTOR="Ford Falcon" ent_type="PRO" external_ref="http://dbpedia.org/resource/Ford_Falcon" instance_id="PRO46393269773436738" m_id="160"/>
<ENTITY TAG_DESCRIPTOR="boxy cars" ent_type="PRO" instance_id="PRO47038827641950982" m_id="158"/><ENTITY TAG_DESCRIPTOR="United States of America " ent_type="LOC" external_ref="http://dbpedia.org/resource/United_States" instance_id="LOC27735327659249054" m_id="157"/>
<ENTITY TAG_DESCRIPTOR="Ford 2008 model" ent_type="PRO" instance_id="PRO46393215961360911" m_id="156"/><ENTITY TAG_DESCRIPTOR="Ford Five Hundred" ent_type="PRO" external_ref="http://dbpedia.org/resource/Ford_Five_Hundred" instance_id="PRO46393299345728583" m_id="173"/>
<ENTITY TAG_DESCRIPTOR="Detroit" ent_type="LOC" external_ref="http://dbpedia.org/resource/Detroit" instance_id="LOC46393123475737335" m_id="171"/><ENTITY TAG_DESCRIPTOR="boxy cars" comment="" ent_class="" ent_type="PRO" external_ref="" m_id="75"/></Markables>
<Relations>
<HAS_PARTICIPANT comment="" r_id="271421" sem_role="Arg0" sem_role_framework="PROPBANK">
<source m_id="38"/>
<target m_id="27"/>
</HAS_PARTICIPANT>
<HAS_PARTICIPANT comment="" r_id="271422" sem_role="Arg0" sem_role_framework="PROPBANK">
<source m_id="39"/>
<target m_id="29"/>
</HAS_PARTICIPANT>
<HAS_PARTICIPANT comment="" r_id="271423" sem_role="Arg1" sem_role_framework="PROPBANK">
<source m_id="39"/>
<target m_id="31"/>
</HAS_PARTICIPANT>
<HAS_PARTICIPANT comment="" r_id="271424" sem_role="Argm-OTHER" sem_role_framework="PROPBANK">
<source m_id="39"/>
<target m_id="34"/>
</HAS_PARTICIPANT>
<HAS_PARTICIPANT comment="" r_id="271425" sem_role="Arg1" sem_role_framework="PROPBANK">
<source m_id="40"/>
<target m_id="36"/>
</HAS_PARTICIPANT>
<HAS_PARTICIPANT comment="" r_id="271426" sem_role="Arg1" sem_role_framework="PROPBANK">
<source m_id="41"/>
<target m_id="36"/>
</HAS_PARTICIPANT>
<HAS_PARTICIPANT comment="" r_id="271427" sem_role="Arg1" sem_role_framework="PROPBANK">
<source m_id="43"/>
<target m_id="3"/>
</HAS_PARTICIPANT>
<SLINK comment="" r_id="271428">
<source m_id="38"/>
<target m_id="39"/>
</SLINK>
<SLINK comment="" r_id="271429">
<source m_id="40"/>
<target m_id="41"/>
</SLINK>
<GLINK comment="" r_id="271430">
<source m_id="42"/>
<target m_id="43"/>
</GLINK>
<HAS_PARTICIPANT comment="" r_id="271431" sem_role="Arg0" sem_role_framework="PROPBANK">
<source m_id="52"/>
<target m_id="10"/>
</HAS_PARTICIPANT>
<HAS_PARTICIPANT comment="" r_id="271432" sem_role="Arg0" sem_role_framework="PROPBANK">
<source m_id="54"/>
<target m_id="11"/>
</HAS_PARTICIPANT>
<HAS_PARTICIPANT comment="" r_id="271433" sem_role="Arg0" sem_role_framework="PROPBANK">
<source m_id="56"/>
<target m_id="11"/>
</HAS_PARTICIPANT>
<HAS_PARTICIPANT comment="" r_id="271434" sem_role="Arg1" sem_role_framework="PROPBANK">
<source m_id="56"/>
<target m_id="13"/>
</HAS_PARTICIPANT>
<SLINK comment="" r_id="271435">
<source m_id="52"/>
<target m_id="62"/>
</SLINK>
<SLINK comment="" r_id="271436">
<source m_id="54"/>
<target m_id="56"/>
</SLINK>
<GLINK comment="" r_id="271437">
<source m_id="58"/>
<target m_id="59"/>
</GLINK>
<GLINK comment="" r_id="271438">
<source m_id="60"/>
<target m_id="61"/>
</GLINK>
<HAS_PARTICIPANT comment="" r_id="271439" sem_role="Arg0" sem_role_framework="PROPBANK">
<source m_id="63"/>
<target m_id="19"/>
</HAS_PARTICIPANT>
<HAS_PARTICIPANT comment="" r_id="271440" sem_role="Arg1" sem_role_framework="PROPBANK">
<source m_id="64"/>
<target m_id="32"/>
</HAS_PARTICIPANT>
<HAS_PARTICIPANT comment="" r_id="271441" sem_role="Arg1" sem_role_framework="PROPBANK">
<source m_id="65"/>
<target m_id="15"/>
</HAS_PARTICIPANT>
<HAS_PARTICIPANT comment="" r_id="271442" sem_role="Arg2" sem_role_framework="PROPBANK">
<source m_id="65"/>
<target m_id="17"/>
</HAS_PARTICIPANT>
<TLINK comment="" r_id="271443" reltype="BEFORE" signalID="">
<source m_id="38"/>
<target m_id="71"/>
</TLINK>
<TLINK comment="" r_id="271444" reltype="AFTER" signalID="">
<source m_id="39"/>
<target m_id="71"/>
</TLINK>
<TLINK comment="" r_id="271445" reltype="AFTER" signalID="">
<source m_id="40"/>
<target m_id="71"/>
</TLINK>
<TLINK comment="" r_id="271446" reltype="IS_INCLUDED" signalID="">
<source m_id="52"/>
<target m_id="71"/>
</TLINK>
<TLINK comment="" r_id="271447" reltype="BEFORE" signalID="">
<source m_id="58"/>
<target m_id="71"/>
</TLINK>
<TLINK comment="" r_id="271448" reltype="IS_INCLUDED" signalID="">
<source m_id="60"/>
<target m_id="71"/>
</TLINK>
<TLINK comment="" r_id="271449" reltype="IS_INCLUDED" signalID="">
<source m_id="63"/>
<target m_id="71"/>
</TLINK>
<TLINK comment="" r_id="271450" reltype="BEFORE" signalID="">
<source m_id="44"/>
<target m_id="71"/>
</TLINK>
<TLINK comment="" r_id="271451" reltype="BEFORE" signalID="">
<source m_id="45"/>
<target m_id="71"/>
</TLINK>
<TLINK comment="" r_id="271452" reltype="BEFORE" signalID="">
<source m_id="46"/>
<target m_id="71"/>
</TLINK>
<TLINK comment="" r_id="271453" reltype="BEFORE" signalID="">
<source m_id="48"/>
<target m_id="71"/>
</TLINK>
<TLINK comment="" r_id="271454" reltype="BEFORE" signalID="">
<source m_id="57"/>
<target m_id="71"/>
</TLINK>
<TLINK comment="" r_id="271455" reltype="BEFORE" signalID="">
<source m_id="38"/>
<target m_id="39"/>
</TLINK>
<TLINK comment="" r_id="271456" reltype="SIMULTANEOUS" signalID="66">
<source m_id="39"/>
<target m_id="40"/>
</TLINK>
<TLINK comment="" r_id="271457" reltype="AFTER" signalID="">
<source m_id="52"/>
<target m_id="54"/>
</TLINK>
<TLINK comment="" r_id="271458" reltype="BEGINS" signalID="">
<source m_id="58"/>
<target m_id="60"/>
</TLINK>
<TLINK comment="" r_id="271459" reltype="BEFORE" signalID="">
<source m_id="63"/>
<target m_id="64"/>
</TLINK>
<TLINK comment="" r_id="271460" reltype="SIMULTANEOUS" signalID="">
<source m_id="64"/>
<target m_id="65"/>
</TLINK>
<TLINK comment="" r_id="271461" reltype="SIMULTANEOUS" signalID="">
<source m_id="44"/>
<target m_id="45"/>
</TLINK>
<TLINK comment="" r_id="271462" reltype="SIMULTANEOUS" signalID="">
<source m_id="45"/>
<target m_id="46"/>
</TLINK>
<TLINK comment="" r_id="271463" reltype="IBEFORE" signalID="">
<source m_id="46"/>
<target m_id="48"/>
</TLINK>
<TLINK comment="" r_id="271464" reltype="IBEFORE" signalID="">
<source m_id="46"/>
<target m_id="51"/>
</TLINK>
<TLINK comment="" r_id="271465" reltype="IS_INCLUDED" signalID="67">
<source m_id="44"/>
<target m_id="72"/>
</TLINK>
<CLINK c-signalID="1" comment="" r_id="271466">
<source m_id="62"/>
<target m_id="63"/>
</CLINK>
<GLINK comment="" r_id="271501">
<source m_id="48"/>
<target m_id="50"/>
</GLINK>
<HAS_PARTICIPANT comment="" r_id="271502" sem_role="Arg2" sem_role_framework="PROPBANK">
<source m_id="45"/>
<target m_id="33"/>
</HAS_PARTICIPANT>
<HAS_PARTICIPANT comment="" r_id="271503" sem_role="Arg1" sem_role_framework="PROPBANK">
<source m_id="45"/>
<target m_id="4"/>
</HAS_PARTICIPANT>
<HAS_PARTICIPANT comment="" r_id="271504" sem_role="Arg1" sem_role_framework="PROPBANK">
<source m_id="44"/>
<target m_id="4"/>
</HAS_PARTICIPANT>
<HAS_PARTICIPANT comment="" r_id="271505" sem_role="Arg2" sem_role_framework="PROPBANK">
<source m_id="57"/>
<target m_id="8"/>
</HAS_PARTICIPANT>
<HAS_PARTICIPANT comment="" r_id="271506" sem_role="Arg1" sem_role_framework="PROPBANK">
<source m_id="57"/>
<target m_id="9"/>
</HAS_PARTICIPANT>
<HAS_PARTICIPANT comment="" r_id="271507" sem_role="Arg2" sem_role_framework="PROPBANK">
<source m_id="39"/>
<target m_id="35"/>
</HAS_PARTICIPANT>
<HAS_PARTICIPANT comment="" r_id="271508" sem_role="Arg1" sem_role_framework="PROPBANK">
<source m_id="37"/>
<target m_id="2"/>
</HAS_PARTICIPANT>









































<REFERS_TO r_id="243971">
<source m_id="52"/>
<target m_id="172"/>
</REFERS_TO>
<REFERS_TO r_id="243972">
<source m_id="6"/>
<target m_id="157"/>
</REFERS_TO>
<REFERS_TO r_id="243973">
<source m_id="34"/>
<source m_id="36"/>
<target m_id="156"/>
</REFERS_TO>
<REFERS_TO r_id="243974">
<source m_id="54"/>
<target m_id="159"/>
</REFERS_TO>
<REFERS_TO r_id="243975">
<source m_id="138"/>
<target m_id="158"/>
</REFERS_TO>
<REFERS_TO r_id="243976">
<source m_id="61"/>
<target m_id="88"/>
</REFERS_TO>
<REFERS_TO r_id="243977">
<source m_id="60"/>
<target m_id="89"/>
</REFERS_TO>
<REFERS_TO r_id="243978">
<source m_id="14"/>
<source m_id="11"/>
<source m_id="29"/>
<source m_id="12"/>
<source m_id="18"/>
<source m_id="22"/>
<target m_id="165"/>
</REFERS_TO>
<REFERS_TO r_id="243979">
<source m_id="48"/>
<target m_id="82"/>
</REFERS_TO>
<REFERS_TO r_id="243980">
<source m_id="47"/>
<target m_id="83"/>
</REFERS_TO>
<REFERS_TO r_id="243981">
<source m_id="51"/>
<target m_id="80"/>
</REFERS_TO>
<REFERS_TO r_id="243982">
<source m_id="50"/>
<target m_id="81"/>
</REFERS_TO>
<REFERS_TO r_id="243983">
<source m_id="64"/>
<source m_id="37"/>
<target m_id="86"/>
</REFERS_TO>
<REFERS_TO r_id="243984">
<source m_id="63"/>
<target m_id="87"/>
</REFERS_TO>
<REFERS_TO r_id="243985">
<source m_id="46"/>
<target m_id="84"/>
</REFERS_TO>
<REFERS_TO r_id="243986">
<source m_id="44"/>
<target m_id="85"/>
</REFERS_TO>
<REFERS_TO r_id="243987">
<source m_id="8"/>
<target m_id="171"/>
</REFERS_TO>
<REFERS_TO r_id="243988">
<source m_id="59"/>
<target m_id="92"/>
</REFERS_TO>
<REFERS_TO r_id="243989">
<source m_id="16"/>
<target m_id="160"/>
</REFERS_TO>
<REFERS_TO r_id="243990">
<source m_id="13"/>
<target m_id="161"/>
</REFERS_TO>
<REFERS_TO r_id="243991">
<source m_id="32"/>
<source m_id="25"/>
<target m_id="162"/>
</REFERS_TO>
<REFERS_TO r_id="243992">
<source m_id="53"/>
<source m_id="55"/>
<target m_id="79"/>
</REFERS_TO>
<REFERS_TO r_id="243993">
<source m_id="41"/>
<target m_id="96"/>
</REFERS_TO>
<REFERS_TO r_id="243994">
<source m_id="38"/>
<target m_id="166"/>
</REFERS_TO>
<REFERS_TO r_id="243995">
<source m_id="56"/>
<target m_id="170"/>
</REFERS_TO>
<REFERS_TO r_id="243996">
<source m_id="39"/>
<target m_id="174"/>
</REFERS_TO>
<REFERS_TO r_id="243997">

<source m_id="122"/>
<source m_id="132"/>
<source m_id="142"/>

<target m_id="163"/>
</REFERS_TO>
<REFERS_TO r_id="243998">
<source m_id="7"/>
<target m_id="168"/>
</REFERS_TO>
<REFERS_TO r_id="243999">
<source m_id="10"/>

<source m_id="19"/>
<source m_id="24"/>
<source m_id="21"/>
<source m_id="27"/>
<target m_id="169"/>
</REFERS_TO>
<REFERS_TO r_id="244000">
<source m_id="4"/>
<source m_id="17"/>
<source m_id="5"/>
<source m_id="35"/>
<source m_id="26"/>
<source m_id="23"/>
<source m_id="2"/>
<source m_id="20"/>
<source m_id="30"/>
<source m_id="28"/>
<source m_id="15"/>
<source m_id="33"/>
<target m_id="164"/>
</REFERS_TO>
<REFERS_TO r_id="244001">
<source m_id="58"/>
<source m_id="65"/>
<source m_id="45"/>
<target m_id="90"/>
</REFERS_TO>
<REFERS_TO r_id="244002">
<source m_id="49"/>
<target m_id="100"/>
</REFERS_TO>
<REFERS_TO r_id="244003">
<source m_id="62"/>
<target m_id="101"/>
</REFERS_TO>
<REFERS_TO r_id="244004">
<source m_id="42"/>
<target m_id="95"/>
</REFERS_TO>
<REFERS_TO r_id="244005">
<source m_id="43"/>
<target m_id="94"/>
</REFERS_TO>
<REFERS_TO r_id="244006">
<source m_id="40"/>
<target m_id="97"/>
</REFERS_TO>
<REFERS_TO r_id="244007">
<source m_id="57"/>
<target m_id="78"/>
</REFERS_TO>
<REFERS_TO r_id="244008">
<source m_id="31"/>
<source m_id="3"/>
<target m_id="173"/>
</REFERS_TO>
<REFERS_TO r_id="244009">
<source m_id="9"/>
<target m_id="75"/>
</REFERS_TO>

</Relations>
</Document>