<?xml version="1.0" ?><Document doc_id="60658" doc_name="60658_DaimlerChrysler_plans_to_cut_13,000_jobs" lang="en" url="http://en.wikinews.org/wiki/DaimlerChrysler_plans_to_cut_13,000_jobs">
<token number="0" sentence="0" t_id="1">DaimlerChrysler</token>
<token number="1" sentence="0" t_id="2">plans</token>
<token number="2" sentence="0" t_id="3">to</token>
<token number="3" sentence="0" t_id="4">cut</token>
<token number="4" sentence="0" t_id="5">13,000</token>
<token number="5" sentence="0" t_id="6">jobs</token>
<token number="6" sentence="1" t_id="7">February</token>
<token number="7" sentence="1" t_id="8">14</token>
<token number="8" sentence="1" t_id="9">,</token>
<token number="9" sentence="1" t_id="10">2007</token>
<token number="10" sentence="2" t_id="11">International</token>
<token number="11" sentence="2" t_id="12">car</token>
<token number="12" sentence="2" t_id="13">company</token>
<token number="13" sentence="2" t_id="14">DaimlerChrysler</token>
<token number="14" sentence="2" t_id="15">announced</token>
<token number="15" sentence="2" t_id="16">today</token>
<token number="16" sentence="2" t_id="17">it</token>
<token number="17" sentence="2" t_id="18">would</token>
<token number="18" sentence="2" t_id="19">cut</token>
<token number="19" sentence="2" t_id="20">13,000</token>
<token number="20" sentence="2" t_id="21">jobs</token>
<token number="21" sentence="2" t_id="22">in</token>
<token number="22" sentence="2" t_id="23">North</token>
<token number="23" sentence="2" t_id="24">America</token>
<token number="24" sentence="2" t_id="25">.</token>
<token number="25" sentence="3" t_id="26">It</token>
<token number="26" sentence="3" t_id="27">could</token>
<token number="27" sentence="3" t_id="28">part</token>
<token number="28" sentence="3" t_id="29">ways</token>
<token number="29" sentence="3" t_id="30">with</token>
<token number="30" sentence="3" t_id="31">the</token>
<token number="31" sentence="3" t_id="32">loss-making</token>
<token number="32" sentence="3" t_id="33">business</token>
<token number="33" sentence="3" t_id="34">.</token>
<token number="34" sentence="4" t_id="35">It</token>
<token number="35" sentence="4" t_id="36">also</token>
<token number="36" sentence="4" t_id="37">plans</token>
<token number="37" sentence="4" t_id="38">to</token>
<token number="38" sentence="4" t_id="39">cut</token>
<token number="39" sentence="4" t_id="40">two</token>
<token number="40" sentence="4" t_id="41">Chrysler</token>
<token number="41" sentence="4" t_id="42">plants</token>
<token number="42" sentence="4" t_id="43">in</token>
<token number="43" sentence="4" t_id="44">an</token>
<token number="44" sentence="4" t_id="45">attempt</token>
<token number="45" sentence="4" t_id="46">to</token>
<token number="46" sentence="4" t_id="47">make</token>
<token number="47" sentence="4" t_id="48">Chrysler</token>
<token number="48" sentence="4" t_id="49">business</token>
<token number="49" sentence="4" t_id="50">profitable</token>
<token number="50" sentence="4" t_id="51">by</token>
<token number="51" sentence="4" t_id="52">2008</token>
<token number="52" sentence="4" t_id="53">.</token>
<token number="53" sentence="5" t_id="54">About</token>
<token number="54" sentence="5" t_id="55">9,000</token>
<token number="55" sentence="5" t_id="56">production</token>
<token number="56" sentence="5" t_id="57">jobs</token>
<token number="57" sentence="5" t_id="58">will</token>
<token number="58" sentence="5" t_id="59">be</token>
<token number="59" sentence="5" t_id="60">cut</token>
<token number="60" sentence="5" t_id="61">in</token>
<token number="61" sentence="5" t_id="62">the</token>
<token number="62" sentence="5" t_id="63">U.S.</token>
<token number="63" sentence="5" t_id="64">,</token>
<token number="64" sentence="5" t_id="65">2,000</token>
<token number="65" sentence="5" t_id="66">production</token>
<token number="66" sentence="5" t_id="67">jobs</token>
<token number="67" sentence="5" t_id="68">in</token>
<token number="68" sentence="5" t_id="69">Canada</token>
<token number="69" sentence="5" t_id="70">,</token>
<token number="70" sentence="5" t_id="71">and</token>
<token number="71" sentence="5" t_id="72">2,000</token>
<token number="72" sentence="5" t_id="73">salaried</token>
<token number="73" sentence="5" t_id="74">jobs</token>
<token number="74" sentence="5" t_id="75">.</token>
<token number="75" sentence="6" t_id="76">``</token>
<token number="76" sentence="6" t_id="77">It</token>
<token number="77" sentence="6" t_id="78">'s</token>
<token number="78" sentence="6" t_id="79">hard</token>
<token number="79" sentence="6" t_id="80">to</token>
<token number="80" sentence="6" t_id="81">say</token>
<token number="81" sentence="6" t_id="82">if</token>
<token number="82" sentence="6" t_id="83">it</token>
<token number="83" sentence="6" t_id="84">'s</token>
<token number="84" sentence="6" t_id="85">enough</token>
<token number="85" sentence="6" t_id="86">...</token>
<token number="86" sentence="6" t_id="87">but</token>
<token number="87" sentence="6" t_id="88">the</token>
<token number="88" sentence="6" t_id="89">stock</token>
<token number="89" sentence="6" t_id="90">is</token>
<token number="90" sentence="6" t_id="91">reacting</token>
<token number="91" sentence="6" t_id="92">nicely</token>
<token number="92" sentence="6" t_id="93">,</token>
<token number="93" sentence="6" t_id="94">which</token>
<token number="94" sentence="6" t_id="95">is</token>
<token number="95" sentence="6" t_id="96">further</token>
<token number="96" sentence="6" t_id="97">verification</token>
<token number="97" sentence="6" t_id="98">that</token>
<token number="98" sentence="6" t_id="99">this</token>
<token number="99" sentence="6" t_id="100">is</token>
<token number="100" sentence="6" t_id="101">a</token>
<token number="101" sentence="6" t_id="102">favorable</token>
<token number="102" sentence="6" t_id="103">restructuring</token>
<token number="103" sentence="6" t_id="104">move</token>
<token number="104" sentence="6" t_id="105">and</token>
<token number="105" sentence="6" t_id="106">a</token>
<token number="106" sentence="6" t_id="107">much-needed</token>
<token number="107" sentence="6" t_id="108">one</token>
<token number="108" sentence="6" t_id="109">at</token>
<token number="109" sentence="6" t_id="110">Chrysler</token>
<token number="110" sentence="6" t_id="111">,</token>
<token number="111" sentence="6" t_id="112">''</token>
<token number="112" sentence="6" t_id="113">said</token>
<token number="113" sentence="6" t_id="114">chief</token>
<token number="114" sentence="6" t_id="115">investment</token>
<token number="115" sentence="6" t_id="116">officer</token>
<token number="116" sentence="6" t_id="117">at</token>
<token number="117" sentence="6" t_id="118">Solaris</token>
<token number="118" sentence="6" t_id="119">Asset</token>
<token number="119" sentence="6" t_id="120">Management</token>
<token number="120" sentence="6" t_id="121">,</token>
<token number="121" sentence="6" t_id="122">Tim</token>
<token number="122" sentence="6" t_id="123">Ghriskey</token>
<token number="123" sentence="6" t_id="124">.</token>
<token number="124" sentence="7" t_id="125">Following</token>
<token number="125" sentence="7" t_id="126">some</token>
<token number="126" sentence="7" t_id="127">speculation</token>
<token number="127" sentence="7" t_id="128">that</token>
<token number="128" sentence="7" t_id="129">the</token>
<token number="129" sentence="7" t_id="130">companies</token>
<token number="130" sentence="7" t_id="131">Daimler-Benz</token>
<token number="131" sentence="7" t_id="132">(</token>
<token number="132" sentence="7" t_id="133">Mercedes-Benz</token>
<token number="133" sentence="7" t_id="134">)</token>
<token number="134" sentence="7" t_id="135">and</token>
<token number="135" sentence="7" t_id="136">Chrysler</token>
<token number="136" sentence="7" t_id="137">,</token>
<token number="137" sentence="7" t_id="138">which</token>
<token number="138" sentence="7" t_id="139">merged</token>
<token number="139" sentence="7" t_id="140">together</token>
<token number="140" sentence="7" t_id="141">in</token>
<token number="141" sentence="7" t_id="142">1998</token>
<token number="142" sentence="7" t_id="143">to</token>
<token number="143" sentence="7" t_id="144">make</token>
<token number="144" sentence="7" t_id="145">DaimlerChrysler</token>
<token number="145" sentence="7" t_id="146">,</token>
<token number="146" sentence="7" t_id="147">would</token>
<token number="147" sentence="7" t_id="148">split</token>
<token number="148" sentence="7" t_id="149">,</token>
<token number="149" sentence="7" t_id="150">chairman</token>
<token number="150" sentence="7" t_id="151">Dieter</token>
<token number="151" sentence="7" t_id="152">Zetsche</token>
<token number="152" sentence="7" t_id="153">denied</token>
<token number="153" sentence="7" t_id="154">allegations</token>
<token number="154" sentence="7" t_id="155">.</token>
<token number="155" sentence="8" t_id="156">``</token>
<token number="156" sentence="8" t_id="157">We</token>
<token number="157" sentence="8" t_id="158">do</token>
<token number="158" sentence="8" t_id="159">not</token>
<token number="159" sentence="8" t_id="160">exclude</token>
<token number="160" sentence="8" t_id="161">any</token>
<token number="161" sentence="8" t_id="162">option</token>
<token number="162" sentence="8" t_id="163">in</token>
<token number="163" sentence="8" t_id="164">order</token>
<token number="164" sentence="8" t_id="165">to</token>
<token number="165" sentence="8" t_id="166">find</token>
<token number="166" sentence="8" t_id="167">the</token>
<token number="167" sentence="8" t_id="168">best</token>
<token number="168" sentence="8" t_id="169">solution</token>
<token number="169" sentence="8" t_id="170">for</token>
<token number="170" sentence="8" t_id="171">both</token>
<token number="171" sentence="8" t_id="172">the</token>
<token number="172" sentence="8" t_id="173">Chrysler</token>
<token number="173" sentence="8" t_id="174">Group</token>
<token number="174" sentence="8" t_id="175">and</token>
<token number="175" sentence="8" t_id="176">DaimlerChrysler</token>
<token number="176" sentence="8" t_id="177">.</token>
<token number="177" sentence="8" t_id="178">''</token>
<Markables>
<ENTITY_MENTION comment="" head="" m_id="26" syntactic_type="NAM">
<token_anchor t_id="62"/>
<token_anchor t_id="63"/>
</ENTITY_MENTION>
<ENTITY_MENTION comment="" head="" m_id="27" syntactic_type="NAM">
<token_anchor t_id="69"/>
</ENTITY_MENTION>
<ENTITY_MENTION comment="" head="" m_id="1" syntactic_type="">
<token_anchor t_id="11"/>
<token_anchor t_id="12"/>
<token_anchor t_id="13"/>
</ENTITY_MENTION>
<ENTITY_MENTION comment="" head="" m_id="2" syntactic_type="">
<token_anchor t_id="14"/>
</ENTITY_MENTION>
<ENTITY_MENTION comment="" head="" m_id="3" syntactic_type="NAM">
<token_anchor t_id="11"/>
<token_anchor t_id="12"/>
<token_anchor t_id="13"/>
<token_anchor t_id="14"/>
</ENTITY_MENTION>
<ENTITY_MENTION comment="" head="" m_id="54" syntactic_type="NAM">
<token_anchor t_id="1"/>
</ENTITY_MENTION>
<ENTITY_MENTION comment="" head="" m_id="4" syntactic_type="">
<token_anchor t_id="17"/>
</ENTITY_MENTION>
<ENTITY_MENTION comment="" head="" m_id="5" syntactic_type="NAM">
<token_anchor t_id="23"/>
<token_anchor t_id="24"/>
</ENTITY_MENTION>
<ENTITY_MENTION comment="" head="" m_id="12" syntactic_type="">
<token_anchor t_id="26"/>
</ENTITY_MENTION>
<ENTITY_MENTION comment="" head="" m_id="13" syntactic_type="">
<token_anchor t_id="31"/>
<token_anchor t_id="32"/>
<token_anchor t_id="33"/>
</ENTITY_MENTION>
<ENTITY_MENTION comment="" head="" m_id="15" syntactic_type="">
<token_anchor t_id="35"/>
</ENTITY_MENTION>
<ENTITY_MENTION comment="" head="" m_id="16" syntactic_type="">
<token_anchor t_id="40"/>
<token_anchor t_id="41"/>
<token_anchor t_id="42"/>
</ENTITY_MENTION>
<ENTITY_MENTION comment="" head="" m_id="17" syntactic_type="">
<token_anchor t_id="48"/>
<token_anchor t_id="49"/>
</ENTITY_MENTION>
<EVENT_MENTION aspect="NONE" certainty="UNDERSPECIFIED" comment="" m_id="19" modality="" polarity="POS" pos="VERB" pred="" special_cases="NONE" tense="INFINITIVE" time="FUTURE">
<token_anchor t_id="39"/>
</EVENT_MENTION>
<EVENT_MENTION aspect="NONE" certainty="CERTAIN" comment="" m_id="20" modality="" polarity="POS" pos="NOUN" pred="" special_cases="NONE" tense="NONE" time="NON_FUTURE">
<token_anchor t_id="45"/>
</EVENT_MENTION>
<EVENT_MENTION aspect="NONE" certainty="UNDERSPECIFIED" comment="" m_id="21" modality="" polarity="UNDERSPECIFIED" pos="VERB" pred="" special_cases="NONE" tense="INFINITIVE" time="FUTURE">
<token_anchor t_id="47"/>
</EVENT_MENTION>
<EVENT_MENTION aspect="NONE" certainty="UNDERSPECIFIED" comment="" m_id="22" modality="" polarity="UNDERSPECIFIED" pos="OTHER" pred="" special_cases="NONE" tense="NONE" time="FUTURE">
<token_anchor t_id="50"/>
</EVENT_MENTION>
<EVENT_MENTION aspect="NONE" certainty="CERTAIN" comment="" m_id="28" modality="" polarity="POS" pos="NOUN" pred="" special_cases="NONE" tense="NONE" time="NON_FUTURE">
<token_anchor t_id="57"/>
</EVENT_MENTION>
<EVENT_MENTION aspect="NONE" certainty="CERTAIN" comment="" m_id="29" modality="" polarity="POS" pos="VERB" pred="" special_cases="NONE" tense="FUTURE" time="FUTURE">
<token_anchor t_id="60"/>
</EVENT_MENTION>
<EVENT_MENTION aspect="NONE" certainty="CERTAIN" comment="" m_id="30" modality="" polarity="POS" pos="NOUN" pred="" special_cases="NONE" tense="NONE" time="NON_FUTURE">
<token_anchor t_id="67"/>
</EVENT_MENTION>
<EVENT_MENTION aspect="NONE" certainty="CERTAIN" comment="" m_id="31" modality="" polarity="POS" pos="NOUN" pred="" special_cases="NONE" tense="NONE" time="NON_FUTURE">
<token_anchor t_id="74"/>
</EVENT_MENTION>
<EVENT_MENTION aspect="NONE" certainty="CERTAIN" comment="" m_id="35" modality="" polarity="POS" pos="NOUN" pred="" special_cases="NONE" tense="NONE" time="NON_FUTURE">
<token_anchor t_id="57"/>
<token_anchor t_id="67"/>
<token_anchor t_id="74"/>
</EVENT_MENTION>
<EVENT_MENTION aspect="NONE" certainty="CERTAIN" comment="" m_id="55" modality="" polarity="POS" pos="VERB" pred="" special_cases="NONE" tense="PRESENT" time="NON_FUTURE">
<token_anchor t_id="2"/>
</EVENT_MENTION>
<EVENT_MENTION aspect="NONE" certainty="UNDERSPECIFIED" comment="" m_id="56" modality="" polarity="UNDERSPECIFIED" pos="VERB" pred="" special_cases="NONE" tense="INFINITIVE" time="FUTURE">
<token_anchor t_id="4"/>
</EVENT_MENTION>
<EVENT_MENTION aspect="NONE" certainty="CERTAIN" comment="" m_id="6" modality="" polarity="POS" pos="VERB" pred="" special_cases="NONE" tense="PAST" time="NON_FUTURE">
<token_anchor t_id="15"/>
</EVENT_MENTION>
<EVENT_MENTION aspect="NONE" certainty="CERTAIN" comment="" m_id="57" modality="" polarity="POS" pos="NOUN" pred="" special_cases="NONE" tense="NONE" time="NON_FUTURE">
<token_anchor t_id="6"/>
</EVENT_MENTION>
<EVENT_MENTION aspect="NONE" certainty="UNDERSPECIFIED" comment="" m_id="7" modality="" polarity="UNDERSPECIFIED" pos="VERB" pred="" special_cases="NONE" tense="PAST" time="FUTURE">
<token_anchor t_id="19"/>
</EVENT_MENTION>
<EVENT_MENTION aspect="NONE" certainty="CERTAIN" comment="" m_id="8" modality="" polarity="POS" pos="NOUN" pred="" special_cases="NONE" tense="NONE" time="NON_FUTURE">
<token_anchor t_id="21"/>
</EVENT_MENTION>
<EVENT_MENTION aspect="NONE" certainty="UNDERSPECIFIED" comment="" m_id="14" modality="" polarity="POS" pos="VERB" pred="" special_cases="NONE" tense="PAST" time="FUTURE">
<token_anchor t_id="28"/>
</EVENT_MENTION>
<EVENT_MENTION aspect="NONE" certainty="CERTAIN" comment="" m_id="18" modality="" polarity="POS" pos="VERB" pred="" special_cases="NONE" tense="PRESENT" time="NON_FUTURE">
<token_anchor t_id="37"/>
</EVENT_MENTION>
<SIGNAL comment="" m_id="24">
<token_anchor t_id="51"/>
</SIGNAL>
<TIMEX3 anchorTimeID="" beginPoint="" comment="" endPoint="" functionInDocument="NONE" m_id="25" type="DATE" value="2008">
<token_anchor t_id="52"/>
</TIMEX3>
<TIMEX3 anchorTimeID="" beginPoint="" comment="" endPoint="" functionInDocument="CREATION_TIME" m_id="9" type="DATE" value="2007-02-14">
<token_anchor t_id="7"/>
<token_anchor t_id="8"/>
<token_anchor t_id="9"/>
<token_anchor t_id="10"/>
</TIMEX3>
<TIMEX3 anchorTimeID="9" beginPoint="" comment="" endPoint="" functionInDocument="NONE" m_id="10" type="DATE" value="2007-02-14">
<token_anchor t_id="16"/>
</TIMEX3>
<VALUE comment="" m_id="23" type="QUANTITY">
<token_anchor t_id="40"/>
</VALUE>
<VALUE comment="" m_id="32" type="QUANTITY">
<token_anchor t_id="55"/>
</VALUE>
<VALUE comment="" m_id="33" type="QUANTITY">
<token_anchor t_id="65"/>
</VALUE>
<VALUE comment="" m_id="34" type="QUANTITY">
<token_anchor t_id="72"/>
</VALUE>
<VALUE comment="" m_id="58" type="QUANTITY">
<token_anchor t_id="5"/>
</VALUE>
<VALUE comment="" m_id="11" type="QUANTITY">
<token_anchor t_id="20"/>
</VALUE>

<EVENT_MENTION m_id="77">
  <token_anchor t_id="49"/>
</EVENT_MENTION>





<ENTITY_MENTION m_id="70">
  <token_anchor t_id="12"/>
</ENTITY_MENTION>
<ENTITY_MENTION m_id="73">
  <token_anchor t_id="41"/>
</ENTITY_MENTION>

<ENTITY_MENTION m_id="78">
  <token_anchor t_id="48"/>
</ENTITY_MENTION>

<EVENT TAG_DESCRIPTOR="part" class="OTHER" comment="" external_ref="" m_id="50"/><EVENT TAG_DESCRIPTOR="Announce-EHU" class="SPEECH_COGNITIVE" instance_id="SPE39223347527372445" m_id="99"/>

<EVENT TAG_DESCRIPTOR="Business-EHU" class="OTHER" instance_id="OTH39650289996065766" m_id="90"/><EVENT TAG_DESCRIPTOR="plan" class="SPEECH_COGNITIVE" comment="" external_ref="" m_id="49"/>
<EVENT TAG_DESCRIPTOR="attempt" class="GRAMMATICAL" comment="" external_ref="" m_id="48"/><EVENT TAG_DESCRIPTOR="make" class="GRAMMATICAL" comment="" external_ref="" m_id="47"/>
<EVENT TAG_DESCRIPTOR="profitable" class="OTHER" comment="" external_ref="" m_id="46"/><EVENT TAG_DESCRIPTOR="production jobs in the US" class="OTHER" comment="" external_ref="" m_id="45"/>
<EVENT TAG_DESCRIPTOR="production jobs in Canada" class="OTHER" comment="" external_ref="" m_id="44"/><EVENT TAG_DESCRIPTOR="salaried jobs" class="OTHER" comment="" external_ref="" m_id="43"/>
<EVENT TAG_DESCRIPTOR="plan 2" class="SPEECH_COGNITIVE" comment="" external_ref="" m_id="59"/><EVENT TAG_DESCRIPTOR="Cut-EHU" class="OTHER" instance_id="OTH40514367990788296" m_id="87"/>
<EVENT TAG_DESCRIPTOR="cut" class="GRAMMATICAL" comment="" external_ref="" m_id="52"/><EVENT TAG_DESCRIPTOR="jobs" class="OTHER" comment="" external_ref="" m_id="51"/>
<ENTITY TAG_DESCRIPTOR="two Chrysler plants" ent_type="PRO" instance_id="PRO47042438350521240" m_id="98"/><ENTITY TAG_DESCRIPTOR="Daimler Chrysler" ent_type="ORG" external_ref="http://dbpedia.org/resource/Daimler_AG" instance_id="ORG37406423582812360" m_id="96"/>
<ENTITY TAG_DESCRIPTOR="North America" ent_type="LOC" external_ref="http://dbpedia.org/resource/North_America" instance_id="LOC45373489427512948" m_id="95"/><ENTITY TAG_DESCRIPTOR="Chrysler" ent_type="ORG" external_ref="http://dbpedia.org/resource/Chrysler" instance_id="ORG37406423422624299" m_id="94"/>
<ENTITY TAG_DESCRIPTOR="loss-making business" ent_type="ORG" instance_id="ORG45374615259523942" m_id="93"/><ENTITY TAG_DESCRIPTOR="automobile" ent_type="PRO" instance_id="PRO37402535305680047" m_id="92"/>
<ENTITY TAG_DESCRIPTOR="United States of America " ent_type="LOC" external_ref="http://dbpedia.org/resource/United_States" instance_id="LOC27735327659249054" m_id="89"/><ENTITY TAG_DESCRIPTOR="Canada" ent_type="LOC" external_ref="http://dbpedia.org/resource/Canada" instance_id="LOC43997528276927841" m_id="88"/>
<ENTITY TAG_DESCRIPTOR="Chrysler business" comment="" ent_class="" ent_type="FIN" external_ref="" m_id="38"/></Markables>
<Relations>
<HAS_PARTICIPANT comment="" r_id="161927" sem_role="Arg0" sem_role_framework="PROPBANK">
<source m_id="6"/>
<target m_id="3"/>
</HAS_PARTICIPANT>
<HAS_PARTICIPANT comment="" r_id="161928" sem_role="Arg0" sem_role_framework="PROPBANK">
<source m_id="7"/>
<target m_id="4"/>
</HAS_PARTICIPANT>
<HAS_PARTICIPANT comment="" r_id="161929" sem_role="Argm-LOC" sem_role_framework="PROPBANK">
<source m_id="7"/>
<target m_id="5"/>
</HAS_PARTICIPANT>
<SLINK comment="" r_id="161930">
<source m_id="6"/>
<target m_id="7"/>
</SLINK>
<GLINK comment="" r_id="161932">
<source m_id="7"/>
<target m_id="8"/>
</GLINK>
<HAS_PARTICIPANT comment="" r_id="161937" sem_role="Arg0" sem_role_framework="PROPBANK">
<source m_id="14"/>
<target m_id="12"/>
</HAS_PARTICIPANT>
<HAS_PARTICIPANT comment="" r_id="161939" sem_role="Arg1" sem_role_framework="PROPBANK">
<source m_id="14"/>
<target m_id="13"/>
</HAS_PARTICIPANT>
<HAS_PARTICIPANT comment="" r_id="161946" sem_role="Arg0" sem_role_framework="PROPBANK">
<source m_id="18"/>
<target m_id="15"/>
</HAS_PARTICIPANT>
<HAS_PARTICIPANT comment="" r_id="161947" sem_role="Arg1" sem_role_framework="PROPBANK">
<source m_id="19"/>
<target m_id="16"/>
</HAS_PARTICIPANT>
<HAS_PARTICIPANT comment="" r_id="161948" sem_role="Arg0" sem_role_framework="PROPBANK">
<source m_id="19"/>
<target m_id="15"/>
</HAS_PARTICIPANT>
<HAS_PARTICIPANT comment="" r_id="161950" sem_role="Arg1" sem_role_framework="PROPBANK">
<source m_id="21"/>
<target m_id="17"/>
</HAS_PARTICIPANT>
<HAS_PARTICIPANT comment="" r_id="161951" sem_role="Arg1" sem_role_framework="PROPBANK">
<source m_id="22"/>
<target m_id="17"/>
</HAS_PARTICIPANT>
<GLINK comment="" r_id="161952">
<source m_id="21"/>
<target m_id="22"/>
</GLINK>
<GLINK comment="" r_id="161954">
<source m_id="20"/>
<target m_id="21"/>
</GLINK>
<SLINK comment="" r_id="161955">
<source m_id="18"/>
<target m_id="19"/>
</SLINK>
<HAS_PARTICIPANT comment="" r_id="161961" sem_role="Argm-LOC" sem_role_framework="PROPBANK">
<source m_id="28"/>
<target m_id="26"/>
</HAS_PARTICIPANT>
<HAS_PARTICIPANT comment="" r_id="161962" sem_role="Argm-LOC" sem_role_framework="PROPBANK">
<source m_id="30"/>
<target m_id="27"/>
</HAS_PARTICIPANT>
<GLINK r_id="161964">
<source m_id="29"/>
<target m_id="35"/>
</GLINK>
<TLINK comment="" r_id="161965" reltype="IS_INCLUDED" signalID="">
<source m_id="6"/>
<target m_id="9"/>
</TLINK>
<TLINK comment="" r_id="161966" reltype="AFTER" signalID="">
<source m_id="14"/>
<target m_id="9"/>
</TLINK>
<TLINK comment="" r_id="161967" reltype="IS_INCLUDED" signalID="">
<source m_id="18"/>
<target m_id="9"/>
</TLINK>
<TLINK comment="" r_id="161968" reltype="AFTER" signalID="">
<source m_id="29"/>
<target m_id="9"/>
</TLINK>
<TLINK comment="" r_id="161969" reltype="BEFORE" signalID="">
<source m_id="6"/>
<target m_id="14"/>
</TLINK>
<TLINK comment="" r_id="161970" reltype="SIMULTANEOUS" signalID="">
<source m_id="14"/>
<target m_id="18"/>
</TLINK>
<TLINK comment="" r_id="161971" reltype="BEFORE" signalID="">
<source m_id="18"/>
<target m_id="29"/>
</TLINK>
<TLINK comment="" r_id="161972" reltype="BEFORE" signalID="">
<source m_id="6"/>
<target m_id="7"/>
</TLINK>
<TLINK comment="" r_id="161973" reltype="BEFORE" signalID="">
<source m_id="18"/>
<target m_id="19"/>
</TLINK>
<TLINK comment="" r_id="161974" reltype="SIMULTANEOUS" signalID="">
<source m_id="18"/>
<target m_id="20"/>
</TLINK>
<TLINK comment="" r_id="161975" reltype="IS_INCLUDED" signalID="">
<source m_id="6"/>
<target m_id="10"/>
</TLINK>
<TLINK comment="" r_id="161976" reltype="ENDED_BY" signalID="24">
<source m_id="21"/>
<target m_id="25"/>
</TLINK>
<HAS_PARTICIPANT comment="" r_id="243839" sem_role="Arg0" sem_role_framework="PROPBANK">
<source m_id="55"/>
<target m_id="54"/>
</HAS_PARTICIPANT>
<SLINK comment="" r_id="243840">
<source m_id="55"/>
<target m_id="56"/>
</SLINK>
























<REFERS_TO r_id="243855">
<source m_id="27"/>
<target m_id="88"/>
</REFERS_TO>
<REFERS_TO r_id="243856">
<source m_id="26"/>
<target m_id="89"/>
</REFERS_TO>
<REFERS_TO r_id="243857">
<source m_id="7"/>
<source m_id="29"/>
<target m_id="87"/>
</REFERS_TO>
<REFERS_TO r_id="243858">
<source m_id="20"/>
<target m_id="48"/>
</REFERS_TO>
<REFERS_TO r_id="243859">
<source m_id="18"/>
<target m_id="49"/>
</REFERS_TO>
<REFERS_TO r_id="243860">
<source m_id="22"/>
<target m_id="46"/>
</REFERS_TO>
<REFERS_TO r_id="243861">
<source m_id="21"/>
<target m_id="47"/>
</REFERS_TO>
<REFERS_TO r_id="243862">
<source m_id="30"/>
<target m_id="44"/>
</REFERS_TO>
<REFERS_TO r_id="243863">
<source m_id="28"/>
<target m_id="45"/>
</REFERS_TO>
<REFERS_TO r_id="243864">
<source m_id="31"/>
<target m_id="43"/>
</REFERS_TO>
<REFERS_TO r_id="243865">
<source m_id="6"/>
<target m_id="99"/>
</REFERS_TO>
<REFERS_TO r_id="243866">
<source m_id="16"/>
<target m_id="98"/>
</REFERS_TO>

<REFERS_TO r_id="243868">
<source m_id="77"/>
<target m_id="90"/>
</REFERS_TO>
<REFERS_TO r_id="243869">
<source m_id="13"/>
<target m_id="93"/>
</REFERS_TO>
<REFERS_TO r_id="243870">
<source m_id="70"/>
<target m_id="92"/>
</REFERS_TO>
<REFERS_TO r_id="243871">
<source m_id="5"/>
<target m_id="95"/>
</REFERS_TO>
<REFERS_TO r_id="243872">


<source m_id="73"/>

<source m_id="78"/>
<target m_id="94"/>
</REFERS_TO>

<REFERS_TO r_id="243874">
<source m_id="4"/>
<source m_id="15"/>


<source m_id="2"/>
<source m_id="1"/>

<source m_id="12"/>
<source m_id="3"/>
<source m_id="54"/>
<target m_id="96"/>
</REFERS_TO>
<REFERS_TO r_id="243875">
<source m_id="17"/>
<target m_id="38"/>
</REFERS_TO>
<REFERS_TO r_id="243876">
<source m_id="55"/>
<target m_id="59"/>
</REFERS_TO>
<REFERS_TO r_id="243877">
<source m_id="8"/>
<source m_id="35"/>
<source m_id="57"/>
<target m_id="51"/>
</REFERS_TO>
<REFERS_TO r_id="243878">
<source m_id="14"/>
<target m_id="50"/>
</REFERS_TO>
<REFERS_TO r_id="243879">
<source m_id="19"/>
<source m_id="56"/>
<target m_id="52"/>
</REFERS_TO>
</Relations>
</Document>