<?xml version="1.0" ?><Document doc_id="68899" doc_name="68899_DaimlerChrysler_to_sell_Chrysler_Group" lang="en" url="http://en.wikinews.org/wiki/DaimlerChrysler_to_sell_Chrysler_Group_for_$7.4_Billion">
<token number="0" sentence="0" t_id="1">DaimlerChrysler</token>
<token number="1" sentence="0" t_id="2">to</token>
<token number="2" sentence="0" t_id="3">sell</token>
<token number="3" sentence="0" t_id="4">Chrysler</token>
<token number="4" sentence="0" t_id="5">Group</token>
<token number="5" sentence="0" t_id="6">for</token>
<token number="6" sentence="0" t_id="7">$</token>
<token number="7" sentence="0" t_id="8">7.4</token>
<token number="8" sentence="0" t_id="9">Billion</token>
<token number="9" sentence="1" t_id="10">May</token>
<token number="10" sentence="1" t_id="11">14</token>
<token number="11" sentence="1" t_id="12">,</token>
<token number="12" sentence="1" t_id="13">2007</token>
<token number="13" sentence="2" t_id="14">The</token>
<token number="14" sentence="2" t_id="15">DaimlerChrysler</token>
<token number="15" sentence="2" t_id="16">Corporation</token>
<token number="16" sentence="2" t_id="17">has</token>
<token number="17" sentence="2" t_id="18">announced</token>
<token number="18" sentence="2" t_id="19">that</token>
<token number="19" sentence="2" t_id="20">the</token>
<token number="20" sentence="2" t_id="21">corporation</token>
<token number="21" sentence="2" t_id="22">is</token>
<token number="22" sentence="2" t_id="23">divesting</token>
<token number="23" sentence="2" t_id="24">itself</token>
<token number="24" sentence="2" t_id="25">of</token>
<token number="25" sentence="2" t_id="26">the</token>
<token number="26" sentence="2" t_id="27">Chrysler</token>
<token number="27" sentence="2" t_id="28">Group</token>
<token number="28" sentence="2" t_id="29">by</token>
<token number="29" sentence="2" t_id="30">selling</token>
<token number="30" sentence="2" t_id="31">it</token>
<token number="31" sentence="2" t_id="32">to</token>
<token number="32" sentence="2" t_id="33">New</token>
<token number="33" sentence="2" t_id="34">York</token>
<token number="34" sentence="2" t_id="35">City-based</token>
<token number="35" sentence="2" t_id="36">private</token>
<token number="36" sentence="2" t_id="37">equity</token>
<token number="37" sentence="2" t_id="38">firm</token>
<token number="38" sentence="2" t_id="39">Cerberus</token>
<token number="39" sentence="2" t_id="40">Capital</token>
<token number="40" sentence="2" t_id="41">Management</token>
<token number="41" sentence="2" t_id="42">for</token>
<token number="42" sentence="2" t_id="43">US$</token>
<token number="43" sentence="2" t_id="44">7.4</token>
<token number="44" sentence="2" t_id="45">billion</token>
<token number="45" sentence="2" t_id="46">.</token>
<token number="46" sentence="3" t_id="47">The</token>
<token number="47" sentence="3" t_id="48">companies</token>
<token number="48" sentence="3" t_id="49">'</token>
<token number="49" sentence="3" t_id="50">names</token>
<token number="50" sentence="3" t_id="51">are</token>
<token number="51" sentence="3" t_id="52">announced</token>
<token number="52" sentence="3" t_id="53">to</token>
<token number="53" sentence="3" t_id="54">be</token>
<token number="54" sentence="3" t_id="55">changed</token>
<token number="55" sentence="3" t_id="56">to</token>
<token number="56" sentence="3" t_id="57">Daimler</token>
<token number="57" sentence="3" t_id="58">AG</token>
<token number="58" sentence="3" t_id="59">and</token>
<token number="59" sentence="3" t_id="60">Chrysler</token>
<token number="60" sentence="3" t_id="61">Holding</token>
<token number="61" sentence="3" t_id="62">LLC</token>
<token number="62" sentence="3" t_id="63">.</token>
<token number="63" sentence="4" t_id="64">DaimlerChrysler</token>
<token number="64" sentence="4" t_id="65">has</token>
<token number="65" sentence="4" t_id="66">sold</token>
<token number="66" sentence="4" t_id="67">80.1</token>
<token number="67" sentence="4" t_id="68">%</token>
<token number="68" sentence="4" t_id="69">of</token>
<token number="69" sentence="4" t_id="70">its</token>
<token number="70" sentence="4" t_id="71">stake</token>
<token number="71" sentence="4" t_id="72">in</token>
<token number="72" sentence="4" t_id="73">Chrysler</token>
<token number="73" sentence="4" t_id="74">,</token>
<token number="74" sentence="4" t_id="75">retaining</token>
<token number="75" sentence="4" t_id="76">the</token>
<token number="76" sentence="4" t_id="77">other</token>
<token number="77" sentence="4" t_id="78">19.9</token>
<token number="78" sentence="4" t_id="79">%</token>
<token number="79" sentence="4" t_id="80">,</token>
<token number="80" sentence="4" t_id="81">for</token>
<token number="81" sentence="4" t_id="82">joint</token>
<token number="82" sentence="4" t_id="83">ventures</token>
<token number="83" sentence="4" t_id="84">and</token>
<token number="84" sentence="4" t_id="85">other</token>
<token number="85" sentence="4" t_id="86">agreements</token>
<token number="86" sentence="4" t_id="87">and</token>
<token number="87" sentence="4" t_id="88">partnerships</token>
<token number="88" sentence="4" t_id="89">.</token>
<token number="89" sentence="5" t_id="90">Cerberus</token>
<token number="90" sentence="5" t_id="91">has</token>
<token number="91" sentence="5" t_id="92">agreed</token>
<token number="92" sentence="5" t_id="93">to</token>
<token number="93" sentence="5" t_id="94">take</token>
<token number="94" sentence="5" t_id="95">on</token>
<token number="95" sentence="5" t_id="96">billions</token>
<token number="96" sentence="5" t_id="97">of</token>
<token number="97" sentence="5" t_id="98">dollars</token>
<token number="98" sentence="5" t_id="99">in</token>
<token number="99" sentence="5" t_id="100">pension</token>
<token number="100" sentence="5" t_id="101">and</token>
<token number="101" sentence="5" t_id="102">retiree</token>
<token number="102" sentence="5" t_id="103">health</token>
<token number="103" sentence="5" t_id="104">care</token>
<token number="104" sentence="5" t_id="105">costs</token>
<token number="105" sentence="5" t_id="106">at</token>
<token number="106" sentence="5" t_id="107">Chrysler</token>
<token number="107" sentence="5" t_id="108">.</token>
<token number="108" sentence="6" t_id="109">Cerberus</token>
<token number="109" sentence="6" t_id="110">also</token>
<token number="110" sentence="6" t_id="111">led</token>
<token number="111" sentence="6" t_id="112">a</token>
<token number="112" sentence="6" t_id="113">consortium</token>
<token number="113" sentence="6" t_id="114">that</token>
<token number="114" sentence="6" t_id="115">acquired</token>
<token number="115" sentence="6" t_id="116">the</token>
<token number="116" sentence="6" t_id="117">majority</token>
<token number="117" sentence="6" t_id="118">stake</token>
<token number="118" sentence="6" t_id="119">in</token>
<token number="119" sentence="6" t_id="120">April</token>
<token number="120" sentence="6" t_id="121">of</token>
<token number="121" sentence="6" t_id="122">last</token>
<token number="122" sentence="6" t_id="123">year</token>
<token number="123" sentence="6" t_id="124">in</token>
<token number="124" sentence="6" t_id="125">GMAC</token>
<token number="125" sentence="6" t_id="126">,</token>
<token number="126" sentence="6" t_id="127">the</token>
<token number="127" sentence="6" t_id="128">financing</token>
<token number="128" sentence="6" t_id="129">arm</token>
<token number="129" sentence="6" t_id="130">of</token>
<token number="130" sentence="6" t_id="131">GM</token>
<token number="131" sentence="6" t_id="132">,</token>
<token number="132" sentence="6" t_id="133">and</token>
<token number="133" sentence="6" t_id="134">is</token>
<token number="134" sentence="6" t_id="135">said</token>
<token number="135" sentence="6" t_id="136">to</token>
<token number="136" sentence="6" t_id="137">planning</token>
<token number="137" sentence="6" t_id="138">to</token>
<token number="138" sentence="6" t_id="139">invest</token>
<token number="139" sentence="6" t_id="140">in</token>
<token number="140" sentence="6" t_id="141">auto</token>
<token number="141" sentence="6" t_id="142">parts</token>
<token number="142" sentence="6" t_id="143">giant</token>
<token number="143" sentence="6" t_id="144">Delphi</token>
<token number="144" sentence="6" t_id="145">.</token>
<token number="145" sentence="7" t_id="146">Buzz</token>
<token number="146" sentence="7" t_id="147">Hargrove</token>
<token number="147" sentence="7" t_id="148">,</token>
<token number="148" sentence="7" t_id="149">the</token>
<token number="149" sentence="7" t_id="150">president</token>
<token number="150" sentence="7" t_id="151">of</token>
<token number="151" sentence="7" t_id="152">Canadian</token>
<token number="152" sentence="7" t_id="153">Auto</token>
<token number="153" sentence="7" t_id="154">Workers</token>
<token number="154" sentence="7" t_id="155">said</token>
<token number="155" sentence="7" t_id="156">he</token>
<token number="156" sentence="7" t_id="157">had</token>
<token number="157" sentence="7" t_id="158">been</token>
<token number="158" sentence="7" t_id="159">assured</token>
<token number="159" sentence="7" t_id="160">that</token>
<token number="160" sentence="7" t_id="161">the</token>
<token number="161" sentence="7" t_id="162">collective</token>
<token number="162" sentence="7" t_id="163">bargaining</token>
<token number="163" sentence="7" t_id="164">agreement</token>
<token number="164" sentence="7" t_id="165">with</token>
<token number="165" sentence="7" t_id="166">Chrysler</token>
<token number="166" sentence="7" t_id="167">would</token>
<token number="167" sentence="7" t_id="168">remain</token>
<token number="168" sentence="7" t_id="169">and</token>
<token number="169" sentence="7" t_id="170">that</token>
<token number="170" sentence="7" t_id="171">jobs</token>
<token number="171" sentence="7" t_id="172">would</token>
<token number="172" sentence="7" t_id="173">not</token>
<token number="173" sentence="7" t_id="174">be</token>
<token number="174" sentence="7" t_id="175">eliminated</token>
<token number="175" sentence="7" t_id="176">.</token>
<token number="176" sentence="8" t_id="177">The</token>
<token number="177" sentence="8" t_id="178">name</token>
<token number="178" sentence="8" t_id="179">change</token>
<token number="179" sentence="8" t_id="180">of</token>
<token number="180" sentence="8" t_id="181">the</token>
<token number="181" sentence="8" t_id="182">German</token>
<token number="182" sentence="8" t_id="183">company</token>
<token number="183" sentence="8" t_id="184">DaimlerChrysler</token>
<token number="184" sentence="8" t_id="185">to</token>
<token number="185" sentence="8" t_id="186">Daimler</token>
<token number="186" sentence="8" t_id="187">AG</token>
<token number="187" sentence="8" t_id="188">is</token>
<token number="188" sentence="8" t_id="189">pending</token>
<token number="189" sentence="8" t_id="190">shareholder</token>
<token number="190" sentence="8" t_id="191">approval</token>
<token number="191" sentence="8" t_id="192">at</token>
<token number="192" sentence="8" t_id="193">the</token>
<token number="193" sentence="8" t_id="194">next</token>
<token number="194" sentence="8" t_id="195">meeting</token>
<token number="195" sentence="8" t_id="196">,</token>
<token number="196" sentence="8" t_id="197">scheduled</token>
<token number="197" sentence="8" t_id="198">for</token>
<token number="198" sentence="8" t_id="199">fall</token>
<token number="199" sentence="8" t_id="200">2007</token>
<token number="200" sentence="8" t_id="201">.</token>
<Markables>
<ENTITY_MENTION comment="" head="" m_id="19" syntactic_type="">
<token_anchor t_id="70"/>
</ENTITY_MENTION>
<ENTITY_MENTION comment="" head="" m_id="20" syntactic_type="NAM">
<token_anchor t_id="73"/>
</ENTITY_MENTION>
<ENTITY_MENTION comment="" head="" m_id="28" syntactic_type="NAM">
<token_anchor t_id="90"/>
</ENTITY_MENTION>
<ENTITY_MENTION comment="" head="" m_id="29" syntactic_type="NAM">
<token_anchor t_id="107"/>
</ENTITY_MENTION>
<ENTITY_MENTION comment="" head="" m_id="1" syntactic_type="NAM">
<token_anchor t_id="14"/>
<token_anchor t_id="15"/>
<token_anchor t_id="16"/>
</ENTITY_MENTION>
<ENTITY_MENTION comment="" head="" m_id="49" syntactic_type="">
<token_anchor t_id="70"/>
<token_anchor t_id="71"/>
<token_anchor t_id="72"/>
<token_anchor t_id="73"/>
</ENTITY_MENTION>
<ENTITY_MENTION comment="" head="" m_id="2" syntactic_type="">
<token_anchor t_id="20"/>
<token_anchor t_id="21"/>
</ENTITY_MENTION>
<ENTITY_MENTION comment="" head="" m_id="3" syntactic_type="">
<token_anchor t_id="24"/>
</ENTITY_MENTION>
<ENTITY_MENTION comment="" head="" m_id="53" syntactic_type="NAM">
<token_anchor t_id="1"/>
</ENTITY_MENTION>
<ENTITY_MENTION comment="" head="" m_id="54" syntactic_type="NAM">
<token_anchor t_id="4"/>
<token_anchor t_id="5"/>
</ENTITY_MENTION>
<ENTITY_MENTION comment="" head="" m_id="4" syntactic_type="NAM">
<token_anchor t_id="26"/>
<token_anchor t_id="27"/>
<token_anchor t_id="28"/>
</ENTITY_MENTION>
<ENTITY_MENTION comment="" head="" m_id="5" syntactic_type="">
<token_anchor t_id="31"/>
</ENTITY_MENTION>
<ENTITY_MENTION comment="" head="" m_id="6" syntactic_type="PRE.NAM">
<token_anchor t_id="33"/>
<token_anchor t_id="34"/>
<token_anchor t_id="35"/>
</ENTITY_MENTION>
<ENTITY_MENTION comment="" head="" m_id="7" syntactic_type="">
<token_anchor t_id="33"/>
<token_anchor t_id="34"/>
<token_anchor t_id="35"/>
<token_anchor t_id="36"/>
<token_anchor t_id="37"/>
<token_anchor t_id="38"/>
</ENTITY_MENTION>
<ENTITY_MENTION comment="" head="" m_id="8" syntactic_type="">
<token_anchor t_id="39"/>
<token_anchor t_id="40"/>
<token_anchor t_id="41"/>
</ENTITY_MENTION>
<ENTITY_MENTION comment="" head="" m_id="9" syntactic_type="NAM">
<token_anchor t_id="33"/>
<token_anchor t_id="34"/>
<token_anchor t_id="35"/>
<token_anchor t_id="36"/>
<token_anchor t_id="37"/>
<token_anchor t_id="38"/>
<token_anchor t_id="39"/>
<token_anchor t_id="40"/>
<token_anchor t_id="41"/>
</ENTITY_MENTION>
<ENTITY_MENTION comment="" head="" m_id="15" syntactic_type="">
<token_anchor t_id="47"/>
<token_anchor t_id="48"/>
</ENTITY_MENTION>
<ENTITY_MENTION comment="" head="" m_id="18" syntactic_type="NAM">
<token_anchor t_id="64"/>
</ENTITY_MENTION>
<EVENT_MENTION aspect="PERFECTIVE" certainty="CERTAIN" comment="" m_id="21" modality="" polarity="POS" pos="VERB" pred="" special_cases="NONE" tense="PRESENT" time="NON_FUTURE">
<token_anchor t_id="66"/>
</EVENT_MENTION>
<EVENT_MENTION aspect="NONE" certainty="CERTAIN" comment="" m_id="22" modality="" polarity="POS" pos="VERB" pred="" special_cases="NONE" tense="PRESPART" time="NON_FUTURE">
<token_anchor t_id="75"/>
</EVENT_MENTION>
<EVENT_MENTION aspect="NONE" certainty="UNDERSPECIFIED" comment="" m_id="23" modality="" polarity="UNDERSPECIFIED" pos="NOUN" pred="" special_cases="NONE" tense="NONE" time="FUTURE">
<token_anchor t_id="82"/>
<token_anchor t_id="83"/>
</EVENT_MENTION>
<EVENT_MENTION aspect="NONE" certainty="UNDERSPECIFIED" comment="" m_id="24" modality="" polarity="UNDERSPECIFIED" pos="NOUN" pred="" special_cases="NONE" tense="NONE" time="FUTURE">
<token_anchor t_id="86"/>
</EVENT_MENTION>
<EVENT_MENTION aspect="NONE" certainty="UNDERSPECIFIED" comment="" m_id="25" modality="" polarity="UNDERSPECIFIED" pos="NOUN" pred="" special_cases="NONE" tense="NONE" time="FUTURE">
<token_anchor t_id="88"/>
</EVENT_MENTION>
<EVENT_MENTION aspect="PERFECTIVE" certainty="CERTAIN" comment="" m_id="30" modality="" polarity="POS" pos="VERB" pred="" special_cases="NONE" tense="PRESENT" time="NON_FUTURE">
<token_anchor t_id="92"/>
</EVENT_MENTION>
<EVENT_MENTION aspect="NONE" certainty="CERTAIN" comment="" m_id="31" modality="" polarity="POS" pos="VERB" pred="" special_cases="NONE" tense="INFINITIVE" time="FUTURE">
<token_anchor t_id="94"/>
</EVENT_MENTION>
<EVENT_MENTION aspect="NONE" certainty="CERTAIN" comment="" m_id="51" modality="" polarity="POS" pos="NOUN" pred="" special_cases="NONE" tense="NONE" time="NON_FUTURE">
<token_anchor t_id="105"/>
</EVENT_MENTION>
<EVENT_MENTION aspect="NONE" certainty="CERTAIN" comment="" m_id="56" modality="" polarity="POS" pos="VERB" pred="" special_cases="NONE" tense="INFINITIVE" time="FUTURE">
<token_anchor t_id="3"/>
</EVENT_MENTION>
<EVENT_MENTION aspect="PERFECTIVE" certainty="CERTAIN" comment="" m_id="10" modality="" polarity="POS" pos="VERB" pred="" special_cases="NONE" tense="PRESENT" time="NON_FUTURE">
<token_anchor t_id="18"/>
</EVENT_MENTION>
<EVENT_MENTION aspect="PROGRESSIVE" certainty="CERTAIN" comment="" m_id="11" modality="" polarity="POS" pos="VERB" pred="" special_cases="NONE" tense="PRESENT" time="NON_FUTURE">
<token_anchor t_id="23"/>
</EVENT_MENTION>
<EVENT_MENTION aspect="NONE" certainty="CERTAIN" comment="" m_id="12" modality="" polarity="POS" pos="VERB" pred="" special_cases="NONE" tense="PRESPART" time="NON_FUTURE">
<token_anchor t_id="30"/>
</EVENT_MENTION>
<EVENT_MENTION aspect="NONE" certainty="CERTAIN" comment="" m_id="16" modality="" polarity="POS" pos="VERB" pred="" special_cases="NONE" tense="PRESENT" time="NON_FUTURE">
<token_anchor t_id="52"/>
</EVENT_MENTION>
<EVENT_MENTION aspect="NONE" certainty="UNDERSPECIFIED" comment="" m_id="17" modality="" polarity="UNDERSPECIFIED" pos="VERB" pred="" special_cases="NONE" tense="INFINITIVE" time="FUTURE">
<token_anchor t_id="55"/>
</EVENT_MENTION>
<TIMEX3 anchorTimeID="" beginPoint="" comment="" endPoint="" functionInDocument="CREATION_TIME" m_id="14" type="DATE" value="2007-05-14">
<token_anchor t_id="10"/>
<token_anchor t_id="11"/>
<token_anchor t_id="12"/>
<token_anchor t_id="13"/>
</TIMEX3>
<VALUE comment="" m_id="26" type="PERCENT">
<token_anchor t_id="67"/>
<token_anchor t_id="68"/>
</VALUE>
<VALUE comment="" m_id="27" type="PERCENT">
<token_anchor t_id="78"/>
<token_anchor t_id="79"/>
</VALUE>
<VALUE comment="" m_id="32" type="MONEY">
<token_anchor t_id="96"/>
<token_anchor t_id="97"/>
<token_anchor t_id="98"/>
</VALUE>
<VALUE comment="" m_id="55" type="MONEY">
<token_anchor t_id="7"/>
<token_anchor t_id="8"/>
<token_anchor t_id="9"/>
</VALUE>
<VALUE comment="" m_id="13" type="MONEY">
<token_anchor t_id="43"/>
<token_anchor t_id="44"/>
<token_anchor t_id="45"/>
</VALUE>
<EVENT_MENTION m_id="57">
  <token_anchor t_id="94"/>
  <token_anchor t_id="95"/>
</EVENT_MENTION>



<EVENT TAG_DESCRIPTOR="agree" class="SPEECH_COGNITIVE" comment="" external_ref="" m_id="39"/><EVENT TAG_DESCRIPTOR="Take on-EHU" class="OTHER" instance_id="OTH39649685687379042" m_id="94"/>
<EVENT TAG_DESCRIPTOR="Divest" class="OTHER" instance_id="OTH39648533563132282" m_id="92"/>
<EVENT TAG_DESCRIPTOR="announce 1" class="SPEECH_COGNITIVE" comment="" external_ref="" m_id="48"/><EVENT TAG_DESCRIPTOR="announce 2" class="SPEECH_COGNITIVE" comment="" external_ref="" m_id="47"/>
<EVENT TAG_DESCRIPTOR="change" class="OTHER" comment="" external_ref="" m_id="44"/><EVENT TAG_DESCRIPTOR="joint venture" class="OTHER" comment="" external_ref="" m_id="42"/>
<EVENT TAG_DESCRIPTOR="agreement" class="OTHER" comment="" external_ref="" m_id="41"/><EVENT TAG_DESCRIPTOR="partnership" class="OTHER" comment="" external_ref="" m_id="40"/>
<EVENT TAG_DESCRIPTOR="Retain-EHU" class="OTHER" instance_id="OTH41391873747196719" m_id="85"/><EVENT TAG_DESCRIPTOR="Sell-EHU" class="OTHER" instance_id="OTH39222722565625647" m_id="84"/>
<EVENT TAG_DESCRIPTOR="health care costs" class="OTHER" comment="" external_ref="" m_id="52"/><ENTITY TAG_DESCRIPTOR="Daimler Chrysler and Chrysler" ent_type="ORG" instance_id="ORG45371909994291299" m_id="93"/>
<ENTITY TAG_DESCRIPTOR="Daimler Chrysler" ent_type="ORG" external_ref="http://dbpedia.org/resource/Daimler_AG" instance_id="ORG37406423582812360" m_id="90"/><ENTITY TAG_DESCRIPTOR="Cerberus Capital Management" ent_type="ORG" external_ref="http://dbpedia.org/resource/Cerberus_Capital_Management" instance_id="ORG45372041398843353" m_id="89"/>
<ENTITY TAG_DESCRIPTOR="DaimlerChrysler stake in Chrysler" ent_type="FIN" instance_id="FIN47042131636883213" m_id="88"/><ENTITY TAG_DESCRIPTOR="New York City, US" ent_type="LOC" external_ref="http://dbpedia.org/resource/New_York_City" instance_id="LOC27735199461107776" m_id="87"/>
<ENTITY TAG_DESCRIPTOR="Chrysler" ent_type="ORG" external_ref="http://dbpedia.org/resource/Chrysler" instance_id="ORG37406423422624299" m_id="86"/><EVENT TAG_DESCRIPTOR="take" class="OTHER" comment="" external_ref="" m_id="38"/></Markables>
<Relations>
<HAS_PARTICIPANT comment="" r_id="162122" sem_role="Arg0" sem_role_framework="PROPBANK">
<source m_id="10"/>
<target m_id="1"/>
</HAS_PARTICIPANT>
<HAS_PARTICIPANT comment="" r_id="162123" sem_role="Arg0" sem_role_framework="PROPBANK">
<source m_id="11"/>
<target m_id="2"/>
</HAS_PARTICIPANT>
<HAS_PARTICIPANT comment="" r_id="162124" sem_role="Arg2" sem_role_framework="PROPBANK">
<source m_id="11"/>
<target m_id="3"/>
</HAS_PARTICIPANT>
<HAS_PARTICIPANT comment="" r_id="162125" sem_role="Arg1" sem_role_framework="PROPBANK">
<source m_id="11"/>
<target m_id="4"/>
</HAS_PARTICIPANT>
<HAS_PARTICIPANT comment="" r_id="162126" sem_role="Arg0" sem_role_framework="PROPBANK">
<source m_id="12"/>
<target m_id="2"/>
</HAS_PARTICIPANT>
<HAS_PARTICIPANT comment="" r_id="162127" sem_role="Arg1" sem_role_framework="PROPBANK">
<source m_id="12"/>
<target m_id="5"/>
</HAS_PARTICIPANT>
<HAS_PARTICIPANT comment="" r_id="162128" sem_role="Arg2" sem_role_framework="PROPBANK">
<source m_id="12"/>
<target m_id="9"/>
</HAS_PARTICIPANT>
<HAS_PARTICIPANT comment="" r_id="162129" sem_role="Arg3" sem_role_framework="PROPBANK">
<source m_id="12"/>
<target m_id="13"/>
</HAS_PARTICIPANT>
<SLINK comment="" r_id="162130">
<source m_id="10"/>
<target m_id="11"/>
</SLINK>
<SLINK comment="" r_id="162131">
<source m_id="16"/>
<target m_id="17"/>
</SLINK>
<HAS_PARTICIPANT comment="" r_id="162132" sem_role="Arg1" sem_role_framework="PROPBANK">
<source m_id="16"/>
<target m_id="15"/>
</HAS_PARTICIPANT>
<HAS_PARTICIPANT comment="" r_id="162133" sem_role="Arg1" sem_role_framework="PROPBANK">
<source m_id="17"/>
<target m_id="15"/>
</HAS_PARTICIPANT>
<HAS_PARTICIPANT comment="" r_id="162134" sem_role="Arg0" sem_role_framework="PROPBANK">
<source m_id="21"/>
<target m_id="18"/>
</HAS_PARTICIPANT>
<HAS_PARTICIPANT comment="" r_id="162135" sem_role="Arg1" sem_role_framework="PROPBANK">
<source m_id="21"/>
<target m_id="26"/>
</HAS_PARTICIPANT>
<HAS_PARTICIPANT comment="" r_id="162136" sem_role="Arg1" sem_role_framework="PROPBANK">
<source m_id="22"/>
<target m_id="27"/>
</HAS_PARTICIPANT>
<HAS_PARTICIPANT comment="" r_id="162137" sem_role="Arg0" sem_role_framework="PROPBANK">
<source m_id="30"/>
<target m_id="28"/>
</HAS_PARTICIPANT>
<HAS_PARTICIPANT comment="" r_id="162138" sem_role="Arg1" sem_role_framework="PROPBANK">
<source m_id="31"/>
<target m_id="32"/>
</HAS_PARTICIPANT>
<HAS_PARTICIPANT comment="" r_id="162139" sem_role="Argm-LOC" sem_role_framework="PROPBANK">
<source m_id="31"/>
<target m_id="29"/>
</HAS_PARTICIPANT>
<SLINK comment="" r_id="162140">
<source m_id="30"/>
<target m_id="31"/>
</SLINK>
<TLINK comment="" r_id="162141" reltype="BEFORE" signalID="">
<source m_id="10"/>
<target m_id="14"/>
</TLINK>
<TLINK comment="" r_id="162142" reltype="AFTER" signalID="">
<source m_id="11"/>
<target m_id="14"/>
</TLINK>
<TLINK comment="" r_id="162143" reltype="AFTER" signalID="">
<source m_id="12"/>
<target m_id="14"/>
</TLINK>
<TLINK comment="" r_id="162144" reltype="IS_INCLUDED" signalID="">
<source m_id="16"/>
<target m_id="14"/>
</TLINK>
<TLINK comment="" r_id="162145" reltype="BEFORE" signalID="">
<source m_id="21"/>
<target m_id="14"/>
</TLINK>
<TLINK comment="" r_id="162146" reltype="BEFORE" signalID="">
<source m_id="30"/>
<target m_id="14"/>
</TLINK>
<TLINK comment="" r_id="162147" reltype="IBEFORE" signalID="">
<source m_id="10"/>
<target m_id="16"/>
</TLINK>
<TLINK comment="" r_id="162148" reltype="AFTER" signalID="">
<source m_id="16"/>
<target m_id="21"/>
</TLINK>
<TLINK comment="" r_id="162149" reltype="IAFTER" signalID="">
<source m_id="21"/>
<target m_id="30"/>
</TLINK>
<TLINK comment="" r_id="162150" reltype="BEFORE" signalID="">
<source m_id="10"/>
<target m_id="11"/>
</TLINK>
<TLINK comment="" r_id="162151" reltype="SIMULTANEOUS" signalID="">
<source m_id="11"/>
<target m_id="12"/>
</TLINK>
<TLINK comment="" r_id="162152" reltype="BEFORE" signalID="">
<source m_id="16"/>
<target m_id="17"/>
</TLINK>
<TLINK comment="" r_id="162153" reltype="SIMULTANEOUS" signalID="">
<source m_id="21"/>
<target m_id="22"/>
</TLINK>
<TLINK comment="" r_id="162154" reltype="BEFORE" signalID="">
<source m_id="30"/>
<target m_id="31"/>
</TLINK>
<HAS_PARTICIPANT comment="" r_id="240508" sem_role="Argm-LOC" sem_role_framework="PROPBANK">
<source m_id="51"/>
<target m_id="29"/>
</HAS_PARTICIPANT>
<HAS_PARTICIPANT comment="" r_id="243842" sem_role="Arg0" sem_role_framework="PROPBANK">
<source m_id="56"/>
<target m_id="53"/>
</HAS_PARTICIPANT>
<HAS_PARTICIPANT comment="" r_id="243843" sem_role="Arg3" sem_role_framework="PROPBANK">
<source m_id="56"/>
<target m_id="54"/>
</HAS_PARTICIPANT>
<HAS_PARTICIPANT comment="" r_id="243844" sem_role="Arg3" sem_role_framework="PROPBANK">
<source m_id="56"/>
<target m_id="55"/>
</HAS_PARTICIPANT>



















<REFERS_TO r_id="243856">
<source m_id="30"/>
<target m_id="39"/>
</REFERS_TO>
<REFERS_TO r_id="243857">
<source m_id="11"/>
<target m_id="92"/>
</REFERS_TO>
<REFERS_TO r_id="243858">
<source m_id="10"/>
<target m_id="48"/>
</REFERS_TO>
<REFERS_TO r_id="243859">
<source m_id="31"/>
<target m_id="38"/>
</REFERS_TO>
<REFERS_TO r_id="243860">
<source m_id="16"/>
<target m_id="47"/>
</REFERS_TO>
<REFERS_TO r_id="243861">
<source m_id="17"/>
<target m_id="44"/>
</REFERS_TO>
<REFERS_TO r_id="243862">
<source m_id="23"/>
<target m_id="42"/>
</REFERS_TO>
<REFERS_TO r_id="243863">
<source m_id="25"/>
<target m_id="40"/>
</REFERS_TO>
<REFERS_TO r_id="243864">
<source m_id="24"/>
<target m_id="41"/>
</REFERS_TO>
<REFERS_TO r_id="243865">
<source m_id="49"/>
<target m_id="88"/>
</REFERS_TO>
<REFERS_TO r_id="243866">
<source m_id="8"/>
<source m_id="28"/>
<source m_id="7"/>
<source m_id="9"/>
<target m_id="89"/>
</REFERS_TO>
<REFERS_TO r_id="243867">
<source m_id="57"/>
<target m_id="94"/>
</REFERS_TO>

<REFERS_TO r_id="243869">

<source m_id="2"/>
<source m_id="18"/>
<source m_id="3"/>
<source m_id="53"/>
<source m_id="1"/>
<source m_id="19"/>
<target m_id="90"/>
</REFERS_TO>
<REFERS_TO r_id="243870">
<source m_id="15"/>
<target m_id="93"/>
</REFERS_TO>
<REFERS_TO r_id="243871">
<source m_id="51"/>
<target m_id="52"/>
</REFERS_TO>
<REFERS_TO r_id="243872">
<source m_id="4"/>
<source m_id="29"/>

<source m_id="5"/>
<source m_id="20"/>
<source m_id="54"/>
<target m_id="86"/>
</REFERS_TO>
<REFERS_TO r_id="243873">
<source m_id="6"/>
<target m_id="87"/>
</REFERS_TO>
<REFERS_TO r_id="243874">
<source m_id="21"/>
<source m_id="56"/>
<source m_id="12"/>
<target m_id="84"/>
</REFERS_TO>
<REFERS_TO r_id="243875">
<source m_id="22"/>
<target m_id="85"/>
</REFERS_TO>
</Relations>
</Document>