<?xml version="1.0" ?><Document doc_id="108294" doc_name="108294_Government_Accountability_Office_requests_rerun_of_US_Air_Force_tanker_bid" lang="en" url="http://en.wikinews.org/wiki/Government_Accountability_Office_requests_rerun_of_US_Air_Force_tanker_bid">
<token number="0" sentence="0" t_id="1">Government</token>
<token number="1" sentence="0" t_id="2">Accountability</token>
<token number="2" sentence="0" t_id="3">Office</token>
<token number="3" sentence="0" t_id="4">requests</token>
<token number="4" sentence="0" t_id="5">rerun</token>
<token number="5" sentence="0" t_id="6">of</token>
<token number="6" sentence="0" t_id="7">US</token>
<token number="7" sentence="0" t_id="8">Air</token>
<token number="8" sentence="0" t_id="9">Force</token>
<token number="9" sentence="0" t_id="10">tanker</token>
<token number="10" sentence="0" t_id="11">bid</token>
<token number="11" sentence="1" t_id="12">July</token>
<token number="12" sentence="1" t_id="13">02</token>
<token number="13" sentence="1" t_id="14">,</token>
<token number="14" sentence="1" t_id="15">2008</token>
<token number="15" sentence="2" t_id="16">The</token>
<token number="16" sentence="2" t_id="17">Government</token>
<token number="17" sentence="2" t_id="18">Accountability</token>
<token number="18" sentence="2" t_id="19">Office</token>
<token number="19" sentence="2" t_id="20">on</token>
<token number="20" sentence="2" t_id="21">June</token>
<token number="21" sentence="2" t_id="22">18</token>
<token number="22" sentence="2" t_id="23">called</token>
<token number="23" sentence="2" t_id="24">for</token>
<token number="24" sentence="2" t_id="25">a</token>
<token number="25" sentence="2" t_id="26">re-run</token>
<token number="26" sentence="2" t_id="27">of</token>
<token number="27" sentence="2" t_id="28">the</token>
<token number="28" sentence="2" t_id="29">bidding</token>
<token number="29" sentence="2" t_id="30">for</token>
<token number="30" sentence="2" t_id="31">the</token>
<token number="31" sentence="2" t_id="32">U.S.</token>
<token number="32" sentence="2" t_id="33">Air</token>
<token number="33" sentence="2" t_id="34">Force</token>
<token number="34" sentence="2" t_id="35">$</token>
<token number="35" sentence="2" t_id="36">40</token>
<token number="36" sentence="2" t_id="37">billion</token>
<token number="37" sentence="2" t_id="38">tanker</token>
<token number="38" sentence="2" t_id="39">contract</token>
<token number="39" sentence="2" t_id="40">,</token>
<token number="40" sentence="2" t_id="41">citing</token>
<token number="41" sentence="2" t_id="42">major</token>
<token number="42" sentence="2" t_id="43">flaws</token>
<token number="43" sentence="2" t_id="44">in</token>
<token number="44" sentence="2" t_id="45">the</token>
<token number="45" sentence="2" t_id="46">procurement</token>
<token number="46" sentence="2" t_id="47">process</token>
<token number="47" sentence="2" t_id="48">.</token>
<token number="48" sentence="3" t_id="49">This</token>
<token number="49" sentence="3" t_id="50">imperils</token>
<token number="50" sentence="3" t_id="51">the</token>
<token number="51" sentence="3" t_id="52">Northrop</token>
<token number="52" sentence="3" t_id="53">Grumman</token>
<token number="53" sentence="3" t_id="54">and</token>
<token number="54" sentence="3" t_id="55">EADS</token>
<token number="55" sentence="3" t_id="56">North</token>
<token number="56" sentence="3" t_id="57">America</token>
<token number="57" sentence="3" t_id="58">plan</token>
<token number="58" sentence="3" t_id="59">to</token>
<token number="59" sentence="3" t_id="60">assemble</token>
<token number="60" sentence="3" t_id="61">the</token>
<token number="61" sentence="3" t_id="62">planes</token>
<token number="62" sentence="3" t_id="63">in</token>
<token number="63" sentence="3" t_id="64">Mobile</token>
<token number="64" sentence="3" t_id="65">,</token>
<token number="65" sentence="3" t_id="66">Alabama</token>
<token number="66" sentence="3" t_id="67">.</token>
<token number="67" sentence="4" t_id="68">When</token>
<token number="68" sentence="4" t_id="69">the</token>
<token number="69" sentence="4" t_id="70">Air</token>
<token number="70" sentence="4" t_id="71">Force</token>
<token number="71" sentence="4" t_id="72">selected</token>
<token number="72" sentence="4" t_id="73">Los</token>
<token number="73" sentence="4" t_id="74">Angeles</token>
<token number="74" sentence="4" t_id="75">based</token>
<token number="75" sentence="4" t_id="76">Northrop</token>
<token number="76" sentence="4" t_id="77">Grumman</token>
<token number="77" sentence="4" t_id="78">on</token>
<token number="78" sentence="4" t_id="79">February</token>
<token number="79" sentence="4" t_id="80">29</token>
<token number="80" sentence="4" t_id="81">to</token>
<token number="81" sentence="4" t_id="82">build</token>
<token number="82" sentence="4" t_id="83">the</token>
<token number="83" sentence="4" t_id="84">aircraft</token>
<token number="84" sentence="4" t_id="85">,</token>
<token number="85" sentence="4" t_id="86">Boeing</token>
<token number="86" sentence="4" t_id="87">challenged</token>
<token number="87" sentence="4" t_id="88">the</token>
<token number="88" sentence="4" t_id="89">award</token>
<token number="89" sentence="4" t_id="90">in</token>
<token number="90" sentence="4" t_id="91">a</token>
<token number="91" sentence="4" t_id="92">formal</token>
<token number="92" sentence="4" t_id="93">protest</token>
<token number="93" sentence="4" t_id="94">before</token>
<token number="94" sentence="4" t_id="95">the</token>
<token number="95" sentence="4" t_id="96">GAO</token>
<token number="96" sentence="4" t_id="97">,</token>
<token number="97" sentence="4" t_id="98">claiming</token>
<token number="98" sentence="4" t_id="99">the</token>
<token number="99" sentence="4" t_id="100">evaluation</token>
<token number="100" sentence="4" t_id="101">was</token>
<token number="101" sentence="4" t_id="102">skewed</token>
<token number="102" sentence="4" t_id="103">towards</token>
<token number="103" sentence="4" t_id="104">Northrop</token>
<token number="104" sentence="4" t_id="105">.</token>
<token number="105" sentence="5" t_id="106">The</token>
<token number="106" sentence="5" t_id="107">GAO</token>
<token number="107" sentence="5" t_id="108">upheld</token>
<token number="108" sentence="5" t_id="109">Boeing</token>
<token number="109" sentence="5" t_id="110">'s</token>
<token number="110" sentence="5" t_id="111">protest</token>
<token number="111" sentence="5" t_id="112">,</token>
<token number="112" sentence="5" t_id="113">though</token>
<token number="113" sentence="5" t_id="114">not</token>
<token number="114" sentence="5" t_id="115">all</token>
<token number="115" sentence="5" t_id="116">of</token>
<token number="116" sentence="5" t_id="117">their</token>
<token number="117" sentence="5" t_id="118">individual</token>
<token number="118" sentence="5" t_id="119">claims</token>
<token number="119" sentence="5" t_id="120">were</token>
<token number="120" sentence="5" t_id="121">upheld</token>
<token number="121" sentence="5" t_id="122">.</token>
<token number="122" sentence="6" t_id="123">``</token>
<token number="123" sentence="6" t_id="124">Our</token>
<token number="124" sentence="6" t_id="125">review</token>
<token number="125" sentence="6" t_id="126">of</token>
<token number="126" sentence="6" t_id="127">the</token>
<token number="127" sentence="6" t_id="128">record</token>
<token number="128" sentence="6" t_id="129">led</token>
<token number="129" sentence="6" t_id="130">us</token>
<token number="130" sentence="6" t_id="131">to</token>
<token number="131" sentence="6" t_id="132">conclude</token>
<token number="132" sentence="6" t_id="133">that</token>
<token number="133" sentence="6" t_id="134">the</token>
<token number="134" sentence="6" t_id="135">Air</token>
<token number="135" sentence="6" t_id="136">Force</token>
<token number="136" sentence="6" t_id="137">had</token>
<token number="137" sentence="6" t_id="138">made</token>
<token number="138" sentence="6" t_id="139">a</token>
<token number="139" sentence="6" t_id="140">number</token>
<token number="140" sentence="6" t_id="141">of</token>
<token number="141" sentence="6" t_id="142">significant</token>
<token number="142" sentence="6" t_id="143">errors</token>
<token number="143" sentence="6" t_id="144">that</token>
<token number="144" sentence="6" t_id="145">could</token>
<token number="145" sentence="6" t_id="146">have</token>
<token number="146" sentence="6" t_id="147">affected</token>
<token number="147" sentence="6" t_id="148">the</token>
<token number="148" sentence="6" t_id="149">outcome</token>
<token number="149" sentence="6" t_id="150">of</token>
<token number="150" sentence="6" t_id="151">what</token>
<token number="151" sentence="6" t_id="152">was</token>
<token number="152" sentence="6" t_id="153">a</token>
<token number="153" sentence="6" t_id="154">close</token>
<token number="154" sentence="6" t_id="155">competition</token>
<token number="155" sentence="6" t_id="156">between</token>
<token number="156" sentence="6" t_id="157">Boeing</token>
<token number="157" sentence="6" t_id="158">and</token>
<token number="158" sentence="6" t_id="159">Northrop</token>
<token number="159" sentence="6" t_id="160">Grumman</token>
<token number="160" sentence="6" t_id="161">,</token>
<token number="161" sentence="6" t_id="162">''</token>
<token number="162" sentence="6" t_id="163">said</token>
<token number="163" sentence="6" t_id="164">Michael</token>
<token number="164" sentence="6" t_id="165">R.</token>
<token number="165" sentence="6" t_id="166">Golden</token>
<token number="166" sentence="6" t_id="167">,</token>
<token number="167" sentence="6" t_id="168">the</token>
<token number="168" sentence="6" t_id="169">GAO</token>
<token number="169" sentence="6" t_id="170">'s</token>
<token number="170" sentence="6" t_id="171">managing</token>
<token number="171" sentence="6" t_id="172">associate</token>
<token number="172" sentence="6" t_id="173">general</token>
<token number="173" sentence="6" t_id="174">counsel</token>
<token number="174" sentence="6" t_id="175">for</token>
<token number="175" sentence="6" t_id="176">procurement</token>
<token number="176" sentence="6" t_id="177">law</token>
<token number="177" sentence="6" t_id="178">.</token>
<token number="178" sentence="7" t_id="179">The</token>
<token number="179" sentence="7" t_id="180">GAO</token>
<token number="180" sentence="7" t_id="181">issued</token>
<token number="181" sentence="7" t_id="182">a</token>
<token number="182" sentence="7" t_id="183">non-binding</token>
<token number="183" sentence="7" t_id="184">recommendation</token>
<token number="184" sentence="7" t_id="185">that</token>
<token number="185" sentence="7" t_id="186">the</token>
<token number="186" sentence="7" t_id="187">Air</token>
<token number="187" sentence="7" t_id="188">Force</token>
<token number="188" sentence="7" t_id="189">re-open</token>
<token number="189" sentence="7" t_id="190">the</token>
<token number="190" sentence="7" t_id="191">competition</token>
<token number="191" sentence="7" t_id="192">,</token>
<token number="192" sentence="7" t_id="193">allow</token>
<token number="193" sentence="7" t_id="194">the</token>
<token number="194" sentence="7" t_id="195">competitors</token>
<token number="195" sentence="7" t_id="196">to</token>
<token number="196" sentence="7" t_id="197">submit</token>
<token number="197" sentence="7" t_id="198">revised</token>
<token number="198" sentence="7" t_id="199">bids</token>
<token number="199" sentence="7" t_id="200">,</token>
<token number="200" sentence="7" t_id="201">and</token>
<token number="201" sentence="7" t_id="202">completely</token>
<token number="202" sentence="7" t_id="203">re-evaluate</token>
<token number="203" sentence="7" t_id="204">the</token>
<token number="204" sentence="7" t_id="205">new</token>
<token number="205" sentence="7" t_id="206">bids</token>
<token number="206" sentence="7" t_id="207">.</token>
<token number="207" sentence="8" t_id="208">This</token>
<token number="208" sentence="8" t_id="209">process</token>
<token number="209" sentence="8" t_id="210">could</token>
<token number="210" sentence="8" t_id="211">take</token>
<token number="211" sentence="8" t_id="212">a</token>
<token number="212" sentence="8" t_id="213">year</token>
<token number="213" sentence="8" t_id="214">or</token>
<token number="214" sentence="8" t_id="215">more</token>
<token number="215" sentence="8" t_id="216">to</token>
<token number="216" sentence="8" t_id="217">complete</token>
<token number="217" sentence="8" t_id="218">.</token>
<token number="218" sentence="9" t_id="219">The</token>
<token number="219" sentence="9" t_id="220">Air</token>
<token number="220" sentence="9" t_id="221">Force</token>
<token number="221" sentence="9" t_id="222">has</token>
<token number="222" sentence="9" t_id="223">60</token>
<token number="223" sentence="9" t_id="224">days</token>
<token number="224" sentence="9" t_id="225">to</token>
<token number="225" sentence="9" t_id="226">respond</token>
<token number="226" sentence="9" t_id="227">to</token>
<token number="227" sentence="9" t_id="228">the</token>
<token number="228" sentence="9" t_id="229">GAO</token>
<token number="229" sentence="9" t_id="230">.</token>
<Markables>
<ENTITY_MENTION comment="" head="" m_id="19" syntactic_type="NAM">
<token_anchor t_id="55"/>
<token_anchor t_id="56"/>
<token_anchor t_id="57"/>
</ENTITY_MENTION>
<ENTITY_MENTION comment="" head="" m_id="83" syntactic_type="PRE.NAM">
<token_anchor t_id="7"/>
</ENTITY_MENTION>
<ENTITY_MENTION comment="" head="" m_id="20" syntactic_type="NAM">
<token_anchor t_id="52"/>
<token_anchor t_id="53"/>
</ENTITY_MENTION>
<ENTITY_MENTION comment="" head="" m_id="85" syntactic_type="PRE.NAM">
<token_anchor t_id="32"/>
</ENTITY_MENTION>
<ENTITY_MENTION comment="" head="" m_id="21" syntactic_type="NAM">
<token_anchor t_id="64"/>
<token_anchor t_id="65"/>
<token_anchor t_id="66"/>
</ENTITY_MENTION>
<ENTITY_MENTION comment="" head="" m_id="1" syntactic_type="NAM">
<token_anchor t_id="86"/>
</ENTITY_MENTION>
<ENTITY_MENTION comment="" head="" m_id="2" syntactic_type="NAM">
<token_anchor t_id="73"/>
<token_anchor t_id="74"/>
<token_anchor t_id="75"/>
<token_anchor t_id="76"/>
<token_anchor t_id="77"/>
</ENTITY_MENTION>
<ENTITY_MENTION comment="" head="" m_id="3" syntactic_type="NAM">
<token_anchor t_id="1"/>
<token_anchor t_id="2"/>
<token_anchor t_id="3"/>
</ENTITY_MENTION>
<ENTITY_MENTION comment="" head="" m_id="4" syntactic_type="NAM">
<token_anchor t_id="104"/>
</ENTITY_MENTION>
<ENTITY_MENTION comment="" head="" m_id="5" syntactic_type="PRE.NAM">
<token_anchor t_id="31"/>
<token_anchor t_id="32"/>
<token_anchor t_id="33"/>
<token_anchor t_id="34"/>
</ENTITY_MENTION>
<ENTITY_MENTION comment="" head="" m_id="6" syntactic_type="NAM">
<token_anchor t_id="69"/>
<token_anchor t_id="70"/>
<token_anchor t_id="71"/>
</ENTITY_MENTION>
<ENTITY_MENTION comment="" head="" m_id="7" syntactic_type="PRE.NAM">
<token_anchor t_id="7"/>
<token_anchor t_id="8"/>
<token_anchor t_id="9"/>
</ENTITY_MENTION>
<ENTITY_MENTION comment="" head="" m_id="8" syntactic_type="">
<token_anchor t_id="83"/>
<token_anchor t_id="84"/>
</ENTITY_MENTION>
<ENTITY_MENTION comment="" head="" m_id="9" syntactic_type="">
<token_anchor t_id="7"/>
<token_anchor t_id="8"/>
<token_anchor t_id="9"/>
<token_anchor t_id="10"/>
<token_anchor t_id="11"/>
</ENTITY_MENTION>
<ENTITY_MENTION comment="" head="" m_id="10" syntactic_type="NAM">
<token_anchor t_id="95"/>
<token_anchor t_id="96"/>
</ENTITY_MENTION>
<ENTITY_MENTION comment="" head="" m_id="11" syntactic_type="PRE.NAM">
<token_anchor t_id="73"/>
<token_anchor t_id="74"/>
</ENTITY_MENTION>
<ENTITY_MENTION comment="" head="" m_id="12" syntactic_type="NAM">
<token_anchor t_id="106"/>
<token_anchor t_id="107"/>
</ENTITY_MENTION>
<ENTITY_MENTION comment="" head="" m_id="13" syntactic_type="NAM">
<token_anchor t_id="109"/>
</ENTITY_MENTION>
<ENTITY_MENTION comment="" head="" m_id="14" syntactic_type="">
<token_anchor t_id="117"/>
</ENTITY_MENTION>
<ENTITY_MENTION comment="" head="" m_id="15" syntactic_type="NAM">
<token_anchor t_id="16"/>
<token_anchor t_id="17"/>
<token_anchor t_id="18"/>
<token_anchor t_id="19"/>
</ENTITY_MENTION>
<ENTITY_MENTION comment="" head="" m_id="16" syntactic_type="NAM">
<token_anchor t_id="66"/>
</ENTITY_MENTION>
<ENTITY_MENTION comment="" head="" m_id="17" syntactic_type="">
<token_anchor t_id="61"/>
<token_anchor t_id="62"/>
</ENTITY_MENTION>
<ENTITY_MENTION comment="" head="" m_id="18" syntactic_type="">
<token_anchor t_id="31"/>
<token_anchor t_id="32"/>
<token_anchor t_id="33"/>
<token_anchor t_id="34"/>
<token_anchor t_id="35"/>
<token_anchor t_id="36"/>
<token_anchor t_id="37"/>
<token_anchor t_id="38"/>
<token_anchor t_id="39"/>
</ENTITY_MENTION>
<EVENT_MENTION aspect="NONE" certainty="CERTAIN" comment="" m_id="22" modality="" polarity="POS" pos="VERB" pred="request" special_cases="NONE" tense="PRESENT" time="NON_FUTURE">
<token_anchor t_id="4"/>
</EVENT_MENTION>
<EVENT_MENTION aspect="NONE" certainty="CERTAIN" comment="" m_id="23" modality="" polarity="POS" pos="NOUN" pred="rerun" special_cases="NONE" tense="NONE" time="FUTURE">
<token_anchor t_id="5"/>
</EVENT_MENTION>
<EVENT_MENTION aspect="NONE" certainty="CERTAIN" comment="" m_id="24" modality="" polarity="POS" pos="VERB" pred="call" special_cases="NONE" tense="PAST" time="NON_FUTURE">
<token_anchor t_id="23"/>
</EVENT_MENTION>
<EVENT_MENTION aspect="NONE" certainty="CERTAIN" comment="" m_id="25" modality="" polarity="POS" pos="NOUN" pred="bidding" special_cases="NONE" tense="NONE" time="NON_FUTURE">
<token_anchor t_id="29"/>
</EVENT_MENTION>
<EVENT_MENTION aspect="NONE" certainty="CERTAIN" comment="" m_id="26" modality="" polarity="POS" pos="VERB" pred="cite" special_cases="NONE" tense="PRESPART" time="NON_FUTURE">
<token_anchor t_id="41"/>
</EVENT_MENTION>
<EVENT_MENTION aspect="NONE" certainty="CERTAIN" comment="" m_id="27" modality="" polarity="POS" pos="NOUN" pred="flaw" special_cases="NONE" tense="NONE" time="NON_FUTURE">
<token_anchor t_id="43"/>
</EVENT_MENTION>
<EVENT_MENTION aspect="NONE" certainty="CERTAIN" comment="" m_id="28" modality="" polarity="POS" pos="NOUN" pred="process" special_cases="NONE" tense="NONE" time="NON_FUTURE">
<token_anchor t_id="47"/>
</EVENT_MENTION>
<EVENT_MENTION aspect="NONE" certainty="CERTAIN" comment="" m_id="29" modality="" polarity="POS" pos="VERB" pred="imperil" special_cases="NONE" tense="PRESENT" time="NON_FUTURE">
<token_anchor t_id="50"/>
</EVENT_MENTION>
<EVENT_MENTION aspect="NONE" certainty="CERTAIN" comment="" m_id="30" modality="" polarity="POS" pos="NOUN" pred="plan" special_cases="NONE" tense="NONE" time="NON_FUTURE">
<token_anchor t_id="58"/>
</EVENT_MENTION>
<EVENT_MENTION aspect="NONE" certainty="CERTAIN" comment="" m_id="31" modality="" polarity="POS" pos="VERB" pred="assemble" special_cases="NONE" tense="INFINITIVE" time="FUTURE">
<token_anchor t_id="60"/>
</EVENT_MENTION>
<EVENT_MENTION aspect="NONE" certainty="CERTAIN" comment="" m_id="32" modality="" polarity="POS" pos="VERB" pred="select" special_cases="NONE" tense="PAST" time="NON_FUTURE">
<token_anchor t_id="72"/>
</EVENT_MENTION>
<EVENT_MENTION aspect="NONE" certainty="CERTAIN" comment="" m_id="33" modality="" polarity="POS" pos="VERB" pred="build" special_cases="NONE" tense="INFINITIVE" time="NON_FUTURE">
<token_anchor t_id="82"/>
</EVENT_MENTION>
<EVENT_MENTION aspect="NONE" certainty="CERTAIN" comment="" m_id="34" modality="" polarity="POS" pos="VERB" pred="challenge" special_cases="NONE" tense="PAST" time="NON_FUTURE">
<token_anchor t_id="87"/>
</EVENT_MENTION>
<EVENT_MENTION aspect="NONE" certainty="CERTAIN" comment="" m_id="35" modality="" polarity="POS" pos="NOUN" pred="award" special_cases="NONE" tense="NONE" time="NON_FUTURE">
<token_anchor t_id="89"/>
</EVENT_MENTION>
<EVENT_MENTION aspect="NONE" certainty="CERTAIN" comment="" m_id="36" modality="" polarity="POS" pos="NOUN" pred="protest" special_cases="NONE" tense="NONE" time="NON_FUTURE">
<token_anchor t_id="93"/>
</EVENT_MENTION>
<EVENT_MENTION aspect="NONE" certainty="CERTAIN" comment="" m_id="37" modality="" polarity="POS" pos="NOUN" pred="protest" special_cases="NONE" tense="NONE" time="NON_FUTURE">
<token_anchor t_id="111"/>
</EVENT_MENTION>
<EVENT_MENTION aspect="NONE" certainty="CERTAIN" comment="" m_id="38" modality="" polarity="POS" pos="NOUN" pred="claim" special_cases="NONE" tense="NONE" time="NON_FUTURE">
<token_anchor t_id="119"/>
</EVENT_MENTION>
<EVENT_MENTION aspect="NONE" certainty="CERTAIN" comment="" m_id="39" modality="" polarity="POS" pos="VERB" pred="uphold" special_cases="NONE" tense="PAST" time="NON_FUTURE">
<token_anchor t_id="121"/>
</EVENT_MENTION>
<EVENT_MENTION aspect="NONE" certainty="CERTAIN" comment="" m_id="40" modality="" polarity="POS" pos="VERB" pred="claim" special_cases="NONE" tense="PRESPART" time="NON_FUTURE">
<token_anchor t_id="98"/>
</EVENT_MENTION>
<EVENT_MENTION aspect="NONE" certainty="CERTAIN" comment="" m_id="41" modality="" polarity="POS" pos="NOUN" pred="evaluation" special_cases="NONE" tense="NONE" time="NON_FUTURE">
<token_anchor t_id="100"/>
</EVENT_MENTION>
<EVENT_MENTION aspect="NONE" certainty="CERTAIN" comment="" m_id="42" modality="" polarity="POS" pos="VERB" pred="skew" special_cases="NONE" tense="PAST" time="NON_FUTURE">
<token_anchor t_id="102"/>
</EVENT_MENTION>
<EVENT_MENTION aspect="NONE" certainty="CERTAIN" comment="" m_id="43" modality="" polarity="POS" pos="NOUN" pred="rerun" special_cases="NONE" tense="NONE" time="FUTURE">
<token_anchor t_id="26"/>
</EVENT_MENTION>
<EVENT_MENTION aspect="NONE" certainty="CERTAIN" comment="" m_id="44" modality="" polarity="POS" pos="VERB" pred="uphold" special_cases="NONE" tense="PAST" time="NON_FUTURE">
<token_anchor t_id="108"/>
</EVENT_MENTION>
<SIGNAL comment="" m_id="45">
<token_anchor t_id="68"/>
</SIGNAL>
<SIGNAL comment="" m_id="46">
<token_anchor t_id="20"/>
</SIGNAL>
<SIGNAL comment="" m_id="47">
<token_anchor t_id="78"/>
</SIGNAL>
<TIMEX3 anchorTimeID="48" beginPoint="" comment="" endPoint="" functionInDocument="CREATION_TIME" m_id="48" type="DATE" value="2008-07-02">
<token_anchor t_id="12"/>
<token_anchor t_id="13"/>
<token_anchor t_id="14"/>
<token_anchor t_id="15"/>
</TIMEX3>
<TIMEX3 anchorTimeID="48" beginPoint="" comment="" endPoint="" functionInDocument="NONE" m_id="49" type="DATE" value="2008-06-18">
<token_anchor t_id="21"/>
<token_anchor t_id="22"/>
</TIMEX3>
<TIMEX3 anchorTimeID="48" beginPoint="" comment="" endPoint="" functionInDocument="NONE" m_id="50" type="DATE" value="2008-02-29">
<token_anchor t_id="79"/>
<token_anchor t_id="80"/>
</TIMEX3>
<VALUE comment="" m_id="51" type="MONEY">
<token_anchor t_id="35"/>
<token_anchor t_id="36"/>
<token_anchor t_id="37"/>
</VALUE>






<ENTITY_MENTION m_id="126">
  <token_anchor t_id="64"/>
  <token_anchor t_id="66"/>
</ENTITY_MENTION>

<ENTITY TAG_DESCRIPTOR="US" comment="" ent_class="" ent_type="LOC" external_ref="" m_id="84"/>
<ENTITY TAG_DESCRIPTOR="Los Angeles" comment="" ent_class="" ent_type="LOC" external_ref="" m_id="82"/>

<EVENT TAG_DESCRIPTOR="build VUA" class="OTHER" instance_id="OTH40017898699721689" m_id="138"/>
<EVENT TAG_DESCRIPTOR="assemble VUA" class="OTHER" instance_id="OTH40017350674237882" m_id="137"/>
<EVENT TAG_DESCRIPTOR="imperils" class="GRAMMATICAL" comment="" external_ref="" m_id="58"/>
<EVENT TAG_DESCRIPTOR="skew VUA" class="OTHER" instance_id="OTH40078948739170947" m_id="135"/>
<EVENT TAG_DESCRIPTOR="bid VUA" class="OTHER" instance_id="OTH40017758751204813" m_id="160"/>
<EVENT TAG_DESCRIPTOR="challenge VUA" class="OTHER" instance_id="OTH40018643816595782" m_id="159"/>
<EVENT TAG_DESCRIPTOR="claim VUA" class="SPEECH_COGNITIVE" instance_id="SPE40079402955413370" m_id="158"/>
<EVENT TAG_DESCRIPTOR="award VUA" class="OTHER" instance_id="OTH40014340782068576" m_id="157"/>
<EVENT TAG_DESCRIPTOR="plan VUA" class="OTHER" instance_id="OTH40020512197435246" m_id="155"/>
<EVENT TAG_DESCRIPTOR="re-run VUA" class="OTHER" instance_id="OTH40078665656701307" m_id="152"/>
<EVENT TAG_DESCRIPTOR="protest VUA" class="OTHER" instance_id="OTH40074768058231593" m_id="150"/>
<EVENT TAG_DESCRIPTOR="request VUA" class="SPEECH_COGNITIVE" instance_id="SPE40079278308187249" m_id="149"/>

<EVENT TAG_DESCRIPTOR="select VUA" class="OTHER" instance_id="OTH40078800876070732" m_id="147"/>
<EVENT TAG_DESCRIPTOR="uphold VUA" class="OTHER" instance_id="OTH40079090648254008" m_id="146"/>
<EVENT TAG_DESCRIPTOR="flaw VUA" class="OTHER" instance_id="OTH40020420630600389" m_id="144"/>
<EVENT TAG_DESCRIPTOR="cite VUA" class="SPEECH_COGNITIVE" instance_id="SPE40079626916883447" m_id="143"/>
<EVENT TAG_DESCRIPTOR="evaluation VUA" class="OTHER" instance_id="OTH40020072973040735" m_id="142"/>
<EVENT TAG_DESCRIPTOR="process VUA" class="OTHER" instance_id="OTH40020671613360424" m_id="141"/>
<ENTITY TAG_DESCRIPTOR="Mobile, Alabama" ent_type="LOC" external_ref="http://dbpedia.org/page/Mobile,_Alabama" instance_id="LOC27981399415670568" m_id="136"/>
<ENTITY TAG_DESCRIPTOR="Alabama, US" ent_type="LOC" external_ref="http://dbpedia.org/page/Alabama" instance_id="LOC27981314954712013" m_id="134"/>
<ENTITY TAG_DESCRIPTOR="Northrop Grumman" ent_type="ORG" external_ref="http://dbpedia.org/page/Northrop_Grumman" instance_id="ORG37154720130514282" m_id="133"/>
<ENTITY TAG_DESCRIPTOR="USAF tanker contract" ent_type="FIN" instance_id="FIN39499870301921717" m_id="132"/>
<ENTITY TAG_DESCRIPTOR="Planes" ent_type="PRO" instance_id="PRO39499986437798429" m_id="156"/>
<ENTITY TAG_DESCRIPTOR="USAF" ent_type="ORG" external_ref="http://dbpedia.org/page/United_States_Air_Force" instance_id="ORG37154720392556611" m_id="154"/>
<ENTITY TAG_DESCRIPTOR="EADS" ent_type="ORG" external_ref="http://dbpedia.org/page/Airbus_Group" instance_id="ORG37154720003835631" m_id="153"/>
<ENTITY TAG_DESCRIPTOR="Government Accountability Office (GAO) - USA" ent_type="ORG" external_ref="http://dbpedia.org/page/Government_Accountability_Office" instance_id="ORG27981991098616896" m_id="151"/>
<ENTITY TAG_DESCRIPTOR="Boeing" ent_type="ORG" external_ref="http://dbpedia.org/page/Boeing" instance_id="ORG37154719725500990" m_id="145"/>
<ENTITY TAG_DESCRIPTOR="USAF tanker bid" ent_type="FIN" instance_id="FIN39499830988680503" m_id="140"/>
</Markables>
<Relations>
<SLINK r_id="246259">
<source m_id="24"/>
<target m_id="43"/>
</SLINK>
<SLINK r_id="246260">
<source m_id="26"/>
<target m_id="27"/>
</SLINK>
<SLINK r_id="246261">
<source m_id="40"/>
<target m_id="42"/>
</SLINK>
<HAS_PARTICIPANT comment="" frame="" frame_element="" r_id="246262" sem_role="Arg0" sem_role_framework="PROPBANK">
<source m_id="24"/>
<target m_id="15"/>
</HAS_PARTICIPANT>
<HAS_PARTICIPANT comment="" frame="" frame_element="" r_id="246263" sem_role="Arg1" sem_role_framework="PROPBANK">
<source m_id="25"/>
<target m_id="18"/>
</HAS_PARTICIPANT>
<HAS_PARTICIPANT comment="" frame="" frame_element="" r_id="246264" sem_role="Arg0" sem_role_framework="PROPBANK">
<source m_id="26"/>
<target m_id="15"/>
</HAS_PARTICIPANT>
<HAS_PARTICIPANT comment="" frame="" frame_element="" r_id="246265" sem_role="Arg0" sem_role_framework="PROPBANK">
<source m_id="28"/>
<target m_id="18"/>
</HAS_PARTICIPANT>
<HAS_PARTICIPANT comment="" frame="" frame_element="" r_id="246266" sem_role="Arg1" sem_role_framework="PROPBANK">
<source m_id="29"/>
<target m_id="20"/>
</HAS_PARTICIPANT>
<HAS_PARTICIPANT comment="" frame="" frame_element="" r_id="246267" sem_role="Arg1" sem_role_framework="PROPBANK">
<source m_id="29"/>
<target m_id="19"/>
</HAS_PARTICIPANT>
<HAS_PARTICIPANT comment="" frame="" frame_element="" r_id="246268" sem_role="Arg0" sem_role_framework="PROPBANK">
<source m_id="30"/>
<target m_id="20"/>
</HAS_PARTICIPANT>
<HAS_PARTICIPANT comment="" frame="" frame_element="" r_id="246269" sem_role="Arg0" sem_role_framework="PROPBANK">
<source m_id="30"/>
<target m_id="19"/>
</HAS_PARTICIPANT>
<HAS_PARTICIPANT comment="" frame="" frame_element="" r_id="246270" sem_role="Arg0" sem_role_framework="PROPBANK">
<source m_id="31"/>
<target m_id="20"/>
</HAS_PARTICIPANT>
<HAS_PARTICIPANT comment="" frame="" frame_element="" r_id="246271" sem_role="Arg0" sem_role_framework="PROPBANK">
<source m_id="31"/>
<target m_id="19"/>
</HAS_PARTICIPANT>
<HAS_PARTICIPANT comment="" frame="" frame_element="" r_id="246272" sem_role="Arg1" sem_role_framework="PROPBANK">
<source m_id="31"/>
<target m_id="17"/>
</HAS_PARTICIPANT>
<HAS_PARTICIPANT comment="" frame="" frame_element="" r_id="246273" sem_role="Argm-LOC" sem_role_framework="PROPBANK">
<source m_id="31"/>
<target m_id="21"/>
</HAS_PARTICIPANT>
<HAS_PARTICIPANT comment="" frame="" frame_element="" r_id="246274" sem_role="Arg0" sem_role_framework="PROPBANK">
<source m_id="32"/>
<target m_id="6"/>
</HAS_PARTICIPANT>
<HAS_PARTICIPANT comment="" frame="" frame_element="" r_id="246275" sem_role="Arg1" sem_role_framework="PROPBANK">
<source m_id="32"/>
<target m_id="2"/>
</HAS_PARTICIPANT>
<HAS_PARTICIPANT comment="" frame="" frame_element="" r_id="246276" sem_role="Arg0" sem_role_framework="PROPBANK">
<source m_id="33"/>
<target m_id="2"/>
</HAS_PARTICIPANT>
<HAS_PARTICIPANT comment="" frame="" frame_element="" r_id="246277" sem_role="Arg1" sem_role_framework="PROPBANK">
<source m_id="33"/>
<target m_id="8"/>
</HAS_PARTICIPANT>
<HAS_PARTICIPANT comment="" frame="" frame_element="" r_id="246278" sem_role="Arg0" sem_role_framework="PROPBANK">
<source m_id="34"/>
<target m_id="1"/>
</HAS_PARTICIPANT>
<HAS_PARTICIPANT comment="" frame="" frame_element="" r_id="246279" sem_role="Arg0" sem_role_framework="PROPBANK">
<source m_id="35"/>
<target m_id="6"/>
</HAS_PARTICIPANT>
<HAS_PARTICIPANT comment="" frame="" frame_element="" r_id="246280" sem_role="Arg2" sem_role_framework="PROPBANK">
<source m_id="35"/>
<target m_id="2"/>
</HAS_PARTICIPANT>
<HAS_PARTICIPANT comment="" frame="" frame_element="" r_id="246281" sem_role="Arg0" sem_role_framework="PROPBANK">
<source m_id="36"/>
<target m_id="1"/>
</HAS_PARTICIPANT>
<HAS_PARTICIPANT comment="" frame="" frame_element="" r_id="246282" sem_role="Arg2" sem_role_framework="PROPBANK">
<source m_id="36"/>
<target m_id="10"/>
</HAS_PARTICIPANT>
<HAS_PARTICIPANT comment="" frame="" frame_element="" r_id="246283" sem_role="Arg0" sem_role_framework="PROPBANK">
<source m_id="40"/>
<target m_id="1"/>
</HAS_PARTICIPANT>
<HAS_PARTICIPANT comment="" frame="" frame_element="" r_id="246284" sem_role="Arg2" sem_role_framework="PROPBANK">
<source m_id="40"/>
<target m_id="10"/>
</HAS_PARTICIPANT>
<HAS_PARTICIPANT comment="" frame="" frame_element="" r_id="246285" sem_role="Arg0" sem_role_framework="PROPBANK">
<source m_id="41"/>
<target m_id="6"/>
</HAS_PARTICIPANT>
<HAS_PARTICIPANT comment="" frame="" frame_element="" r_id="246286" sem_role="Arg0" sem_role_framework="PROPBANK">
<source m_id="42"/>
<target m_id="6"/>
</HAS_PARTICIPANT>
<HAS_PARTICIPANT comment="" frame="" frame_element="" r_id="246287" sem_role="Arg1" sem_role_framework="PROPBANK">
<source m_id="44"/>
<target m_id="13"/>
</HAS_PARTICIPANT>
<HAS_PARTICIPANT comment="" frame="" frame_element="" r_id="246288" sem_role="Arg0" sem_role_framework="PROPBANK">
<source m_id="44"/>
<target m_id="12"/>
</HAS_PARTICIPANT>
<HAS_PARTICIPANT comment="" frame="" frame_element="" r_id="246289" sem_role="Arg0" sem_role_framework="PROPBANK">
<source m_id="37"/>
<target m_id="13"/>
</HAS_PARTICIPANT>
<HAS_PARTICIPANT comment="" frame="" frame_element="" r_id="246290" sem_role="Arg2" sem_role_framework="PROPBANK">
<source m_id="37"/>
<target m_id="12"/>
</HAS_PARTICIPANT>
<HAS_PARTICIPANT comment="" frame="" frame_element="" r_id="246291" sem_role="Arg0" sem_role_framework="PROPBANK">
<source m_id="38"/>
<target m_id="14"/>
</HAS_PARTICIPANT>
<HAS_PARTICIPANT comment="" frame="" frame_element="" r_id="246292" sem_role="Arg0" sem_role_framework="PROPBANK">
<source m_id="39"/>
<target m_id="12"/>
</HAS_PARTICIPANT>
<HAS_PARTICIPANT comment="" frame="" frame_element="" r_id="246293" sem_role="Arg1" sem_role_framework="PROPBANK">
<source m_id="39"/>
<target m_id="14"/>
</HAS_PARTICIPANT>
<TLINK comment="" r_id="246294" reltype="AFTER" signalID="46">
<source m_id="48"/>
<target m_id="49"/>
</TLINK>
<TLINK comment="" r_id="246295" reltype="INCLUDES" signalID="46">
<source m_id="49"/>
<target m_id="24"/>
</TLINK>
<TLINK comment="" r_id="246296" reltype="BEFORE" signalID="">
<source m_id="24"/>
<target m_id="43"/>
</TLINK>
<TLINK comment="" r_id="246297" reltype="AFTER" signalID="">
<source m_id="43"/>
<target m_id="25"/>
</TLINK>
<TLINK comment="" r_id="246298" reltype="INCLUDES" signalID="">
<source m_id="49"/>
<target m_id="26"/>
</TLINK>
<TLINK comment="" r_id="246299" reltype="IS_INCLUDED" signalID="">
<source m_id="27"/>
<target m_id="28"/>
</TLINK>
<TLINK comment="" r_id="246300" reltype="AFTER" signalID="">
<source m_id="26"/>
<target m_id="27"/>
</TLINK>
<TLINK comment="" r_id="246301" reltype="AFTER" signalID="">
<source m_id="29"/>
<target m_id="30"/>
</TLINK>
<TLINK comment="" r_id="246302" reltype="SIMULTANEOUS" signalID="">
<source m_id="30"/>
<target m_id="31"/>
</TLINK>
<TLINK comment="" r_id="246303" reltype="IS_INCLUDED" signalID="47">
<source m_id="32"/>
<target m_id="50"/>
</TLINK>
<TLINK comment="" r_id="246304" reltype="BEFORE" signalID="">
<source m_id="32"/>
<target m_id="33"/>
</TLINK>
<TLINK comment="" r_id="246305" reltype="BEFORE" signalID="45">
<source m_id="32"/>
<target m_id="34"/>
</TLINK>
<TLINK comment="" r_id="246306" reltype="AFTER" signalID="">
<source m_id="34"/>
<target m_id="35"/>
</TLINK>
<TLINK comment="" r_id="246307" reltype="BEFORE" signalID="">
<source m_id="35"/>
<target m_id="36"/>
</TLINK>
<TLINK comment="" r_id="246308" reltype="AFTER" signalID="">
<source m_id="40"/>
<target m_id="41"/>
</TLINK>
<TLINK comment="" r_id="246309" reltype="SIMULTANEOUS" signalID="">
<source m_id="36"/>
<target m_id="40"/>
</TLINK>
<TLINK comment="" r_id="246310" reltype="AFTER" signalID="">
<source m_id="40"/>
<target m_id="42"/>
</TLINK>
<TLINK comment="" r_id="246311" reltype="AFTER" signalID="">
<source m_id="44"/>
<target m_id="37"/>
</TLINK>
<TLINK comment="" r_id="246312" reltype="BEFORE" signalID="">
<source m_id="38"/>
<target m_id="39"/>
</TLINK>
<SLINK r_id="246318">
<source m_id="22"/>
<target m_id="23"/>
</SLINK>
<HAS_PARTICIPANT comment="" frame="" frame_element="" r_id="246319" sem_role="Arg0" sem_role_framework="PROPBANK">
<source m_id="22"/>
<target m_id="3"/>
</HAS_PARTICIPANT>
<HAS_PARTICIPANT comment="" frame="" frame_element="" r_id="246320" sem_role="Arg1" sem_role_framework="PROPBANK">
<source m_id="23"/>
<target m_id="9"/>
</HAS_PARTICIPANT>
<CLINK r_id="246322">
<source m_id="29"/>
<target m_id="30"/>
</CLINK>































<REFERS_TO r_id="313910">
<source m_id="15"/>
<source m_id="12"/>
<source m_id="3"/>
<source m_id="10"/>
<target m_id="151"/>
</REFERS_TO>
<REFERS_TO r_id="313911">
<source m_id="37"/>
<source m_id="36"/>
<target m_id="150"/>
</REFERS_TO>
<REFERS_TO r_id="313912">
<source m_id="19"/>
<target m_id="153"/>
</REFERS_TO>
<REFERS_TO r_id="313913">
<source m_id="43"/>
<source m_id="23"/>
<target m_id="152"/>
</REFERS_TO>
<REFERS_TO r_id="313914">
<source m_id="30"/>
<target m_id="155"/>
</REFERS_TO>
<REFERS_TO r_id="313915">

<source m_id="6"/>
<source m_id="5"/>


<source m_id="7"/>
<target m_id="154"/>
</REFERS_TO>
<REFERS_TO r_id="313916">
<source m_id="35"/>
<target m_id="157"/>
</REFERS_TO>
<REFERS_TO r_id="313917">
<source m_id="17"/>
<source m_id="8"/>
<target m_id="156"/>
</REFERS_TO>
<REFERS_TO r_id="313918">
<source m_id="34"/>
<target m_id="159"/>
</REFERS_TO>
<REFERS_TO r_id="313919">
<source m_id="38"/>
<source m_id="40"/>
<target m_id="158"/>
</REFERS_TO>
<REFERS_TO r_id="313920">
<source m_id="2"/>
<source m_id="20"/>

<source m_id="4"/>
<target m_id="133"/>
</REFERS_TO>
<REFERS_TO r_id="313921">
<source m_id="18"/>
<target m_id="132"/>
</REFERS_TO>
<REFERS_TO r_id="313922">
<source m_id="31"/>
<target m_id="137"/>
</REFERS_TO>
<REFERS_TO r_id="313923">
<source m_id="21"/>
<source m_id="126"/>
<target m_id="136"/>
</REFERS_TO>
<REFERS_TO r_id="313924">
<source m_id="42"/>
<target m_id="135"/>
</REFERS_TO>
<REFERS_TO r_id="313925">
<source m_id="16"/>
<target m_id="134"/>
</REFERS_TO>
<REFERS_TO r_id="313926">
<source m_id="11"/>
<target m_id="82"/>
</REFERS_TO>

<REFERS_TO r_id="313928">
<source m_id="33"/>
<target m_id="138"/>
</REFERS_TO>
<REFERS_TO r_id="313929">
<source m_id="83"/>
<source m_id="85"/>
<target m_id="84"/>
</REFERS_TO>
<REFERS_TO r_id="313930">
<source m_id="39"/>
<source m_id="44"/>
<target m_id="146"/>
</REFERS_TO>
<REFERS_TO r_id="313931">
<source m_id="32"/>
<target m_id="147"/>
</REFERS_TO>
<REFERS_TO r_id="313932">
<source m_id="27"/>
<target m_id="144"/>
</REFERS_TO>
<REFERS_TO r_id="313933">
<source m_id="14"/>

<source m_id="1"/>
<source m_id="13"/>
<target m_id="145"/>
</REFERS_TO>
<REFERS_TO r_id="313934">
<source m_id="41"/>
<target m_id="142"/>
</REFERS_TO>
<REFERS_TO r_id="313935">
<source m_id="26"/>
<target m_id="143"/>
</REFERS_TO>
<REFERS_TO r_id="313936">
<source m_id="9"/>
<target m_id="140"/>
</REFERS_TO>
<REFERS_TO r_id="313937">
<source m_id="28"/>
<target m_id="141"/>
</REFERS_TO>

<REFERS_TO r_id="313939">
<source m_id="24"/>
<source m_id="22"/>
<target m_id="149"/>
</REFERS_TO>
<REFERS_TO r_id="313940">
<source m_id="25"/>
<target m_id="160"/>
</REFERS_TO>
<REFERS_TO r_id="313941">
<source m_id="29"/>
<target m_id="58"/>
</REFERS_TO>
</Relations>
</Document>