<?xml version="1.0" ?><Document doc_id="11714" doc_name="11714_Ryanair_exercises_options_on_five_Boeing_737s" lang="en" url="http://en.wikinews.org/wiki/Ryanair_exercises_options_on_five_Boeing_737s">
<token number="0" sentence="0" t_id="1">Ryanair</token>
<token number="1" sentence="0" t_id="2">exercises</token>
<token number="2" sentence="0" t_id="3">options</token>
<token number="3" sentence="0" t_id="4">on</token>
<token number="4" sentence="0" t_id="5">five</token>
<token number="5" sentence="0" t_id="6">Boeing</token>
<token number="6" sentence="0" t_id="7">737s</token>
<token number="7" sentence="1" t_id="8">June</token>
<token number="8" sentence="1" t_id="9">13</token>
<token number="9" sentence="1" t_id="10">,</token>
<token number="10" sentence="1" t_id="11">2005</token>
<token number="11" sentence="2" t_id="12">Irish</token>
<token number="12" sentence="2" t_id="13">low</token>
<token number="13" sentence="2" t_id="14">cost</token>
<token number="14" sentence="2" t_id="15">airline</token>
<token number="15" sentence="2" t_id="16">,</token>
<token number="16" sentence="2" t_id="17">Ryanair</token>
<token number="17" sentence="2" t_id="18">,</token>
<token number="18" sentence="2" t_id="19">announced</token>
<token number="19" sentence="2" t_id="20">today</token>
<token number="20" sentence="2" t_id="21">that</token>
<token number="21" sentence="2" t_id="22">it</token>
<token number="22" sentence="2" t_id="23">is</token>
<token number="23" sentence="2" t_id="24">exercising</token>
<token number="24" sentence="2" t_id="25">its</token>
<token number="25" sentence="2" t_id="26">options</token>
<token number="26" sentence="2" t_id="27">with</token>
<token number="27" sentence="2" t_id="28">Boeing</token>
<token number="28" sentence="2" t_id="29">to</token>
<token number="29" sentence="2" t_id="30">purchase</token>
<token number="30" sentence="2" t_id="31">five</token>
<token number="31" sentence="2" t_id="32">new</token>
<token number="32" sentence="2" t_id="33">737</token>
<token number="33" sentence="2" t_id="34">aircraft</token>
<token number="34" sentence="2" t_id="35">.</token>
<token number="35" sentence="3" t_id="36">This</token>
<token number="36" sentence="3" t_id="37">brings</token>
<token number="37" sentence="3" t_id="38">Ryanair</token>
<token number="38" sentence="3" t_id="39">'s</token>
<token number="39" sentence="3" t_id="40">total</token>
<token number="40" sentence="3" t_id="41">number</token>
<token number="41" sentence="3" t_id="42">of</token>
<token number="42" sentence="3" t_id="43">outstanding</token>
<token number="43" sentence="3" t_id="44">orders</token>
<token number="44" sentence="3" t_id="45">with</token>
<token number="45" sentence="3" t_id="46">the</token>
<token number="46" sentence="3" t_id="47">US</token>
<token number="47" sentence="3" t_id="48">manufacturer</token>
<token number="48" sentence="3" t_id="49">to</token>
<token number="49" sentence="3" t_id="50">230</token>
<token number="50" sentence="3" t_id="51">.</token>
<token number="51" sentence="4" t_id="52">The</token>
<token number="52" sentence="4" t_id="53">new</token>
<token number="53" sentence="4" t_id="54">planes</token>
<token number="54" sentence="4" t_id="55">,</token>
<token number="55" sentence="4" t_id="56">which</token>
<token number="56" sentence="4" t_id="57">come</token>
<token number="57" sentence="4" t_id="58">from</token>
<token number="58" sentence="4" t_id="59">the</token>
<token number="59" sentence="4" t_id="60">737-800</token>
<token number="60" sentence="4" t_id="61">range</token>
<token number="61" sentence="4" t_id="62">,</token>
<token number="62" sentence="4" t_id="63">will</token>
<token number="63" sentence="4" t_id="64">be</token>
<token number="64" sentence="4" t_id="65">fitted</token>
<token number="65" sentence="4" t_id="66">with</token>
<token number="66" sentence="4" t_id="67">blended</token>
<token number="67" sentence="4" t_id="68">winglets</token>
<token number="68" sentence="4" t_id="69">to</token>
<token number="69" sentence="4" t_id="70">boost</token>
<token number="70" sentence="4" t_id="71">fuel</token>
<token number="71" sentence="4" t_id="72">efficiency</token>
<token number="72" sentence="4" t_id="73">by</token>
<token number="73" sentence="4" t_id="74">as</token>
<token number="74" sentence="4" t_id="75">much</token>
<token number="75" sentence="4" t_id="76">as</token>
<token number="76" sentence="4" t_id="77">3</token>
<token number="77" sentence="4" t_id="78">%</token>
<token number="78" sentence="4" t_id="79">.</token>
<token number="79" sentence="5" t_id="80">Ryanair</token>
<token number="80" sentence="5" t_id="81">CEO</token>
<token number="81" sentence="5" t_id="82">,</token>
<token number="82" sentence="5" t_id="83">Michael</token>
<token number="83" sentence="5" t_id="84">O'</token>
<token number="84" sentence="5" t_id="85">Leary</token>
<token number="85" sentence="5" t_id="86">,</token>
<token number="86" sentence="5" t_id="87">justified</token>
<token number="87" sentence="5" t_id="88">his</token>
<token number="88" sentence="5" t_id="89">choice</token>
<token number="89" sentence="5" t_id="90">of</token>
<token number="90" sentence="5" t_id="91">Boeing</token>
<token number="91" sentence="5" t_id="92">by</token>
<token number="92" sentence="5" t_id="93">saying</token>
<token number="93" sentence="5" t_id="94">,</token>
<token number="94" sentence="5" t_id="95">``</token>
<token number="95" sentence="5" t_id="96">The</token>
<token number="96" sentence="5" t_id="97">Boeing</token>
<token number="97" sentence="5" t_id="98">737-800</token>
<token number="98" sentence="5" t_id="99">has</token>
<token number="99" sentence="5" t_id="100">the</token>
<token number="100" sentence="5" t_id="101">best</token>
<token number="101" sentence="5" t_id="102">technical</token>
<token number="102" sentence="5" t_id="103">reliability</token>
<token number="103" sentence="5" t_id="104">and</token>
<token number="104" sentence="5" t_id="105">ensures</token>
<token number="105" sentence="5" t_id="106">that</token>
<token number="106" sentence="5" t_id="107">Ryanair</token>
<token number="107" sentence="5" t_id="108">is</token>
<token number="108" sentence="5" t_id="109">the</token>
<token number="109" sentence="5" t_id="110">number</token>
<token number="110" sentence="5" t_id="111">one</token>
<token number="111" sentence="5" t_id="112">on-time</token>
<token number="112" sentence="5" t_id="113">major</token>
<token number="113" sentence="5" t_id="114">airline</token>
<token number="114" sentence="5" t_id="115">in</token>
<token number="115" sentence="5" t_id="116">Europe</token>
<token number="116" sentence="5" t_id="117">''</token>
<token number="117" sentence="5" t_id="118">...</token>
<token number="118" sentence="5" t_id="119">``</token>
<token number="119" sentence="5" t_id="120">In</token>
<token number="120" sentence="5" t_id="121">addition</token>
<token number="121" sentence="5" t_id="122">,</token>
<token number="122" sentence="5" t_id="123">it</token>
<token number="123" sentence="5" t_id="124">has</token>
<token number="124" sentence="5" t_id="125">the</token>
<token number="125" sentence="5" t_id="126">lowest</token>
<token number="126" sentence="5" t_id="127">unit</token>
<token number="127" sentence="5" t_id="128">operating</token>
<token number="128" sentence="5" t_id="129">cost</token>
<token number="129" sentence="5" t_id="130">.</token>
<token number="130" sentence="6" t_id="131">The</token>
<token number="131" sentence="6" t_id="132">addition</token>
<token number="132" sentence="6" t_id="133">of</token>
<token number="133" sentence="6" t_id="134">these</token>
<token number="134" sentence="6" t_id="135">five</token>
<token number="135" sentence="6" t_id="136">aircraft</token>
<token number="136" sentence="6" t_id="137">will</token>
<token number="137" sentence="6" t_id="138">continue</token>
<token number="138" sentence="6" t_id="139">to</token>
<token number="139" sentence="6" t_id="140">enable</token>
<token number="140" sentence="6" t_id="141">us</token>
<token number="141" sentence="6" t_id="142">to</token>
<token number="142" sentence="6" t_id="143">develop</token>
<token number="143" sentence="6" t_id="144">more</token>
<token number="144" sentence="6" t_id="145">new</token>
<token number="145" sentence="6" t_id="146">routes</token>
<token number="146" sentence="6" t_id="147">across</token>
<token number="147" sentence="6" t_id="148">Europe</token>
<token number="148" sentence="6" t_id="149">and</token>
<token number="149" sentence="6" t_id="150">bring</token>
<token number="150" sentence="6" t_id="151">low</token>
<token number="151" sentence="6" t_id="152">fares</token>
<token number="152" sentence="6" t_id="153">to</token>
<token number="153" sentence="6" t_id="154">many</token>
<token number="154" sentence="6" t_id="155">more</token>
<token number="155" sentence="6" t_id="156">European</token>
<token number="156" sentence="6" t_id="157">consumers</token>
<token number="157" sentence="6" t_id="158">.</token>
<token number="158" sentence="6" t_id="159">''</token>
<token number="159" sentence="7" t_id="160">Ryanair</token>
<token number="160" sentence="7" t_id="161">is</token>
<token number="161" sentence="7" t_id="162">the</token>
<token number="162" sentence="7" t_id="163">world</token>
<token number="163" sentence="7" t_id="164">'s</token>
<token number="164" sentence="7" t_id="165">most</token>
<token number="165" sentence="7" t_id="166">profitable</token>
<token number="166" sentence="7" t_id="167">airline</token>
<token number="167" sentence="7" t_id="168">,</token>
<token number="168" sentence="7" t_id="169">having</token>
<token number="169" sentence="7" t_id="170">reported</token>
<token number="170" sentence="7" t_id="171">record</token>
<token number="171" sentence="7" t_id="172">profits</token>
<token number="172" sentence="7" t_id="173">of</token>
<token number="173" sentence="7" t_id="174">$</token>
<token number="174" sentence="7" t_id="175">269m</token>
<token number="175" sentence="7" t_id="176">earlier</token>
<token number="176" sentence="7" t_id="177">this</token>
<token number="177" sentence="7" t_id="178">year</token>
<token number="178" sentence="7" t_id="179">,</token>
<token number="179" sentence="7" t_id="180">and</token>
<token number="180" sentence="7" t_id="181">is</token>
<token number="181" sentence="7" t_id="182">pursuing</token>
<token number="182" sentence="7" t_id="183">an</token>
<token number="183" sentence="7" t_id="184">aggressive</token>
<token number="184" sentence="7" t_id="185">expansion</token>
<token number="185" sentence="7" t_id="186">plan</token>
<token number="186" sentence="7" t_id="187">which</token>
<token number="187" sentence="7" t_id="188">will</token>
<token number="188" sentence="7" t_id="189">see</token>
<token number="189" sentence="7" t_id="190">it</token>
<token number="190" sentence="7" t_id="191">'s</token>
<token number="191" sentence="7" t_id="192">total</token>
<token number="192" sentence="7" t_id="193">number</token>
<token number="193" sentence="7" t_id="194">of</token>
<token number="194" sentence="7" t_id="195">passengers</token>
<token number="195" sentence="7" t_id="196">jump</token>
<token number="196" sentence="7" t_id="197">to</token>
<token number="197" sentence="7" t_id="198">70m</token>
<token number="198" sentence="7" t_id="199">over</token>
<token number="199" sentence="7" t_id="200">the</token>
<token number="200" sentence="7" t_id="201">next</token>
<token number="201" sentence="7" t_id="202">few</token>
<token number="202" sentence="7" t_id="203">years</token>
<token number="203" sentence="7" t_id="204">.</token>
<token number="204" sentence="8" t_id="205">At</token>
<token number="205" sentence="8" t_id="206">present</token>
<token number="206" sentence="8" t_id="207">Ryanair</token>
<token number="207" sentence="8" t_id="208">has</token>
<token number="208" sentence="8" t_id="209">91</token>
<token number="209" sentence="8" t_id="210">aircraft</token>
<token number="210" sentence="8" t_id="211">and</token>
<token number="211" sentence="8" t_id="212">230</token>
<token number="212" sentence="8" t_id="213">on</token>
<token number="213" sentence="8" t_id="214">order</token>
<token number="214" sentence="8" t_id="215">.</token>
<Markables>
<ENTITY_MENTION comment="" head="" m_id="19" syntactic_type="">
<token_anchor t_id="25"/>
</ENTITY_MENTION>
<ENTITY_MENTION comment="" head="" m_id="20" syntactic_type="">
<token_anchor t_id="109"/>
<token_anchor t_id="110"/>
<token_anchor t_id="111"/>
<token_anchor t_id="112"/>
<token_anchor t_id="113"/>
<token_anchor t_id="114"/>
<token_anchor t_id="115"/>
<token_anchor t_id="116"/>
</ENTITY_MENTION>
<ENTITY_MENTION comment="" head="" m_id="82" syntactic_type="NAM">
<token_anchor t_id="83"/>
<token_anchor t_id="84"/>
<token_anchor t_id="85"/>
</ENTITY_MENTION>
<ENTITY_MENTION comment="" head="" m_id="21" syntactic_type="NAM">
<token_anchor t_id="28"/>
</ENTITY_MENTION>
<ENTITY_MENTION comment="" head="" m_id="83" syntactic_type="">
<token_anchor t_id="80"/>
<token_anchor t_id="81"/>
</ENTITY_MENTION>
<ENTITY_MENTION comment="" head="" m_id="22" syntactic_type="">
<token_anchor t_id="31"/>
<token_anchor t_id="32"/>
<token_anchor t_id="33"/>
<token_anchor t_id="34"/>
</ENTITY_MENTION>
<ENTITY_MENTION comment="" head="" m_id="84" syntactic_type="">
<token_anchor t_id="12"/>
<token_anchor t_id="13"/>
<token_anchor t_id="14"/>
<token_anchor t_id="15"/>
</ENTITY_MENTION>
<ENTITY_MENTION comment="" head="" m_id="23" syntactic_type="">
<token_anchor t_id="125"/>
<token_anchor t_id="126"/>
<token_anchor t_id="127"/>
<token_anchor t_id="128"/>
<token_anchor t_id="129"/>
</ENTITY_MENTION>
<ENTITY_MENTION comment="" head="" m_id="85" syntactic_type="NAM">
<token_anchor t_id="17"/>
</ENTITY_MENTION>
<ENTITY_MENTION comment="" head="" m_id="24" syntactic_type="NAM">
<token_anchor t_id="38"/>
</ENTITY_MENTION>
<ENTITY_MENTION comment="" head="" m_id="25" syntactic_type="PRE.NAM">
<token_anchor t_id="80"/>
</ENTITY_MENTION>
<ENTITY_MENTION comment="" head="" m_id="26" syntactic_type="">
<token_anchor t_id="46"/>
<token_anchor t_id="47"/>
<token_anchor t_id="48"/>
</ENTITY_MENTION>
<ENTITY_MENTION comment="" head="" m_id="27" syntactic_type="">
<token_anchor t_id="25"/>
<token_anchor t_id="26"/>
<token_anchor t_id="27"/>
<token_anchor t_id="28"/>
</ENTITY_MENTION>
<ENTITY_MENTION comment="" head="" m_id="1" syntactic_type="">
<token_anchor t_id="52"/>
<token_anchor t_id="53"/>
<token_anchor t_id="54"/>
</ENTITY_MENTION>
<ENTITY_MENTION comment="" head="" m_id="2" syntactic_type="NAM">
<token_anchor t_id="1"/>
</ENTITY_MENTION>
<ENTITY_MENTION comment="" head="" m_id="3" syntactic_type="">
<token_anchor t_id="56"/>
</ENTITY_MENTION>
<ENTITY_MENTION comment="" head="" m_id="4" syntactic_type="">
<token_anchor t_id="59"/>
<token_anchor t_id="60"/>
<token_anchor t_id="61"/>
</ENTITY_MENTION>
<ENTITY_MENTION comment="" head="" m_id="5" syntactic_type="">
<token_anchor t_id="67"/>
<token_anchor t_id="68"/>
</ENTITY_MENTION>
<ENTITY_MENTION comment="" head="" m_id="6" syntactic_type="">
<token_anchor t_id="3"/>
</ENTITY_MENTION>
<ENTITY_MENTION comment="" head="" m_id="7" syntactic_type="NAM">
<token_anchor t_id="80"/>
<token_anchor t_id="81"/>
<token_anchor t_id="82"/>
<token_anchor t_id="83"/>
<token_anchor t_id="84"/>
<token_anchor t_id="85"/>
</ENTITY_MENTION>
<ENTITY_MENTION comment="" head="" m_id="8" syntactic_type="">
<token_anchor t_id="5"/>
<token_anchor t_id="6"/>
<token_anchor t_id="7"/>
</ENTITY_MENTION>
<ENTITY_MENTION comment="" head="" m_id="9" syntactic_type="">
<token_anchor t_id="88"/>
</ENTITY_MENTION>
<ENTITY_MENTION comment="" head="" m_id="10" syntactic_type="NAM">
<token_anchor t_id="6"/>
<token_anchor t_id="7"/>
</ENTITY_MENTION>
<ENTITY_MENTION comment="" head="" m_id="11" syntactic_type="NAM">
<token_anchor t_id="91"/>
</ENTITY_MENTION>
<ENTITY_MENTION comment="" head="" m_id="12" syntactic_type="NAM">
<token_anchor t_id="33"/>
<token_anchor t_id="34"/>
</ENTITY_MENTION>
<ENTITY_MENTION comment="" head="" m_id="13" syntactic_type="NAM">
<token_anchor t_id="96"/>
<token_anchor t_id="97"/>
<token_anchor t_id="98"/>
</ENTITY_MENTION>
<ENTITY_MENTION comment="" head="" m_id="14" syntactic_type="NAM">
<token_anchor t_id="116"/>
</ENTITY_MENTION>
<ENTITY_MENTION comment="" head="" m_id="15" syntactic_type="NAM">
<token_anchor t_id="107"/>
</ENTITY_MENTION>
<ENTITY_MENTION comment="" head="" m_id="16" syntactic_type="">
<token_anchor t_id="123"/>
</ENTITY_MENTION>
<ENTITY_MENTION comment="" head="" m_id="17" syntactic_type="NAM">
<token_anchor t_id="12"/>
<token_anchor t_id="13"/>
<token_anchor t_id="14"/>
<token_anchor t_id="15"/>
<token_anchor t_id="16"/>
<token_anchor t_id="17"/>
</ENTITY_MENTION>
<ENTITY_MENTION comment="" head="" m_id="18" syntactic_type="">
<token_anchor t_id="22"/>
</ENTITY_MENTION>
<EVENT_MENTION aspect="NONE" certainty="CERTAIN" comment="" m_id="28" modality="" polarity="POS" pos="VERB" pred="exercise" special_cases="NONE" tense="PRESENT" time="NON_FUTURE">
<token_anchor t_id="2"/>
</EVENT_MENTION>
<EVENT_MENTION aspect="NONE" certainty="CERTAIN" comment="" m_id="29" modality="" polarity="POS" pos="VERB" pred="announce" special_cases="NONE" tense="PAST" time="NON_FUTURE">
<token_anchor t_id="19"/>
</EVENT_MENTION>
<EVENT_MENTION aspect="PROGRESSIVE" certainty="CERTAIN" comment="" m_id="30" modality="" polarity="POS" pos="VERB" pred="exercise" special_cases="NONE" tense="PRESENT" time="NON_FUTURE">
<token_anchor t_id="24"/>
</EVENT_MENTION>
<EVENT_MENTION aspect="NONE" certainty="CERTAIN" comment="" m_id="31" modality="" polarity="POS" pos="VERB" pred="puchase" special_cases="NONE" tense="INFINITIVE" time="NON_FUTURE">
<token_anchor t_id="30"/>
</EVENT_MENTION>
<EVENT_MENTION aspect="" certainty="CERTAIN" comment="" m_id="32" modality="" polarity="POS" pos="VERB" pred="purchase" special_cases="NONE" tense="" time="NON_FUTURE">
<token_anchor t_id="36"/>
</EVENT_MENTION>
<EVENT_MENTION aspect="NONE" certainty="CERTAIN" comment="" m_id="33" modality="" polarity="POS" pos="VERB" pred="bring" special_cases="NONE" tense="PRESENT" time="NON_FUTURE">
<token_anchor t_id="37"/>
</EVENT_MENTION>
<EVENT_MENTION aspect="NONE" certainty="CERTAIN" comment="" m_id="34" modality="" polarity="POS" pos="NOUN" pred="order" special_cases="NONE" tense="NONE" time="NON_FUTURE">
<token_anchor t_id="44"/>
</EVENT_MENTION>
<EVENT_MENTION aspect="NONE" certainty="CERTAIN" comment="" m_id="35" modality="" polarity="POS" pos="VERB" pred="come" special_cases="NONE" tense="PRESENT" time="NON_FUTURE">
<token_anchor t_id="57"/>
</EVENT_MENTION>
<EVENT_MENTION aspect="NONE" certainty="CERTAIN" comment="" m_id="36" modality="" polarity="POS" pos="VERB" pred="fit" special_cases="NONE" tense="FUTURE" time="FUTURE">
<token_anchor t_id="65"/>
</EVENT_MENTION>
<EVENT_MENTION aspect="NONE" certainty="CERTAIN" comment="" m_id="37" modality="" polarity="POS" pos="VERB" pred="boost" special_cases="NONE" tense="INFINITIVE" time="FUTURE">
<token_anchor t_id="70"/>
</EVENT_MENTION>
<EVENT_MENTION aspect="NONE" certainty="CERTAIN" comment="" m_id="38" modality="" polarity="POS" pos="NOUN" pred="fuel efficiency" special_cases="NONE" tense="NONE" time="FUTURE">
<token_anchor t_id="71"/>
<token_anchor t_id="72"/>
</EVENT_MENTION>
<EVENT_MENTION aspect="NONE" certainty="CERTAIN" comment="" m_id="39" modality="" polarity="POS" pos="VERB" pred="justify" special_cases="NONE" tense="PAST" time="NON_FUTURE">
<token_anchor t_id="87"/>
</EVENT_MENTION>
<EVENT_MENTION aspect="NONE" certainty="CERTAIN" comment="" m_id="40" modality="" polarity="POS" pos="NOUN" pred="choice" special_cases="NONE" tense="NONE" time="NON_FUTURE">
<token_anchor t_id="89"/>
</EVENT_MENTION>
<EVENT_MENTION aspect="NONE" certainty="CERTAIN" comment="" m_id="41" modality="" polarity="POS" pos="VERB" pred="say" special_cases="NONE" tense="PRESPART" time="NON_FUTURE">
<token_anchor t_id="93"/>
</EVENT_MENTION>
<EVENT_MENTION aspect="NONE" certainty="CERTAIN" comment="" m_id="42" modality="" polarity="POS" pos="VERB" pred="have" special_cases="NONE" tense="PRESENT" time="NON_FUTURE">
<token_anchor t_id="99"/>
</EVENT_MENTION>
<EVENT_MENTION aspect="NONE" certainty="CERTAIN" comment="" m_id="43" modality="" polarity="POS" pos="NOUN" pred="reliability" special_cases="NONE" tense="NONE" time="NON_FUTURE">
<token_anchor t_id="103"/>
</EVENT_MENTION>
<EVENT_MENTION aspect="NONE" certainty="CERTAIN" comment="" m_id="44" modality="" polarity="POS" pos="VERB" pred="ensure" special_cases="NONE" tense="PRESENT" time="NON_FUTURE">
<token_anchor t_id="105"/>
</EVENT_MENTION>
<EVENT_MENTION aspect="NONE" certainty="CERTAIN" comment="" m_id="45" modality="" polarity="POS" pos="VERB" pred="be" special_cases="GEN" tense="PRESENT" time="NON_FUTURE">
<token_anchor t_id="108"/>
</EVENT_MENTION>
<EVENT_MENTION aspect="NONE" certainty="CERTAIN" comment="" m_id="46" modality="" polarity="POS" pos="VERB" pred="have" special_cases="GEN" tense="PRESENT" time="NON_FUTURE">
<token_anchor t_id="124"/>
</EVENT_MENTION>
<TIMEX3 anchorTimeID="47" beginPoint="" comment="" endPoint="" functionInDocument="CREATION_TIME" m_id="47" type="DATE" value="2005-06-13">
<token_anchor t_id="8"/>
<token_anchor t_id="9"/>
<token_anchor t_id="10"/>
<token_anchor t_id="11"/>
</TIMEX3>
<TIMEX3 anchorTimeID="47" beginPoint="" comment="" endPoint="" functionInDocument="NONE" m_id="48" type="DATE" value="2005-06-13">
<token_anchor t_id="20"/>
</TIMEX3>
<VALUE comment="" m_id="51" type="QUANTITY">
<token_anchor t_id="50"/>
</VALUE>
<VALUE comment="" m_id="52" type="PERCENT">
<token_anchor t_id="74"/>
<token_anchor t_id="75"/>
<token_anchor t_id="76"/>
<token_anchor t_id="77"/>
<token_anchor t_id="78"/>
</VALUE>
<VALUE comment="" m_id="49" type="QUANTITY">
<token_anchor t_id="5"/>
</VALUE>
<VALUE comment="" m_id="50" type="QUANTITY">
<token_anchor t_id="31"/>
</VALUE>











<EVENT TAG_DESCRIPTOR="fitted VUA" class="OTHER" instance_id="OTH39662318813250972" m_id="139"/>
<EVENT TAG_DESCRIPTOR="come VUA" class="OTHER" instance_id="OTH39661994074227549" m_id="137"/>

<EVENT TAG_DESCRIPTOR="boost VUA" class="OTHER" instance_id="OTH39660822346170023" m_id="134"/>



<EVENT TAG_DESCRIPTOR="fuel efficiency" class="OTHER" instance_id="OTH39662479817353310" m_id="156"/>

<EVENT TAG_DESCRIPTOR="ensures VUA" class="SPEECH_COGNITIVE" instance_id="SPE39663619540604809" m_id="153"/>
<EVENT TAG_DESCRIPTOR="choice VUA" class="OTHER" instance_id="OTH39661827931553051" m_id="152"/>
<EVENT TAG_DESCRIPTOR="announced VUA" class="SPEECH_COGNITIVE" instance_id="SPE39663466675670304" m_id="151"/>
<EVENT TAG_DESCRIPTOR="exercises VUA" class="OTHER" instance_id="OTH39662149497858879" m_id="150"/>
<EVENT TAG_DESCRIPTOR="say VUA" class="SPEECH_COGNITIVE" instance_id="SPE39663894710105847" m_id="149"/>
<EVENT TAG_DESCRIPTOR="orders VUA" class="OTHER" instance_id="OTH39662588519456648" m_id="148"/>
<EVENT TAG_DESCRIPTOR="reliability VUA" class="OTHER" instance_id="OTH39663360162976689" m_id="147"/>
<EVENT TAG_DESCRIPTOR="has" class="GRAMMATICAL" comment="" external_ref="" m_id="69"/>
<EVENT TAG_DESCRIPTOR="is" class="GRAMMATICAL" comment="" external_ref="" m_id="68"/>
<EVENT TAG_DESCRIPTOR="brings VUA" class="OTHER" instance_id="OTH39660952539390865" m_id="144"/>

<EVENT TAG_DESCRIPTOR="has" class="GRAMMATICAL" comment="" external_ref="" m_id="65"/>

<EVENT TAG_DESCRIPTOR="purchase VUA" class="OTHER" instance_id="OTH39662748410351348" m_id="141"/>
<EVENT TAG_DESCRIPTOR="justified VUA" class="SPEECH_COGNITIVE" instance_id="SPE39663765004543308" m_id="140"/>
<ENTITY TAG_DESCRIPTOR="Europe" ent_type="LOC" external_ref="http://dbpedia.org/resource/Europe" instance_id="LOC27735665947140158" m_id="138"/>
<ENTITY TAG_DESCRIPTOR="Boeing 737 airliner" ent_type="PRO" external_ref="http://dbpedia.org/page/Boeing_737" instance_id="PRO27981186855435884" m_id="136"/>
<ENTITY TAG_DESCRIPTOR="5 new 737 aircraft" ent_type="PRO" instance_id="PRO39477509645841750" m_id="133"/>
<ENTITY TAG_DESCRIPTOR="option (finance)" ent_type="FIN" instance_id="FIN39477410956507459" m_id="162"/>
<ENTITY TAG_DESCRIPTOR="Blended winglets" ent_type="PRO" instance_id="PRO39477531737033009" m_id="160"/>
<ENTITY TAG_DESCRIPTOR="Lowest cost" ent_type="FIN" instance_id="FIN39477479261434299" m_id="158"/>
<ENTITY TAG_DESCRIPTOR="The 737-800 range" ent_type="PRO" instance_id="PRO39477555731536083" m_id="157"/>
<ENTITY TAG_DESCRIPTOR="Ryanair" ent_type="ORG" external_ref="http://dbpedia.org/page/Ryanair" instance_id="ORG37154720662549110" m_id="154"/>
<ENTITY TAG_DESCRIPTOR="Michael O'Leary (CEO of Ryanair)" ent_type="PER" external_ref="http://dbpedia.org/page/Michael_O%27Leary_(businessman)" instance_id="PER27984739632915023" m_id="146"/>
<ENTITY TAG_DESCRIPTOR="Boeing" ent_type="ORG" external_ref="http://dbpedia.org/page/Boeing" instance_id="ORG37154719725500990" m_id="145"/>
</Markables>
<Relations>
<SLINK r_id="244893">
<source m_id="29"/>
<target m_id="30"/>
</SLINK>
<SLINK r_id="244894">
<source m_id="39"/>
<target m_id="40"/>
</SLINK>
<SLINK r_id="244895">
<source m_id="41"/>
<target m_id="42"/>
</SLINK>
<GLINK r_id="244896">
<source m_id="42"/>
<target m_id="43"/>
</GLINK>
<SLINK r_id="244897">
<source m_id="41"/>
<target m_id="44"/>
</SLINK>
<HAS_PARTICIPANT comment="" frame="" frame_element="" r_id="244898" sem_role="Arg0" sem_role_framework="PROPBANK">
<source m_id="29"/>
<target m_id="17"/>
</HAS_PARTICIPANT>
<HAS_PARTICIPANT comment="" frame="" frame_element="" r_id="244899" sem_role="Arg0" sem_role_framework="PROPBANK">
<source m_id="30"/>
<target m_id="18"/>
</HAS_PARTICIPANT>
<HAS_PARTICIPANT comment="" frame="" frame_element="" r_id="244900" sem_role="Arg1" sem_role_framework="PROPBANK">
<source m_id="30"/>
<target m_id="27"/>
</HAS_PARTICIPANT>
<HAS_PARTICIPANT comment="" frame="" frame_element="" r_id="244901" sem_role="Arg0" sem_role_framework="PROPBANK">
<source m_id="31"/>
<target m_id="18"/>
</HAS_PARTICIPANT>
<HAS_PARTICIPANT comment="" frame="" frame_element="" r_id="244902" sem_role="Arg1" sem_role_framework="PROPBANK">
<source m_id="31"/>
<target m_id="22"/>
</HAS_PARTICIPANT>
<HAS_PARTICIPANT comment="" frame="" frame_element="" r_id="244903" sem_role="Arg2" sem_role_framework="PROPBANK">
<source m_id="33"/>
<target m_id="24"/>
</HAS_PARTICIPANT>
<HAS_PARTICIPANT comment="" frame="" frame_element="" r_id="244904" sem_role="Arg0" sem_role_framework="PROPBANK">
<source m_id="34"/>
<target m_id="24"/>
</HAS_PARTICIPANT>
<HAS_PARTICIPANT comment="" frame="" frame_element="" r_id="244905" sem_role="Arg3" sem_role_framework="PROPBANK">
<source m_id="34"/>
<target m_id="26"/>
</HAS_PARTICIPANT>
<HAS_PARTICIPANT comment="" frame="" frame_element="" r_id="244906" sem_role="Arg0" sem_role_framework="PROPBANK">
<source m_id="35"/>
<target m_id="3"/>
</HAS_PARTICIPANT>
<HAS_PARTICIPANT comment="" frame="" frame_element="" r_id="244907" sem_role="Arg3" sem_role_framework="PROPBANK">
<source m_id="35"/>
<target m_id="4"/>
</HAS_PARTICIPANT>
<HAS_PARTICIPANT comment="" frame="" frame_element="" r_id="244908" sem_role="Arg1" sem_role_framework="PROPBANK">
<source m_id="36"/>
<target m_id="1"/>
</HAS_PARTICIPANT>
<HAS_PARTICIPANT comment="" frame="" frame_element="" r_id="244909" sem_role="Arg2" sem_role_framework="PROPBANK">
<source m_id="36"/>
<target m_id="5"/>
</HAS_PARTICIPANT>
<HAS_PARTICIPANT comment="" frame="" frame_element="" r_id="244910" sem_role="Arg0" sem_role_framework="PROPBANK">
<source m_id="37"/>
<target m_id="5"/>
</HAS_PARTICIPANT>
<HAS_PARTICIPANT comment="" frame="" frame_element="" r_id="244911" sem_role="Arg2" sem_role_framework="PROPBANK">
<source m_id="37"/>
<target m_id="52"/>
</HAS_PARTICIPANT>
<HAS_PARTICIPANT comment="" frame="" frame_element="" r_id="244912" sem_role="Arg1" sem_role_framework="PROPBANK">
<source m_id="38"/>
<target m_id="5"/>
</HAS_PARTICIPANT>
<HAS_PARTICIPANT comment="" frame="" frame_element="" r_id="244913" sem_role="Arg0" sem_role_framework="PROPBANK">
<source m_id="39"/>
<target m_id="7"/>
</HAS_PARTICIPANT>
<HAS_PARTICIPANT comment="" frame="" frame_element="" r_id="244914" sem_role="Arg0" sem_role_framework="PROPBANK">
<source m_id="40"/>
<target m_id="9"/>
</HAS_PARTICIPANT>
<HAS_PARTICIPANT comment="" frame="" frame_element="" r_id="244915" sem_role="Arg1" sem_role_framework="PROPBANK">
<source m_id="40"/>
<target m_id="11"/>
</HAS_PARTICIPANT>
<HAS_PARTICIPANT comment="" frame="" frame_element="" r_id="244916" sem_role="Arg0" sem_role_framework="PROPBANK">
<source m_id="41"/>
<target m_id="7"/>
</HAS_PARTICIPANT>
<HAS_PARTICIPANT comment="" frame="" frame_element="" r_id="244917" sem_role="Arg0" sem_role_framework="PROPBANK">
<source m_id="42"/>
<target m_id="13"/>
</HAS_PARTICIPANT>
<HAS_PARTICIPANT comment="" frame="" frame_element="" r_id="244918" sem_role="Arg0" sem_role_framework="PROPBANK">
<source m_id="44"/>
<target m_id="13"/>
</HAS_PARTICIPANT>
<HAS_PARTICIPANT comment="" frame="" frame_element="" r_id="244919" sem_role="Arg1" sem_role_framework="PROPBANK">
<source m_id="45"/>
<target m_id="15"/>
</HAS_PARTICIPANT>
<HAS_PARTICIPANT comment="" frame="" frame_element="" r_id="244920" sem_role="Arg2" sem_role_framework="PROPBANK">
<source m_id="45"/>
<target m_id="20"/>
</HAS_PARTICIPANT>
<HAS_PARTICIPANT comment="" frame="" frame_element="" r_id="244921" sem_role="Arg0" sem_role_framework="PROPBANK">
<source m_id="46"/>
<target m_id="16"/>
</HAS_PARTICIPANT>
<HAS_PARTICIPANT comment="" frame="" frame_element="" r_id="244922" sem_role="Arg1" sem_role_framework="PROPBANK">
<source m_id="46"/>
<target m_id="23"/>
</HAS_PARTICIPANT>
<TLINK comment="" r_id="244923" reltype="SIMULTANEOUS" signalID="">
<source m_id="47"/>
<target m_id="48"/>
</TLINK>
<TLINK comment="" r_id="244924" reltype="IS_INCLUDED" signalID="">
<source m_id="29"/>
<target m_id="48"/>
</TLINK>
<TLINK comment="" r_id="244925" reltype="BEFORE" signalID="">
<source m_id="30"/>
<target m_id="31"/>
</TLINK>
<TLINK comment="" r_id="244926" reltype="SIMULTANEOUS" signalID="">
<source m_id="33"/>
<target m_id="34"/>
</TLINK>
<TLINK comment="" r_id="244927" reltype="BEFORE" signalID="">
<source m_id="36"/>
<target m_id="37"/>
</TLINK>
<TLINK comment="" r_id="244928" reltype="AFTER" signalID="">
<source m_id="39"/>
<target m_id="40"/>
</TLINK>
<TLINK comment="" r_id="244929" reltype="SIMULTANEOUS" signalID="">
<source m_id="41"/>
<target m_id="43"/>
</TLINK>
<TLINK comment="" r_id="244930" reltype="SIMULTANEOUS" signalID="">
<source m_id="44"/>
<target m_id="45"/>
</TLINK>
<TLINK comment="" r_id="244931" reltype="SIMULTANEOUS" signalID="">
<source m_id="45"/>
<target m_id="46"/>
</TLINK>
<SLINK r_id="244932">
<source m_id="44"/>
<target m_id="45"/>
</SLINK>
<HAS_PARTICIPANT comment="" frame="" frame_element="" r_id="244933" sem_role="Arg1" sem_role_framework="PROPBANK">
<source m_id="34"/>
<target m_id="51"/>
</HAS_PARTICIPANT>
<HAS_PARTICIPANT comment="" frame="" frame_element="" r_id="244938" sem_role="Arg0" sem_role_framework="PROPBANK">
<source m_id="28"/>
<target m_id="2"/>
</HAS_PARTICIPANT>
<HAS_PARTICIPANT comment="" frame="" frame_element="" r_id="244939" sem_role="Arg1" sem_role_framework="PROPBANK">
<source m_id="28"/>
<target m_id="6"/>
</HAS_PARTICIPANT>
<TLINK comment="" r_id="244940" reltype="SIMULTANEOUS" signalID="">
<source m_id="32"/>
<target m_id="33"/>
</TLINK>
<TLINK comment="" r_id="244941" reltype="SIMULTANEOUS" signalID="">
<source m_id="47"/>
<target m_id="35"/>
</TLINK>
<TLINK comment="" r_id="244942" reltype="BEFORE" signalID="">
<source m_id="36"/>
<target m_id="38"/>
</TLINK>
<TLINK comment="" r_id="244943" reltype="SIMULTANEOUS" signalID="">
<source m_id="42"/>
<target m_id="43"/>
</TLINK>

































<REFERS_TO r_id="161926">
<source m_id="29"/>
<target m_id="151"/>
</REFERS_TO>
<REFERS_TO r_id="161927">
<source m_id="30"/>
<source m_id="28"/>
<target m_id="150"/>
</REFERS_TO>
<REFERS_TO r_id="161928">
<source m_id="44"/>
<target m_id="153"/>
</REFERS_TO>
<REFERS_TO r_id="161929">
<source m_id="40"/>
<target m_id="152"/>
</REFERS_TO>

<REFERS_TO r_id="161931">
<source m_id="24"/>
<source m_id="25"/>
<source m_id="16"/>
<source m_id="18"/>
<source m_id="19"/>

<source m_id="84"/>
<source m_id="85"/>
<source m_id="2"/>

<source m_id="15"/>
<source m_id="17"/>


<target m_id="154"/>
</REFERS_TO>
<REFERS_TO r_id="161932">
<source m_id="13"/>
<source m_id="4"/>
<target m_id="157"/>
</REFERS_TO>
<REFERS_TO r_id="161933">
<source m_id="38"/>
<target m_id="156"/>
</REFERS_TO>

<REFERS_TO r_id="161935">
<source m_id="23"/>
<target m_id="158"/>
</REFERS_TO>
<REFERS_TO r_id="161936">
<source m_id="1"/>
<source m_id="8"/>
<source m_id="3"/>
<source m_id="22"/>
<target m_id="133"/>
</REFERS_TO>
<REFERS_TO r_id="161937">
<source m_id="35"/>
<target m_id="137"/>
</REFERS_TO>
<REFERS_TO r_id="161938">
<source m_id="42"/>
<target m_id="65"/>
</REFERS_TO>

<REFERS_TO r_id="161940">
<source m_id="37"/>
<target m_id="134"/>
</REFERS_TO>
<REFERS_TO r_id="161941">
<source m_id="45"/>
<target m_id="68"/>
</REFERS_TO>
<REFERS_TO r_id="161942">
<source m_id="46"/>
<target m_id="69"/>
</REFERS_TO>
<REFERS_TO r_id="161943">
<source m_id="36"/>
<target m_id="139"/>
</REFERS_TO>
<REFERS_TO r_id="161944">
<source m_id="14"/>
<target m_id="138"/>
</REFERS_TO>
<REFERS_TO r_id="161945">
<source m_id="7"/>
<source m_id="9"/>
<source m_id="82"/>
<source m_id="83"/>
<target m_id="146"/>
</REFERS_TO>
<REFERS_TO r_id="161946">
<source m_id="43"/>
<target m_id="147"/>
</REFERS_TO>
<REFERS_TO r_id="161947">
<source m_id="33"/>
<target m_id="144"/>
</REFERS_TO>
<REFERS_TO r_id="161948">
<source m_id="21"/>
<source m_id="26"/>
<source m_id="11"/>
<target m_id="145"/>
</REFERS_TO>


<REFERS_TO r_id="161951">
<source m_id="39"/>
<target m_id="140"/>
</REFERS_TO>
<REFERS_TO r_id="161952">
<source m_id="32"/>
<source m_id="31"/>
<target m_id="141"/>
</REFERS_TO>
<REFERS_TO r_id="161953">
<source m_id="34"/>
<target m_id="148"/>
</REFERS_TO>
<REFERS_TO r_id="161954">
<source m_id="41"/>
<target m_id="149"/>
</REFERS_TO>
<REFERS_TO r_id="161955">
<source m_id="5"/>
<target m_id="160"/>
</REFERS_TO>

<REFERS_TO r_id="161957">
<source m_id="6"/>
<source m_id="27"/>
<target m_id="162"/>
</REFERS_TO>

<REFERS_TO r_id="161959">
<source m_id="12"/>
<source m_id="10"/>
<target m_id="136"/>
</REFERS_TO>
</Relations>
</Document>