<?xml version="1.0" ?><Document doc_id="129865" doc_name="129865_Airbus_offers_funding_to_search_for_black_boxes_from_Air_France_disaster" lang="en" url="http://en.wikinews.org/wiki/Airbus_offers_funding_to_search_for_black_boxes_from_Air_France_disaster">
<token number="0" sentence="0" t_id="1">Airbus</token>
<token number="1" sentence="0" t_id="2">offers</token>
<token number="2" sentence="0" t_id="3">funding</token>
<token number="3" sentence="0" t_id="4">to</token>
<token number="4" sentence="0" t_id="5">search</token>
<token number="5" sentence="0" t_id="6">for</token>
<token number="6" sentence="0" t_id="7">black</token>
<token number="7" sentence="0" t_id="8">boxes</token>
<token number="8" sentence="0" t_id="9">from</token>
<token number="9" sentence="0" t_id="10">Air</token>
<token number="10" sentence="0" t_id="11">France</token>
<token number="11" sentence="0" t_id="12">disaster</token>
<token number="12" sentence="1" t_id="13">July</token>
<token number="13" sentence="1" t_id="14">30</token>
<token number="14" sentence="1" t_id="15">,</token>
<token number="15" sentence="1" t_id="16">2009</token>
<token number="16" sentence="2" t_id="17">Airbus</token>
<token number="17" sentence="2" t_id="18">have</token>
<token number="18" sentence="2" t_id="19">announced</token>
<token number="19" sentence="2" t_id="20">that</token>
<token number="20" sentence="2" t_id="21">they</token>
<token number="21" sentence="2" t_id="22">will</token>
<token number="22" sentence="2" t_id="23">be</token>
<token number="23" sentence="2" t_id="24">willing</token>
<token number="24" sentence="2" t_id="25">to</token>
<token number="25" sentence="2" t_id="26">contribute</token>
<token number="26" sentence="2" t_id="27">between</token>
<token number="27" sentence="2" t_id="28">$</token>
<token number="28" sentence="2" t_id="29">12</token>
<token number="29" sentence="2" t_id="30">million</token>
<token number="30" sentence="2" t_id="31">and</token>
<token number="31" sentence="2" t_id="32">$</token>
<token number="32" sentence="2" t_id="33">20</token>
<token number="33" sentence="2" t_id="34">million</token>
<token number="34" sentence="2" t_id="35">(</token>
<token number="35" sentence="2" t_id="36">about</token>
<token number="36" sentence="2" t_id="37">US$</token>
<token number="37" sentence="2" t_id="38">16</token>
<token number="38" sentence="2" t_id="39">million</token>
<token number="39" sentence="2" t_id="40">to</token>
<token number="40" sentence="2" t_id="41">$</token>
<token number="41" sentence="2" t_id="42">28</token>
<token number="42" sentence="2" t_id="43">million</token>
<token number="43" sentence="2" t_id="44">)</token>
<token number="44" sentence="2" t_id="45">to</token>
<token number="45" sentence="2" t_id="46">fund</token>
<token number="46" sentence="2" t_id="47">an</token>
<token number="47" sentence="2" t_id="48">extended</token>
<token number="48" sentence="2" t_id="49">search</token>
<token number="49" sentence="2" t_id="50">for</token>
<token number="50" sentence="2" t_id="51">the</token>
<token number="51" sentence="2" t_id="52">black</token>
<token number="52" sentence="2" t_id="53">boxes</token>
<token number="53" sentence="2" t_id="54">from</token>
<token number="54" sentence="2" t_id="55">Air</token>
<token number="55" sentence="2" t_id="56">France</token>
<token number="56" sentence="2" t_id="57">Flight</token>
<token number="57" sentence="2" t_id="58">447</token>
<token number="58" sentence="2" t_id="59">.</token>
<token number="59" sentence="3" t_id="60">The</token>
<token number="60" sentence="3" t_id="61">Airbus</token>
<token number="61" sentence="3" t_id="62">A330</token>
<token number="62" sentence="3" t_id="63">jetliner</token>
<token number="63" sentence="3" t_id="64">crashed</token>
<token number="64" sentence="3" t_id="65">into</token>
<token number="65" sentence="3" t_id="66">the</token>
<token number="66" sentence="3" t_id="67">Atlantic</token>
<token number="67" sentence="3" t_id="68">Ocean</token>
<token number="68" sentence="3" t_id="69">in</token>
<token number="69" sentence="3" t_id="70">June</token>
<token number="70" sentence="3" t_id="71">,</token>
<token number="71" sentence="3" t_id="72">killing</token>
<token number="72" sentence="3" t_id="73">all</token>
<token number="73" sentence="3" t_id="74">228</token>
<token number="74" sentence="3" t_id="75">people</token>
<token number="75" sentence="3" t_id="76">on</token>
<token number="76" sentence="3" t_id="77">board</token>
<token number="77" sentence="3" t_id="78">.</token>
<token number="78" sentence="4" t_id="79">Chief</token>
<token number="79" sentence="4" t_id="80">executive</token>
<token number="80" sentence="4" t_id="81">Thomas</token>
<token number="81" sentence="4" t_id="82">Enders</token>
<token number="82" sentence="4" t_id="83">said</token>
<token number="83" sentence="4" t_id="84">in</token>
<token number="84" sentence="4" t_id="85">a</token>
<token number="85" sentence="4" t_id="86">statement</token>
<token number="86" sentence="4" t_id="87">,</token>
<token number="87" sentence="4" t_id="88">``</token>
<token number="88" sentence="4" t_id="89">We</token>
<token number="89" sentence="4" t_id="90">want</token>
<token number="90" sentence="4" t_id="91">to</token>
<token number="91" sentence="4" t_id="92">know</token>
<token number="92" sentence="4" t_id="93">what</token>
<token number="93" sentence="4" t_id="94">happened</token>
<token number="94" sentence="4" t_id="95">,</token>
<token number="95" sentence="4" t_id="96">as</token>
<token number="96" sentence="4" t_id="97">improving</token>
<token number="97" sentence="4" t_id="98">air</token>
<token number="98" sentence="4" t_id="99">safety</token>
<token number="99" sentence="4" t_id="100">is</token>
<token number="100" sentence="4" t_id="101">our</token>
<token number="101" sentence="4" t_id="102">top</token>
<token number="102" sentence="4" t_id="103">priority</token>
<token number="103" sentence="4" t_id="104">.</token>
<token number="104" sentence="5" t_id="105">We</token>
<token number="105" sentence="5" t_id="106">are</token>
<token number="106" sentence="5" t_id="107">fully</token>
<token number="107" sentence="5" t_id="108">committed</token>
<token number="108" sentence="5" t_id="109">to</token>
<token number="109" sentence="5" t_id="110">support</token>
<token number="110" sentence="5" t_id="111">the</token>
<token number="111" sentence="5" t_id="112">extension</token>
<token number="112" sentence="5" t_id="113">of</token>
<token number="113" sentence="5" t_id="114">the</token>
<token number="114" sentence="5" t_id="115">search</token>
<token number="115" sentence="5" t_id="116">with</token>
<token number="116" sentence="5" t_id="117">a</token>
<token number="117" sentence="5" t_id="118">significant</token>
<token number="118" sentence="5" t_id="119">contribution</token>
<token number="119" sentence="5" t_id="120">.</token>
<token number="120" sentence="5" t_id="121">''</token>
<token number="121" sentence="6" t_id="122">Although</token>
<token number="122" sentence="6" t_id="123">airframers</token>
<token number="123" sentence="6" t_id="124">normally</token>
<token number="124" sentence="6" t_id="125">supply</token>
<token number="125" sentence="6" t_id="126">technical</token>
<token number="126" sentence="6" t_id="127">assistance</token>
<token number="127" sentence="6" t_id="128">to</token>
<token number="128" sentence="6" t_id="129">investigations</token>
<token number="129" sentence="6" t_id="130">,</token>
<token number="130" sentence="6" t_id="131">the</token>
<token number="131" sentence="6" t_id="132">required</token>
<token number="132" sentence="6" t_id="133">impartiality</token>
<token number="133" sentence="6" t_id="134">makes</token>
<token number="134" sentence="6" t_id="135">funding</token>
<token number="135" sentence="6" t_id="136">rare</token>
<token number="136" sentence="6" t_id="137">,</token>
<token number="137" sentence="6" t_id="138">with</token>
<token number="138" sentence="6" t_id="139">Airbus</token>
<token number="139" sentence="6" t_id="140">spokesman</token>
<token number="140" sentence="6" t_id="141">Stefan</token>
<token number="141" sentence="6" t_id="142">Schaffrath</token>
<token number="142" sentence="6" t_id="143">saying</token>
<token number="143" sentence="6" t_id="144">the</token>
<token number="144" sentence="6" t_id="145">company</token>
<token number="145" sentence="6" t_id="146">'s</token>
<token number="146" sentence="6" t_id="147">move</token>
<token number="147" sentence="6" t_id="148">was</token>
<token number="148" sentence="6" t_id="149">unprecedented</token>
<token number="149" sentence="6" t_id="150">.</token>
<token number="150" sentence="7" t_id="151">``</token>
<token number="151" sentence="7" t_id="152">This</token>
<token number="152" sentence="7" t_id="153">is</token>
<token number="153" sentence="7" t_id="154">an</token>
<token number="154" sentence="7" t_id="155">exceptional</token>
<token number="155" sentence="7" t_id="156">accident</token>
<token number="156" sentence="7" t_id="157">and</token>
<token number="157" sentence="7" t_id="158">an</token>
<token number="158" sentence="7" t_id="159">exceptional</token>
<token number="159" sentence="7" t_id="160">situation</token>
<token number="160" sentence="7" t_id="161">,</token>
<token number="161" sentence="7" t_id="162">''</token>
<token number="162" sentence="7" t_id="163">Schaffrath</token>
<token number="163" sentence="7" t_id="164">explained</token>
<token number="164" sentence="7" t_id="165">.</token>
<token number="165" sentence="8" t_id="166">France</token>
<token number="166" sentence="8" t_id="167">'s</token>
<token number="167" sentence="8" t_id="168">investigative</token>
<token number="168" sentence="8" t_id="169">agency</token>
<token number="169" sentence="8" t_id="170">BEA</token>
<token number="170" sentence="8" t_id="171">has</token>
<token number="171" sentence="8" t_id="172">requested</token>
<token number="172" sentence="8" t_id="173">financial</token>
<token number="173" sentence="8" t_id="174">assistance</token>
<token number="174" sentence="8" t_id="175">for</token>
<token number="175" sentence="8" t_id="176">the</token>
<token number="176" sentence="8" t_id="177">search</token>
<token number="177" sentence="8" t_id="178">from</token>
<token number="178" sentence="8" t_id="179">both</token>
<token number="179" sentence="8" t_id="180">Airbus</token>
<token number="180" sentence="8" t_id="181">and</token>
<token number="181" sentence="8" t_id="182">Air</token>
<token number="182" sentence="8" t_id="183">France</token>
<token number="183" sentence="8" t_id="184">.</token>
<token number="184" sentence="9" t_id="185">Air</token>
<token number="185" sentence="9" t_id="186">France</token>
<token number="186" sentence="9" t_id="187">have</token>
<token number="187" sentence="9" t_id="188">discussed</token>
<token number="188" sentence="9" t_id="189">this</token>
<token number="189" sentence="9" t_id="190">possibility</token>
<token number="190" sentence="9" t_id="191">with</token>
<token number="191" sentence="9" t_id="192">the</token>
<token number="192" sentence="9" t_id="193">BEA</token>
<token number="193" sentence="9" t_id="194">.</token>
<token number="194" sentence="10" t_id="195">Investigators</token>
<token number="195" sentence="10" t_id="196">have</token>
<token number="196" sentence="10" t_id="197">already</token>
<token number="197" sentence="10" t_id="198">given</token>
<token number="198" sentence="10" t_id="199">up</token>
<token number="199" sentence="10" t_id="200">looking</token>
<token number="200" sentence="10" t_id="201">for</token>
<token number="201" sentence="10" t_id="202">the</token>
<token number="202" sentence="10" t_id="203">cockpit</token>
<token number="203" sentence="10" t_id="204">voice</token>
<token number="204" sentence="10" t_id="205">recorder</token>
<token number="205" sentence="10" t_id="206">and</token>
<token number="206" sentence="10" t_id="207">flight</token>
<token number="207" sentence="10" t_id="208">data</token>
<token number="208" sentence="10" t_id="209">recorder</token>
<token number="209" sentence="10" t_id="210">using</token>
<token number="210" sentence="10" t_id="211">the</token>
<token number="211" sentence="10" t_id="212">conventional</token>
<token number="212" sentence="10" t_id="213">method</token>
<token number="213" sentence="10" t_id="214">of</token>
<token number="214" sentence="10" t_id="215">tracing</token>
<token number="215" sentence="10" t_id="216">audio</token>
<token number="216" sentence="10" t_id="217">`</token>
<token number="217" sentence="10" t_id="218">pingers</token>
<token number="218" sentence="10" t_id="219">'</token>
<token number="219" sentence="10" t_id="220">,</token>
<token number="220" sentence="10" t_id="221">the</token>
<token number="221" sentence="10" t_id="222">batteries</token>
<token number="222" sentence="10" t_id="223">of</token>
<token number="223" sentence="10" t_id="224">which</token>
<token number="224" sentence="10" t_id="225">would</token>
<token number="225" sentence="10" t_id="226">have</token>
<token number="226" sentence="10" t_id="227">expired</token>
<token number="227" sentence="10" t_id="228">after</token>
<token number="228" sentence="10" t_id="229">30</token>
<token number="229" sentence="10" t_id="230">--</token>
<token number="230" sentence="10" t_id="231">40</token>
<token number="231" sentence="10" t_id="232">days</token>
<token number="232" sentence="10" t_id="233">.</token>
<token number="233" sentence="11" t_id="234">Efforts</token>
<token number="234" sentence="11" t_id="235">are</token>
<token number="235" sentence="11" t_id="236">ongoing</token>
<token number="236" sentence="11" t_id="237">using</token>
<token number="237" sentence="11" t_id="238">sensitive</token>
<token number="238" sentence="11" t_id="239">equipment</token>
<token number="239" sentence="11" t_id="240">under</token>
<token number="240" sentence="11" t_id="241">tow</token>
<token number="241" sentence="11" t_id="242">from</token>
<token number="242" sentence="11" t_id="243">a</token>
<token number="243" sentence="11" t_id="244">French</token>
<token number="244" sentence="11" t_id="245">naval</token>
<token number="245" sentence="11" t_id="246">vessel</token>
<token number="246" sentence="11" t_id="247">,</token>
<token number="247" sentence="11" t_id="248">but</token>
<token number="248" sentence="11" t_id="249">if</token>
<token number="249" sentence="11" t_id="250">this</token>
<token number="250" sentence="11" t_id="251">search</token>
<token number="251" sentence="11" t_id="252">proves</token>
<token number="252" sentence="11" t_id="253">fruitless</token>
<token number="253" sentence="11" t_id="254">then</token>
<token number="254" sentence="11" t_id="255">the</token>
<token number="255" sentence="11" t_id="256">BEA</token>
<token number="256" sentence="11" t_id="257">will</token>
<token number="257" sentence="11" t_id="258">seek</token>
<token number="258" sentence="11" t_id="259">money</token>
<token number="259" sentence="11" t_id="260">for</token>
<token number="260" sentence="11" t_id="261">a</token>
<token number="261" sentence="11" t_id="262">further</token>
<token number="262" sentence="11" t_id="263">three-month</token>
<token number="263" sentence="11" t_id="264">search</token>
<token number="264" sentence="11" t_id="265">.</token>
<token number="265" sentence="12" t_id="266">The</token>
<token number="266" sentence="12" t_id="267">jet</token>
<token number="267" sentence="12" t_id="268">'s</token>
<token number="268" sentence="12" t_id="269">Aircraft</token>
<token number="269" sentence="12" t_id="270">Communications</token>
<token number="270" sentence="12" t_id="271">Addressing</token>
<token number="271" sentence="12" t_id="272">and</token>
<token number="272" sentence="12" t_id="273">Reporting</token>
<token number="273" sentence="12" t_id="274">System</token>
<token number="274" sentence="12" t_id="275">(</token>
<token number="275" sentence="12" t_id="276">ACARS</token>
<token number="276" sentence="12" t_id="277">)</token>
<token number="277" sentence="12" t_id="278">was</token>
<token number="278" sentence="12" t_id="279">able</token>
<token number="279" sentence="12" t_id="280">to</token>
<token number="280" sentence="12" t_id="281">transmit</token>
<token number="281" sentence="12" t_id="282">information</token>
<token number="282" sentence="12" t_id="283">regarding</token>
<token number="283" sentence="12" t_id="284">problems</token>
<token number="284" sentence="12" t_id="285">on</token>
<token number="285" sentence="12" t_id="286">board</token>
<token number="286" sentence="12" t_id="287">prior</token>
<token number="287" sentence="12" t_id="288">to</token>
<token number="288" sentence="12" t_id="289">the</token>
<token number="289" sentence="12" t_id="290">crash</token>
<token number="290" sentence="12" t_id="291">.</token>
<token number="291" sentence="13" t_id="292">The</token>
<token number="292" sentence="13" t_id="293">ACARS</token>
<token number="293" sentence="13" t_id="294">data</token>
<token number="294" sentence="13" t_id="295">suggests</token>
<token number="295" sentence="13" t_id="296">that</token>
<token number="296" sentence="13" t_id="297">the</token>
<token number="297" sentence="13" t_id="298">plane</token>
<token number="298" sentence="13" t_id="299">had</token>
<token number="299" sentence="13" t_id="300">suffered</token>
<token number="300" sentence="13" t_id="301">from</token>
<token number="301" sentence="13" t_id="302">a</token>
<token number="302" sentence="13" t_id="303">loss</token>
<token number="303" sentence="13" t_id="304">of</token>
<token number="304" sentence="13" t_id="305">valuable</token>
<token number="305" sentence="13" t_id="306">readings</token>
<token number="306" sentence="13" t_id="307">including</token>
<token number="307" sentence="13" t_id="308">airspeed</token>
<token number="308" sentence="13" t_id="309">,</token>
<token number="309" sentence="13" t_id="310">leading</token>
<token number="310" sentence="13" t_id="311">suspicion</token>
<token number="311" sentence="13" t_id="312">to</token>
<token number="312" sentence="13" t_id="313">fall</token>
<token number="313" sentence="13" t_id="314">on</token>
<token number="314" sentence="13" t_id="315">the</token>
<token number="315" sentence="13" t_id="316">pitot-static</token>
<token number="316" sentence="13" t_id="317">system</token>
<token number="317" sentence="13" t_id="318">which</token>
<token number="318" sentence="13" t_id="319">supplies</token>
<token number="319" sentence="13" t_id="320">various</token>
<token number="320" sentence="13" t_id="321">measurements</token>
<token number="321" sentence="13" t_id="322">.</token>
<token number="322" sentence="14" t_id="323">Airbus</token>
<token number="323" sentence="14" t_id="324">had</token>
<token number="324" sentence="14" t_id="325">already</token>
<token number="325" sentence="14" t_id="326">recommended</token>
<token number="326" sentence="14" t_id="327">that</token>
<token number="327" sentence="14" t_id="328">one</token>
<token number="328" sentence="14" t_id="329">component</token>
<token number="329" sentence="14" t_id="330">of</token>
<token number="330" sentence="14" t_id="331">this</token>
<token number="331" sentence="14" t_id="332">system</token>
<token number="332" sentence="14" t_id="333">,</token>
<token number="333" sentence="14" t_id="334">the</token>
<token number="334" sentence="14" t_id="335">pitot</token>
<token number="335" sentence="14" t_id="336">tubes</token>
<token number="336" sentence="14" t_id="337">,</token>
<token number="337" sentence="14" t_id="338">be</token>
<token number="338" sentence="14" t_id="339">replaced</token>
<token number="339" sentence="14" t_id="340">on</token>
<token number="340" sentence="14" t_id="341">A330s</token>
<token number="341" sentence="14" t_id="342">.</token>
<token number="342" sentence="15" t_id="343">Air</token>
<token number="343" sentence="15" t_id="344">France</token>
<token number="344" sentence="15" t_id="345">had</token>
<token number="345" sentence="15" t_id="346">not</token>
<token number="346" sentence="15" t_id="347">done</token>
<token number="347" sentence="15" t_id="348">this</token>
<token number="348" sentence="15" t_id="349">on</token>
<token number="349" sentence="15" t_id="350">the</token>
<token number="350" sentence="15" t_id="351">accident</token>
<token number="351" sentence="15" t_id="352">airplane</token>
<token number="352" sentence="15" t_id="353">although</token>
<token number="353" sentence="15" t_id="354">the</token>
<token number="354" sentence="15" t_id="355">entire</token>
<token number="355" sentence="15" t_id="356">fleet</token>
<token number="356" sentence="15" t_id="357">now</token>
<token number="357" sentence="15" t_id="358">features</token>
<token number="358" sentence="15" t_id="359">the</token>
<token number="359" sentence="15" t_id="360">modified</token>
<token number="360" sentence="15" t_id="361">design</token>
<token number="361" sentence="15" t_id="362">.</token>
<token number="362" sentence="16" t_id="363">Three</token>
<token number="363" sentence="16" t_id="364">other</token>
<token number="364" sentence="16" t_id="365">incidents</token>
<token number="365" sentence="16" t_id="366">have</token>
<token number="366" sentence="16" t_id="367">been</token>
<token number="367" sentence="16" t_id="368">identified</token>
<token number="368" sentence="16" t_id="369">since</token>
<token number="369" sentence="16" t_id="370">that</token>
<token number="370" sentence="16" t_id="371">may</token>
<token number="371" sentence="16" t_id="372">involve</token>
<token number="372" sentence="16" t_id="373">similar</token>
<token number="373" sentence="16" t_id="374">circumstances</token>
<token number="374" sentence="16" t_id="375">.</token>
<token number="375" sentence="17" t_id="376">The</token>
<token number="376" sentence="17" t_id="377">United</token>
<token number="377" sentence="17" t_id="378">States</token>
<token number="378" sentence="17" t_id="379">National</token>
<token number="379" sentence="17" t_id="380">Transportation</token>
<token number="380" sentence="17" t_id="381">Safety</token>
<token number="381" sentence="17" t_id="382">Board</token>
<token number="382" sentence="17" t_id="383">is</token>
<token number="383" sentence="17" t_id="384">probing</token>
<token number="384" sentence="17" t_id="385">two</token>
<token number="385" sentence="17" t_id="386">over</token>
<token number="386" sentence="17" t_id="387">American</token>
<token number="387" sentence="17" t_id="388">soil</token>
<token number="388" sentence="17" t_id="389">while</token>
<token number="389" sentence="17" t_id="390">earlier</token>
<token number="390" sentence="17" t_id="391">this</token>
<token number="391" sentence="17" t_id="392">month</token>
<token number="392" sentence="17" t_id="393">another</token>
<token number="393" sentence="17" t_id="394">Air</token>
<token number="394" sentence="17" t_id="395">France</token>
<token number="395" sentence="17" t_id="396">A330</token>
<token number="396" sentence="17" t_id="397">equipped</token>
<token number="397" sentence="17" t_id="398">with</token>
<token number="398" sentence="17" t_id="399">the</token>
<token number="399" sentence="17" t_id="400">new</token>
<token number="400" sentence="17" t_id="401">tubes</token>
<token number="401" sentence="17" t_id="402">suffered</token>
<token number="402" sentence="17" t_id="403">a</token>
<token number="403" sentence="17" t_id="404">similar</token>
<token number="404" sentence="17" t_id="405">series</token>
<token number="405" sentence="17" t_id="406">of</token>
<token number="406" sentence="17" t_id="407">problems</token>
<token number="407" sentence="17" t_id="408">enroute</token>
<token number="408" sentence="17" t_id="409">from</token>
<token number="409" sentence="17" t_id="410">Italy</token>
<token number="410" sentence="17" t_id="411">to</token>
<token number="411" sentence="17" t_id="412">France</token>
<token number="412" sentence="17" t_id="413">.</token>
<Markables>
<C-SIGNAL comment="" m_id="1">
<token_anchor t_id="96"/>
</C-SIGNAL>
<ENTITY_MENTION comment="" head="" m_id="2" syntactic_type="NAM">
<token_anchor t_id="79"/>
<token_anchor t_id="80"/>
<token_anchor t_id="81"/>
<token_anchor t_id="82"/>
</ENTITY_MENTION>
<ENTITY_MENTION comment="" head="" m_id="3" syntactic_type="">
<token_anchor t_id="89"/>
</ENTITY_MENTION>
<ENTITY_MENTION comment="" head="" m_id="4" syntactic_type="">
<token_anchor t_id="101"/>
</ENTITY_MENTION>
<ENTITY_MENTION comment="" head="" m_id="5" syntactic_type="">
<token_anchor t_id="105"/>
</ENTITY_MENTION>
<ENTITY_MENTION comment="" head="" m_id="6" syntactic_type="NAM">
<token_anchor t_id="1"/>
</ENTITY_MENTION>
<ENTITY_MENTION comment="" head="" m_id="7" syntactic_type="NAM">
<token_anchor t_id="17"/>
</ENTITY_MENTION>
<ENTITY_MENTION comment="" head="" m_id="8" syntactic_type="">
<token_anchor t_id="21"/>
</ENTITY_MENTION>
<ENTITY_MENTION comment="" head="" m_id="9" syntactic_type="">
<token_anchor t_id="51"/>
<token_anchor t_id="52"/>
<token_anchor t_id="53"/>
<token_anchor t_id="54"/>
<token_anchor t_id="55"/>
<token_anchor t_id="56"/>
<token_anchor t_id="57"/>
<token_anchor t_id="58"/>
</ENTITY_MENTION>
<ENTITY_MENTION comment="" head="" m_id="10" syntactic_type="">
<token_anchor t_id="7"/>
<token_anchor t_id="8"/>
</ENTITY_MENTION>
<ENTITY_MENTION comment="" head="" m_id="11" syntactic_type="">
<token_anchor t_id="60"/>
<token_anchor t_id="61"/>
<token_anchor t_id="62"/>
<token_anchor t_id="63"/>
</ENTITY_MENTION>
<ENTITY_MENTION comment="" head="" m_id="12" syntactic_type="PRE.NAM">
<token_anchor t_id="10"/>
<token_anchor t_id="11"/>
</ENTITY_MENTION>
<ENTITY_MENTION comment="" head="" m_id="13" syntactic_type="NAM">
<token_anchor t_id="66"/>
<token_anchor t_id="67"/>
<token_anchor t_id="68"/>
</ENTITY_MENTION>
<ENTITY_MENTION comment="" head="" m_id="14" syntactic_type="">
<token_anchor t_id="51"/>
<token_anchor t_id="52"/>
<token_anchor t_id="53"/>
</ENTITY_MENTION>
<ENTITY_MENTION comment="" head="" m_id="15" syntactic_type="">
<token_anchor t_id="73"/>
<token_anchor t_id="74"/>
<token_anchor t_id="75"/>
<token_anchor t_id="76"/>
<token_anchor t_id="77"/>
</ENTITY_MENTION>
<ENTITY_MENTION comment="" head="" m_id="16" syntactic_type="PRE.NAM">
<token_anchor t_id="55"/>
<token_anchor t_id="56"/>
</ENTITY_MENTION>
<EVENT_MENTION aspect="NONE" certainty="CERTAIN" comment="" m_id="19" modality="" polarity="POS" pos="OTHER" pred="willing" special_cases="NONE" tense="NONE" time="FUTURE">
<token_anchor t_id="24"/>
</EVENT_MENTION>
<EVENT_MENTION aspect="NONE" certainty="CERTAIN" comment="" m_id="20" modality="" polarity="POS" pos="VERB" pred="contribute" special_cases="NONE" tense="INFINITIVE" time="FUTURE">
<token_anchor t_id="26"/>
</EVENT_MENTION>
<EVENT_MENTION aspect="NONE" certainty="CERTAIN" comment="" m_id="21" modality="" polarity="POS" pos="VERB" pred="fund" special_cases="NONE" tense="INFINITIVE" time="FUTURE">
<token_anchor t_id="46"/>
</EVENT_MENTION>
<EVENT_MENTION aspect="NONE" certainty="CERTAIN" comment="" m_id="22" modality="" polarity="POS" pos="NOUN" pred="search" special_cases="NONE" tense="NONE" time="FUTURE">
<token_anchor t_id="49"/>
</EVENT_MENTION>
<EVENT_MENTION aspect="NONE" certainty="CERTAIN" comment="" m_id="23" modality="" polarity="POS" pos="VERB" pred="crash" special_cases="NONE" tense="PAST" time="NON_FUTURE">
<token_anchor t_id="64"/>
</EVENT_MENTION>
<EVENT_MENTION aspect="NONE" certainty="CERTAIN" comment="" m_id="24" modality="" polarity="POS" pos="VERB" pred="kill" special_cases="NONE" tense="PRESPART" time="NON_FUTURE">
<token_anchor t_id="72"/>
</EVENT_MENTION>
<EVENT_MENTION aspect="NONE" certainty="CERTAIN" comment="" m_id="25" modality="" polarity="POS" pos="VERB" pred="say" special_cases="NONE" tense="PAST" time="NON_FUTURE">
<token_anchor t_id="83"/>
</EVENT_MENTION>
<EVENT_MENTION aspect="NONE" certainty="CERTAIN" comment="" m_id="26" modality="" polarity="POS" pos="NOUN" pred="statement" special_cases="NONE" tense="NONE" time="NON_FUTURE">
<token_anchor t_id="86"/>
</EVENT_MENTION>
<EVENT_MENTION aspect="NONE" certainty="CERTAIN" comment="" m_id="27" modality="" polarity="POS" pos="VERB" pred="want" special_cases="NONE" tense="PRESENT" time="NON_FUTURE">
<token_anchor t_id="90"/>
</EVENT_MENTION>
<EVENT_MENTION aspect="NONE" certainty="UNDERSPECIFIED" comment="" m_id="28" modality="" polarity="POS" pos="VERB" pred="know" special_cases="NONE" tense="INFINITIVE" time="FUTURE">
<token_anchor t_id="92"/>
</EVENT_MENTION>
<EVENT_MENTION aspect="NONE" certainty="CERTAIN" comment="" m_id="29" modality="" polarity="POS" pos="VERB" pred="happen" special_cases="NONE" tense="PAST" time="NON_FUTURE">
<token_anchor t_id="94"/>
</EVENT_MENTION>
<EVENT_MENTION aspect="NONE" certainty="CERTAIN" comment="" m_id="30" modality="" polarity="POS" pos="VERB" pred="improve" special_cases="NONE" tense="PRESPART" time="NON_FUTURE">
<token_anchor t_id="97"/>
</EVENT_MENTION>
<EVENT_MENTION aspect="NONE" certainty="CERTAIN" comment="" m_id="31" modality="" polarity="POS" pos="OTHER" pred="committed" special_cases="NONE" tense="NONE" time="NON_FUTURE">
<token_anchor t_id="108"/>
</EVENT_MENTION>
<EVENT_MENTION aspect="NONE" certainty="CERTAIN" comment="" m_id="32" modality="" polarity="POS" pos="VERB" pred="support" special_cases="NONE" tense="INFINITIVE" time="FUTURE">
<token_anchor t_id="110"/>
</EVENT_MENTION>
<EVENT_MENTION aspect="NONE" certainty="CERTAIN" comment="" m_id="33" modality="" polarity="POS" pos="NOUN" pred="search" special_cases="NONE" tense="NONE" time="FUTURE">
<token_anchor t_id="115"/>
</EVENT_MENTION>
<EVENT_MENTION aspect="NONE" certainty="CERTAIN" comment="" m_id="34" modality="" polarity="POS" pos="NOUN" pred="contribution" special_cases="NONE" tense="NONE" time="FUTURE">
<token_anchor t_id="119"/>
</EVENT_MENTION>
<EVENT_MENTION aspect="NONE" certainty="CERTAIN" comment="" m_id="35" modality="" polarity="POS" pos="VERB" pred="be" special_cases="NONE" tense="PRESENT" time="NON_FUTURE">
<token_anchor t_id="100"/>
</EVENT_MENTION>
<EVENT_MENTION aspect="NONE" certainty="CERTAIN" comment="" m_id="36" modality="" polarity="POS" pos="VERB" pred="offer" special_cases="NONE" tense="PRESENT" time="NON_FUTURE">
<token_anchor t_id="2"/>
</EVENT_MENTION>
<EVENT_MENTION aspect="NONE" certainty="CERTAIN" comment="" m_id="37" modality="" polarity="POS" pos="NOUN" pred="funding" special_cases="NONE" tense="NONE" time="FUTURE">
<token_anchor t_id="3"/>
</EVENT_MENTION>
<EVENT_MENTION aspect="NONE" certainty="CERTAIN" comment="" m_id="38" modality="" polarity="POS" pos="VERB" pred="search" special_cases="NONE" tense="INFINITIVE" time="FUTURE">
<token_anchor t_id="5"/>
</EVENT_MENTION>
<EVENT_MENTION aspect="NONE" certainty="CERTAIN" comment="" m_id="39" modality="" polarity="POS" pos="NOUN" pred="disaster" special_cases="NONE" tense="NONE" time="NON_FUTURE">
<token_anchor t_id="12"/>
</EVENT_MENTION>
<EVENT_MENTION aspect="NONE" certainty="CERTAIN" comment="" m_id="75" modality="" polarity="POS" pos="NOUN" pred="flight" special_cases="NONE" tense="NONE" time="NON_FUTURE">
<token_anchor t_id="55"/>
<token_anchor t_id="56"/>
<token_anchor t_id="57"/>
<token_anchor t_id="58"/>
</EVENT_MENTION>
<EVENT_MENTION aspect="NONE" certainty="CERTAIN" comment="" m_id="17" modality="" polarity="POS" pos="VERB" pred="be" special_cases="NONE" tense="PRESENT" time="NON_FUTURE">
<token_anchor t_id="106"/>
</EVENT_MENTION>
<EVENT_MENTION aspect="PERFECTIVE" certainty="CERTAIN" comment="" m_id="18" modality="" polarity="POS" pos="VERB" pred="announce" special_cases="NONE" tense="PRESENT" time="NON_FUTURE">
<token_anchor t_id="19"/>
</EVENT_MENTION>
<SIGNAL comment="" m_id="40">
<token_anchor t_id="69"/>
</SIGNAL>
<TIMEX3 anchorTimeID="41" beginPoint="" comment="" endPoint="" functionInDocument="CREATION_TIME" m_id="41" type="DATE" value="2009-07-30">
<token_anchor t_id="13"/>
<token_anchor t_id="14"/>
<token_anchor t_id="15"/>
<token_anchor t_id="16"/>
</TIMEX3>
<TIMEX3 anchorTimeID="" beginPoint="" comment="" endPoint="" functionInDocument="NONE" m_id="42" type="DATE" value="2009-06">
<token_anchor t_id="70"/>
</TIMEX3>
<VALUE comment="" m_id="43" type="MONEY">
<token_anchor t_id="27"/>
<token_anchor t_id="28"/>
<token_anchor t_id="29"/>
<token_anchor t_id="30"/>
<token_anchor t_id="31"/>
<token_anchor t_id="32"/>
<token_anchor t_id="33"/>
<token_anchor t_id="34"/>
</VALUE>
<VALUE comment="" m_id="44" type="MONEY">
<token_anchor t_id="36"/>
<token_anchor t_id="37"/>
<token_anchor t_id="38"/>
<token_anchor t_id="39"/>
<token_anchor t_id="40"/>
<token_anchor t_id="41"/>
<token_anchor t_id="42"/>
<token_anchor t_id="43"/>
</VALUE>
<VALUE comment="" m_id="45" type="QUANTITY">
<token_anchor t_id="73"/>
<token_anchor t_id="74"/>
</VALUE>







<EVENT TAG_DESCRIPTOR="flight" class="OTHER" comment="" external_ref="" m_id="76"/>
<EVENT TAG_DESCRIPTOR="disaster" class="OTHER" comment="" external_ref="" m_id="77"/>
<EVENT TAG_DESCRIPTOR="129865-5-committed" class="OTHER" instance_id="OTH41473498717359458" m_id="136"/>
<EVENT TAG_DESCRIPTOR="is" class="GRAMMATICAL" comment="" external_ref="" m_id="58"/>
<EVENT TAG_DESCRIPTOR="improve VUA" class="OTHER" instance_id="OTH40084940407028825" m_id="134"/>
<EVENT TAG_DESCRIPTOR="happen VUA" class="OTHER" instance_id="OTH40084848815721614" m_id="133"/>
<EVENT TAG_DESCRIPTOR="fund VUA" class="OTHER" instance_id="OTH40084732231418761" m_id="132"/>
<EVENT TAG_DESCRIPTOR="kill VUA" class="OTHER" instance_id="OTH40085219081301364" m_id="131"/>
<EVENT TAG_DESCRIPTOR="know" class="SPEECH_COGNITIVE" comment="" external_ref="" m_id="50"/>

<EVENT TAG_DESCRIPTOR="contribute VUA" class="OTHER" instance_id="OTH40084121953058550" m_id="127"/>
<EVENT TAG_DESCRIPTOR="want" class="SPEECH_COGNITIVE" comment="" external_ref="" m_id="49"/>

<EVENT TAG_DESCRIPTOR="say VUA" class="SPEECH_COGNITIVE" instance_id="SPE40085947562847099" m_id="125"/>
<EVENT TAG_DESCRIPTOR="search" class="OTHER" instance_id="OTH40085550654054907" m_id="123"/>
<EVENT TAG_DESCRIPTOR="crash VUA" class="OTHER" external_ref="http://dbpedia.org/page/Air_France_Flight_447" instance_id="OTH40084250198263983" m_id="122"/>

<EVENT TAG_DESCRIPTOR="are" class="GRAMMATICAL" comment="" external_ref="" m_id="74"/>
<EVENT TAG_DESCRIPTOR="willing" class="OTHER" comment="" external_ref="" m_id="138"/>
<EVENT TAG_DESCRIPTOR="support VUA" class="OTHER" instance_id="OTH40085689827306347" m_id="119"/>
<EVENT TAG_DESCRIPTOR="statement VUA" class="SPEECH_COGNITIVE" instance_id="SPE40086026143136291" m_id="117"/>
<EVENT TAG_DESCRIPTOR="announce VUA" class="SPEECH_COGNITIVE" instance_id="SPE40085843660007045" m_id="114"/>
<ENTITY TAG_DESCRIPTOR="Atlantic Ocean" ent_type="LOC" external_ref="http://dbpedia.org/page/Atlantic_Ocean" instance_id="LOC27983236736758528" m_id="135"/>
<ENTITY TAG_DESCRIPTOR="crashed A330" ent_type="PRO" instance_id="PRO40084501702979674" m_id="130"/>
<ENTITY TAG_DESCRIPTOR="Flight recorder (also called 'black box')" ent_type="PRO" external_ref="http://dbpedia.org/page/Flight_recorder" instance_id="PRO27982967204397394" m_id="129"/>
<ENTITY TAG_DESCRIPTOR="Air France" ent_type="ORG" external_ref="http://dbpedia.org/page/Air_France" instance_id="ORG27983043636413206" m_id="124"/>
<ENTITY TAG_DESCRIPTOR="Black box" ent_type="PRO" instance_id="PRO39500951238584697" m_id="120"/>
<ENTITY TAG_DESCRIPTOR="Thomas (Tom) Enders (CEO of Airbus)" ent_type="PER" external_ref="http://dbpedia.org/page/Tom_Enders" instance_id="PER27983167705351131" m_id="118"/>
<ENTITY TAG_DESCRIPTOR="228 people" ent_type="PER" instance_id="PER39500878948064823" m_id="116"/>
<ENTITY TAG_DESCRIPTOR="Airbus" ent_type="ORG" external_ref="http://dbpedia.org/page/Airbus" instance_id="ORG37154719430036883" m_id="115"/>
</Markables>
<Relations>
<SLINK r_id="246409">
<source m_id="18"/>
<target m_id="20"/>
</SLINK>
<SLINK r_id="246410">
<source m_id="25"/>
<target m_id="28"/>
</SLINK>
<SLINK r_id="246411">
<source m_id="27"/>
<target m_id="28"/>
</SLINK>
<SLINK r_id="246412">
<source m_id="28"/>
<target m_id="29"/>
</SLINK>
<HAS_PARTICIPANT comment="" frame="" frame_element="" r_id="246413" sem_role="Arg0" sem_role_framework="PROPBANK">
<source m_id="18"/>
<target m_id="7"/>
</HAS_PARTICIPANT>
<HAS_PARTICIPANT comment="" frame="" frame_element="" r_id="246414" sem_role="Arg0" sem_role_framework="PROPBANK">
<source m_id="19"/>
<target m_id="8"/>
</HAS_PARTICIPANT>
<HAS_PARTICIPANT comment="" frame="" frame_element="" r_id="246415" sem_role="Arg0" sem_role_framework="PROPBANK">
<source m_id="20"/>
<target m_id="7"/>
</HAS_PARTICIPANT>
<HAS_PARTICIPANT comment="" frame="" frame_element="" r_id="246416" sem_role="Arg1" sem_role_framework="PROPBANK">
<source m_id="20"/>
<target m_id="43"/>
</HAS_PARTICIPANT>
<HAS_PARTICIPANT comment="" frame="" frame_element="" r_id="246417" sem_role="Arg0" sem_role_framework="PROPBANK">
<source m_id="21"/>
<target m_id="7"/>
</HAS_PARTICIPANT>
<HAS_PARTICIPANT comment="" frame="" frame_element="" r_id="246418" sem_role="Arg2" sem_role_framework="PROPBANK">
<source m_id="22"/>
<target m_id="9"/>
</HAS_PARTICIPANT>
<HAS_PARTICIPANT comment="" frame="" frame_element="" r_id="246419" sem_role="Arg1" sem_role_framework="PROPBANK">
<source m_id="23"/>
<target m_id="11"/>
</HAS_PARTICIPANT>
<HAS_PARTICIPANT comment="" frame="" frame_element="" r_id="246420" sem_role="Argm-LOC" sem_role_framework="PROPBANK">
<source m_id="23"/>
<target m_id="13"/>
</HAS_PARTICIPANT>
<HAS_PARTICIPANT comment="" frame="" frame_element="" r_id="246421" sem_role="Arg1" sem_role_framework="PROPBANK">
<source m_id="24"/>
<target m_id="15"/>
</HAS_PARTICIPANT>
<HAS_PARTICIPANT comment="" frame="" frame_element="" r_id="246422" sem_role="Arg0" sem_role_framework="PROPBANK">
<source m_id="25"/>
<target m_id="2"/>
</HAS_PARTICIPANT>
<HAS_PARTICIPANT comment="" frame="" frame_element="" r_id="246423" sem_role="Arg0" sem_role_framework="PROPBANK">
<source m_id="26"/>
<target m_id="2"/>
</HAS_PARTICIPANT>
<HAS_PARTICIPANT comment="" frame="" frame_element="" r_id="246424" sem_role="Arg0" sem_role_framework="PROPBANK">
<source m_id="27"/>
<target m_id="3"/>
</HAS_PARTICIPANT>
<HAS_PARTICIPANT comment="" frame="" frame_element="" r_id="246425" sem_role="Arg0" sem_role_framework="PROPBANK">
<source m_id="30"/>
<target m_id="3"/>
</HAS_PARTICIPANT>
<HAS_PARTICIPANT comment="" frame="" frame_element="" r_id="246426" sem_role="Arg1" sem_role_framework="PROPBANK">
<source m_id="31"/>
<target m_id="5"/>
</HAS_PARTICIPANT>
<HAS_PARTICIPANT comment="" frame="" frame_element="" r_id="246427" sem_role="Arg0" sem_role_framework="PROPBANK">
<source m_id="32"/>
<target m_id="5"/>
</HAS_PARTICIPANT>
<HAS_PARTICIPANT comment="" frame="" frame_element="" r_id="246428" sem_role="Arg0" sem_role_framework="PROPBANK">
<source m_id="33"/>
<target m_id="9"/>
</HAS_PARTICIPANT>
<HAS_PARTICIPANT comment="" frame="" frame_element="" r_id="246429" sem_role="Arg0" sem_role_framework="PROPBANK">
<source m_id="34"/>
<target m_id="5"/>
</HAS_PARTICIPANT>
<TLINK comment="" r_id="246430" reltype="INCLUDES" signalID="">
<source m_id="41"/>
<target m_id="18"/>
</TLINK>
<TLINK comment="" r_id="246431" reltype="BEFORE" signalID="">
<source m_id="18"/>
<target m_id="19"/>
</TLINK>
<TLINK comment="" r_id="246432" reltype="BEFORE" signalID="">
<source m_id="21"/>
<target m_id="22"/>
</TLINK>
<TLINK comment="" r_id="246433" reltype="AFTER" signalID="">
<source m_id="22"/>
<target m_id="23"/>
</TLINK>
<TLINK comment="" r_id="246434" reltype="IS_INCLUDED" signalID="40">
<source m_id="23"/>
<target m_id="42"/>
</TLINK>
<TLINK comment="" r_id="246435" reltype="IBEFORE" signalID="">
<source m_id="23"/>
<target m_id="24"/>
</TLINK>
<TLINK comment="" r_id="246436" reltype="INCLUDES" signalID="">
<source m_id="41"/>
<target m_id="25"/>
</TLINK>
<TLINK comment="" r_id="246437" reltype="BEFORE" signalID="">
<source m_id="27"/>
<target m_id="28"/>
</TLINK>
<TLINK comment="" r_id="246438" reltype="AFTER" signalID="">
<source m_id="28"/>
<target m_id="29"/>
</TLINK>
<TLINK comment="" r_id="246439" reltype="INCLUDES" signalID="">
<source m_id="26"/>
<target m_id="27"/>
</TLINK>
<TLINK comment="" r_id="246440" reltype="BEFORE" signalID="">
<source m_id="29"/>
<target m_id="30"/>
</TLINK>
<TLINK comment="" r_id="246441" reltype="INCLUDES" signalID="">
<source m_id="41"/>
<target m_id="31"/>
</TLINK>
<TLINK comment="" r_id="246442" reltype="BEFORE" signalID="">
<source m_id="32"/>
<target m_id="33"/>
</TLINK>
<TLINK comment="" r_id="246443" reltype="AFTER" signalID="">
<source m_id="33"/>
<target m_id="34"/>
</TLINK>
<CLINK r_id="246444">
<source m_id="29"/>
<target m_id="30"/>
</CLINK>
<HAS_PARTICIPANT comment="" frame="" frame_element="" r_id="246454" sem_role="Arg0" sem_role_framework="PROPBANK">
<source m_id="36"/>
<target m_id="6"/>
</HAS_PARTICIPANT>
<HAS_PARTICIPANT comment="" frame="" frame_element="" r_id="246455" sem_role="Arg2" sem_role_framework="PROPBANK">
<source m_id="38"/>
<target m_id="10"/>
</HAS_PARTICIPANT>
<HAS_PARTICIPANT comment="" frame="" frame_element="" r_id="246456" sem_role="Arg1" sem_role_framework="PROPBANK">
<source m_id="39"/>
<target m_id="12"/>
</HAS_PARTICIPANT>
<TLINK comment="" r_id="246457" reltype="BEFORE" signalID="">
<source m_id="18"/>
<target m_id="20"/>
</TLINK>
<TLINK comment="" r_id="246458" reltype="INCLUDES" signalID="">
<source m_id="41"/>
<target m_id="35"/>
</TLINK>
<GLINK r_id="246460">
<source m_id="17"/>
<target m_id="31"/>
</GLINK>





























<REFERS_TO r_id="319399">
<source m_id="21"/>
<source m_id="37"/>
<target m_id="132"/>
</REFERS_TO>
<REFERS_TO r_id="319400">


<source m_id="7"/>
<source m_id="8"/>
<source m_id="5"/>
<source m_id="4"/>


<source m_id="6"/>
<source m_id="3"/>
<target m_id="115"/>
</REFERS_TO>
<REFERS_TO r_id="319401">
<source m_id="18"/>
<target m_id="114"/>
</REFERS_TO>
<REFERS_TO r_id="319402">
<source m_id="26"/>
<target m_id="117"/>
</REFERS_TO>
<REFERS_TO r_id="319403">
<source m_id="15"/>
<target m_id="116"/>
</REFERS_TO>
<REFERS_TO r_id="319404">
<source m_id="31"/>
<target m_id="136"/>
</REFERS_TO>
<REFERS_TO r_id="319405">
<source m_id="13"/>
<target m_id="135"/>
</REFERS_TO>
<REFERS_TO r_id="319406">
<source m_id="30"/>
<target m_id="134"/>
</REFERS_TO>
<REFERS_TO r_id="319407">
<source m_id="19"/>
<target m_id="138"/>
</REFERS_TO>
<REFERS_TO r_id="319408">
<source m_id="32"/>
<target m_id="119"/>
</REFERS_TO>
<REFERS_TO r_id="319409">
<source m_id="2"/>
<target m_id="118"/>
</REFERS_TO>
<REFERS_TO r_id="319410">
<source m_id="27"/>
<target m_id="49"/>
</REFERS_TO>
<REFERS_TO r_id="319411">
<source m_id="11"/>
<target m_id="130"/>
</REFERS_TO>
<REFERS_TO r_id="319412">
<source m_id="29"/>
<target m_id="133"/>
</REFERS_TO>
<REFERS_TO r_id="319413">
<source m_id="9"/>
<target m_id="120"/>
</REFERS_TO>

<REFERS_TO r_id="319415">
<source m_id="23"/>
<target m_id="122"/>
</REFERS_TO>
<REFERS_TO r_id="319416">
<source m_id="33"/>
<source m_id="22"/>
<source m_id="38"/>
<target m_id="123"/>
</REFERS_TO>
<REFERS_TO r_id="319417">
<source m_id="12"/>
<source m_id="16"/>
<target m_id="124"/>
</REFERS_TO>
<REFERS_TO r_id="319418">
<source m_id="25"/>
<target m_id="125"/>
</REFERS_TO>

<REFERS_TO r_id="319420">
<source m_id="34"/>
<source m_id="20"/>
<source m_id="36"/>
<target m_id="127"/>
</REFERS_TO>

<REFERS_TO r_id="319422">
<source m_id="10"/>
<source m_id="14"/>
<target m_id="129"/>
</REFERS_TO>
<REFERS_TO r_id="319423">
<source m_id="39"/>
<target m_id="77"/>
</REFERS_TO>
<REFERS_TO r_id="319424">
<source m_id="35"/>
<target m_id="58"/>
</REFERS_TO>
<REFERS_TO r_id="319425">
<source m_id="75"/>
<target m_id="76"/>
</REFERS_TO>
<REFERS_TO r_id="319426">
<source m_id="28"/>
<target m_id="50"/>
</REFERS_TO>
<REFERS_TO r_id="319427">
<source m_id="24"/>
<target m_id="131"/>
</REFERS_TO>
<REFERS_TO r_id="319428">
<source m_id="17"/>
<target m_id="74"/>
</REFERS_TO>
</Relations>
</Document>