<?xml version="1.0" ?><Document doc_id="276079" doc_name="276079_Boeing_rolls_out_first_787_Dreamliner_to_go_into_service" lang="en" url="http://en.wikinews.org/wiki/Boeing_rolls_out_first_787_Dreamliner_to_go_into_service">
<token number="0" sentence="0" t_id="1">Boeing</token>
<token number="1" sentence="0" t_id="2">rolls</token>
<token number="2" sentence="0" t_id="3">out</token>
<token number="3" sentence="0" t_id="4">first</token>
<token number="4" sentence="0" t_id="5">787</token>
<token number="5" sentence="0" t_id="6">Dreamliner</token>
<token number="6" sentence="0" t_id="7">to</token>
<token number="7" sentence="0" t_id="8">go</token>
<token number="8" sentence="0" t_id="9">into</token>
<token number="9" sentence="0" t_id="10">service</token>
<token number="10" sentence="1" t_id="11">August</token>
<token number="11" sentence="1" t_id="12">08</token>
<token number="12" sentence="1" t_id="13">,</token>
<token number="13" sentence="1" t_id="14">2011</token>
<token number="14" sentence="2" t_id="15">Three</token>
<token number="15" sentence="2" t_id="16">years</token>
<token number="16" sentence="2" t_id="17">after</token>
<token number="17" sentence="2" t_id="18">it</token>
<token number="18" sentence="2" t_id="19">was</token>
<token number="19" sentence="2" t_id="20">first</token>
<token number="20" sentence="2" t_id="21">due</token>
<token number="21" sentence="2" t_id="22">for</token>
<token number="22" sentence="2" t_id="23">delivery</token>
<token number="23" sentence="2" t_id="24">,</token>
<token number="24" sentence="2" t_id="25">Boeing</token>
<token number="25" sentence="2" t_id="26">has</token>
<token number="26" sentence="2" t_id="27">rolled</token>
<token number="27" sentence="2" t_id="28">out</token>
<token number="28" sentence="2" t_id="29">the</token>
<token number="29" sentence="2" t_id="30">first</token>
<token number="30" sentence="2" t_id="31">that</token>
<token number="31" sentence="2" t_id="32">is</token>
<token number="32" sentence="2" t_id="33">to</token>
<token number="33" sentence="2" t_id="34">be</token>
<token number="34" sentence="2" t_id="35">delivered</token>
<token number="35" sentence="2" t_id="36">to</token>
<token number="36" sentence="2" t_id="37">a</token>
<token number="37" sentence="2" t_id="38">customer</token>
<token number="38" sentence="2" t_id="39">.</token>
<token number="39" sentence="3" t_id="40">Japan</token>
<token number="40" sentence="3" t_id="41">'s</token>
<token number="41" sentence="3" t_id="42">(</token>
<token number="42" sentence="3" t_id="43">ANA</token>
<token number="43" sentence="3" t_id="44">)</token>
<token number="44" sentence="3" t_id="45">were</token>
<token number="45" sentence="3" t_id="46">to</token>
<token number="46" sentence="3" t_id="47">take</token>
<token number="47" sentence="3" t_id="48">delivery</token>
<token number="48" sentence="3" t_id="49">in</token>
<token number="49" sentence="3" t_id="50">May</token>
<token number="50" sentence="3" t_id="51">2008</token>
<token number="51" sentence="3" t_id="52">,</token>
<token number="52" sentence="3" t_id="53">but</token>
<token number="53" sentence="3" t_id="54">will</token>
<token number="54" sentence="3" t_id="55">now</token>
<token number="55" sentence="3" t_id="56">receive</token>
<token number="56" sentence="3" t_id="57">the</token>
<token number="57" sentence="3" t_id="58">aircraft</token>
<token number="58" sentence="3" t_id="59">next</token>
<token number="59" sentence="3" t_id="60">month</token>
<token number="60" sentence="3" t_id="61">.</token>
<token number="61" sentence="4" t_id="62">The</token>
<token number="62" sentence="4" t_id="63">plane</token>
<token number="63" sentence="4" t_id="64">promises</token>
<token number="64" sentence="4" t_id="65">increased</token>
<token number="65" sentence="4" t_id="66">fuel</token>
<token number="66" sentence="4" t_id="67">efficiency</token>
<token number="67" sentence="4" t_id="68">as</token>
<token number="68" sentence="4" t_id="69">it</token>
<token number="69" sentence="4" t_id="70">is</token>
<token number="70" sentence="4" t_id="71">the</token>
<token number="71" sentence="4" t_id="72">first</token>
<token number="72" sentence="4" t_id="73">model</token>
<token number="73" sentence="4" t_id="74">to</token>
<token number="74" sentence="4" t_id="75">be</token>
<token number="75" sentence="4" t_id="76">built</token>
<token number="76" sentence="4" t_id="77">out</token>
<token number="77" sentence="4" t_id="78">of</token>
<token number="78" sentence="4" t_id="79">plastic</token>
<token number="79" sentence="4" t_id="80">and</token>
<token number="80" sentence="4" t_id="81">carbon</token>
<token number="81" sentence="4" t_id="82">composites</token>
<token number="82" sentence="4" t_id="83">,</token>
<token number="83" sentence="4" t_id="84">more</token>
<token number="84" sentence="4" t_id="85">lightweight</token>
<token number="85" sentence="4" t_id="86">than</token>
<token number="86" sentence="4" t_id="87">conventional</token>
<token number="87" sentence="4" t_id="88">materials</token>
<token number="88" sentence="4" t_id="89">.</token>
<token number="89" sentence="5" t_id="90">Boeing</token>
<token number="90" sentence="5" t_id="91">says</token>
<token number="91" sentence="5" t_id="92">they</token>
<token number="92" sentence="5" t_id="93">have</token>
<token number="93" sentence="5" t_id="94">800</token>
<token number="94" sentence="5" t_id="95">orders</token>
<token number="95" sentence="5" t_id="96">at</token>
<token number="96" sentence="5" t_id="97">200</token>
<token number="97" sentence="5" t_id="98">million</token>
<token number="98" sentence="5" t_id="99">per</token>
<token number="99" sentence="5" t_id="100">aircraft</token>
<token number="100" sentence="5" t_id="101">.</token>
<token number="101" sentence="6" t_id="102">Launch</token>
<token number="102" sentence="6" t_id="103">customer</token>
<token number="103" sentence="6" t_id="104">ANA</token>
<token number="104" sentence="6" t_id="105">have</token>
<token number="105" sentence="6" t_id="106">ordered</token>
<token number="106" sentence="6" t_id="107">55</token>
<token number="107" sentence="6" t_id="108">.</token>
<token number="108" sentence="7" t_id="109">Delayed</token>
<token number="109" sentence="7" t_id="110">by</token>
<token number="110" sentence="7" t_id="111">Boeing</token>
<token number="111" sentence="7" t_id="112">'s</token>
<token number="112" sentence="7" t_id="113">outsourcing</token>
<token number="113" sentence="7" t_id="114">system</token>
<token number="114" sentence="7" t_id="115">to</token>
<token number="115" sentence="7" t_id="116">a</token>
<token number="116" sentence="7" t_id="117">variety</token>
<token number="117" sentence="7" t_id="118">of</token>
<token number="118" sentence="7" t_id="119">subcontractors</token>
<token number="119" sentence="7" t_id="120">,</token>
<token number="120" sentence="7" t_id="121">two</token>
<token number="121" sentence="7" t_id="122">models</token>
<token number="122" sentence="7" t_id="123">have</token>
<token number="123" sentence="7" t_id="124">been</token>
<token number="124" sentence="7" t_id="125">developed</token>
<token number="125" sentence="7" t_id="126">.</token>
<token number="126" sentence="8" t_id="127">The</token>
<token number="127" sentence="8" t_id="128">787-8</token>
<token number="128" sentence="8" t_id="129">holds</token>
<token number="129" sentence="8" t_id="130">between</token>
<token number="130" sentence="8" t_id="131">210</token>
<token number="131" sentence="8" t_id="132">and</token>
<token number="132" sentence="8" t_id="133">250</token>
<token number="133" sentence="8" t_id="134">passengers</token>
<token number="134" sentence="8" t_id="135">;</token>
<token number="135" sentence="8" t_id="136">the</token>
<token number="136" sentence="8" t_id="137">787-9</token>
<token number="137" sentence="8" t_id="138">holds</token>
<token number="138" sentence="8" t_id="139">250</token>
<token number="139" sentence="8" t_id="140">to</token>
<token number="140" sentence="8" t_id="141">290</token>
<token number="141" sentence="8" t_id="142">.</token>
<token number="142" sentence="9" t_id="143">Airlines</token>
<token number="143" sentence="9" t_id="144">choose</token>
<token number="144" sentence="9" t_id="145">the</token>
<token number="145" sentence="9" t_id="146">seating</token>
<token number="146" sentence="9" t_id="147">layout</token>
<token number="147" sentence="9" t_id="148">they</token>
<token number="148" sentence="9" t_id="149">want</token>
<token number="149" sentence="9" t_id="150">.</token>
<token number="150" sentence="10" t_id="151">After</token>
<token number="151" sentence="10" t_id="152">the</token>
<token number="152" sentence="10" t_id="153">787</token>
<token number="153" sentence="10" t_id="154">,</token>
<token number="154" sentence="10" t_id="155">already</token>
<token number="155" sentence="10" t_id="156">bearing</token>
<token number="156" sentence="10" t_id="157">ANA</token>
<token number="157" sentence="10" t_id="158">'s</token>
<token number="158" sentence="10" t_id="159">livery</token>
<token number="159" sentence="10" t_id="160">,</token>
<token number="160" sentence="10" t_id="161">arrives</token>
<token number="161" sentence="10" t_id="162">in</token>
<token number="162" sentence="10" t_id="163">Tokyo</token>
<token number="163" sentence="10" t_id="164">next</token>
<token number="164" sentence="10" t_id="165">month</token>
<token number="165" sentence="10" t_id="166">,</token>
<token number="166" sentence="10" t_id="167">the</token>
<token number="167" sentence="10" t_id="168">airline</token>
<token number="168" sentence="10" t_id="169">will</token>
<token number="169" sentence="10" t_id="170">use</token>
<token number="170" sentence="10" t_id="171">its</token>
<token number="171" sentence="10" t_id="172">first</token>
<token number="172" sentence="10" t_id="173">commercial</token>
<token number="173" sentence="10" t_id="174">flight</token>
<token number="174" sentence="10" t_id="175">for</token>
<token number="175" sentence="10" t_id="176">a</token>
<token number="176" sentence="10" t_id="177">special</token>
<token number="177" sentence="10" t_id="178">charter</token>
<token number="178" sentence="10" t_id="179">from</token>
<token number="179" sentence="10" t_id="180">Tokyo</token>
<token number="180" sentence="10" t_id="181">to</token>
<token number="181" sentence="10" t_id="182">Hong</token>
<token number="182" sentence="10" t_id="183">Kong</token>
<token number="183" sentence="10" t_id="184">.</token>
<token number="184" sentence="11" t_id="185">``</token>
<token number="185" sentence="11" t_id="186">We</token>
<token number="186" sentence="11" t_id="187">plan</token>
<token number="187" sentence="11" t_id="188">to</token>
<token number="188" sentence="11" t_id="189">use</token>
<token number="189" sentence="11" t_id="190">the</token>
<token number="190" sentence="11" t_id="191">787</token>
<token number="191" sentence="11" t_id="192">to</token>
<token number="192" sentence="11" t_id="193">expand</token>
<token number="193" sentence="11" t_id="194">our</token>
<token number="194" sentence="11" t_id="195">business</token>
<token number="195" sentence="11" t_id="196">,</token>
<token number="196" sentence="11" t_id="197">particularly</token>
<token number="197" sentence="11" t_id="198">our</token>
<token number="198" sentence="11" t_id="199">international</token>
<token number="199" sentence="11" t_id="200">routes</token>
<token number="200" sentence="11" t_id="201">,</token>
<token number="201" sentence="11" t_id="202">''</token>
<token number="202" sentence="11" t_id="203">says</token>
<token number="203" sentence="11" t_id="204">ANA</token>
<token number="204" sentence="11" t_id="205">senior</token>
<token number="205" sentence="11" t_id="206">vice</token>
<token number="206" sentence="11" t_id="207">president</token>
<token number="207" sentence="11" t_id="208">Mitsuo</token>
<token number="208" sentence="11" t_id="209">Morimoto</token>
<token number="209" sentence="11" t_id="210">.</token>
<token number="210" sentence="12" t_id="211">``</token>
<token number="211" sentence="12" t_id="212">We</token>
<token number="212" sentence="12" t_id="213">plan</token>
<token number="213" sentence="12" t_id="214">to</token>
<token number="214" sentence="12" t_id="215">increase</token>
<token number="215" sentence="12" t_id="216">our</token>
<token number="216" sentence="12" t_id="217">revenue</token>
<token number="217" sentence="12" t_id="218">from</token>
<token number="218" sentence="12" t_id="219">international</token>
<token number="219" sentence="12" t_id="220">route</token>
<token number="220" sentence="12" t_id="221">significantly</token>
<token number="221" sentence="12" t_id="222">and</token>
<token number="222" sentence="12" t_id="223">the</token>
<token number="223" sentence="12" t_id="224">787</token>
<token number="224" sentence="12" t_id="225">will</token>
<token number="225" sentence="12" t_id="226">play</token>
<token number="226" sentence="12" t_id="227">an</token>
<token number="227" sentence="12" t_id="228">instrumental</token>
<token number="228" sentence="12" t_id="229">role</token>
<token number="229" sentence="12" t_id="230">in</token>
<token number="230" sentence="12" t_id="231">this</token>
<token number="231" sentence="12" t_id="232">,</token>
<token number="232" sentence="12" t_id="233">''</token>
<token number="233" sentence="12" t_id="234">he</token>
<token number="234" sentence="12" t_id="235">adds</token>
<token number="235" sentence="12" t_id="236">,</token>
<token number="236" sentence="12" t_id="237">noting</token>
<token number="237" sentence="12" t_id="238">flights</token>
<token number="238" sentence="12" t_id="239">to</token>
<token number="239" sentence="12" t_id="240">Europe</token>
<token number="240" sentence="12" t_id="241">or</token>
<token number="241" sentence="12" t_id="242">the</token>
<token number="242" sentence="12" t_id="243">US</token>
<token number="243" sentence="12" t_id="244">are</token>
<token number="244" sentence="12" t_id="245">possibles</token>
<token number="245" sentence="12" t_id="246">for</token>
<token number="246" sentence="12" t_id="247">787s</token>
<token number="247" sentence="12" t_id="248">.</token>
<token number="248" sentence="13" t_id="249">``</token>
<token number="249" sentence="13" t_id="250">We</token>
<token number="250" sentence="13" t_id="251">are</token>
<token number="251" sentence="13" t_id="252">rolling</token>
<token number="252" sentence="13" t_id="253">out</token>
<token number="253" sentence="13" t_id="254">the</token>
<token number="254" sentence="13" t_id="255">first</token>
<token number="255" sentence="13" t_id="256">delivery</token>
<token number="256" sentence="13" t_id="257">airplane</token>
<token number="257" sentence="13" t_id="258">,</token>
<token number="258" sentence="13" t_id="259">the</token>
<token number="259" sentence="13" t_id="260">first</token>
<token number="260" sentence="13" t_id="261">787</token>
<token number="261" sentence="13" t_id="262">,</token>
<token number="262" sentence="13" t_id="263">''</token>
<token number="263" sentence="13" t_id="264">enthused</token>
<token number="264" sentence="13" t_id="265">Scott</token>
<token number="265" sentence="13" t_id="266">Fancher</token>
<token number="266" sentence="13" t_id="267">,</token>
<token number="267" sentence="13" t_id="268">787</token>
<token number="268" sentence="13" t_id="269">project</token>
<token number="269" sentence="13" t_id="270">manager</token>
<token number="270" sentence="13" t_id="271">and</token>
<token number="271" sentence="13" t_id="272">Boeing</token>
<token number="272" sentence="13" t_id="273">vice</token>
<token number="273" sentence="13" t_id="274">president</token>
<token number="274" sentence="13" t_id="275">.</token>
<token number="275" sentence="14" t_id="276">``</token>
<token number="276" sentence="14" t_id="277">That</token>
<token number="277" sentence="14" t_id="278">'s</token>
<token number="278" sentence="14" t_id="279">an</token>
<token number="279" sentence="14" t_id="280">amazing</token>
<token number="280" sentence="14" t_id="281">thing</token>
<token number="281" sentence="14" t_id="282">for</token>
<token number="282" sentence="14" t_id="283">those</token>
<token number="283" sentence="14" t_id="284">who</token>
<token number="284" sentence="14" t_id="285">have</token>
<token number="285" sentence="14" t_id="286">worked</token>
<token number="286" sentence="14" t_id="287">on</token>
<token number="287" sentence="14" t_id="288">the</token>
<token number="288" sentence="14" t_id="289">program</token>
<token number="289" sentence="14" t_id="290">five</token>
<token number="290" sentence="14" t_id="291">,</token>
<token number="291" sentence="14" t_id="292">six</token>
<token number="292" sentence="14" t_id="293">,</token>
<token number="293" sentence="14" t_id="294">seven</token>
<token number="294" sentence="14" t_id="295">years</token>
<token number="295" sentence="14" t_id="296">,</token>
<token number="296" sentence="14" t_id="297">here</token>
<token number="297" sentence="14" t_id="298">at</token>
<token number="298" sentence="14" t_id="299">Boeing</token>
<token number="299" sentence="14" t_id="300">and</token>
<token number="300" sentence="14" t_id="301">our</token>
<token number="301" sentence="14" t_id="302">partners</token>
<token number="302" sentence="14" t_id="303">around</token>
<token number="303" sentence="14" t_id="304">the</token>
<token number="304" sentence="14" t_id="305">world</token>
<token number="305" sentence="14" t_id="306">.</token>
<token number="306" sentence="14" t_id="307">''</token>
<token number="307" sentence="15" t_id="308">Boeing</token>
<token number="308" sentence="15" t_id="309">says</token>
<token number="309" sentence="15" t_id="310">they</token>
<token number="310" sentence="15" t_id="311">must</token>
<token number="311" sentence="15" t_id="312">increase</token>
<token number="312" sentence="15" t_id="313">the</token>
<token number="313" sentence="15" t_id="314">tempo</token>
<token number="314" sentence="15" t_id="315">of</token>
<token number="315" sentence="15" t_id="316">production</token>
<token number="316" sentence="15" t_id="317">from</token>
<token number="317" sentence="15" t_id="318">two</token>
<token number="318" sentence="15" t_id="319">a</token>
<token number="319" sentence="15" t_id="320">month</token>
<token number="320" sentence="15" t_id="321">to</token>
<token number="321" sentence="15" t_id="322">ten</token>
<token number="322" sentence="15" t_id="323">,</token>
<token number="323" sentence="15" t_id="324">if</token>
<token number="324" sentence="15" t_id="325">they</token>
<token number="325" sentence="15" t_id="326">are</token>
<token number="326" sentence="15" t_id="327">to</token>
<token number="327" sentence="15" t_id="328">meet</token>
<token number="328" sentence="15" t_id="329">customer</token>
<token number="329" sentence="15" t_id="330">demand</token>
<token number="330" sentence="15" t_id="331">.</token>
<token number="331" sentence="16" t_id="332">``</token>
<token number="332" sentence="16" t_id="333">It</token>
<token number="333" sentence="16" t_id="334">'s</token>
<token number="334" sentence="16" t_id="335">an</token>
<token number="335" sentence="16" t_id="336">extraordinary</token>
<token number="336" sentence="16" t_id="337">challenge</token>
<token number="337" sentence="16" t_id="338">,</token>
<token number="338" sentence="16" t_id="339">no</token>
<token number="339" sentence="16" t_id="340">one</token>
<token number="340" sentence="16" t_id="341">has</token>
<token number="341" sentence="16" t_id="342">ever</token>
<token number="342" sentence="16" t_id="343">built</token>
<token number="343" sentence="16" t_id="344">a</token>
<token number="344" sentence="16" t_id="345">wide</token>
<token number="345" sentence="16" t_id="346">body</token>
<token number="346" sentence="16" t_id="347">aircraft</token>
<token number="347" sentence="16" t_id="348">at</token>
<token number="348" sentence="16" t_id="349">the</token>
<token number="349" sentence="16" t_id="350">rate</token>
<token number="350" sentence="16" t_id="351">of</token>
<token number="351" sentence="16" t_id="352">10</token>
<token number="352" sentence="16" t_id="353">per</token>
<token number="353" sentence="16" t_id="354">month</token>
<token number="354" sentence="16" t_id="355">before</token>
<token number="355" sentence="16" t_id="356">,</token>
<token number="356" sentence="16" t_id="357">''</token>
<token number="357" sentence="16" t_id="358">claims</token>
<token number="358" sentence="16" t_id="359">writer</token>
<token number="359" sentence="16" t_id="360">John</token>
<token number="360" sentence="16" t_id="361">Ostrower</token>
<token number="361" sentence="16" t_id="362">.</token>
<Markables>
<C-SIGNAL comment="" m_id="1">
<token_anchor t_id="68"/>
</C-SIGNAL>
<ENTITY_MENTION comment="" head="" m_id="19" syntactic_type="">
<token_anchor t_id="37"/>
<token_anchor t_id="38"/>
</ENTITY_MENTION>
<ENTITY_MENTION comment="" head="" m_id="2" syntactic_type="NAM">
<token_anchor t_id="40"/>
<token_anchor t_id="41"/>
<token_anchor t_id="42"/>
<token_anchor t_id="43"/>
</ENTITY_MENTION>
<ENTITY_MENTION comment="" head="" m_id="3" syntactic_type="NAM">
<token_anchor t_id="5"/>
<token_anchor t_id="6"/>
</ENTITY_MENTION>
<ENTITY_MENTION comment="" head="" m_id="4" syntactic_type="">
<token_anchor t_id="57"/>
<token_anchor t_id="58"/>
</ENTITY_MENTION>
<ENTITY_MENTION comment="" head="" m_id="5" syntactic_type="">
<token_anchor t_id="62"/>
<token_anchor t_id="63"/>
</ENTITY_MENTION>
<ENTITY_MENTION comment="" head="" m_id="6" syntactic_type="">
<token_anchor t_id="69"/>
</ENTITY_MENTION>
<ENTITY_MENTION comment="" head="" m_id="7" syntactic_type="">
<token_anchor t_id="71"/>
<token_anchor t_id="72"/>
<token_anchor t_id="73"/>
<token_anchor t_id="74"/>
<token_anchor t_id="75"/>
<token_anchor t_id="76"/>
<token_anchor t_id="77"/>
<token_anchor t_id="78"/>
<token_anchor t_id="79"/>
<token_anchor t_id="80"/>
<token_anchor t_id="81"/>
<token_anchor t_id="82"/>
</ENTITY_MENTION>
<ENTITY_MENTION comment="" head="" m_id="8" syntactic_type="">
<token_anchor t_id="87"/>
<token_anchor t_id="88"/>
</ENTITY_MENTION>
<ENTITY_MENTION comment="" head="" m_id="9" syntactic_type="NAM">
<token_anchor t_id="90"/>
</ENTITY_MENTION>
<ENTITY_MENTION comment="" head="" m_id="10" syntactic_type="">
<token_anchor t_id="92"/>
</ENTITY_MENTION>
<ENTITY_MENTION comment="" head="" m_id="11" syntactic_type="">
<token_anchor t_id="71"/>
<token_anchor t_id="72"/>
<token_anchor t_id="73"/>
</ENTITY_MENTION>
<ENTITY_MENTION comment="" head="" m_id="12" syntactic_type="">
<token_anchor t_id="79"/>
<token_anchor t_id="80"/>
<token_anchor t_id="81"/>
<token_anchor t_id="82"/>
</ENTITY_MENTION>
<ENTITY_MENTION comment="" head="" m_id="13" syntactic_type="">
<token_anchor t_id="100"/>
</ENTITY_MENTION>
<ENTITY_MENTION comment="" head="" m_id="14" syntactic_type="NAM">
<token_anchor t_id="1"/>
</ENTITY_MENTION>
<ENTITY_MENTION comment="" head="" m_id="15" syntactic_type="">
<token_anchor t_id="18"/>
</ENTITY_MENTION>
<ENTITY_MENTION comment="" head="" m_id="76" syntactic_type="NAM">
<token_anchor t_id="40"/>
</ENTITY_MENTION>
<ENTITY_MENTION comment="" head="" m_id="16" syntactic_type="">
<token_anchor t_id="4"/>
<token_anchor t_id="5"/>
<token_anchor t_id="6"/>
</ENTITY_MENTION>
<ENTITY_MENTION comment="" head="" m_id="17" syntactic_type="NAM">
<token_anchor t_id="25"/>
</ENTITY_MENTION>
<ENTITY_MENTION comment="" head="" m_id="18" syntactic_type="">
<token_anchor t_id="29"/>
<token_anchor t_id="30"/>
</ENTITY_MENTION>
<EVENT_MENTION aspect="NONE" certainty="CERTAIN" comment="" m_id="20" modality="" polarity="POS" pos="VERB" pred="be" special_cases="NONE" tense="PAST" time="NON_FUTURE">
<token_anchor t_id="19"/>
</EVENT_MENTION>
<EVENT_MENTION aspect="NONE" certainty="CERTAIN" comment="" m_id="21" modality="" polarity="POS" pos="VERB" pred="be" special_cases="NONE" tense="PAST" time="NON_FUTURE">
<token_anchor t_id="45"/>
</EVENT_MENTION>
<EVENT_MENTION aspect="NONE" certainty="CERTAIN" comment="" m_id="22" modality="" polarity="POS" pos="OTHER" pred="due" special_cases="NONE" tense="NONE" time="NON_FUTURE">
<token_anchor t_id="21"/>
</EVENT_MENTION>
<EVENT_MENTION aspect="NONE" certainty="CERTAIN" comment="" m_id="23" modality="" polarity="POS" pos="NOUN" pred="delivery" special_cases="NONE" tense="NONE" time="FUTURE">
<token_anchor t_id="23"/>
</EVENT_MENTION>
<EVENT_MENTION aspect="PERFECTIVE" certainty="CERTAIN" comment="" m_id="24" modality="" polarity="POS" pos="VERB" pred="roll out" special_cases="NONE" tense="PRESENT" time="NON_FUTURE">
<token_anchor t_id="27"/>
<token_anchor t_id="28"/>
</EVENT_MENTION>
<EVENT_MENTION aspect="NONE" certainty="CERTAIN" comment="" m_id="25" modality="" polarity="POS" pos="VERB" pred="deliver" special_cases="NONE" tense="FUTURE" time="FUTURE">
<token_anchor t_id="35"/>
</EVENT_MENTION>
<EVENT_MENTION aspect="NONE" certainty="CERTAIN" comment="" m_id="26" modality="" polarity="POS" pos="VERB" pred="take" special_cases="NONE" tense="INFINITIVE" time="NON_FUTURE">
<token_anchor t_id="47"/>
</EVENT_MENTION>
<EVENT_MENTION aspect="NONE" certainty="UNDERSPECIFIED" comment="" m_id="27" modality="" polarity="POS" pos="NOUN" pred="delivery" special_cases="NONE" tense="NONE" time="UNDERSPECIFIED">
<token_anchor t_id="48"/>
</EVENT_MENTION>
<EVENT_MENTION aspect="NONE" certainty="CERTAIN" comment="" m_id="28" modality="" polarity="POS" pos="VERB" pred="receive" special_cases="NONE" tense="FUTURE" time="FUTURE">
<token_anchor t_id="56"/>
</EVENT_MENTION>
<EVENT_MENTION aspect="NONE" certainty="CERTAIN" comment="" m_id="29" modality="" polarity="POS" pos="VERB" pred="promise" special_cases="NONE" tense="PRESENT" time="NON_FUTURE">
<token_anchor t_id="64"/>
</EVENT_MENTION>
<EVENT_MENTION aspect="NONE" certainty="UNDERSPECIFIED" comment="" m_id="30" modality="" polarity="POS" pos="NOUN" pred="fuel efficiency" special_cases="NONE" tense="NONE" time="FUTURE">
<token_anchor t_id="66"/>
<token_anchor t_id="67"/>
</EVENT_MENTION>
<EVENT_MENTION aspect="NONE" certainty="CERTAIN" comment="" m_id="31" modality="" polarity="POS" pos="VERB" pred="be" special_cases="NONE" tense="PRESENT" time="NON_FUTURE">
<token_anchor t_id="70"/>
</EVENT_MENTION>
<EVENT_MENTION aspect="NONE" certainty="CERTAIN" comment="" m_id="32" modality="" polarity="POS" pos="OTHER" pred="lightweight" special_cases="NONE" tense="NONE" time="NON_FUTURE">
<token_anchor t_id="85"/>
</EVENT_MENTION>
<EVENT_MENTION aspect="NONE" certainty="CERTAIN" comment="" m_id="33" modality="" polarity="POS" pos="VERB" pred="say" special_cases="NONE" tense="PRESENT" time="NON_FUTURE">
<token_anchor t_id="91"/>
</EVENT_MENTION>
<EVENT_MENTION aspect="NONE" certainty="CERTAIN" comment="" m_id="34" modality="" polarity="POS" pos="NOUN" pred="order" special_cases="NONE" tense="NONE" time="NON_FUTURE">
<token_anchor t_id="95"/>
</EVENT_MENTION>
<EVENT_MENTION aspect="NONE" certainty="CERTAIN" comment="" m_id="35" modality="" polarity="POS" pos="VERB" pred="have" special_cases="NONE" tense="PRESENT" time="NON_FUTURE">
<token_anchor t_id="93"/>
</EVENT_MENTION>
<EVENT_MENTION aspect="NONE" certainty="CERTAIN" comment="" m_id="36" modality="" polarity="POS" pos="VERB" pred="build" special_cases="NONE" tense="INFINITIVE" time="NON_FUTURE">
<token_anchor t_id="76"/>
</EVENT_MENTION>
<EVENT_MENTION aspect="NONE" certainty="CERTAIN" comment="" m_id="37" modality="" polarity="POS" pos="VERB" pred="roll out" special_cases="NONE" tense="PRESENT" time="NON_FUTURE">
<token_anchor t_id="2"/>
<token_anchor t_id="3"/>
</EVENT_MENTION>
<EVENT_MENTION aspect="NONE" certainty="CERTAIN" comment="" m_id="38" modality="" polarity="POS" pos="VERB" pred="go into" special_cases="NONE" tense="INFINITIVE" time="NON_FUTURE">
<token_anchor t_id="8"/>
<token_anchor t_id="9"/>
</EVENT_MENTION>
<EVENT_MENTION aspect="NONE" certainty="CERTAIN" comment="" m_id="39" modality="" polarity="POS" pos="NOUN" pred="service" special_cases="NONE" tense="NONE" time="FUTURE">
<token_anchor t_id="10"/>
</EVENT_MENTION>
<SIGNAL comment="" m_id="40">
<token_anchor t_id="17"/>
</SIGNAL>
<SIGNAL comment="" m_id="41">
<token_anchor t_id="49"/>
</SIGNAL>
<TIMEX3 anchorTimeID="42" beginPoint="" comment="" endPoint="" functionInDocument="CREATION_TIME" m_id="42" type="DATE" value="2011-08-08">
<token_anchor t_id="11"/>
<token_anchor t_id="12"/>
<token_anchor t_id="13"/>
<token_anchor t_id="14"/>
</TIMEX3>
<TIMEX3 anchorTimeID="" beginPoint="44" comment="" endPoint="45" functionInDocument="NONE" m_id="43" type="DURATION" value="P3Y">
<token_anchor t_id="15"/>
<token_anchor t_id="16"/>
</TIMEX3>
<TIMEX3 anchorTimeID="" beginPoint="" comment="" endPoint="" functionInDocument="NONE" m_id="44" type="DATE" value="2008-05">
<token_anchor t_id="50"/>
<token_anchor t_id="51"/>
</TIMEX3>
<TIMEX3 anchorTimeID="42" beginPoint="" comment="" endPoint="" functionInDocument="NONE" m_id="45" type="DATE" value="2011-09">
<token_anchor t_id="59"/>
<token_anchor t_id="60"/>
</TIMEX3>
<VALUE comment="" m_id="46" type="QUANTITY">
<token_anchor t_id="94"/>
</VALUE>
<VALUE comment="" m_id="47" type="MONEY">
<token_anchor t_id="97"/>
<token_anchor t_id="98"/>
</VALUE>






















<ENTITY TAG_DESCRIPTOR="Japan" comment="" ent_class="" ent_type="LOC" external_ref="" m_id="77"/>
<EVENT TAG_DESCRIPTOR="service VUA" class="OTHER" instance_id="OTH40105979747165337" m_id="138"/>
<EVENT TAG_DESCRIPTOR="deliver VUA" class="OTHER" instance_id="OTH40105092723480324" m_id="137"/>

<EVENT TAG_DESCRIPTOR="lightweight" class="OTHER" comment="" external_ref="" m_id="58"/>

<EVENT TAG_DESCRIPTOR="built VUA" class="OTHER" instance_id="OTH40104914091836081" m_id="134"/>
<EVENT TAG_DESCRIPTOR="is" class="GRAMMATICAL" comment="" external_ref="" m_id="56"/>
<EVENT TAG_DESCRIPTOR="787 promises " class="OTHER" instance_id="OTH41491030598515888" m_id="133"/>
<EVENT TAG_DESCRIPTOR="fuel efficiency" class="OTHER" instance_id="OTH40105343779700492" m_id="132"/>
<EVENT TAG_DESCRIPTOR="claim VUA" class="SPEECH_COGNITIVE" instance_id="SPE40097094226693104" m_id="131"/>
<EVENT TAG_DESCRIPTOR="take" class="GRAMMATICAL" comment="" external_ref="" m_id="52"/>

<EVENT TAG_DESCRIPTOR="receive VUA" class="OTHER" instance_id="OTH40105639730580738" m_id="129"/>
<EVENT TAG_DESCRIPTOR="due" class="OTHER" comment="" external_ref="" m_id="48"/>
<EVENT TAG_DESCRIPTOR="were" class="GRAMMATICAL" comment="" external_ref="" m_id="74"/>
<EVENT TAG_DESCRIPTOR="was" class="GRAMMATICAL" comment="" external_ref="" m_id="73"/>

<EVENT TAG_DESCRIPTOR="go into" class="GRAMMATICAL" comment="" external_ref="" m_id="68"/>
<EVENT TAG_DESCRIPTOR="276079-16-built" class="OTHER" instance_id="OTH41490453563595144" m_id="145"/>
<EVENT TAG_DESCRIPTOR="delivery of 787" class="OTHER" instance_id="OTH41490897412518042" m_id="144"/>

<EVENT TAG_DESCRIPTOR="order VUA" class="OTHER" instance_id="OTH40105485649774146" m_id="142"/>
<EVENT TAG_DESCRIPTOR="say VUA" class="SPEECH_COGNITIVE" instance_id="SPE40106108389239164" m_id="141"/>
<EVENT TAG_DESCRIPTOR="roll out VUA " class="OTHER" instance_id="OTH40105807736789100" m_id="140"/>
<EVENT TAG_DESCRIPTOR="have" class="GRAMMATICAL" comment="" external_ref="" m_id="60"/>
<ENTITY TAG_DESCRIPTOR="the first model with plastic and carbon" ent_type="PRO" instance_id="PRO39503480586209049" m_id="139"/>
<ENTITY TAG_DESCRIPTOR="787 Dreamliner" ent_type="PRO" external_ref="http://dbpedia.org/page/Boeing_787_Dreamliner" instance_id="PRO37154719263852456" m_id="128"/>
<ENTITY TAG_DESCRIPTOR="All Nippon Airways (ANA)" ent_type="ORG" external_ref="http://dbpedia.org/page/All_Nippon_Airways" instance_id="ORG27984198278053004" m_id="127"/>
<ENTITY TAG_DESCRIPTOR="plastic and carbon" comment="" ent_class="" ent_type="PRO" external_ref="" m_id="150"/>
<ENTITY TAG_DESCRIPTOR="conventional materials" ent_type="PRO" instance_id="PRO39503395429532798" m_id="149"/>
<ENTITY TAG_DESCRIPTOR="Boeing" ent_type="ORG" external_ref="http://dbpedia.org/page/Boeing" instance_id="ORG37154719725500990" m_id="147"/>
<ENTITY TAG_DESCRIPTOR="the first model" ent_type="PRO" instance_id="PRO39503507146266799" m_id="146"/>
</Markables>
<Relations>
<CLINK c-signalID="1" comment="" r_id="246621">
<source m_id="30"/>
<target m_id="36"/>
</CLINK>
<GLINK r_id="246622">
<source m_id="26"/>
<target m_id="27"/>
</GLINK>
<SLINK r_id="246623">
<source m_id="29"/>
<target m_id="30"/>
</SLINK>
<GLINK r_id="246624">
<source m_id="31"/>
<target m_id="36"/>
</GLINK>
<GLINK r_id="246625">
<source m_id="35"/>
<target m_id="34"/>
</GLINK>
<SLINK r_id="246626">
<source m_id="33"/>
<target m_id="35"/>
</SLINK>
<HAS_PARTICIPANT comment="" frame="" frame_element="" r_id="246627" sem_role="Arg2" sem_role_framework="PROPBANK">
<source m_id="22"/>
<target m_id="15"/>
</HAS_PARTICIPANT>
<HAS_PARTICIPANT comment="" frame="" frame_element="" r_id="246628" sem_role="Arg1" sem_role_framework="PROPBANK">
<source m_id="23"/>
<target m_id="15"/>
</HAS_PARTICIPANT>
<HAS_PARTICIPANT comment="" frame="" frame_element="" r_id="246629" sem_role="Arg0" sem_role_framework="PROPBANK">
<source m_id="24"/>
<target m_id="17"/>
</HAS_PARTICIPANT>
<HAS_PARTICIPANT comment="" frame="" frame_element="" r_id="246630" sem_role="Arg1" sem_role_framework="PROPBANK">
<source m_id="24"/>
<target m_id="18"/>
</HAS_PARTICIPANT>
<HAS_PARTICIPANT comment="" frame="" frame_element="" r_id="246631" sem_role="Arg2" sem_role_framework="PROPBANK">
<source m_id="25"/>
<target m_id="19"/>
</HAS_PARTICIPANT>
<HAS_PARTICIPANT comment="" frame="" frame_element="" r_id="246632" sem_role="Arg1" sem_role_framework="PROPBANK">
<source m_id="25"/>
<target m_id="18"/>
</HAS_PARTICIPANT>
<HAS_PARTICIPANT comment="" frame="" frame_element="" r_id="246633" sem_role="Arg0" sem_role_framework="PROPBANK">
<source m_id="26"/>
<target m_id="2"/>
</HAS_PARTICIPANT>
<HAS_PARTICIPANT comment="" frame="" frame_element="" r_id="246634" sem_role="Arg0" sem_role_framework="PROPBANK">
<source m_id="28"/>
<target m_id="2"/>
</HAS_PARTICIPANT>
<HAS_PARTICIPANT comment="" frame="" frame_element="" r_id="246635" sem_role="Arg1" sem_role_framework="PROPBANK">
<source m_id="28"/>
<target m_id="4"/>
</HAS_PARTICIPANT>
<HAS_PARTICIPANT comment="" frame="" frame_element="" r_id="246636" sem_role="Arg0" sem_role_framework="PROPBANK">
<source m_id="29"/>
<target m_id="5"/>
</HAS_PARTICIPANT>
<HAS_PARTICIPANT comment="" frame="" frame_element="" r_id="246637" sem_role="Arg1" sem_role_framework="PROPBANK">
<source m_id="31"/>
<target m_id="6"/>
</HAS_PARTICIPANT>
<HAS_PARTICIPANT comment="" frame="" frame_element="" r_id="246638" sem_role="Arg2" sem_role_framework="PROPBANK">
<source m_id="31"/>
<target m_id="7"/>
</HAS_PARTICIPANT>
<HAS_PARTICIPANT comment="" frame="" frame_element="" r_id="246639" sem_role="Arg2" sem_role_framework="PROPBANK">
<source m_id="36"/>
<target m_id="12"/>
</HAS_PARTICIPANT>
<HAS_PARTICIPANT comment="" frame="" frame_element="" r_id="246640" sem_role="Arg1" sem_role_framework="PROPBANK">
<source m_id="36"/>
<target m_id="11"/>
</HAS_PARTICIPANT>
<HAS_PARTICIPANT comment="" frame="" frame_element="" r_id="246641" sem_role="Arg1" sem_role_framework="PROPBANK">
<source m_id="32"/>
<target m_id="7"/>
</HAS_PARTICIPANT>
<HAS_PARTICIPANT comment="" frame="" frame_element="" r_id="246642" sem_role="Arg0" sem_role_framework="PROPBANK">
<source m_id="33"/>
<target m_id="9"/>
</HAS_PARTICIPANT>
<HAS_PARTICIPANT comment="" frame="" frame_element="" r_id="246643" sem_role="Arg0" sem_role_framework="PROPBANK">
<source m_id="35"/>
<target m_id="10"/>
</HAS_PARTICIPANT>
<TLINK comment="" r_id="246644" reltype="AFTER" signalID="40">
<source m_id="42"/>
<target m_id="43"/>
</TLINK>
<TLINK comment="" r_id="246645" reltype="BEFORE" signalID="">
<source m_id="24"/>
<target m_id="25"/>
</TLINK>
<TLINK comment="" r_id="246646" reltype="IS_INCLUDED" signalID="41">
<source m_id="26"/>
<target m_id="44"/>
</TLINK>
<TLINK comment="" r_id="246647" reltype="AFTER" signalID="">
<source m_id="42"/>
<target m_id="44"/>
</TLINK>
<TLINK comment="" r_id="246648" reltype="IS_INCLUDED" signalID="">
<source m_id="28"/>
<target m_id="45"/>
</TLINK>
<TLINK comment="" r_id="246649" reltype="BEFORE" signalID="">
<source m_id="42"/>
<target m_id="45"/>
</TLINK>
<TLINK comment="" r_id="246650" reltype="BEFORE" signalID="">
<source m_id="29"/>
<target m_id="30"/>
</TLINK>
<TLINK comment="" r_id="246651" reltype="INCLUDES" signalID="">
<source m_id="42"/>
<target m_id="33"/>
</TLINK>
<TLINK comment="" r_id="246652" reltype="SIMULTANEOUS" signalID="">
<source m_id="33"/>
<target m_id="35"/>
</TLINK>
<GLINK r_id="246653">
<source m_id="38"/>
<target m_id="39"/>
</GLINK>
<HAS_PARTICIPANT comment="" frame="" frame_element="" r_id="246659" sem_role="Arg0" sem_role_framework="PROPBANK">
<source m_id="37"/>
<target m_id="14"/>
</HAS_PARTICIPANT>
<HAS_PARTICIPANT comment="" frame="" frame_element="" r_id="246660" sem_role="Arg1" sem_role_framework="PROPBANK">
<source m_id="37"/>
<target m_id="16"/>
</HAS_PARTICIPANT>
<HAS_PARTICIPANT comment="" frame="" frame_element="" r_id="246661" sem_role="Arg0" sem_role_framework="PROPBANK">
<source m_id="38"/>
<target m_id="16"/>
</HAS_PARTICIPANT>
<HAS_PARTICIPANT comment="" frame="" frame_element="" r_id="246662" sem_role="Arg1" sem_role_framework="PROPBANK">
<source m_id="30"/>
<target m_id="5"/>
</HAS_PARTICIPANT>
<TLINK comment="" r_id="246663" reltype="BEFORE" signalID="">
<source m_id="22"/>
<target m_id="23"/>
</TLINK>
<TLINK comment="" r_id="246664" reltype="IS_INCLUDED" signalID="41">
<source m_id="27"/>
<target m_id="44"/>
</TLINK>
<TLINK comment="" r_id="246665" reltype="SIMULTANEOUS" signalID="">
<source m_id="31"/>
<target m_id="36"/>
</TLINK>
<TLINK comment="" r_id="246666" reltype="SIMULTANEOUS" signalID="">
<source m_id="31"/>
<target m_id="32"/>
</TLINK>
<TLINK comment="" r_id="246667" reltype="SIMULTANEOUS" signalID="">
<source m_id="35"/>
<target m_id="34"/>
</TLINK>
<GLINK r_id="246670">
<source m_id="20"/>
<target m_id="22"/>
</GLINK>
<GLINK r_id="246672">
<source m_id="21"/>
<target m_id="26"/>
</GLINK>
































<REFERS_TO r_id="319394">
<source m_id="12"/>
<target m_id="150"/>
</REFERS_TO>
<REFERS_TO r_id="319395">
<source m_id="35"/>
<target m_id="60"/>
</REFERS_TO>
<REFERS_TO r_id="319396">
<source m_id="30"/>
<target m_id="132"/>
</REFERS_TO>
<REFERS_TO r_id="319397">
<source m_id="29"/>
<target m_id="131"/>
</REFERS_TO>

<REFERS_TO r_id="319399">
<source m_id="25"/>
<target m_id="137"/>
</REFERS_TO>


<REFERS_TO r_id="319402">
<source m_id="36"/>
<target m_id="134"/>
</REFERS_TO>
<REFERS_TO r_id="319403">
<source m_id="38"/>
<target m_id="68"/>
</REFERS_TO>
<REFERS_TO r_id="319404">
<source m_id="7"/>
<target m_id="139"/>
</REFERS_TO>
<REFERS_TO r_id="319405">
<source m_id="39"/>
<target m_id="138"/>
</REFERS_TO>
<REFERS_TO r_id="319406">
<source m_id="22"/>
<target m_id="48"/>
</REFERS_TO>
<REFERS_TO r_id="319407">
<source m_id="11"/>
<source m_id="16"/>
<target m_id="146"/>
</REFERS_TO>
<REFERS_TO r_id="319408">


<source m_id="17"/>

<source m_id="14"/>

<source m_id="10"/>
<source m_id="9"/>


<target m_id="147"/>
</REFERS_TO>
<REFERS_TO r_id="319409">
<source m_id="23"/>
<source m_id="27"/>
<target m_id="144"/>
</REFERS_TO>
<REFERS_TO r_id="319410">

<source m_id="36"/>
<target m_id="145"/>
</REFERS_TO>
<REFERS_TO r_id="319411">
<source m_id="34"/>
<target m_id="142"/>
</REFERS_TO>

<REFERS_TO r_id="319413">

<source m_id="24"/>
<source m_id="37"/>
<target m_id="140"/>
</REFERS_TO>
<REFERS_TO r_id="319414">

<source m_id="33"/>
<target m_id="141"/>
</REFERS_TO>

<REFERS_TO r_id="319416">
<source m_id="8"/>
<target m_id="149"/>
</REFERS_TO>
<REFERS_TO r_id="319417">
<source m_id="76"/>
<target m_id="77"/>
</REFERS_TO>
<REFERS_TO r_id="319418">
<source m_id="21"/>
<target m_id="74"/>
</REFERS_TO>
<REFERS_TO r_id="319419">
<source m_id="20"/>
<target m_id="73"/>
</REFERS_TO>
<REFERS_TO r_id="319420">
<source m_id="19"/>
<source m_id="2"/>
<target m_id="127"/>
</REFERS_TO>
<REFERS_TO r_id="319421">
<source m_id="4"/>


<source m_id="3"/>
<source m_id="6"/>

<source m_id="18"/>
<source m_id="15"/>

<source m_id="5"/>

<source m_id="13"/>


<target m_id="128"/>
</REFERS_TO>
<REFERS_TO r_id="319422">
<source m_id="28"/>
<target m_id="129"/>
</REFERS_TO>
<REFERS_TO r_id="319423">
<source m_id="29"/>
<target m_id="133"/>
</REFERS_TO>
<REFERS_TO r_id="319424">
<source m_id="32"/>
<target m_id="58"/>
</REFERS_TO>
<REFERS_TO r_id="319425">
<source m_id="31"/>
<target m_id="56"/>
</REFERS_TO>
<REFERS_TO r_id="319426">
<source m_id="26"/>
<target m_id="52"/>
</REFERS_TO>
</Relations>
</Document>