<?xml version="1.0" ?><Document doc_id="3307" doc_name="3307_Airbus_launches_world_largest_passenger_plane" lang="en" url="http://en.wikinews.org/wiki/Airbus_launches_world's_largest_passenger_plane">
<token number="0" sentence="0" t_id="1">Airbus</token>
<token number="1" sentence="0" t_id="2">launches</token>
<token number="2" sentence="0" t_id="3">world</token>
<token number="3" sentence="0" t_id="4">'s</token>
<token number="4" sentence="0" t_id="5">largest</token>
<token number="5" sentence="0" t_id="6">passenger</token>
<token number="6" sentence="0" t_id="7">plane</token>
<token number="7" sentence="1" t_id="8">January</token>
<token number="8" sentence="1" t_id="9">18</token>
<token number="9" sentence="1" t_id="10">,</token>
<token number="10" sentence="1" t_id="11">2005</token>
<token number="11" sentence="2" t_id="12">In</token>
<token number="12" sentence="2" t_id="13">a</token>
<token number="13" sentence="2" t_id="14">ceremony</token>
<token number="14" sentence="2" t_id="15">attended</token>
<token number="15" sentence="2" t_id="16">by</token>
<token number="16" sentence="2" t_id="17">several</token>
<token number="17" sentence="2" t_id="18">European</token>
<token number="18" sentence="2" t_id="19">political</token>
<token number="19" sentence="2" t_id="20">leaders</token>
<token number="20" sentence="2" t_id="21">and</token>
<token number="21" sentence="2" t_id="22">5,000</token>
<token number="22" sentence="2" t_id="23">VIP</token>
<token number="23" sentence="2" t_id="24">guests</token>
<token number="24" sentence="2" t_id="25">,</token>
<token number="25" sentence="2" t_id="26">Airbus</token>
<token number="26" sentence="2" t_id="27">unveiled</token>
<token number="27" sentence="2" t_id="28">plans</token>
<token number="28" sentence="2" t_id="29">for</token>
<token number="29" sentence="2" t_id="30">the</token>
<token number="30" sentence="2" t_id="31">A380</token>
<token number="31" sentence="2" t_id="32">,</token>
<token number="32" sentence="2" t_id="33">a</token>
<token number="33" sentence="2" t_id="34">twin-deck</token>
<token number="34" sentence="2" t_id="35">aircraft</token>
<token number="35" sentence="2" t_id="36">that</token>
<token number="36" sentence="2" t_id="37">can</token>
<token number="37" sentence="2" t_id="38">carry</token>
<token number="38" sentence="2" t_id="39">up</token>
<token number="39" sentence="2" t_id="40">to</token>
<token number="40" sentence="2" t_id="41">840</token>
<token number="41" sentence="2" t_id="42">people</token>
<token number="42" sentence="2" t_id="43">in</token>
<token number="43" sentence="2" t_id="44">all-economy</token>
<token number="44" sentence="2" t_id="45">class</token>
<token number="45" sentence="2" t_id="46">(</token>
<token number="46" sentence="2" t_id="47">550</token>
<token number="47" sentence="2" t_id="48">for</token>
<token number="48" sentence="2" t_id="49">a</token>
<token number="49" sentence="2" t_id="50">Boeing</token>
<token number="50" sentence="2" t_id="51">747</token>
<token number="51" sentence="2" t_id="52">)</token>
<token number="52" sentence="2" t_id="53">,</token>
<token number="53" sentence="2" t_id="54">or</token>
<token number="54" sentence="2" t_id="55">555</token>
<token number="55" sentence="2" t_id="56">people</token>
<token number="56" sentence="2" t_id="57">in</token>
<token number="57" sentence="2" t_id="58">typical</token>
<token number="58" sentence="2" t_id="59">three</token>
<token number="59" sentence="2" t_id="60">mixed</token>
<token number="60" sentence="2" t_id="61">classes</token>
<token number="61" sentence="2" t_id="62">layout</token>
<token number="62" sentence="2" t_id="63">.</token>
<token number="63" sentence="3" t_id="64">The</token>
<token number="64" sentence="3" t_id="65">new</token>
<token number="65" sentence="3" t_id="66">aircraft</token>
<token number="66" sentence="3" t_id="67">will</token>
<token number="67" sentence="3" t_id="68">take</token>
<token number="68" sentence="3" t_id="69">the</token>
<token number="69" sentence="3" t_id="70">world</token>
<token number="70" sentence="3" t_id="71">'s</token>
<token number="71" sentence="3" t_id="72">-</token>
<token number="72" sentence="3" t_id="73">largest</token>
<token number="73" sentence="3" t_id="74">title</token>
<token number="74" sentence="3" t_id="75">away</token>
<token number="75" sentence="3" t_id="76">from</token>
<token number="76" sentence="3" t_id="77">rival</token>
<token number="77" sentence="3" t_id="78">Boeing</token>
<token number="78" sentence="3" t_id="79">'s</token>
<token number="79" sentence="3" t_id="80">747</token>
<token number="80" sentence="3" t_id="81">.</token>
<token number="81" sentence="4" t_id="82">Boeing</token>
<token number="82" sentence="4" t_id="83">'s</token>
<token number="83" sentence="4" t_id="84">upcoming</token>
<token number="84" sentence="4" t_id="85">new</token>
<token number="85" sentence="4" t_id="86">design</token>
<token number="86" sentence="4" t_id="87">,</token>
<token number="87" sentence="4" t_id="88">the</token>
<token number="88" sentence="4" t_id="89">7e7</token>
<token number="89" sentence="4" t_id="90">,</token>
<token number="90" sentence="4" t_id="91">does</token>
<token number="91" sentence="4" t_id="92">not</token>
<token number="92" sentence="4" t_id="93">attempt</token>
<token number="93" sentence="4" t_id="94">to</token>
<token number="94" sentence="4" t_id="95">compete</token>
<token number="95" sentence="4" t_id="96">directly</token>
<token number="96" sentence="4" t_id="97">with</token>
<token number="97" sentence="4" t_id="98">the</token>
<token number="98" sentence="4" t_id="99">A380</token>
<token number="99" sentence="4" t_id="100">but</token>
<token number="100" sentence="4" t_id="101">instead</token>
<token number="101" sentence="4" t_id="102">is</token>
<token number="102" sentence="4" t_id="103">aimed</token>
<token number="103" sentence="4" t_id="104">at</token>
<token number="104" sentence="4" t_id="105">a</token>
<token number="105" sentence="4" t_id="106">more</token>
<token number="106" sentence="4" t_id="107">efficient</token>
<token number="107" sentence="4" t_id="108">and</token>
<token number="108" sentence="4" t_id="109">comfortable</token>
<token number="109" sentence="4" t_id="110">flight</token>
<token number="110" sentence="4" t_id="111">at</token>
<token number="111" sentence="4" t_id="112">200-250</token>
<token number="112" sentence="4" t_id="113">seats</token>
<token number="113" sentence="4" t_id="114">.</token>
<token number="114" sentence="5" t_id="115">Airbus</token>
<token number="115" sentence="5" t_id="116">chief</token>
<token number="116" sentence="5" t_id="117">executive</token>
<token number="117" sentence="5" t_id="118">Noel</token>
<token number="118" sentence="5" t_id="119">Forgeard</token>
<token number="119" sentence="5" t_id="120">stated</token>
<token number="120" sentence="5" t_id="121">that</token>
<token number="121" sentence="5" t_id="122">he</token>
<token number="122" sentence="5" t_id="123">expected</token>
<token number="123" sentence="5" t_id="124">sales</token>
<token number="124" sentence="5" t_id="125">of</token>
<token number="125" sentence="5" t_id="126">the</token>
<token number="126" sentence="5" t_id="127">aircraft</token>
<token number="127" sentence="5" t_id="128">to</token>
<token number="128" sentence="5" t_id="129">exceed</token>
<token number="129" sentence="5" t_id="130">the</token>
<token number="130" sentence="5" t_id="131">250</token>
<token number="131" sentence="5" t_id="132">required</token>
<token number="132" sentence="5" t_id="133">for</token>
<token number="133" sentence="5" t_id="134">the</token>
<token number="134" sentence="5" t_id="135">project</token>
<token number="135" sentence="5" t_id="136">to</token>
<token number="136" sentence="5" t_id="137">break</token>
<token number="137" sentence="5" t_id="138">even</token>
<token number="138" sentence="5" t_id="139">.</token>
<token number="139" sentence="6" t_id="140">To</token>
<token number="140" sentence="6" t_id="141">date</token>
<token number="141" sentence="6" t_id="142">,</token>
<token number="142" sentence="6" t_id="143">149</token>
<token number="143" sentence="6" t_id="144">confirmed</token>
<token number="144" sentence="6" t_id="145">orders</token>
<token number="145" sentence="6" t_id="146">for</token>
<token number="146" sentence="6" t_id="147">the</token>
<token number="147" sentence="6" t_id="148">aircraft</token>
<token number="148" sentence="6" t_id="149">have</token>
<token number="149" sentence="6" t_id="150">been</token>
<token number="150" sentence="6" t_id="151">received</token>
<token number="151" sentence="6" t_id="152">.</token>
<token number="152" sentence="7" t_id="153">Airbus</token>
<token number="153" sentence="7" t_id="154">has</token>
<token number="154" sentence="7" t_id="155">hopes</token>
<token number="155" sentence="7" t_id="156">that</token>
<token number="156" sentence="7" t_id="157">sales</token>
<token number="157" sentence="7" t_id="158">will</token>
<token number="158" sentence="7" t_id="159">exceed</token>
<token number="159" sentence="7" t_id="160">700</token>
<token number="160" sentence="7" t_id="161">.</token>
<token number="161" sentence="8" t_id="162">The</token>
<token number="162" sentence="8" t_id="163">company</token>
<token number="163" sentence="8" t_id="164">is</token>
<token number="164" sentence="8" t_id="165">currently</token>
<token number="165" sentence="8" t_id="166">in</token>
<token number="166" sentence="8" t_id="167">talks</token>
<token number="167" sentence="8" t_id="168">with</token>
<token number="168" sentence="8" t_id="169">China</token>
<token number="169" sentence="8" t_id="170">regarding</token>
<token number="170" sentence="8" t_id="171">possible</token>
<token number="171" sentence="8" t_id="172">sales</token>
<token number="172" sentence="8" t_id="173">there</token>
<token number="173" sentence="8" t_id="174">.</token>
<token number="174" sentence="9" t_id="175">The</token>
<token number="175" sentence="9" t_id="176">first</token>
<token number="176" sentence="9" t_id="177">test</token>
<token number="177" sentence="9" t_id="178">flight</token>
<token number="178" sentence="9" t_id="179">of</token>
<token number="179" sentence="9" t_id="180">the</token>
<token number="180" sentence="9" t_id="181">aircraft</token>
<token number="181" sentence="9" t_id="182">may</token>
<token number="182" sentence="9" t_id="183">take</token>
<token number="183" sentence="9" t_id="184">place</token>
<token number="184" sentence="9" t_id="185">as</token>
<token number="185" sentence="9" t_id="186">early</token>
<token number="186" sentence="9" t_id="187">as</token>
<token number="187" sentence="9" t_id="188">March</token>
<token number="188" sentence="9" t_id="189">,</token>
<token number="189" sentence="9" t_id="190">and</token>
<token number="190" sentence="9" t_id="191">the</token>
<token number="191" sentence="9" t_id="192">first</token>
<token number="192" sentence="9" t_id="193">commercial</token>
<token number="193" sentence="9" t_id="194">flight</token>
<token number="194" sentence="9" t_id="195">is</token>
<token number="195" sentence="9" t_id="196">expected</token>
<token number="196" sentence="9" t_id="197">to</token>
<token number="197" sentence="9" t_id="198">take</token>
<token number="198" sentence="9" t_id="199">off</token>
<token number="199" sentence="9" t_id="200">in</token>
<token number="200" sentence="9" t_id="201">mid-2006</token>
<token number="201" sentence="9" t_id="202">from</token>
<token number="202" sentence="9" t_id="203">Singapore</token>
<token number="203" sentence="9" t_id="204">'s</token>
<token number="204" sentence="9" t_id="205">Changi</token>
<token number="205" sentence="9" t_id="206">Airport</token>
<token number="206" sentence="9" t_id="207">.</token>
<token number="207" sentence="10" t_id="208">British</token>
<token number="208" sentence="10" t_id="209">and</token>
<token number="209" sentence="10" t_id="210">American</token>
<token number="210" sentence="10" t_id="211">airline</token>
<token number="211" sentence="10" t_id="212">Virgin</token>
<token number="212" sentence="10" t_id="213">Atlantic</token>
<token number="213" sentence="10" t_id="214">has</token>
<token number="214" sentence="10" t_id="215">purchased</token>
<token number="215" sentence="10" t_id="216">six</token>
<token number="216" sentence="10" t_id="217">of</token>
<token number="217" sentence="10" t_id="218">these</token>
<token number="218" sentence="10" t_id="219">aeroplanes</token>
<token number="219" sentence="10" t_id="220">and</token>
<token number="220" sentence="10" t_id="221">intend</token>
<token number="221" sentence="10" t_id="222">to</token>
<token number="222" sentence="10" t_id="223">fit</token>
<token number="223" sentence="10" t_id="224">them</token>
<token number="224" sentence="10" t_id="225">with</token>
<token number="225" sentence="10" t_id="226">gyms</token>
<token number="226" sentence="10" t_id="227">and</token>
<token number="227" sentence="10" t_id="228">bars</token>
<token number="228" sentence="10" t_id="229">as</token>
<token number="229" sentence="10" t_id="230">well</token>
<token number="230" sentence="10" t_id="231">as</token>
<token number="231" sentence="10" t_id="232">seats</token>
<token number="232" sentence="10" t_id="233">.</token>
<Markables>
<ENTITY_MENTION comment="" head="" m_id="81" syntactic_type="">
<token_anchor t_id="115"/>
<token_anchor t_id="116"/>
<token_anchor t_id="117"/>
</ENTITY_MENTION>
<ENTITY_MENTION comment="" head="" m_id="19" syntactic_type="">
<token_anchor t_id="17"/>
<token_anchor t_id="18"/>
<token_anchor t_id="19"/>
<token_anchor t_id="20"/>
<token_anchor t_id="21"/>
<token_anchor t_id="22"/>
<token_anchor t_id="23"/>
<token_anchor t_id="24"/>
</ENTITY_MENTION>
<ENTITY_MENTION comment="" head="" m_id="82" syntactic_type="NAM">
<token_anchor t_id="118"/>
<token_anchor t_id="119"/>
</ENTITY_MENTION>
<ENTITY_MENTION comment="" head="" m_id="20" syntactic_type="NAM">
<token_anchor t_id="26"/>
</ENTITY_MENTION>
<ENTITY_MENTION comment="" head="" m_id="83" syntactic_type="">
<token_anchor t_id="17"/>
<token_anchor t_id="18"/>
<token_anchor t_id="19"/>
<token_anchor t_id="20"/>
</ENTITY_MENTION>
<ENTITY_MENTION comment="" head="" m_id="21" syntactic_type="NAM">
<token_anchor t_id="49"/>
<token_anchor t_id="50"/>
<token_anchor t_id="51"/>
</ENTITY_MENTION>
<ENTITY_MENTION comment="" head="" m_id="86" syntactic_type="">
<token_anchor t_id="22"/>
<token_anchor t_id="23"/>
<token_anchor t_id="24"/>
</ENTITY_MENTION>
<ENTITY_MENTION comment="" head="" m_id="22" syntactic_type="">
<token_anchor t_id="41"/>
<token_anchor t_id="42"/>
</ENTITY_MENTION>
<ENTITY_MENTION comment="" head="" m_id="87" syntactic_type="NAM">
<token_anchor t_id="30"/>
<token_anchor t_id="31"/>
</ENTITY_MENTION>
<ENTITY_MENTION comment="" head="" m_id="88" syntactic_type="">
<token_anchor t_id="33"/>
<token_anchor t_id="34"/>
<token_anchor t_id="35"/>
<token_anchor t_id="36"/>
<token_anchor t_id="37"/>
<token_anchor t_id="38"/>
<token_anchor t_id="39"/>
<token_anchor t_id="40"/>
<token_anchor t_id="41"/>
<token_anchor t_id="42"/>
<token_anchor t_id="43"/>
<token_anchor t_id="44"/>
<token_anchor t_id="45"/>
<token_anchor t_id="46"/>
<token_anchor t_id="47"/>
<token_anchor t_id="48"/>
<token_anchor t_id="49"/>
<token_anchor t_id="50"/>
<token_anchor t_id="51"/>
<token_anchor t_id="52"/>
<token_anchor t_id="53"/>
<token_anchor t_id="54"/>
<token_anchor t_id="55"/>
<token_anchor t_id="56"/>
<token_anchor t_id="57"/>
<token_anchor t_id="58"/>
<token_anchor t_id="59"/>
<token_anchor t_id="60"/>
<token_anchor t_id="61"/>
<token_anchor t_id="62"/>
</ENTITY_MENTION>
<ENTITY_MENTION comment="" head="" m_id="1" syntactic_type="">
<token_anchor t_id="55"/>
<token_anchor t_id="56"/>
</ENTITY_MENTION>
<ENTITY_MENTION comment="" head="" m_id="2" syntactic_type="">
<token_anchor t_id="47"/>
</ENTITY_MENTION>
<ENTITY_MENTION comment="" head="" m_id="3" syntactic_type="">
<token_anchor t_id="30"/>
<token_anchor t_id="31"/>
<token_anchor t_id="32"/>
<token_anchor t_id="33"/>
<token_anchor t_id="34"/>
<token_anchor t_id="35"/>
<token_anchor t_id="36"/>
<token_anchor t_id="37"/>
<token_anchor t_id="38"/>
<token_anchor t_id="39"/>
<token_anchor t_id="40"/>
<token_anchor t_id="41"/>
<token_anchor t_id="42"/>
<token_anchor t_id="43"/>
<token_anchor t_id="44"/>
<token_anchor t_id="45"/>
<token_anchor t_id="46"/>
<token_anchor t_id="47"/>
<token_anchor t_id="48"/>
<token_anchor t_id="49"/>
<token_anchor t_id="50"/>
<token_anchor t_id="51"/>
<token_anchor t_id="52"/>
<token_anchor t_id="53"/>
<token_anchor t_id="54"/>
<token_anchor t_id="55"/>
<token_anchor t_id="56"/>
<token_anchor t_id="57"/>
<token_anchor t_id="58"/>
<token_anchor t_id="59"/>
<token_anchor t_id="60"/>
<token_anchor t_id="61"/>
<token_anchor t_id="62"/>
</ENTITY_MENTION>
<ENTITY_MENTION comment="" head="" m_id="4" syntactic_type="NAM">
<token_anchor t_id="78"/>
</ENTITY_MENTION>
<ENTITY_MENTION comment="" head="" m_id="5" syntactic_type="">
<token_anchor t_id="33"/>
<token_anchor t_id="34"/>
<token_anchor t_id="35"/>
</ENTITY_MENTION>
<ENTITY_MENTION comment="" head="" m_id="6" syntactic_type="NAM">
<token_anchor t_id="1"/>
</ENTITY_MENTION>
<ENTITY_MENTION comment="" head="" m_id="7" syntactic_type="">
<token_anchor t_id="36"/>
</ENTITY_MENTION>
<ENTITY_MENTION comment="" head="" m_id="8" syntactic_type="">
<token_anchor t_id="64"/>
<token_anchor t_id="65"/>
<token_anchor t_id="66"/>
</ENTITY_MENTION>
<ENTITY_MENTION comment="" head="" m_id="9" syntactic_type="">
<token_anchor t_id="3"/>
<token_anchor t_id="4"/>
<token_anchor t_id="5"/>
<token_anchor t_id="6"/>
<token_anchor t_id="7"/>
</ENTITY_MENTION>
<ENTITY_MENTION comment="" head="" m_id="10" syntactic_type="NAM">
<token_anchor t_id="78"/>
<token_anchor t_id="79"/>
<token_anchor t_id="80"/>
</ENTITY_MENTION>
<ENTITY_MENTION comment="" head="" m_id="11" syntactic_type="NAM">
<token_anchor t_id="82"/>
</ENTITY_MENTION>
<ENTITY_MENTION comment="" head="" m_id="12" syntactic_type="NAM">
<token_anchor t_id="98"/>
<token_anchor t_id="99"/>
</ENTITY_MENTION>
<ENTITY_MENTION comment="" head="" m_id="13" syntactic_type="">
<token_anchor t_id="112"/>
<token_anchor t_id="113"/>
</ENTITY_MENTION>
<ENTITY_MENTION comment="" head="" m_id="14" syntactic_type="PRE.NAM">
<token_anchor t_id="115"/>
</ENTITY_MENTION>
<ENTITY_MENTION comment="" head="" m_id="15" syntactic_type="NAM">
<token_anchor t_id="115"/>
<token_anchor t_id="116"/>
<token_anchor t_id="117"/>
<token_anchor t_id="118"/>
<token_anchor t_id="119"/>
</ENTITY_MENTION>
<ENTITY_MENTION comment="" head="" m_id="16" syntactic_type="">
<token_anchor t_id="122"/>
</ENTITY_MENTION>
<ENTITY_MENTION comment="" head="" m_id="17" syntactic_type="">
<token_anchor t_id="126"/>
<token_anchor t_id="127"/>
</ENTITY_MENTION>
<ENTITY_MENTION comment="" head="" m_id="80" syntactic_type="NAM">
<token_anchor t_id="88"/>
<token_anchor t_id="89"/>
</ENTITY_MENTION>
<ENTITY_MENTION comment="" head="" m_id="18" syntactic_type="NAM">
<token_anchor t_id="82"/>
<token_anchor t_id="83"/>
<token_anchor t_id="84"/>
<token_anchor t_id="85"/>
<token_anchor t_id="86"/>
<token_anchor t_id="87"/>
<token_anchor t_id="88"/>
<token_anchor t_id="89"/>
</ENTITY_MENTION>
<EVENT_MENTION aspect="NONE" certainty="CERTAIN" comment="" m_id="23" modality="" polarity="POS" pos="VERB" pred="launch" special_cases="NONE" tense="PRESENT" time="NON_FUTURE">
<token_anchor t_id="2"/>
</EVENT_MENTION>
<EVENT_MENTION aspect="NONE" certainty="CERTAIN" comment="" m_id="24" modality="" polarity="POS" pos="NOUN" pred="ceremony" special_cases="NONE" tense="NONE" time="NON_FUTURE">
<token_anchor t_id="14"/>
</EVENT_MENTION>
<EVENT_MENTION aspect="NONE" certainty="CERTAIN" comment="" m_id="25" modality="" polarity="POS" pos="VERB" pred="attend" special_cases="NONE" tense="PAST" time="NON_FUTURE">
<token_anchor t_id="15"/>
</EVENT_MENTION>
<EVENT_MENTION aspect="NONE" certainty="CERTAIN" comment="" m_id="26" modality="" polarity="POS" pos="VERB" pred="unveil" special_cases="NONE" tense="PAST" time="NON_FUTURE">
<token_anchor t_id="27"/>
</EVENT_MENTION>
<EVENT_MENTION aspect="NONE" certainty="CERTAIN" comment="" m_id="27" modality="" polarity="POS" pos="NOUN" pred="plan" special_cases="NONE" tense="NONE" time="NON_FUTURE">
<token_anchor t_id="28"/>
</EVENT_MENTION>
<EVENT_MENTION aspect="NONE" certainty="CERTAIN" comment="" m_id="28" modality="can" polarity="POS" pos="VERB" pred="carry" special_cases="NONE" tense="NONE" time="FUTURE">
<token_anchor t_id="38"/>
</EVENT_MENTION>
<EVENT_MENTION aspect="NONE" certainty="CERTAIN" comment="" m_id="31" modality="" polarity="NEG" pos="VERB" pred="attempt" special_cases="NONE" tense="PRESENT" time="UNDERSPECIFIED">
<token_anchor t_id="93"/>
</EVENT_MENTION>
<EVENT_MENTION aspect="NONE" certainty="CERTAIN" comment="" m_id="32" modality="" polarity="POS" pos="VERB" pred="compete" special_cases="NONE" tense="INFINITIVE" time="UNDERSPECIFIED">
<token_anchor t_id="95"/>
</EVENT_MENTION>
<EVENT_MENTION aspect="NONE" certainty="CERTAIN" comment="" m_id="33" modality="" polarity="POS" pos="VERB" pred="aim" special_cases="NONE" tense="PRESENT" time="UNDERSPECIFIED">
<token_anchor t_id="103"/>
</EVENT_MENTION>
<EVENT_MENTION aspect="NONE" certainty="CERTAIN" comment="" m_id="34" modality="" polarity="POS" pos="NOUN" pred="flight" special_cases="NONE" tense="NONE" time="FUTURE">
<token_anchor t_id="110"/>
</EVENT_MENTION>
<EVENT_MENTION aspect="NONE" certainty="CERTAIN" comment="" m_id="35" modality="" polarity="POS" pos="VERB" pred="state" special_cases="NONE" tense="PAST" time="NON_FUTURE">
<token_anchor t_id="120"/>
</EVENT_MENTION>
<EVENT_MENTION aspect="NONE" certainty="CERTAIN" comment="" m_id="36" modality="" polarity="POS" pos="VERB" pred="expect" special_cases="NONE" tense="PAST" time="NON_FUTURE">
<token_anchor t_id="123"/>
</EVENT_MENTION>
<EVENT_MENTION aspect="NONE" certainty="CERTAIN" comment="" m_id="37" modality="" polarity="POS" pos="NOUN" pred="sale" special_cases="NONE" tense="NONE" time="FUTURE">
<token_anchor t_id="124"/>
</EVENT_MENTION>
<EVENT_MENTION aspect="NONE" certainty="CERTAIN" comment="" m_id="38" modality="" polarity="POS" pos="VERB" pred="exceed" special_cases="NONE" tense="INFINITIVE" time="FUTURE">
<token_anchor t_id="129"/>
</EVENT_MENTION>
<EVENT_MENTION aspect="NONE" certainty="CERTAIN" comment="" m_id="39" modality="" polarity="POS" pos="OTHER" pred="required" special_cases="NONE" tense="NONE" time="NON_FUTURE">
<token_anchor t_id="132"/>
</EVENT_MENTION>
<EVENT_MENTION aspect="NONE" certainty="CERTAIN" comment="" m_id="40" modality="" polarity="POS" pos="VERB" pred="break even" special_cases="NONE" tense="INFINITIVE" time="UNDERSPECIFIED">
<token_anchor t_id="137"/>
<token_anchor t_id="138"/>
</EVENT_MENTION>
<EVENT_MENTION aspect="NONE" certainty="CERTAIN" comment="" m_id="41" modality="" polarity="POS" pos="NOUN" pred="project" special_cases="NONE" tense="NONE" time="NON_FUTURE">
<token_anchor t_id="135"/>
</EVENT_MENTION>
<TIMEX3 anchorTimeID="42" beginPoint="" comment="" endPoint="" functionInDocument="CREATION_TIME" m_id="42" type="DATE" value="2005-01-18">
<token_anchor t_id="8"/>
<token_anchor t_id="9"/>
<token_anchor t_id="10"/>
<token_anchor t_id="11"/>
</TIMEX3>
<VALUE comment="" m_id="43" type="QUANTITY">
<token_anchor t_id="22"/>
</VALUE>
<VALUE comment="" m_id="44" type="QUANTITY">
<token_anchor t_id="47"/>
</VALUE>
<VALUE comment="" m_id="45" type="QUANTITY">
<token_anchor t_id="55"/>
</VALUE>
<VALUE comment="" m_id="46" type="QUANTITY">
<token_anchor t_id="59"/>
</VALUE>
<VALUE comment="" m_id="47" type="QUANTITY">
<token_anchor t_id="112"/>
</VALUE>
<VALUE comment="" m_id="48" type="QUANTITY">
<token_anchor t_id="131"/>
</VALUE>
<VALUE comment="" m_id="49" type="QUANTITY">
<token_anchor t_id="41"/>
</VALUE>


<EVENT_MENTION certainty="CERTAIN" m_id="92" polarity="POS" special_cases="NONE" time="FUTURE">
  <token_anchor t_id="68"/>
  <token_anchor t_id="75"/>
</EVENT_MENTION>









<ENTITY_MENTION m_id="110">
  <token_anchor t_id="23"/>
  <token_anchor t_id="24"/>
</ENTITY_MENTION>
<ENTITY_MENTION m_id="122">
  <token_anchor t_id="82"/>
  <token_anchor t_id="83"/>
  <token_anchor t_id="84"/>
  <token_anchor t_id="85"/>
  <token_anchor t_id="86"/>
  <token_anchor t_id="88"/>
  <token_anchor t_id="89"/>
</ENTITY_MENTION>
<ENTITY TAG_DESCRIPTOR="550" comment="" ent_class="" ent_type="PER" external_ref="" m_id="56"/>
<ENTITY TAG_DESCRIPTOR="5000 vips" comment="" ent_class="" ent_type="PER" external_ref="" m_id="85"/>
<ENTITY TAG_DESCRIPTOR="political leaders and VIP guests" comment="" ent_class="" ent_type="PER" external_ref="" m_id="50"/>

<EVENT TAG_DESCRIPTOR="Ceremony" class="OTHER" instance_id="OTH39579598937360977" m_id="137"/>

<EVENT TAG_DESCRIPTOR="launch" class="OTHER" instance_id="OTH39399038682728706" m_id="135"/>
<EVENT TAG_DESCRIPTOR="exceed" class="OTHER" instance_id="OTH39579828633585880" m_id="134"/>

<EVENT TAG_DESCRIPTOR="plans" class="OTHER" instance_id="OTH39580271444167327" m_id="131"/>
<EVENT TAG_DESCRIPTOR="project" class="OTHER" instance_id="OTH39580453889777151" m_id="130"/>
<EVENT TAG_DESCRIPTOR="stated" class="SPEECH_COGNITIVE" instance_id="SPE39581547047613615" m_id="129"/>

<EVENT TAG_DESCRIPTOR="unveiled" class="OTHER" instance_id="OTH39581371751296599" m_id="126"/>
<EVENT TAG_DESCRIPTOR="take away" class="OTHER" instance_id="OTH39581161065013649" m_id="152"/>
<EVENT TAG_DESCRIPTOR="break even" class="OTHER" comment="" external_ref="" m_id="74"/>
<EVENT TAG_DESCRIPTOR="required" class="OTHER" comment="" external_ref="" m_id="72"/>
<EVENT TAG_DESCRIPTOR="attended" class="OTHER" instance_id="OTH39579223452028312" m_id="149"/>
<EVENT TAG_DESCRIPTOR="flight" class="OTHER" instance_id="OTH39580107374768267" m_id="148"/>
<EVENT TAG_DESCRIPTOR="expected" class="SPEECH_COGNITIVE" comment="" external_ref="" m_id="69"/>
<EVENT TAG_DESCRIPTOR="sales" class="OTHER" instance_id="OTH39580890634467500" m_id="146"/>
<EVENT TAG_DESCRIPTOR="compete" class="OTHER" comment="" external_ref="" m_id="65"/>
<EVENT TAG_DESCRIPTOR="attempt" class="OTHER" comment="" external_ref="" m_id="64"/>

<EVENT TAG_DESCRIPTOR="aimed" class="OTHER" instance_id="OTH39578761325689797" m_id="140"/>
<EVENT TAG_DESCRIPTOR="carry" class="OTHER" comment="" external_ref="" m_id="62"/>
<ENTITY TAG_DESCRIPTOR="Boeing" ent_type="ORG" external_ref="http://dbpedia.org/page/Boeing" instance_id="ORG37154719725500990" m_id="139"/>
<ENTITY TAG_DESCRIPTOR="Noel Forgeard (CEO of EADS)" ent_type="PER" external_ref="http://dbpedia.org/page/No%C3%ABl_Forgeard" instance_id="PER27985118657442008" m_id="133"/>
<ENTITY TAG_DESCRIPTOR="200-250 seats" ent_type="PRO" external_ref="no er" instance_id="PRO39397152359162150" m_id="128"/>
<ENTITY TAG_DESCRIPTOR="twin-deck aircraft" ent_type="PRO" instance_id="PRO39397322869808184" m_id="125"/>
<ENTITY TAG_DESCRIPTOR="political leaders" ent_type="PER" instance_id="PER39397109454908568" m_id="124"/>
<ENTITY TAG_DESCRIPTOR="555 people" ent_type="PER" external_ref="no er" instance_id="PER39397028910411566" m_id="151"/>
<ENTITY TAG_DESCRIPTOR="VIP guests" ent_type="PER" instance_id="PER40171266213288471" m_id="150"/>
<ENTITY TAG_DESCRIPTOR="Airbus A380" ent_type="PRO" external_ref="http://dbpedia.org/page/Airbus_A380" instance_id="PRO37154719590532628" m_id="147"/>
<ENTITY TAG_DESCRIPTOR="840 people" ent_type="PER" external_ref="no er" instance_id="PER39397062537813258" m_id="145"/>
<ENTITY TAG_DESCRIPTOR="Airbus" ent_type="ORG" external_ref="http://dbpedia.org/page/Airbus" instance_id="ORG37154719430036883" m_id="144"/>
<ENTITY TAG_DESCRIPTOR="787 Dreamliner" ent_type="PRO" external_ref="http://dbpedia.org/page/Boeing_787_Dreamliner" instance_id="PRO37154719263852456" m_id="143"/>
<ENTITY TAG_DESCRIPTOR="Boeing 747 airliner" ent_type="PRO" external_ref="http://dbpedia.org/page/Boeing_747" instance_id="PRO27985245647356019" m_id="142"/>
</Markables>
<Relations>
<SLINK r_id="244485">
<source m_id="35"/>
<target m_id="36"/>
</SLINK>
<HAS_PARTICIPANT comment="" frame="" frame_element="" r_id="244486" sem_role="Arg0" sem_role_framework="PROPBANK">
<source m_id="25"/>
<target m_id="19"/>
</HAS_PARTICIPANT>
<HAS_PARTICIPANT comment="" frame="" frame_element="" r_id="244487" sem_role="Arg0" sem_role_framework="PROPBANK">
<source m_id="26"/>
<target m_id="20"/>
</HAS_PARTICIPANT>
<HAS_PARTICIPANT comment="" frame="" frame_element="" r_id="244488" sem_role="Arg0" sem_role_framework="PROPBANK">
<source m_id="27"/>
<target m_id="20"/>
</HAS_PARTICIPANT>
<HAS_PARTICIPANT comment="" frame="" frame_element="" r_id="244489" sem_role="Arg1" sem_role_framework="PROPBANK">
<source m_id="27"/>
<target m_id="3"/>
</HAS_PARTICIPANT>
<HAS_PARTICIPANT comment="" frame="" frame_element="" r_id="244490" sem_role="Arg0" sem_role_framework="PROPBANK">
<source m_id="28"/>
<target m_id="5"/>
</HAS_PARTICIPANT>
<HAS_PARTICIPANT comment="" frame="" frame_element="" r_id="244491" sem_role="Arg1" sem_role_framework="PROPBANK">
<source m_id="28"/>
<target m_id="22"/>
</HAS_PARTICIPANT>
<HAS_PARTICIPANT comment="" frame="" frame_element="" r_id="244492" sem_role="Arg1" sem_role_framework="PROPBANK">
<source m_id="28"/>
<target m_id="1"/>
</HAS_PARTICIPANT>
<HAS_PARTICIPANT comment="" frame="" frame_element="" r_id="244493" sem_role="Arg0" sem_role_framework="PROPBANK">
<source m_id="92"/>
<target m_id="8"/>
</HAS_PARTICIPANT>
<HAS_PARTICIPANT comment="" frame="" frame_element="" r_id="244494" sem_role="Argm-OTHER" sem_role_framework="PROPBANK">
<source m_id="92"/>
<target m_id="10"/>
</HAS_PARTICIPANT>
<HAS_PARTICIPANT comment="" frame="" frame_element="" r_id="244495" sem_role="Arg0" sem_role_framework="PROPBANK">
<source m_id="31"/>
<target m_id="18"/>
</HAS_PARTICIPANT>
<HAS_PARTICIPANT comment="" frame="" frame_element="" r_id="244496" sem_role="Arg0" sem_role_framework="PROPBANK">
<source m_id="32"/>
<target m_id="18"/>
</HAS_PARTICIPANT>
<HAS_PARTICIPANT comment="" frame="" frame_element="" r_id="244497" sem_role="Arg1" sem_role_framework="PROPBANK">
<source m_id="32"/>
<target m_id="12"/>
</HAS_PARTICIPANT>
<HAS_PARTICIPANT comment="" frame="" frame_element="" r_id="244498" sem_role="Arg0" sem_role_framework="PROPBANK">
<source m_id="33"/>
<target m_id="18"/>
</HAS_PARTICIPANT>
<HAS_PARTICIPANT comment="" frame="" frame_element="" r_id="244499" sem_role="Arg1" sem_role_framework="PROPBANK">
<source m_id="34"/>
<target m_id="18"/>
</HAS_PARTICIPANT>
<HAS_PARTICIPANT comment="" frame="" frame_element="" r_id="244500" sem_role="Arg0" sem_role_framework="PROPBANK">
<source m_id="35"/>
<target m_id="15"/>
</HAS_PARTICIPANT>
<HAS_PARTICIPANT comment="" frame="" frame_element="" r_id="244501" sem_role="Arg0" sem_role_framework="PROPBANK">
<source m_id="36"/>
<target m_id="16"/>
</HAS_PARTICIPANT>
<HAS_PARTICIPANT comment="" frame="" frame_element="" r_id="244502" sem_role="Arg1" sem_role_framework="PROPBANK">
<source m_id="37"/>
<target m_id="17"/>
</HAS_PARTICIPANT>
<HAS_PARTICIPANT comment="" frame="" frame_element="" r_id="244503" sem_role="Arg1" sem_role_framework="PROPBANK">
<source m_id="39"/>
<target m_id="48"/>
</HAS_PARTICIPANT>
<TLINK comment="" r_id="244504" reltype="SIMULTANEOUS" signalID="">
<source m_id="24"/>
<target m_id="25"/>
</TLINK>
<TLINK comment="" r_id="244505" reltype="INCLUDES" signalID="">
<source m_id="24"/>
<target m_id="26"/>
</TLINK>
<TLINK comment="" r_id="244506" reltype="BEFORE" signalID="">
<source m_id="27"/>
<target m_id="28"/>
</TLINK>
<TLINK comment="" r_id="244507" reltype="BEFORE" signalID="">
<source m_id="42"/>
<target m_id="92"/>
</TLINK>
<TLINK comment="" r_id="244508" reltype="BEFORE" signalID="">
<source m_id="33"/>
<target m_id="34"/>
</TLINK>
<TLINK comment="" r_id="244509" reltype="BEFORE" signalID="">
<source m_id="42"/>
<target m_id="31"/>
</TLINK>
<TLINK comment="" r_id="244510" reltype="INCLUDES" signalID="">
<source m_id="42"/>
<target m_id="35"/>
</TLINK>
<TLINK comment="" r_id="244511" reltype="BEFORE" signalID="">
<source m_id="36"/>
<target m_id="37"/>
</TLINK>
<TLINK comment="" r_id="244512" reltype="BEFORE" signalID="">
<source m_id="37"/>
<target m_id="38"/>
</TLINK>
<TLINK comment="" r_id="244513" reltype="BEFORE" signalID="">
<source m_id="36"/>
<target m_id="40"/>
</TLINK>
<SLINK r_id="244514">
<source m_id="36"/>
<target m_id="37"/>
</SLINK>
<HAS_PARTICIPANT comment="" frame="" frame_element="" r_id="244515" sem_role="Arg0" sem_role_framework="PROPBANK">
<source m_id="41"/>
<target m_id="14"/>
</HAS_PARTICIPANT>
<HAS_PARTICIPANT comment="" frame="" frame_element="" r_id="244516" sem_role="Arg2" sem_role_framework="PROPBANK">
<source m_id="38"/>
<target m_id="48"/>
</HAS_PARTICIPANT>
<HAS_PARTICIPANT comment="" frame="" frame_element="" r_id="244520" sem_role="Arg0" sem_role_framework="PROPBANK">
<source m_id="23"/>
<target m_id="6"/>
</HAS_PARTICIPANT>
<HAS_PARTICIPANT comment="" frame="" frame_element="" r_id="244521" sem_role="Arg1" sem_role_framework="PROPBANK">
<source m_id="23"/>
<target m_id="9"/>
</HAS_PARTICIPANT>
<TLINK comment="" r_id="244522" reltype="BEFORE" signalID="">
<source m_id="42"/>
<target m_id="32"/>
</TLINK>
<TLINK comment="" r_id="244523" reltype="SIMULTANEOUS" signalID="">
<source m_id="39"/>
<target m_id="40"/>
</TLINK>





































<REFERS_TO r_id="319392">
<source m_id="1"/>
<target m_id="151"/>
</REFERS_TO>
<REFERS_TO r_id="319393">
<source m_id="110"/>
<target m_id="150"/>
</REFERS_TO>
<REFERS_TO r_id="319394">
<source m_id="92"/>
<target m_id="152"/>
</REFERS_TO>
<REFERS_TO r_id="319395">
<source m_id="15"/>
<source m_id="16"/>
<source m_id="81"/>
<source m_id="82"/>
<target m_id="133"/>
</REFERS_TO>

<REFERS_TO r_id="319397">
<source m_id="28"/>
<target m_id="62"/>
</REFERS_TO>
<REFERS_TO r_id="319398">
<source m_id="41"/>
<target m_id="130"/>
</REFERS_TO>
<REFERS_TO r_id="319399">
<source m_id="31"/>
<target m_id="64"/>
</REFERS_TO>

<REFERS_TO r_id="319401">
<source m_id="23"/>
<target m_id="135"/>
</REFERS_TO>
<REFERS_TO r_id="319402">
<source m_id="38"/>
<target m_id="134"/>
</REFERS_TO>
<REFERS_TO r_id="319403">
<source m_id="36"/>
<target m_id="69"/>
</REFERS_TO>
<REFERS_TO r_id="319404">
<source m_id="4"/>
<source m_id="11"/>
<target m_id="139"/>
</REFERS_TO>

<REFERS_TO r_id="319406">
<source m_id="86"/>
<target m_id="85"/>
</REFERS_TO>
<REFERS_TO r_id="319407">
<source m_id="37"/>
<target m_id="146"/>
</REFERS_TO>
<REFERS_TO r_id="319408">

<source m_id="3"/>


<source m_id="12"/>
<source m_id="9"/>

<source m_id="8"/>
<source m_id="17"/>
<source m_id="87"/>
<target m_id="147"/>
</REFERS_TO>
<REFERS_TO r_id="319409">
<source m_id="14"/>


<source m_id="20"/>
<source m_id="6"/>
<target m_id="144"/>
</REFERS_TO>
<REFERS_TO r_id="319410">
<source m_id="22"/>
<target m_id="145"/>
</REFERS_TO>
<REFERS_TO r_id="319411">
<source m_id="21"/>
<source m_id="10"/>
<target m_id="142"/>
</REFERS_TO>
<REFERS_TO r_id="319412">
<source m_id="122"/>
<source m_id="80"/>
<source m_id="18"/>
<target m_id="143"/>
</REFERS_TO>
<REFERS_TO r_id="319413">
<source m_id="33"/>
<target m_id="140"/>
</REFERS_TO>

<REFERS_TO r_id="319415">
<source m_id="34"/>
<target m_id="148"/>
</REFERS_TO>
<REFERS_TO r_id="319416">
<source m_id="25"/>
<target m_id="149"/>
</REFERS_TO>
<REFERS_TO r_id="319417">
<source m_id="40"/>
<target m_id="74"/>
</REFERS_TO>
<REFERS_TO r_id="319418">
<source m_id="83"/>
<target m_id="124"/>
</REFERS_TO>
<REFERS_TO r_id="319419">
<source m_id="39"/>
<target m_id="72"/>
</REFERS_TO>
<REFERS_TO r_id="319420">
<source m_id="26"/>
<target m_id="126"/>
</REFERS_TO>

<REFERS_TO r_id="319422">
<source m_id="13"/>
<target m_id="128"/>
</REFERS_TO>
<REFERS_TO r_id="319423">
<source m_id="35"/>
<target m_id="129"/>
</REFERS_TO>
<REFERS_TO r_id="319424">
<source m_id="7"/>
<source m_id="5"/>
<source m_id="88"/>
<target m_id="125"/>
</REFERS_TO>
<REFERS_TO r_id="319425">
<source m_id="2"/>
<target m_id="56"/>
</REFERS_TO>
<REFERS_TO r_id="319426">
<source m_id="19"/>
<target m_id="50"/>
</REFERS_TO>
<REFERS_TO r_id="319427">
<source m_id="27"/>
<target m_id="131"/>
</REFERS_TO>
<REFERS_TO r_id="319428">
<source m_id="24"/>
<target m_id="137"/>
</REFERS_TO>
<REFERS_TO r_id="319429">
<source m_id="32"/>
<target m_id="65"/>
</REFERS_TO>
</Relations>
</Document>