<?xml version="1.0" ?><Document doc_id="3835" doc_name="3835_Chinese_airlines_agree_purchase_of_Boeing_787_Dreamliners" lang="en" url="http://en.wikinews.org/wiki/Chinese_airlines_agree_purchase_of_Boeing_787_Dreamliners_worth_US$7.2bn">
<token number="0" sentence="0" t_id="1">Chinese</token>
<token number="1" sentence="0" t_id="2">airlines</token>
<token number="2" sentence="0" t_id="3">agree</token>
<token number="3" sentence="0" t_id="4">purchase</token>
<token number="4" sentence="0" t_id="5">of</token>
<token number="5" sentence="0" t_id="6">Boeing</token>
<token number="6" sentence="0" t_id="7">787</token>
<token number="7" sentence="0" t_id="8">Dreamliners</token>
<token number="8" sentence="0" t_id="9">worth</token>
<token number="9" sentence="0" t_id="10">US$</token>
<token number="10" sentence="0" t_id="11">7.2</token>
<token number="11" sentence="0" t_id="12">bn</token>
<token number="12" sentence="1" t_id="13">January</token>
<token number="13" sentence="1" t_id="14">29</token>
<token number="14" sentence="1" t_id="15">,</token>
<token number="15" sentence="1" t_id="16">2005</token>
<token number="16" sentence="2" t_id="17">Officials</token>
<token number="17" sentence="2" t_id="18">from</token>
<token number="18" sentence="2" t_id="19">the</token>
<token number="19" sentence="2" t_id="20">People</token>
<token number="20" sentence="2" t_id="21">'s</token>
<token number="21" sentence="2" t_id="22">Republic</token>
<token number="22" sentence="2" t_id="23">of</token>
<token number="23" sentence="2" t_id="24">China</token>
<token number="24" sentence="2" t_id="25">have</token>
<token number="25" sentence="2" t_id="26">agreed</token>
<token number="26" sentence="2" t_id="27">to</token>
<token number="27" sentence="2" t_id="28">purchase</token>
<token number="28" sentence="2" t_id="29">60</token>
<token number="29" sentence="2" t_id="30">Boeing</token>
<token number="30" sentence="2" t_id="31">787</token>
<token number="31" sentence="2" t_id="32">Dreamliner</token>
<token number="32" sentence="2" t_id="33">aircraft</token>
<token number="33" sentence="2" t_id="34">in</token>
<token number="34" sentence="2" t_id="35">a</token>
<token number="35" sentence="2" t_id="36">deal</token>
<token number="36" sentence="2" t_id="37">worth</token>
<token number="37" sentence="2" t_id="38">US$</token>
<token number="38" sentence="2" t_id="39">7.2</token>
<token number="39" sentence="2" t_id="40">bn</token>
<token number="40" sentence="2" t_id="41">.</token>
<token number="41" sentence="3" t_id="42">In</token>
<token number="42" sentence="3" t_id="43">China</token>
<token number="43" sentence="3" t_id="44">,</token>
<token number="44" sentence="3" t_id="45">airliners</token>
<token number="45" sentence="3" t_id="46">are</token>
<token number="46" sentence="3" t_id="47">selected</token>
<token number="47" sentence="3" t_id="48">and</token>
<token number="48" sentence="3" t_id="49">purchased</token>
<token number="49" sentence="3" t_id="50">by</token>
<token number="50" sentence="3" t_id="51">the</token>
<token number="51" sentence="3" t_id="52">government</token>
<token number="52" sentence="3" t_id="53">,</token>
<token number="53" sentence="3" t_id="54">which</token>
<token number="54" sentence="3" t_id="55">then</token>
<token number="55" sentence="3" t_id="56">distributes</token>
<token number="56" sentence="3" t_id="57">them</token>
<token number="57" sentence="3" t_id="58">to</token>
<token number="58" sentence="3" t_id="59">different</token>
<token number="59" sentence="3" t_id="60">airlines</token>
<token number="60" sentence="3" t_id="61">.</token>
<token number="61" sentence="4" t_id="62">The</token>
<token number="62" sentence="4" t_id="63">preliminary</token>
<token number="63" sentence="4" t_id="64">agreement</token>
<token number="64" sentence="4" t_id="65">will</token>
<token number="65" sentence="4" t_id="66">see</token>
<token number="66" sentence="4" t_id="67">Dreamliners</token>
<token number="67" sentence="4" t_id="68">delivered</token>
<token number="68" sentence="4" t_id="69">to</token>
<token number="69" sentence="4" t_id="70">six</token>
<token number="70" sentence="4" t_id="71">airlines</token>
<token number="71" sentence="4" t_id="72">-</token>
<token number="72" sentence="4" t_id="73">Air</token>
<token number="73" sentence="4" t_id="74">China</token>
<token number="74" sentence="4" t_id="75">,</token>
<token number="75" sentence="4" t_id="76">China</token>
<token number="76" sentence="4" t_id="77">Eastern</token>
<token number="77" sentence="4" t_id="78">Airlines</token>
<token number="78" sentence="4" t_id="79">,</token>
<token number="79" sentence="4" t_id="80">China</token>
<token number="80" sentence="4" t_id="81">Southern</token>
<token number="81" sentence="4" t_id="82">Airlines</token>
<token number="82" sentence="4" t_id="83">,</token>
<token number="83" sentence="4" t_id="84">Hainan</token>
<token number="84" sentence="4" t_id="85">Airlines</token>
<token number="85" sentence="4" t_id="86">,</token>
<token number="86" sentence="4" t_id="87">Shanghai</token>
<token number="87" sentence="4" t_id="88">Airlines</token>
<token number="88" sentence="4" t_id="89">and</token>
<token number="89" sentence="4" t_id="90">Xiamen</token>
<token number="90" sentence="4" t_id="91">Airlines</token>
<token number="91" sentence="4" t_id="92">.</token>
<token number="92" sentence="5" t_id="93">The</token>
<token number="93" sentence="5" t_id="94">deliveries</token>
<token number="94" sentence="5" t_id="95">are</token>
<token number="95" sentence="5" t_id="96">scheduled</token>
<token number="96" sentence="5" t_id="97">to</token>
<token number="97" sentence="5" t_id="98">be</token>
<token number="98" sentence="5" t_id="99">in</token>
<token number="99" sentence="5" t_id="100">time</token>
<token number="100" sentence="5" t_id="101">for</token>
<token number="101" sentence="5" t_id="102">the</token>
<token number="102" sentence="5" t_id="103">2008</token>
<token number="103" sentence="5" t_id="104">Beijing</token>
<token number="104" sentence="5" t_id="105">Olympic</token>
<token number="105" sentence="5" t_id="106">Games</token>
<token number="106" sentence="5" t_id="107">.</token>
<token number="107" sentence="6" t_id="108">The</token>
<token number="108" sentence="6" t_id="109">aircraft</token>
<token number="109" sentence="6" t_id="110">was</token>
<token number="110" sentence="6" t_id="111">once</token>
<token number="111" sentence="6" t_id="112">named</token>
<token number="112" sentence="6" t_id="113">the</token>
<token number="113" sentence="6" t_id="114">7E7</token>
<token number="114" sentence="6" t_id="115">but</token>
<token number="115" sentence="6" t_id="116">was</token>
<token number="116" sentence="6" t_id="117">renamed</token>
<token number="117" sentence="6" t_id="118">at</token>
<token number="118" sentence="6" t_id="119">the</token>
<token number="119" sentence="6" t_id="120">same</token>
<token number="120" sentence="6" t_id="121">time</token>
<token number="121" sentence="6" t_id="122">the</token>
<token number="122" sentence="6" t_id="123">deal</token>
<token number="123" sentence="6" t_id="124">was</token>
<token number="124" sentence="6" t_id="125">announced</token>
<token number="125" sentence="6" t_id="126">.</token>
<token number="126" sentence="7" t_id="127">Boeing</token>
<token number="127" sentence="7" t_id="128">will</token>
<token number="128" sentence="7" t_id="129">begin</token>
<token number="129" sentence="7" t_id="130">production</token>
<token number="130" sentence="7" t_id="131">in</token>
<token number="131" sentence="7" t_id="132">2006</token>
<token number="132" sentence="7" t_id="133">and</token>
<token number="133" sentence="7" t_id="134">the</token>
<token number="134" sentence="7" t_id="135">aircraft</token>
<token number="135" sentence="7" t_id="136">should</token>
<token number="136" sentence="7" t_id="137">enter</token>
<token number="137" sentence="7" t_id="138">airline</token>
<token number="138" sentence="7" t_id="139">service</token>
<token number="139" sentence="7" t_id="140">in</token>
<token number="140" sentence="7" t_id="141">2008</token>
<token number="141" sentence="7" t_id="142">.</token>
<token number="142" sentence="8" t_id="143">It</token>
<token number="143" sentence="8" t_id="144">will</token>
<token number="144" sentence="8" t_id="145">seat</token>
<token number="145" sentence="8" t_id="146">200</token>
<token number="146" sentence="8" t_id="147">to</token>
<token number="147" sentence="8" t_id="148">300</token>
<token number="148" sentence="8" t_id="149">people</token>
<token number="149" sentence="8" t_id="150">and</token>
<token number="150" sentence="8" t_id="151">will</token>
<token number="151" sentence="8" t_id="152">have</token>
<token number="152" sentence="8" t_id="153">a</token>
<token number="153" sentence="8" t_id="154">range</token>
<token number="154" sentence="8" t_id="155">of</token>
<token number="155" sentence="8" t_id="156">3,500</token>
<token number="156" sentence="8" t_id="157">to</token>
<token number="157" sentence="8" t_id="158">8,500</token>
<token number="158" sentence="8" t_id="159">nautical</token>
<token number="159" sentence="8" t_id="160">miles</token>
<token number="160" sentence="8" t_id="161">.</token>
<token number="161" sentence="9" t_id="162">Through</token>
<token number="162" sentence="9" t_id="163">the</token>
<token number="163" sentence="9" t_id="164">use</token>
<token number="164" sentence="9" t_id="165">of</token>
<token number="165" sentence="9" t_id="166">the</token>
<token number="166" sentence="9" t_id="167">latest</token>
<token number="167" sentence="9" t_id="168">materials</token>
<token number="168" sentence="9" t_id="169">and</token>
<token number="169" sentence="9" t_id="170">designs</token>
<token number="170" sentence="9" t_id="171">it</token>
<token number="171" sentence="9" t_id="172">will</token>
<token number="172" sentence="9" t_id="173">be</token>
<token number="173" sentence="9" t_id="174">20</token>
<token number="174" sentence="9" t_id="175">%</token>
<token number="175" sentence="9" t_id="176">more</token>
<token number="176" sentence="9" t_id="177">fuel</token>
<token number="177" sentence="9" t_id="178">efficient</token>
<token number="178" sentence="9" t_id="179">than</token>
<token number="179" sentence="9" t_id="180">the</token>
<token number="180" sentence="9" t_id="181">equivalent</token>
<token number="181" sentence="9" t_id="182">aircraft</token>
<token number="182" sentence="9" t_id="183">today</token>
<token number="183" sentence="9" t_id="184">.</token>
<Markables>
<ENTITY_MENTION comment="" head="" m_id="19" syntactic_type="">
<token_anchor t_id="51"/>
<token_anchor t_id="52"/>
<token_anchor t_id="53"/>
<token_anchor t_id="54"/>
<token_anchor t_id="55"/>
<token_anchor t_id="56"/>
<token_anchor t_id="57"/>
<token_anchor t_id="58"/>
<token_anchor t_id="59"/>
<token_anchor t_id="60"/>
</ENTITY_MENTION>
<ENTITY_MENTION comment="" head="" m_id="20" syntactic_type="">
<token_anchor t_id="54"/>
</ENTITY_MENTION>
<ENTITY_MENTION comment="" head="" m_id="21" syntactic_type="">
<token_anchor t_id="51"/>
<token_anchor t_id="52"/>
</ENTITY_MENTION>
<ENTITY_MENTION comment="" head="" m_id="22" syntactic_type="">
<token_anchor t_id="57"/>
</ENTITY_MENTION>
<ENTITY_MENTION comment="" head="" m_id="23" syntactic_type="PRE.NAM">
<token_anchor t_id="6"/>
</ENTITY_MENTION>
<ENTITY_MENTION comment="" head="" m_id="1" syntactic_type="">
<token_anchor t_id="59"/>
<token_anchor t_id="60"/>
</ENTITY_MENTION>
<ENTITY_MENTION comment="" head="" m_id="2" syntactic_type="NAM">
<token_anchor t_id="67"/>
</ENTITY_MENTION>
<ENTITY_MENTION comment="" head="" m_id="3" syntactic_type="">
<token_anchor t_id="70"/>
<token_anchor t_id="71"/>
<token_anchor t_id="72"/>
<token_anchor t_id="73"/>
<token_anchor t_id="74"/>
<token_anchor t_id="75"/>
<token_anchor t_id="76"/>
<token_anchor t_id="77"/>
<token_anchor t_id="78"/>
<token_anchor t_id="79"/>
<token_anchor t_id="80"/>
<token_anchor t_id="81"/>
<token_anchor t_id="82"/>
<token_anchor t_id="83"/>
<token_anchor t_id="84"/>
<token_anchor t_id="85"/>
<token_anchor t_id="86"/>
<token_anchor t_id="87"/>
<token_anchor t_id="88"/>
<token_anchor t_id="89"/>
<token_anchor t_id="90"/>
<token_anchor t_id="91"/>
</ENTITY_MENTION>
<ENTITY_MENTION comment="" head="" m_id="4" syntactic_type="">
<token_anchor t_id="30"/>
<token_anchor t_id="31"/>
<token_anchor t_id="32"/>
<token_anchor t_id="33"/>
</ENTITY_MENTION>
<ENTITY_MENTION comment="" head="" m_id="5" syntactic_type="NAM">
<token_anchor t_id="73"/>
<token_anchor t_id="74"/>
</ENTITY_MENTION>
<ENTITY_MENTION comment="" head="" m_id="6" syntactic_type="NAM">
<token_anchor t_id="76"/>
<token_anchor t_id="77"/>
<token_anchor t_id="78"/>
</ENTITY_MENTION>
<ENTITY_MENTION comment="" head="" m_id="7" syntactic_type="NAM">
<token_anchor t_id="80"/>
<token_anchor t_id="81"/>
<token_anchor t_id="82"/>
</ENTITY_MENTION>
<ENTITY_MENTION comment="" head="" m_id="8" syntactic_type="NAM">
<token_anchor t_id="84"/>
<token_anchor t_id="85"/>
</ENTITY_MENTION>
<ENTITY_MENTION comment="" head="" m_id="9" syntactic_type="NAM">
<token_anchor t_id="87"/>
<token_anchor t_id="88"/>
</ENTITY_MENTION>
<ENTITY_MENTION comment="" head="" m_id="10" syntactic_type="NAM">
<token_anchor t_id="90"/>
<token_anchor t_id="91"/>
</ENTITY_MENTION>
<ENTITY_MENTION comment="" head="" m_id="11" syntactic_type="">
<token_anchor t_id="17"/>
<token_anchor t_id="18"/>
<token_anchor t_id="19"/>
<token_anchor t_id="20"/>
<token_anchor t_id="21"/>
<token_anchor t_id="22"/>
<token_anchor t_id="23"/>
<token_anchor t_id="24"/>
</ENTITY_MENTION>
<ENTITY_MENTION comment="" head="" m_id="12" syntactic_type="NAM">
<token_anchor t_id="20"/>
<token_anchor t_id="21"/>
<token_anchor t_id="22"/>
<token_anchor t_id="23"/>
<token_anchor t_id="24"/>
</ENTITY_MENTION>
<ENTITY_MENTION comment="" head="" m_id="13" syntactic_type="">
<token_anchor t_id="29"/>
<token_anchor t_id="30"/>
<token_anchor t_id="31"/>
<token_anchor t_id="32"/>
<token_anchor t_id="33"/>
</ENTITY_MENTION>
<ENTITY_MENTION comment="" head="" m_id="14" syntactic_type="NAM">
<token_anchor t_id="30"/>
</ENTITY_MENTION>
<ENTITY_MENTION comment="" head="" m_id="74" syntactic_type="NAM">
<token_anchor t_id="6"/>
<token_anchor t_id="7"/>
<token_anchor t_id="8"/>
</ENTITY_MENTION>
<ENTITY_MENTION comment="" head="" m_id="15" syntactic_type="NAM">
<token_anchor t_id="43"/>
</ENTITY_MENTION>
<ENTITY_MENTION comment="" head="" m_id="75" syntactic_type="">
<token_anchor t_id="70"/>
<token_anchor t_id="71"/>
</ENTITY_MENTION>
<ENTITY_MENTION comment="" head="" m_id="16" syntactic_type="">
<token_anchor t_id="1"/>
<token_anchor t_id="2"/>
</ENTITY_MENTION>
<ENTITY_MENTION comment="" head="" m_id="17" syntactic_type="">
<token_anchor t_id="45"/>
</ENTITY_MENTION>
<ENTITY_MENTION comment="" head="" m_id="18" syntactic_type="">
<token_anchor t_id="6"/>
<token_anchor t_id="7"/>
<token_anchor t_id="8"/>
<token_anchor t_id="9"/>
<token_anchor t_id="10"/>
<token_anchor t_id="11"/>
<token_anchor t_id="12"/>
</ENTITY_MENTION>
<EVENT_MENTION aspect="NONE" certainty="CERTAIN" comment="" m_id="24" modality="" polarity="POS" pos="VERB" pred="schedule" special_cases="NONE" tense="PRESENT" time="NON_FUTURE">
<token_anchor t_id="96"/>
</EVENT_MENTION>
<EVENT_MENTION aspect="NONE" certainty="CERTAIN" comment="" m_id="25" modality="" polarity="POS" pos="NOUN" pred="the 2008 Bejing Olympic Games" special_cases="NONE" tense="NONE" time="FUTURE">
<token_anchor t_id="102"/>
<token_anchor t_id="103"/>
<token_anchor t_id="104"/>
<token_anchor t_id="105"/>
<token_anchor t_id="106"/>
</EVENT_MENTION>
<EVENT_MENTION aspect="NONE" certainty="CERTAIN" comment="" m_id="26" modality="" polarity="POS" pos="NOUN" pred="agreement" special_cases="NONE" tense="NONE" time="NON_FUTURE">
<token_anchor t_id="64"/>
</EVENT_MENTION>
<EVENT_MENTION aspect="NONE" certainty="CERTAIN" comment="" m_id="27" modality="" polarity="POS" pos="VERB" pred="see" special_cases="NONE" tense="FUTURE" time="FUTURE">
<token_anchor t_id="66"/>
</EVENT_MENTION>
<EVENT_MENTION aspect="NONE" certainty="CERTAIN" comment="" m_id="28" modality="" polarity="POS" pos="VERB" pred="deliver" special_cases="NONE" tense="PASTPART" time="FUTURE">
<token_anchor t_id="68"/>
</EVENT_MENTION>
<EVENT_MENTION aspect="NONE" certainty="CERTAIN" comment="" m_id="29" modality="" polarity="POS" pos="VERB" pred="select" special_cases="GEN" tense="PRESENT" time="UNDERSPECIFIED">
<token_anchor t_id="47"/>
</EVENT_MENTION>
<EVENT_MENTION aspect="NONE" certainty="CERTAIN" comment="" m_id="30" modality="" polarity="POS" pos="VERB" pred="purchase" special_cases="GEN" tense="PRESENT" time="UNDERSPECIFIED">
<token_anchor t_id="49"/>
</EVENT_MENTION>
<EVENT_MENTION aspect="PERFECTIVE" certainty="CERTAIN" comment="" m_id="31" modality="" polarity="POS" pos="VERB" pred="agree" special_cases="NONE" tense="PRESENT" time="NON_FUTURE">
<token_anchor t_id="26"/>
</EVENT_MENTION>
<EVENT_MENTION aspect="NONE" certainty="CERTAIN" comment="" m_id="32" modality="" polarity="POS" pos="VERB" pred="purchase" special_cases="NONE" tense="INFINITIVE" time="FUTURE">
<token_anchor t_id="28"/>
</EVENT_MENTION>
<EVENT_MENTION aspect="NONE" certainty="CERTAIN" comment="" m_id="33" modality="" polarity="POS" pos="NOUN" pred="deal" special_cases="NONE" tense="NONE" time="NON_FUTURE">
<token_anchor t_id="36"/>
</EVENT_MENTION>
<EVENT_MENTION aspect="NONE" certainty="PROBABLE" comment="" m_id="34" modality="" polarity="POS" pos="VERB" pred="delivery" special_cases="NONE" tense="NONE" time="FUTURE">
<token_anchor t_id="94"/>
</EVENT_MENTION>
<EVENT_MENTION aspect="NONE" certainty="CERTAIN" comment="" m_id="35" modality="" polarity="POS" pos="VERB" pred="distribute" special_cases="GEN" tense="PRESENT" time="UNDERSPECIFIED">
<token_anchor t_id="56"/>
</EVENT_MENTION>
<EVENT_MENTION aspect="NONE" certainty="CERTAIN" comment="" m_id="36" modality="" polarity="POS" pos="VERB" pred="agree" special_cases="NONE" tense="PRESENT" time="NON_FUTURE">
<token_anchor t_id="3"/>
</EVENT_MENTION>
<EVENT_MENTION aspect="NONE" certainty="CERTAIN" comment="" m_id="37" modality="" polarity="POS" pos="NOUN" pred="purchase" special_cases="NONE" tense="NONE" time="FUTURE">
<token_anchor t_id="4"/>
</EVENT_MENTION>
<SIGNAL comment="" m_id="38">
<token_anchor t_id="55"/>
</SIGNAL>
<SIGNAL comment="" m_id="39">
<token_anchor t_id="99"/>
<token_anchor t_id="100"/>
<token_anchor t_id="101"/>
</SIGNAL>
<SIGNAL comment="" m_id="40">
<token_anchor t_id="34"/>
</SIGNAL>
<TIMEX3 anchorTimeID="" beginPoint="" comment="" endPoint="" functionInDocument="CREATION_TIME" m_id="41" type="DATE" value="2005-01-29">
<token_anchor t_id="13"/>
<token_anchor t_id="14"/>
<token_anchor t_id="15"/>
<token_anchor t_id="16"/>
</TIMEX3>
<TIMEX3 anchorTimeID="" beginPoint="" comment="" endPoint="" functionInDocument="NONE" m_id="42" type="DATE" value="2008">
<token_anchor t_id="103"/>
</TIMEX3>
<VALUE comment="" m_id="43" type="QUANTITY">
<token_anchor t_id="29"/>
</VALUE>
<VALUE comment="" m_id="44" type="QUANTITY">
<token_anchor t_id="70"/>
</VALUE>
<VALUE comment="" m_id="45" type="MONEY">
<token_anchor t_id="38"/>
<token_anchor t_id="39"/>
<token_anchor t_id="40"/>
</VALUE>
<VALUE comment="" m_id="46" type="MONEY">
<token_anchor t_id="10"/>
<token_anchor t_id="11"/>
<token_anchor t_id="12"/>
</VALUE>









<ENTITY TAG_DESCRIPTOR="60 Boeing 787 Dreamliner" comment="" ent_class="" ent_type="PRO" external_ref="" m_id="109"/>
<EVENT TAG_DESCRIPTOR="agreed" class="GRAMMATICAL" comment="" external_ref="" m_id="56"/>


<EVENT TAG_DESCRIPTOR="see" class="SPEECH_COGNITIVE" comment="" external_ref="" m_id="51"/>
<EVENT TAG_DESCRIPTOR="purchase VUA" class="OTHER" instance_id="OTH39649455675976671" m_id="129"/>
<EVENT TAG_DESCRIPTOR="selected VUA" class="OTHER" instance_id="OTH39649777044573252" m_id="127"/>
<EVENT TAG_DESCRIPTOR="scheduled" class="GRAMMATICAL" comment="" external_ref="" m_id="49"/>

<EVENT TAG_DESCRIPTOR="purchased VUA" class="OTHER" instance_id="OTH39649609956990732" m_id="119"/>
<EVENT TAG_DESCRIPTOR="distributes" class="OTHER" instance_id="OTH39649152463065062" m_id="118"/>
<EVENT TAG_DESCRIPTOR="deal VUA" class="OTHER" instance_id="OTH39648770053655013" m_id="117"/>
<EVENT TAG_DESCRIPTOR="delivered VUA" class="OTHER" instance_id="OTH39648959222366444" m_id="115"/>
<EVENT TAG_DESCRIPTOR="Olympic Games 2008" class="OTHER" external_ref="http://dbpedia.org/page/2008_Summer_Olympics" instance_id="OTH39648652582775507" m_id="114"/>

<ENTITY TAG_DESCRIPTOR="Hainan Airlines Company Limited (HNA)" ent_type="ORG" external_ref="http://dbpedia.org/resource/Hainan_Airlines" instance_id="ORG27744203895285806" m_id="134"/>
<ENTITY TAG_DESCRIPTOR="Airliners" ent_type="PRO" instance_id="PRO39475476568057583" m_id="132"/>
<ENTITY TAG_DESCRIPTOR="China (People's Republic of China)" ent_type="LOC" external_ref="http://dbpedia.org/resource/China" instance_id="LOC27743980691187312" m_id="130"/>
<ENTITY TAG_DESCRIPTOR="787 Dreamliner" ent_type="PRO" external_ref="http://dbpedia.org/page/Boeing_787_Dreamliner" instance_id="PRO37154719263852456" m_id="128"/>
<ENTITY TAG_DESCRIPTOR="Different airlines" ent_type="ORG" instance_id="ORG39475353121778559" m_id="126"/>

<ENTITY TAG_DESCRIPTOR="China Eastern Airlines" ent_type="ORG" external_ref="http://dbpedia.org/page/China_Eastern_Airlines" instance_id="ORG37154719868821189" m_id="124"/>
<ENTITY TAG_DESCRIPTOR="Shanghai Airlines" ent_type="ORG" external_ref="http://dbpedia.org/resource/Shanghai_Airlines" instance_id="ORG27744240802171727" m_id="122"/>
<ENTITY TAG_DESCRIPTOR="Six airlines" ent_type="ORG" instance_id="ORG39475377327774025" m_id="121"/>
<ENTITY TAG_DESCRIPTOR="Xiamen Airlines (XiamenAir)" ent_type="ORG" external_ref="http://dbpedia.org/resource/Xiamen_Airlines" instance_id="ORG27744289770758585" m_id="120"/>
<ENTITY TAG_DESCRIPTOR="People's Republic of China" comment="" ent_class="" ent_type="ORG" external_ref="" m_id="136"/>
<ENTITY TAG_DESCRIPTOR="Air China Limited" ent_type="ORG" external_ref="http://dbpedia.org/resource/Air_China" instance_id="ORG27744091336592967" m_id="116"/>
<ENTITY TAG_DESCRIPTOR="officials" ent_type="PER" instance_id="PER39475406658056681" m_id="112"/>
<ENTITY TAG_DESCRIPTOR="China Southern Airlines Company Limited" ent_type="ORG" external_ref="http://dbpedia.org/resource/China_Southern_Airlines" instance_id="ORG27744165393780288" m_id="111"/>
<ENTITY TAG_DESCRIPTOR="China (People's Republic of China)" ent_type="ORG" external_ref="http://dbpedia.org/resource/China" instance_id="ORG27744052820930814" m_id="110"/>
</Markables>
<Relations>
<GLINK r_id="244593">
<source m_id="24"/>
<target m_id="34"/>
</GLINK>
<GLINK r_id="244557">
<source m_id="31"/>
<target m_id="32"/>
</GLINK>
<SLINK r_id="244558">
<source m_id="27"/>
<target m_id="28"/>
</SLINK>
<TLINK comment="" r_id="244559" reltype="BEFORE" signalID="">
<source m_id="31"/>
<target m_id="41"/>
</TLINK>
<TLINK comment="" r_id="244560" reltype="BEFORE" signalID="">
<source m_id="31"/>
<target m_id="32"/>
</TLINK>
<TLINK comment="" r_id="244561" reltype="IS_INCLUDED" signalID="40">
<source m_id="31"/>
<target m_id="33"/>
</TLINK>
<TLINK comment="" r_id="244562" reltype="SIMULTANEOUS" signalID="">
<source m_id="29"/>
<target m_id="41"/>
</TLINK>
<TLINK comment="" r_id="244563" reltype="SIMULTANEOUS" signalID="">
<source m_id="30"/>
<target m_id="41"/>
</TLINK>
<TLINK comment="" r_id="244564" reltype="BEFORE" signalID="">
<source m_id="29"/>
<target m_id="35"/>
</TLINK>
<TLINK comment="" r_id="244565" reltype="BEFORE" signalID="">
<source m_id="30"/>
<target m_id="35"/>
</TLINK>
<TLINK comment="" r_id="244566" reltype="AFTER" signalID="">
<source m_id="27"/>
<target m_id="41"/>
</TLINK>
<TLINK comment="" r_id="244567" reltype="AFTER" signalID="">
<source m_id="28"/>
<target m_id="41"/>
</TLINK>
<TLINK comment="" r_id="244568" reltype="BEFORE" signalID="39">
<source m_id="34"/>
<target m_id="25"/>
</TLINK>
<TLINK comment="" r_id="244569" reltype="SIMULTANEOUS" signalID="">
<source m_id="24"/>
<target m_id="41"/>
</TLINK>
<TLINK comment="" r_id="244570" reltype="IS_INCLUDED" signalID="">
<source m_id="25"/>
<target m_id="42"/>
</TLINK>
<HAS_PARTICIPANT comment="" frame="" frame_element="" r_id="244571" sem_role="Arg0" sem_role_framework="PROPBANK">
<source m_id="31"/>
<target m_id="11"/>
</HAS_PARTICIPANT>
<HAS_PARTICIPANT comment="" frame="" frame_element="" r_id="244572" sem_role="Arg1" sem_role_framework="PROPBANK">
<source m_id="29"/>
<target m_id="17"/>
</HAS_PARTICIPANT>
<HAS_PARTICIPANT comment="" frame="" frame_element="" r_id="244573" sem_role="Arg0" sem_role_framework="PROPBANK">
<source m_id="29"/>
<target m_id="21"/>
</HAS_PARTICIPANT>
<HAS_PARTICIPANT comment="" frame="" frame_element="" r_id="244574" sem_role="Arg0" sem_role_framework="PROPBANK">
<source m_id="30"/>
<target m_id="21"/>
</HAS_PARTICIPANT>
<HAS_PARTICIPANT comment="" frame="" frame_element="" r_id="244575" sem_role="Arg1" sem_role_framework="PROPBANK">
<source m_id="30"/>
<target m_id="17"/>
</HAS_PARTICIPANT>
<HAS_PARTICIPANT comment="" frame="" frame_element="" r_id="244576" sem_role="Argm-LOC" sem_role_framework="PROPBANK">
<source m_id="29"/>
<target m_id="15"/>
</HAS_PARTICIPANT>
<HAS_PARTICIPANT comment="" frame="" frame_element="" r_id="244577" sem_role="Argm-LOC" sem_role_framework="PROPBANK">
<source m_id="30"/>
<target m_id="15"/>
</HAS_PARTICIPANT>
<HAS_PARTICIPANT comment="" frame="" frame_element="" r_id="244578" sem_role="Arg0" sem_role_framework="PROPBANK">
<source m_id="35"/>
<target m_id="20"/>
</HAS_PARTICIPANT>
<HAS_PARTICIPANT comment="" frame="" frame_element="" r_id="244579" sem_role="Arg1" sem_role_framework="PROPBANK">
<source m_id="35"/>
<target m_id="22"/>
</HAS_PARTICIPANT>
<HAS_PARTICIPANT comment="" frame="" frame_element="" r_id="244580" sem_role="Arg2" sem_role_framework="PROPBANK">
<source m_id="35"/>
<target m_id="1"/>
</HAS_PARTICIPANT>
<HAS_PARTICIPANT comment="" frame="" frame_element="" r_id="244581" sem_role="Arg1" sem_role_framework="PROPBANK">
<source m_id="27"/>
<target m_id="2"/>
</HAS_PARTICIPANT>
<HAS_PARTICIPANT comment="" frame="" frame_element="" r_id="244582" sem_role="Arg2" sem_role_framework="PROPBANK">
<source m_id="28"/>
<target m_id="2"/>
</HAS_PARTICIPANT>
<HAS_PARTICIPANT comment="" frame="" frame_element="" r_id="244583" sem_role="Arg1" sem_role_framework="PROPBANK">
<source m_id="28"/>
<target m_id="2"/>
</HAS_PARTICIPANT>
<HAS_PARTICIPANT comment="" frame="" frame_element="" r_id="244584" sem_role="Arg2" sem_role_framework="PROPBANK">
<source m_id="28"/>
<target m_id="3"/>
</HAS_PARTICIPANT>
<GLINK r_id="244585">
<source m_id="36"/>
<target m_id="37"/>
</GLINK>
<HAS_PARTICIPANT comment="" frame="" frame_element="" r_id="244590" sem_role="Arg0" sem_role_framework="PROPBANK">
<source m_id="36"/>
<target m_id="16"/>
</HAS_PARTICIPANT>
<HAS_PARTICIPANT comment="" frame="" frame_element="" r_id="244591" sem_role="Arg1" sem_role_framework="PROPBANK">
<source m_id="37"/>
<target m_id="18"/>
</HAS_PARTICIPANT>
<HAS_PARTICIPANT comment="" frame="" frame_element="" r_id="244592" sem_role="Arg0" sem_role_framework="PROPBANK">
<source m_id="37"/>
<target m_id="16"/>
</HAS_PARTICIPANT>
































<REFERS_TO r_id="244527">
<source m_id="8"/>
<target m_id="134"/>
</REFERS_TO>
<REFERS_TO r_id="244528">
<source m_id="28"/>
<source m_id="34"/>
<target m_id="115"/>
</REFERS_TO>
<REFERS_TO r_id="244529">
<source m_id="25"/>
<target m_id="114"/>
</REFERS_TO>
<REFERS_TO r_id="244530">
<source m_id="33"/>
<target m_id="117"/>
</REFERS_TO>
<REFERS_TO r_id="244531">
<source m_id="5"/>
<target m_id="116"/>
</REFERS_TO>
<REFERS_TO r_id="244532">
<source m_id="7"/>
<target m_id="111"/>
</REFERS_TO>
<REFERS_TO r_id="244533">
<source m_id="20"/>
<target m_id="110"/>
</REFERS_TO>

<REFERS_TO r_id="244535">
<source m_id="11"/>
<target m_id="112"/>
</REFERS_TO>
<REFERS_TO r_id="244536">
<source m_id="30"/>
<target m_id="119"/>
</REFERS_TO>
<REFERS_TO r_id="244537">
<source m_id="35"/>
<target m_id="118"/>
</REFERS_TO>
<REFERS_TO r_id="244538">
<source m_id="24"/>
<target m_id="49"/>
</REFERS_TO>
<REFERS_TO r_id="244539">
<source m_id="15"/>
<target m_id="130"/>
</REFERS_TO>
<REFERS_TO r_id="244540">
<source m_id="10"/>
<target m_id="120"/>
</REFERS_TO>
<REFERS_TO r_id="244541">
<source m_id="16"/>
<source m_id="3"/>
<target m_id="121"/>
</REFERS_TO>
<REFERS_TO r_id="244542">
<source m_id="9"/>
<target m_id="122"/>
</REFERS_TO>

<REFERS_TO r_id="244544">
<source m_id="6"/>
<target m_id="124"/>
</REFERS_TO>

<REFERS_TO r_id="244546">
<source m_id="1"/>
<target m_id="126"/>
</REFERS_TO>
<REFERS_TO r_id="244547">
<source m_id="29"/>
<target m_id="127"/>
</REFERS_TO>
<REFERS_TO r_id="244548">


<source m_id="4"/>
<source m_id="2"/>

<source m_id="18"/>

<target m_id="128"/>
</REFERS_TO>
<REFERS_TO r_id="244549">
<source m_id="32"/>
<source m_id="37"/>
<target m_id="129"/>
</REFERS_TO>

<REFERS_TO r_id="244551">
<source m_id="22"/>
<source m_id="17"/>
<target m_id="132"/>
</REFERS_TO>
<REFERS_TO r_id="244552">
<source m_id="31"/>
<source m_id="26"/>
<source m_id="36"/>
<target m_id="56"/>
</REFERS_TO>
<REFERS_TO r_id="244553">
<source m_id="27"/>
<target m_id="51"/>
</REFERS_TO>

<REFERS_TO r_id="244555">
<source m_id="13"/>
<source m_id="18"/>
<target m_id="109"/>
</REFERS_TO>
<REFERS_TO r_id="244556">
<source m_id="12"/>
<source m_id="21"/>
<target m_id="136"/>
</REFERS_TO>
</Relations>
</Document>