<?xml version="1.0" ?><Document doc_id="4764" doc_name="4764_Boeing_unveils_long-range_777" lang="en" url="http://en.wikinews.org/wiki/Boeing_unveils_long-range_777">
<token number="0" sentence="0" t_id="1">Boeing</token>
<token number="1" sentence="0" t_id="2">unveils</token>
<token number="2" sentence="0" t_id="3">long-range</token>
<token number="3" sentence="0" t_id="4">777</token>
<token number="4" sentence="1" t_id="5">February</token>
<token number="5" sentence="1" t_id="6">17</token>
<token number="6" sentence="1" t_id="7">,</token>
<token number="7" sentence="1" t_id="8">2005</token>
<token number="8" sentence="2" t_id="9">Boeing</token>
<token number="9" sentence="2" t_id="10">has</token>
<token number="10" sentence="2" t_id="11">unveiled</token>
<token number="11" sentence="2" t_id="12">a</token>
<token number="12" sentence="2" t_id="13">new</token>
<token number="13" sentence="2" t_id="14">ultra-long</token>
<token number="14" sentence="2" t_id="15">range</token>
<token number="15" sentence="2" t_id="16">version</token>
<token number="16" sentence="2" t_id="17">of</token>
<token number="17" sentence="2" t_id="18">its</token>
<token number="18" sentence="2" t_id="19">777</token>
<token number="19" sentence="2" t_id="20">airliner</token>
<token number="20" sentence="2" t_id="21">,</token>
<token number="21" sentence="2" t_id="22">capable</token>
<token number="22" sentence="2" t_id="23">of</token>
<token number="23" sentence="2" t_id="24">flying</token>
<token number="24" sentence="2" t_id="25">from</token>
<token number="25" sentence="2" t_id="26">London</token>
<token number="26" sentence="2" t_id="27">to</token>
<token number="27" sentence="2" t_id="28">Sydney</token>
<token number="28" sentence="2" t_id="29">non-stop</token>
<token number="29" sentence="2" t_id="30">.</token>
<token number="30" sentence="3" t_id="31">The</token>
<token number="31" sentence="3" t_id="32">777-200LR</token>
<token number="32" sentence="3" t_id="33">can</token>
<token number="33" sentence="3" t_id="34">fly</token>
<token number="34" sentence="3" t_id="35">for</token>
<token number="35" sentence="3" t_id="36">9,420</token>
<token number="36" sentence="3" t_id="37">nautical</token>
<token number="37" sentence="3" t_id="38">miles</token>
<token number="38" sentence="3" t_id="39">(</token>
<token number="39" sentence="3" t_id="40">17,446</token>
<token number="40" sentence="3" t_id="41">kilometers</token>
<token number="41" sentence="3" t_id="42">)</token>
<token number="42" sentence="3" t_id="43">with</token>
<token number="43" sentence="3" t_id="44">301</token>
<token number="44" sentence="3" t_id="45">passengers</token>
<token number="45" sentence="3" t_id="46">onboard</token>
<token number="46" sentence="3" t_id="47">,</token>
<token number="47" sentence="3" t_id="48">giving</token>
<token number="48" sentence="3" t_id="49">it</token>
<token number="49" sentence="3" t_id="50">a</token>
<token number="50" sentence="3" t_id="51">range</token>
<token number="51" sentence="3" t_id="52">greater</token>
<token number="52" sentence="3" t_id="53">than</token>
<token number="53" sentence="3" t_id="54">any</token>
<token number="54" sentence="3" t_id="55">other</token>
<token number="55" sentence="3" t_id="56">airliner</token>
<token number="56" sentence="3" t_id="57">in</token>
<token number="57" sentence="3" t_id="58">the</token>
<token number="58" sentence="3" t_id="59">world</token>
<token number="59" sentence="3" t_id="60">.</token>
<token number="60" sentence="4" t_id="61">The</token>
<token number="61" sentence="4" t_id="62">aircraft</token>
<token number="62" sentence="4" t_id="63">can</token>
<token number="63" sentence="4" t_id="64">fly</token>
<token number="64" sentence="4" t_id="65">from</token>
<token number="65" sentence="4" t_id="66">New</token>
<token number="66" sentence="4" t_id="67">York</token>
<token number="67" sentence="4" t_id="68">to</token>
<token number="68" sentence="4" t_id="69">Singapore</token>
<token number="69" sentence="4" t_id="70">and</token>
<token number="70" sentence="4" t_id="71">from</token>
<token number="71" sentence="4" t_id="72">Los</token>
<token number="72" sentence="4" t_id="73">Angeles</token>
<token number="73" sentence="4" t_id="74">to</token>
<token number="74" sentence="4" t_id="75">Dubai</token>
<token number="75" sentence="4" t_id="76">with</token>
<token number="76" sentence="4" t_id="77">a</token>
<token number="77" sentence="4" t_id="78">full</token>
<token number="78" sentence="4" t_id="79">passenger</token>
<token number="79" sentence="4" t_id="80">and</token>
<token number="80" sentence="4" t_id="81">luggage</token>
<token number="81" sentence="4" t_id="82">load</token>
<token number="82" sentence="4" t_id="83">non-stop</token>
<token number="83" sentence="4" t_id="84">,</token>
<token number="84" sentence="4" t_id="85">and</token>
<token number="85" sentence="4" t_id="86">has</token>
<token number="86" sentence="4" t_id="87">been</token>
<token number="87" sentence="4" t_id="88">named</token>
<token number="88" sentence="4" t_id="89">the</token>
<token number="89" sentence="4" t_id="90">Worldliner</token>
<token number="90" sentence="4" t_id="91">by</token>
<token number="91" sentence="4" t_id="92">Boeing</token>
<token number="92" sentence="4" t_id="93">to</token>
<token number="93" sentence="4" t_id="94">mark</token>
<token number="94" sentence="4" t_id="95">the</token>
<token number="95" sentence="4" t_id="96">fact</token>
<token number="96" sentence="4" t_id="97">it</token>
<token number="97" sentence="4" t_id="98">can</token>
<token number="98" sentence="4" t_id="99">connect</token>
<token number="99" sentence="4" t_id="100">almost</token>
<token number="100" sentence="4" t_id="101">any</token>
<token number="101" sentence="4" t_id="102">two</token>
<token number="102" sentence="4" t_id="103">cities</token>
<token number="103" sentence="4" t_id="104">on</token>
<token number="104" sentence="4" t_id="105">Earth</token>
<token number="105" sentence="4" t_id="106">.</token>
<token number="106" sentence="5" t_id="107">Although</token>
<token number="107" sentence="5" t_id="108">it</token>
<token number="108" sentence="5" t_id="109">can</token>
<token number="109" sentence="5" t_id="110">fly</token>
<token number="110" sentence="5" t_id="111">from</token>
<token number="111" sentence="5" t_id="112">London</token>
<token number="112" sentence="5" t_id="113">to</token>
<token number="113" sentence="5" t_id="114">Sydney</token>
<token number="114" sentence="5" t_id="115">non-stop</token>
<token number="115" sentence="5" t_id="116">,</token>
<token number="116" sentence="5" t_id="117">the</token>
<token number="117" sentence="5" t_id="118">777-200LR</token>
<token number="118" sentence="5" t_id="119">will</token>
<token number="119" sentence="5" t_id="120">have</token>
<token number="120" sentence="5" t_id="121">to</token>
<token number="121" sentence="5" t_id="122">break</token>
<token number="122" sentence="5" t_id="123">its</token>
<token number="123" sentence="5" t_id="124">return</token>
<token number="124" sentence="5" t_id="125">journey</token>
<token number="125" sentence="5" t_id="126">to</token>
<token number="126" sentence="5" t_id="127">refuel</token>
<token number="127" sentence="5" t_id="128">due</token>
<token number="128" sentence="5" t_id="129">to</token>
<token number="129" sentence="5" t_id="130">direction</token>
<token number="130" sentence="5" t_id="131">of</token>
<token number="131" sentence="5" t_id="132">the</token>
<token number="132" sentence="5" t_id="133">prevailing</token>
<token number="133" sentence="5" t_id="134">winds</token>
<token number="134" sentence="5" t_id="135">in</token>
<token number="135" sentence="5" t_id="136">the</token>
<token number="136" sentence="5" t_id="137">upper</token>
<token number="137" sentence="5" t_id="138">atmosphere</token>
<token number="138" sentence="5" t_id="139">.</token>
<token number="139" sentence="6" t_id="140">So</token>
<token number="140" sentence="6" t_id="141">far</token>
<token number="141" sentence="6" t_id="142">,</token>
<token number="142" sentence="6" t_id="143">Boeing</token>
<token number="143" sentence="6" t_id="144">has</token>
<token number="144" sentence="6" t_id="145">received</token>
<token number="145" sentence="6" t_id="146">five</token>
<token number="146" sentence="6" t_id="147">orders</token>
<token number="147" sentence="6" t_id="148">from</token>
<token number="148" sentence="6" t_id="149">two</token>
<token number="149" sentence="6" t_id="150">customers</token>
<token number="150" sentence="6" t_id="151">for</token>
<token number="151" sentence="6" t_id="152">the</token>
<token number="152" sentence="6" t_id="153">777-200LR</token>
<token number="153" sentence="6" t_id="154">since</token>
<token number="154" sentence="6" t_id="155">it</token>
<token number="155" sentence="6" t_id="156">was</token>
<token number="156" sentence="6" t_id="157">announced</token>
<token number="157" sentence="6" t_id="158">in</token>
<token number="158" sentence="6" t_id="159">February</token>
<token number="159" sentence="6" t_id="160">2000</token>
<token number="160" sentence="6" t_id="161">.</token>
<token number="161" sentence="7" t_id="162">The</token>
<token number="162" sentence="7" t_id="163">first</token>
<token number="163" sentence="7" t_id="164">of</token>
<token number="164" sentence="7" t_id="165">the</token>
<token number="165" sentence="7" t_id="166">new</token>
<token number="166" sentence="7" t_id="167">airliner</token>
<token number="167" sentence="7" t_id="168">will</token>
<token number="168" sentence="7" t_id="169">be</token>
<token number="169" sentence="7" t_id="170">delivered</token>
<token number="170" sentence="7" t_id="171">to</token>
<token number="171" sentence="7" t_id="172">Pakistan</token>
<token number="172" sentence="7" t_id="173">International</token>
<token number="173" sentence="7" t_id="174">Airlines</token>
<token number="174" sentence="7" t_id="175">in</token>
<token number="175" sentence="7" t_id="176">January</token>
<token number="176" sentence="7" t_id="177">2006</token>
<token number="177" sentence="7" t_id="178">.</token>
<token number="178" sentence="8" t_id="179">EVA</token>
<token number="179" sentence="8" t_id="180">Airways</token>
<token number="180" sentence="8" t_id="181">is</token>
<token number="181" sentence="8" t_id="182">the</token>
<token number="182" sentence="8" t_id="183">other</token>
<token number="183" sentence="8" t_id="184">launch</token>
<token number="184" sentence="8" t_id="185">customer</token>
<token number="185" sentence="8" t_id="186">.</token>
<token number="186" sentence="9" t_id="187">First</token>
<token number="187" sentence="9" t_id="188">flight</token>
<token number="188" sentence="9" t_id="189">is</token>
<token number="189" sentence="9" t_id="190">scheduled</token>
<token number="190" sentence="9" t_id="191">in</token>
<token number="191" sentence="9" t_id="192">early</token>
<token number="192" sentence="9" t_id="193">March</token>
<token number="193" sentence="9" t_id="194">.</token>
<token number="194" sentence="10" t_id="195">The</token>
<token number="195" sentence="10" t_id="196">777-200LR</token>
<token number="196" sentence="10" t_id="197">will</token>
<token number="197" sentence="10" t_id="198">be</token>
<token number="198" sentence="10" t_id="199">the</token>
<token number="199" sentence="10" t_id="200">basis</token>
<token number="200" sentence="10" t_id="201">for</token>
<token number="201" sentence="10" t_id="202">an</token>
<token number="202" sentence="10" t_id="203">all-freight</token>
<token number="203" sentence="10" t_id="204">version</token>
<token number="204" sentence="10" t_id="205">of</token>
<token number="205" sentence="10" t_id="206">the</token>
<token number="206" sentence="10" t_id="207">777</token>
<token number="207" sentence="10" t_id="208">,</token>
<token number="208" sentence="10" t_id="209">announced</token>
<token number="209" sentence="10" t_id="210">last</token>
<token number="210" sentence="10" t_id="211">November</token>
<token number="211" sentence="10" t_id="212">.</token>
<token number="212" sentence="11" t_id="213">Boeing</token>
<token number="213" sentence="11" t_id="214">'s</token>
<token number="214" sentence="11" t_id="215">European</token>
<token number="215" sentence="11" t_id="216">rival</token>
<token number="216" sentence="11" t_id="217">Airbus</token>
<token number="217" sentence="11" t_id="218">,</token>
<token number="218" sentence="11" t_id="219">which</token>
<token number="219" sentence="11" t_id="220">has</token>
<token number="220" sentence="11" t_id="221">out-sold</token>
<token number="221" sentence="11" t_id="222">Boeing</token>
<token number="222" sentence="11" t_id="223">since</token>
<token number="223" sentence="11" t_id="224">2003</token>
<token number="224" sentence="11" t_id="225">,</token>
<token number="225" sentence="11" t_id="226">believes</token>
<token number="226" sentence="11" t_id="227">that</token>
<token number="227" sentence="11" t_id="228">the</token>
<token number="228" sentence="11" t_id="229">future</token>
<token number="229" sentence="11" t_id="230">of</token>
<token number="230" sentence="11" t_id="231">passenger</token>
<token number="231" sentence="11" t_id="232">flight</token>
<token number="232" sentence="11" t_id="233">is</token>
<token number="233" sentence="11" t_id="234">in</token>
<token number="234" sentence="11" t_id="235">very</token>
<token number="235" sentence="11" t_id="236">large</token>
<token number="236" sentence="11" t_id="237">aircraft</token>
<token number="237" sentence="11" t_id="238">like</token>
<token number="238" sentence="11" t_id="239">its</token>
<token number="239" sentence="11" t_id="240">new</token>
<token number="240" sentence="11" t_id="241">twin-deck</token>
<token number="241" sentence="11" t_id="242">A380</token>
<token number="242" sentence="11" t_id="243">airliner</token>
<token number="243" sentence="11" t_id="244">flying</token>
<token number="244" sentence="11" t_id="245">up</token>
<token number="245" sentence="11" t_id="246">to</token>
<token number="246" sentence="11" t_id="247">840</token>
<token number="247" sentence="11" t_id="248">people</token>
<token number="248" sentence="11" t_id="249">between</token>
<token number="249" sentence="11" t_id="250">a</token>
<token number="250" sentence="11" t_id="251">relatively</token>
<token number="251" sentence="11" t_id="252">small</token>
<token number="252" sentence="11" t_id="253">number</token>
<token number="253" sentence="11" t_id="254">of</token>
<token number="254" sentence="11" t_id="255">large</token>
<token number="255" sentence="11" t_id="256">hub</token>
<token number="256" sentence="11" t_id="257">airports</token>
<token number="257" sentence="11" t_id="258">world-wide</token>
<token number="258" sentence="11" t_id="259">.</token>
<token number="259" sentence="12" t_id="260">Passengers</token>
<token number="260" sentence="12" t_id="261">would</token>
<token number="261" sentence="12" t_id="262">then</token>
<token number="262" sentence="12" t_id="263">take</token>
<token number="263" sentence="12" t_id="264">connecting</token>
<token number="264" sentence="12" t_id="265">flights</token>
<token number="265" sentence="12" t_id="266">to</token>
<token number="266" sentence="12" t_id="267">reach</token>
<token number="267" sentence="12" t_id="268">their</token>
<token number="268" sentence="12" t_id="269">final</token>
<token number="269" sentence="12" t_id="270">destinations</token>
<token number="270" sentence="12" t_id="271">.</token>
<token number="271" sentence="13" t_id="272">Boeing</token>
<token number="272" sentence="13" t_id="273">,</token>
<token number="273" sentence="13" t_id="274">by</token>
<token number="274" sentence="13" t_id="275">contrast</token>
<token number="275" sentence="13" t_id="276">,</token>
<token number="276" sentence="13" t_id="277">believes</token>
<token number="277" sentence="13" t_id="278">passengers</token>
<token number="278" sentence="13" t_id="279">will</token>
<token number="279" sentence="13" t_id="280">want</token>
<token number="280" sentence="13" t_id="281">to</token>
<token number="281" sentence="13" t_id="282">fly</token>
<token number="282" sentence="13" t_id="283">direct</token>
<token number="283" sentence="13" t_id="284">between</token>
<token number="284" sentence="13" t_id="285">more</token>
<token number="285" sentence="13" t_id="286">local</token>
<token number="286" sentence="13" t_id="287">airports</token>
<token number="287" sentence="13" t_id="288">too</token>
<token number="288" sentence="13" t_id="289">small</token>
<token number="289" sentence="13" t_id="290">to</token>
<token number="290" sentence="13" t_id="291">handle</token>
<token number="291" sentence="13" t_id="292">aircraft</token>
<token number="292" sentence="13" t_id="293">like</token>
<token number="293" sentence="13" t_id="294">the</token>
<token number="294" sentence="13" t_id="295">A380</token>
<token number="295" sentence="13" t_id="296">.</token>
<Markables>
<C-SIGNAL comment="" m_id="1">
<token_anchor t_id="128"/>
<token_anchor t_id="129"/>
</C-SIGNAL>
<ENTITY_MENTION comment="" head="" m_id="19" syntactic_type="NAM">
<token_anchor t_id="117"/>
<token_anchor t_id="118"/>
</ENTITY_MENTION>
<ENTITY_MENTION comment="" head="" m_id="20" syntactic_type="">
<token_anchor t_id="136"/>
<token_anchor t_id="137"/>
<token_anchor t_id="138"/>
</ENTITY_MENTION>
<ENTITY_MENTION comment="" head="" m_id="21" syntactic_type="">
<token_anchor t_id="123"/>
</ENTITY_MENTION>
<ENTITY_MENTION comment="" head="" m_id="83" syntactic_type="">
<token_anchor t_id="77"/>
<token_anchor t_id="78"/>
<token_anchor t_id="79"/>
</ENTITY_MENTION>
<ENTITY_MENTION comment="" head="" m_id="22" syntactic_type="NAM">
<token_anchor t_id="9"/>
</ENTITY_MENTION>
<ENTITY_MENTION comment="" head="" m_id="85" syntactic_type="">
<token_anchor t_id="81"/>
</ENTITY_MENTION>
<ENTITY_MENTION comment="" head="" m_id="23" syntactic_type="">
<token_anchor t_id="12"/>
<token_anchor t_id="13"/>
<token_anchor t_id="14"/>
<token_anchor t_id="15"/>
<token_anchor t_id="16"/>
<token_anchor t_id="17"/>
<token_anchor t_id="18"/>
<token_anchor t_id="19"/>
<token_anchor t_id="20"/>
<token_anchor t_id="21"/>
<token_anchor t_id="22"/>
<token_anchor t_id="23"/>
<token_anchor t_id="24"/>
<token_anchor t_id="25"/>
<token_anchor t_id="26"/>
<token_anchor t_id="27"/>
<token_anchor t_id="28"/>
<token_anchor t_id="29"/>
</ENTITY_MENTION>
<ENTITY_MENTION comment="" head="" m_id="24" syntactic_type="">
<token_anchor t_id="18"/>
</ENTITY_MENTION>
<ENTITY_MENTION comment="" head="" m_id="25" syntactic_type="">
<token_anchor t_id="18"/>
<token_anchor t_id="19"/>
<token_anchor t_id="20"/>
</ENTITY_MENTION>
<ENTITY_MENTION comment="" head="" m_id="26" syntactic_type="NAM">
<token_anchor t_id="26"/>
</ENTITY_MENTION>
<ENTITY_MENTION comment="" head="" m_id="27" syntactic_type="NAM">
<token_anchor t_id="28"/>
</ENTITY_MENTION>
<ENTITY_MENTION comment="" head="" m_id="28" syntactic_type="NAM">
<token_anchor t_id="31"/>
<token_anchor t_id="32"/>
</ENTITY_MENTION>
<ENTITY_MENTION comment="" head="" m_id="29" syntactic_type="">
<token_anchor t_id="44"/>
<token_anchor t_id="45"/>
</ENTITY_MENTION>
<ENTITY_MENTION comment="" head="" m_id="30" syntactic_type="">
<token_anchor t_id="54"/>
<token_anchor t_id="55"/>
<token_anchor t_id="56"/>
<token_anchor t_id="57"/>
<token_anchor t_id="58"/>
<token_anchor t_id="59"/>
</ENTITY_MENTION>
<ENTITY_MENTION comment="" head="" m_id="31" syntactic_type="">
<token_anchor t_id="49"/>
</ENTITY_MENTION>
<ENTITY_MENTION comment="" head="" m_id="32" syntactic_type="">
<token_anchor t_id="77"/>
<token_anchor t_id="78"/>
<token_anchor t_id="79"/>
<token_anchor t_id="80"/>
<token_anchor t_id="81"/>
<token_anchor t_id="82"/>
</ENTITY_MENTION>
<ENTITY_MENTION comment="" head="" m_id="33" syntactic_type="">
<token_anchor t_id="61"/>
<token_anchor t_id="62"/>
</ENTITY_MENTION>
<ENTITY_MENTION comment="" head="" m_id="2" syntactic_type="NAM">
<token_anchor t_id="66"/>
<token_anchor t_id="67"/>
</ENTITY_MENTION>
<ENTITY_MENTION comment="" head="" m_id="3" syntactic_type="NAM">
<token_anchor t_id="69"/>
</ENTITY_MENTION>
<ENTITY_MENTION comment="" head="" m_id="4" syntactic_type="">
<token_anchor t_id="50"/>
<token_anchor t_id="51"/>
<token_anchor t_id="52"/>
<token_anchor t_id="53"/>
<token_anchor t_id="54"/>
<token_anchor t_id="55"/>
<token_anchor t_id="56"/>
<token_anchor t_id="57"/>
<token_anchor t_id="58"/>
<token_anchor t_id="59"/>
</ENTITY_MENTION>
<ENTITY_MENTION comment="" head="" m_id="5" syntactic_type="NAM">
<token_anchor t_id="72"/>
<token_anchor t_id="73"/>
</ENTITY_MENTION>
<ENTITY_MENTION comment="" head="" m_id="6" syntactic_type="NAM">
<token_anchor t_id="1"/>
</ENTITY_MENTION>
<ENTITY_MENTION comment="" head="" m_id="7" syntactic_type="NAM">
<token_anchor t_id="75"/>
</ENTITY_MENTION>
<ENTITY_MENTION comment="" head="" m_id="8" syntactic_type="NAM">
<token_anchor t_id="3"/>
<token_anchor t_id="4"/>
</ENTITY_MENTION>
<ENTITY_MENTION comment="" head="" m_id="9" syntactic_type="NAM">
<token_anchor t_id="89"/>
<token_anchor t_id="90"/>
</ENTITY_MENTION>
<ENTITY_MENTION comment="" head="" m_id="10" syntactic_type="NAM">
<token_anchor t_id="92"/>
</ENTITY_MENTION>
<ENTITY_MENTION comment="" head="" m_id="11" syntactic_type="">
<token_anchor t_id="36"/>
<token_anchor t_id="37"/>
<token_anchor t_id="38"/>
</ENTITY_MENTION>
<ENTITY_MENTION comment="" head="" m_id="12" syntactic_type="">
<token_anchor t_id="101"/>
<token_anchor t_id="102"/>
<token_anchor t_id="103"/>
<token_anchor t_id="104"/>
<token_anchor t_id="105"/>
</ENTITY_MENTION>
<ENTITY_MENTION comment="" head="" m_id="13" syntactic_type="">
<token_anchor t_id="40"/>
<token_anchor t_id="41"/>
</ENTITY_MENTION>
<ENTITY_MENTION comment="" head="" m_id="14" syntactic_type="NAM">
<token_anchor t_id="105"/>
</ENTITY_MENTION>
<ENTITY_MENTION comment="" head="" m_id="15" syntactic_type="">
<token_anchor t_id="97"/>
</ENTITY_MENTION>
<ENTITY_MENTION comment="" head="" m_id="16" syntactic_type="">
<token_anchor t_id="108"/>
</ENTITY_MENTION>
<ENTITY_MENTION comment="" head="" m_id="17" syntactic_type="NAM">
<token_anchor t_id="112"/>
</ENTITY_MENTION>
<ENTITY_MENTION comment="" head="" m_id="18" syntactic_type="NAM">
<token_anchor t_id="114"/>
</ENTITY_MENTION>
<EVENT_MENTION aspect="NONE" certainty="POSSIBLE" comment="" m_id="34" modality="" polarity="POS" pos="OTHER" pred="on board" special_cases="NONE" tense="NONE" time="UNDERSPECIFIED">
<token_anchor t_id="46"/>
</EVENT_MENTION>
<EVENT_MENTION aspect="NONE" certainty="CERTAIN" comment="" m_id="35" modality="" polarity="POS" pos="VERB" pred="unveil" special_cases="NONE" tense="PRESENT" time="NON_FUTURE">
<token_anchor t_id="2"/>
</EVENT_MENTION>
<EVENT_MENTION aspect="NONE" certainty="CERTAIN" comment="" m_id="36" modality="" polarity="POS" pos="NOUN" pred="direction" special_cases="NONE" tense="NONE" time="UNDERSPECIFIED">
<token_anchor t_id="130"/>
</EVENT_MENTION>
<EVENT_MENTION aspect="NONE" certainty="CERTAIN" comment="" m_id="37" modality="" polarity="POS" pos="NOUN" pred="wind" special_cases="NONE" tense="NONE" time="UNDERSPECIFIED">
<token_anchor t_id="134"/>
</EVENT_MENTION>
<EVENT_MENTION aspect="PERFECTIVE" certainty="CERTAIN" comment="" m_id="38" modality="" polarity="POS" pos="VERB" pred="unveil" special_cases="NONE" tense="PRESENT" time="NON_FUTURE">
<token_anchor t_id="11"/>
</EVENT_MENTION>
<EVENT_MENTION aspect="NONE" certainty="POSSIBLE" comment="" m_id="39" modality="can" polarity="POS" pos="VERB" pred="fly" special_cases="NONE" tense="NONE" time="UNDERSPECIFIED">
<token_anchor t_id="34"/>
</EVENT_MENTION>
<EVENT_MENTION aspect="NONE" certainty="CERTAIN" comment="" m_id="40" modality="" polarity="POS" pos="VERB" pred="give" special_cases="NONE" tense="PRESPART" time="NON_FUTURE">
<token_anchor t_id="48"/>
</EVENT_MENTION>
<EVENT_MENTION aspect="NONE" certainty="POSSIBLE" comment="" m_id="41" modality="can" polarity="POS" pos="VERB" pred="fly" special_cases="NONE" tense="PRESENT" time="UNDERSPECIFIED">
<token_anchor t_id="64"/>
</EVENT_MENTION>
<EVENT_MENTION aspect="PERFECTIVE" certainty="CERTAIN" comment="" m_id="42" modality="" polarity="POS" pos="VERB" pred="name" special_cases="NONE" tense="PRESENT" time="NON_FUTURE">
<token_anchor t_id="88"/>
</EVENT_MENTION>
<EVENT_MENTION aspect="NONE" certainty="CERTAIN" comment="" m_id="43" modality="" polarity="POS" pos="VERB" pred="mark" special_cases="NONE" tense="INFINITIVE" time="NON_FUTURE">
<token_anchor t_id="94"/>
</EVENT_MENTION>
<EVENT_MENTION aspect="NONE" certainty="POSSIBLE" comment="" m_id="44" modality="can" polarity="POS" pos="VERB" pred="connect" special_cases="NONE" tense="NONE" time="UNDERSPECIFIED">
<token_anchor t_id="99"/>
</EVENT_MENTION>
<EVENT_MENTION aspect="NONE" certainty="POSSIBLE" comment="" m_id="45" modality="can" polarity="POS" pos="VERB" pred="fly" special_cases="NONE" tense="NONE" time="UNDERSPECIFIED">
<token_anchor t_id="110"/>
</EVENT_MENTION>
<EVENT_MENTION aspect="NONE" certainty="CERTAIN" comment="" m_id="46" modality="" polarity="POS" pos="VERB" pred="break" special_cases="NONE" tense="FUTURE" time="FUTURE">
<token_anchor t_id="122"/>
</EVENT_MENTION>
<EVENT_MENTION aspect="NONE" certainty="CERTAIN" comment="" m_id="47" modality="" polarity="POS" pos="NOUN" pred="journey" special_cases="NONE" tense="NONE" time="FUTURE">
<token_anchor t_id="125"/>
</EVENT_MENTION>
<EVENT_MENTION aspect="NONE" certainty="CERTAIN" comment="" m_id="48" modality="" polarity="POS" pos="VERB" pred="refuel" special_cases="NONE" tense="INFINITIVE" time="FUTURE">
<token_anchor t_id="127"/>
</EVENT_MENTION>
<TIMEX3 anchorTimeID="" beginPoint="" comment="" endPoint="" functionInDocument="CREATION_TIME" m_id="49" type="DATE" value="2005-02-17">
<token_anchor t_id="5"/>
<token_anchor t_id="6"/>
<token_anchor t_id="7"/>
<token_anchor t_id="8"/>
</TIMEX3>
<VALUE comment="" m_id="51" type="QUANTITY">
<token_anchor t_id="40"/>
</VALUE>
<VALUE comment="" m_id="52" type="QUANTITY">
<token_anchor t_id="44"/>
</VALUE>
<VALUE comment="" m_id="53" type="QUANTITY">
<token_anchor t_id="102"/>
</VALUE>
<VALUE comment="" m_id="50" type="QUANTITY">
<token_anchor t_id="36"/>
</VALUE>



















<EVENT TAG_DESCRIPTOR="fly" class="OTHER" comment="" external_ref="" m_id="87"/>
<ENTITY TAG_DESCRIPTOR="luggage" comment="" ent_class="" ent_type="PRO" external_ref="" m_id="169"/>
<ENTITY TAG_DESCRIPTOR="full passenger" comment="" ent_class="" ent_type="PER" external_ref="" m_id="84"/>
<EVENT TAG_DESCRIPTOR="journey VUA" class="OTHER" instance_id="OTH39653816157572207" m_id="139"/>
<EVENT TAG_DESCRIPTOR="break VUA" class="OTHER" instance_id="OTH39652464504652037" m_id="165"/>
<EVENT TAG_DESCRIPTOR="mark VUA" class="OTHER" instance_id="OTH39654042050289364" m_id="164"/>
<EVENT TAG_DESCRIPTOR="direction" class="OTHER" instance_id="OTH39652596440431147" m_id="162"/>
<EVENT TAG_DESCRIPTOR="winds" class="OTHER" comment="" external_ref="" m_id="81"/>

<EVENT TAG_DESCRIPTOR="refuel VUA" class="OTHER" instance_id="OTH39654563861724880" m_id="157"/>
<EVENT TAG_DESCRIPTOR="named VUA" class="OTHER" instance_id="OTH39654136359786020" m_id="154"/>
<EVENT TAG_DESCRIPTOR="unveils VUA" class="OTHER" instance_id="OTH39652201204500863" m_id="152"/>


<EVENT TAG_DESCRIPTOR="on board" class="OTHER" comment="" external_ref="" m_id="69"/>
<EVENT TAG_DESCRIPTOR="giving VUA" class="OTHER" instance_id="OTH39653635579722368" m_id="145"/>


<EVENT TAG_DESCRIPTOR="connect" class="OTHER" comment="" external_ref="" m_id="61"/>
<ENTITY TAG_DESCRIPTOR="Any other airliner" ent_type="PRO" instance_id="PRO39476256986837151" m_id="167"/>
<ENTITY TAG_DESCRIPTOR="Near space/upper atmosphere" ent_type="LOC" external_ref="http://dbpedia.org/resource/Near_space" instance_id="LOC27738965165537575" m_id="166"/>

<ENTITY TAG_DESCRIPTOR="777 airliner" comment="" ent_class="" ent_type="PRO" external_ref="" m_id="168"/>
<ENTITY TAG_DESCRIPTOR="Los Angeles, US" ent_type="LOC" external_ref="http://dbpedia.org/resource/Los_Angeles" instance_id="LOC27738350394482532" m_id="161"/>
<ENTITY TAG_DESCRIPTOR="Singapore" ent_type="LOC" external_ref="http://dbpedia.org/page/Singapore" instance_id="LOC27573365163308465" m_id="160"/>
<ENTITY TAG_DESCRIPTOR="Earth" ent_type="LOC" external_ref="http://dbpedia.org/resource/Earth" instance_id="LOC27738550854291187" m_id="159"/>

<ENTITY TAG_DESCRIPTOR="301 passengers" ent_type="PER" instance_id="PER39476199612922914" m_id="155"/>
<ENTITY TAG_DESCRIPTOR="Boeing" ent_type="ORG" external_ref="http://dbpedia.org/page/Boeing" instance_id="ORG37154719725500990" m_id="153"/>
<ENTITY TAG_DESCRIPTOR="New York City, US" ent_type="LOC" external_ref="http://dbpedia.org/resource/New_York_City" instance_id="LOC27735199461107776" m_id="151"/>
<ENTITY TAG_DESCRIPTOR="Any two cities" ent_type="LOC" instance_id="LOC39476163095718390" m_id="149"/>
<ENTITY TAG_DESCRIPTOR="Boeing 777" ent_type="PRO" external_ref="http://dbpedia.org/page/Boeing_777" instance_id="PRO37154720946869865" m_id="147"/>
<ENTITY TAG_DESCRIPTOR="London, UK" ent_type="LOC" external_ref="http://dbpedia.org/resource/London" instance_id="LOC27738494504153473" m_id="146"/>
<ENTITY TAG_DESCRIPTOR="Dubai, United Arab Emirates" ent_type="LOC" external_ref="http://dbpedia.org/resource/Dubai" instance_id="LOC27738289138625078" m_id="144"/>
<ENTITY TAG_DESCRIPTOR="Sydney, Australia" ent_type="LOC" external_ref="http://dbpedia.org/page/Sydney" instance_id="LOC27573199898348391" m_id="143"/>
<ENTITY TAG_DESCRIPTOR="load" ent_type="PRO" instance_id="PRO39476286763274060" m_id="142"/>
</Markables>
<Relations>
<TLINK comment="" r_id="244633" reltype="BEFORE" signalID="">
<source m_id="38"/>
<target m_id="49"/>
</TLINK>
<TLINK comment="" r_id="244634" reltype="SIMULTANEOUS" signalID="">
<source m_id="39"/>
<target m_id="49"/>
</TLINK>
<TLINK comment="" r_id="244635" reltype="SIMULTANEOUS" signalID="">
<source m_id="41"/>
<target m_id="49"/>
</TLINK>
<TLINK comment="" r_id="244636" reltype="BEFORE" signalID="">
<source m_id="42"/>
<target m_id="49"/>
</TLINK>
<TLINK comment="" r_id="244637" reltype="SIMULTANEOUS" signalID="">
<source m_id="44"/>
<target m_id="49"/>
</TLINK>
<TLINK comment="" r_id="244638" reltype="BEGUN_BY" signalID="">
<source m_id="43"/>
<target m_id="42"/>
</TLINK>
<TLINK comment="" r_id="244639" reltype="SIMULTANEOUS" signalID="">
<source m_id="45"/>
<target m_id="49"/>
</TLINK>
<TLINK comment="" r_id="244640" reltype="AFTER" signalID="">
<source m_id="46"/>
<target m_id="49"/>
</TLINK>
<TLINK comment="" r_id="244641" reltype="ENDS" signalID="">
<source m_id="46"/>
<target m_id="47"/>
</TLINK>
<HAS_PARTICIPANT comment="" frame="" frame_element="" r_id="244642" sem_role="Arg0" sem_role_framework="PROPBANK">
<source m_id="38"/>
<target m_id="22"/>
</HAS_PARTICIPANT>
<HAS_PARTICIPANT comment="" frame="" frame_element="" r_id="244643" sem_role="Arg1" sem_role_framework="PROPBANK">
<source m_id="38"/>
<target m_id="23"/>
</HAS_PARTICIPANT>
<HAS_PARTICIPANT comment="" frame="" frame_element="" r_id="244644" sem_role="Arg1" sem_role_framework="PROPBANK">
<source m_id="39"/>
<target m_id="28"/>
</HAS_PARTICIPANT>
<HAS_PARTICIPANT comment="" frame="" frame_element="" r_id="244645" sem_role="Arg1" sem_role_framework="PROPBANK">
<source m_id="41"/>
<target m_id="33"/>
</HAS_PARTICIPANT>
<TLINK comment="" r_id="244647" reltype="INCLUDES" signalID="">
<source m_id="39"/>
<target m_id="34"/>
</TLINK>
<HAS_PARTICIPANT comment="" frame="" frame_element="" r_id="244648" sem_role="Arg0" sem_role_framework="PROPBANK">
<source m_id="34"/>
<target m_id="29"/>
</HAS_PARTICIPANT>
<HAS_PARTICIPANT comment="" frame="" frame_element="" r_id="244649" sem_role="Arg2" sem_role_framework="PROPBANK">
<source m_id="40"/>
<target m_id="31"/>
</HAS_PARTICIPANT>
<HAS_PARTICIPANT comment="" frame="" frame_element="" r_id="244650" sem_role="Arg1" sem_role_framework="PROPBANK">
<source m_id="40"/>
<target m_id="4"/>
</HAS_PARTICIPANT>
<HAS_PARTICIPANT comment="" frame="" frame_element="" r_id="244651" sem_role="Argm-LOC" sem_role_framework="PROPBANK">
<source m_id="41"/>
<target m_id="2"/>
</HAS_PARTICIPANT>
<HAS_PARTICIPANT comment="" frame="" frame_element="" r_id="244652" sem_role="Argm-LOC" sem_role_framework="PROPBANK">
<source m_id="41"/>
<target m_id="3"/>
</HAS_PARTICIPANT>
<HAS_PARTICIPANT comment="" frame="" frame_element="" r_id="244653" sem_role="Argm-LOC" sem_role_framework="PROPBANK">
<source m_id="41"/>
<target m_id="5"/>
</HAS_PARTICIPANT>
<HAS_PARTICIPANT comment="" frame="" frame_element="" r_id="244654" sem_role="Argm-LOC" sem_role_framework="PROPBANK">
<source m_id="41"/>
<target m_id="7"/>
</HAS_PARTICIPANT>
<HAS_PARTICIPANT comment="" frame="" frame_element="" r_id="244655" sem_role="Argm-OTHER" sem_role_framework="PROPBANK">
<source m_id="41"/>
<target m_id="32"/>
</HAS_PARTICIPANT>
<HAS_PARTICIPANT comment="" frame="" frame_element="" r_id="244656" sem_role="Argm-OTHER" sem_role_framework="PROPBANK">
<source m_id="39"/>
<target m_id="29"/>
</HAS_PARTICIPANT>
<HAS_PARTICIPANT comment="" frame="" frame_element="" r_id="244657" sem_role="Arg1" sem_role_framework="PROPBANK">
<source m_id="42"/>
<target m_id="33"/>
</HAS_PARTICIPANT>
<HAS_PARTICIPANT comment="" frame="" frame_element="" r_id="244658" sem_role="Arg2" sem_role_framework="PROPBANK">
<source m_id="42"/>
<target m_id="9"/>
</HAS_PARTICIPANT>
<HAS_PARTICIPANT comment="" frame="" frame_element="" r_id="244659" sem_role="Arg0" sem_role_framework="PROPBANK">
<source m_id="42"/>
<target m_id="10"/>
</HAS_PARTICIPANT>
<HAS_PARTICIPANT comment="" frame="" frame_element="" r_id="244660" sem_role="Arg0" sem_role_framework="PROPBANK">
<source m_id="43"/>
<target m_id="10"/>
</HAS_PARTICIPANT>
<HAS_PARTICIPANT comment="" frame="" frame_element="" r_id="244661" sem_role="Arg0" sem_role_framework="PROPBANK">
<source m_id="44"/>
<target m_id="15"/>
</HAS_PARTICIPANT>
<HAS_PARTICIPANT comment="" frame="" frame_element="" r_id="244662" sem_role="Arg1" sem_role_framework="PROPBANK">
<source m_id="44"/>
<target m_id="12"/>
</HAS_PARTICIPANT>
<HAS_PARTICIPANT comment="" frame="" frame_element="" r_id="244663" sem_role="Arg1" sem_role_framework="PROPBANK">
<source m_id="45"/>
<target m_id="16"/>
</HAS_PARTICIPANT>
<HAS_PARTICIPANT comment="" frame="" frame_element="" r_id="244664" sem_role="Argm-LOC" sem_role_framework="PROPBANK">
<source m_id="45"/>
<target m_id="17"/>
</HAS_PARTICIPANT>
<HAS_PARTICIPANT comment="" frame="" frame_element="" r_id="244665" sem_role="Argm-LOC" sem_role_framework="PROPBANK">
<source m_id="45"/>
<target m_id="18"/>
</HAS_PARTICIPANT>
<HAS_PARTICIPANT comment="" frame="" frame_element="" r_id="244666" sem_role="Arg0" sem_role_framework="PROPBANK">
<source m_id="46"/>
<target m_id="19"/>
</HAS_PARTICIPANT>
<HAS_PARTICIPANT comment="" frame="" frame_element="" r_id="244667" sem_role="Arg1" sem_role_framework="PROPBANK">
<source m_id="48"/>
<target m_id="19"/>
</HAS_PARTICIPANT>
<HAS_PARTICIPANT comment="" frame="" frame_element="" r_id="244670" sem_role="Arg0" sem_role_framework="PROPBANK">
<source m_id="35"/>
<target m_id="6"/>
</HAS_PARTICIPANT>
<HAS_PARTICIPANT comment="" frame="" frame_element="" r_id="244671" sem_role="Arg1" sem_role_framework="PROPBANK">
<source m_id="35"/>
<target m_id="8"/>
</HAS_PARTICIPANT>
<CLINK c-signalID="1" comment="" r_id="244674">
<source m_id="36"/>
<target m_id="46"/>
</CLINK>
<TLINK comment="" r_id="244675" reltype="IAFTER" signalID="">
<source m_id="48"/>
<target m_id="46"/>
</TLINK>
<TLINK comment="" r_id="244676" reltype="IS_INCLUDED" signalID="">
<source m_id="36"/>
<target m_id="37"/>
</TLINK>



































<REFERS_TO r_id="321684">
<source m_id="2"/>
<target m_id="151"/>
</REFERS_TO>

<REFERS_TO r_id="321686">

<source m_id="6"/>
<source m_id="22"/>

<source m_id="24"/>


<source m_id="10"/>
<target m_id="153"/>
</REFERS_TO>
<REFERS_TO r_id="321687">
<source m_id="35"/>
<source m_id="38"/>
<target m_id="152"/>
</REFERS_TO>
<REFERS_TO r_id="321688">
<source m_id="29"/>
<target m_id="155"/>
</REFERS_TO>
<REFERS_TO r_id="321689">
<source m_id="42"/>
<target m_id="154"/>
</REFERS_TO>
<REFERS_TO r_id="321690">
<source m_id="48"/>
<target m_id="157"/>
</REFERS_TO>

<REFERS_TO r_id="321692">
<source m_id="14"/>
<target m_id="159"/>
</REFERS_TO>

<REFERS_TO r_id="321694">
<source m_id="44"/>
<target m_id="61"/>
</REFERS_TO>
<REFERS_TO r_id="321695">
<source m_id="34"/>
<target m_id="69"/>
</REFERS_TO>
<REFERS_TO r_id="321696">
<source m_id="47"/>
<target m_id="139"/>
</REFERS_TO>
<REFERS_TO r_id="321697">
<source m_id="37"/>
<target m_id="81"/>
</REFERS_TO>
<REFERS_TO r_id="321698">
<source m_id="39"/>
<source m_id="41"/>
<source m_id="45"/>
<target m_id="87"/>
</REFERS_TO>
<REFERS_TO r_id="321699">
<source m_id="83"/>
<target m_id="84"/>
</REFERS_TO>
<REFERS_TO r_id="321700">
<source m_id="17"/>
<source m_id="26"/>
<target m_id="146"/>
</REFERS_TO>
<REFERS_TO r_id="321701">


<source m_id="23"/>
<source m_id="21"/>
<source m_id="8"/>
<source m_id="4"/>
<source m_id="33"/>

<source m_id="9"/>
<source m_id="19"/>
<source m_id="16"/>

<source m_id="31"/>
<source m_id="15"/>

<source m_id="28"/>
<target m_id="147"/>
</REFERS_TO>
<REFERS_TO r_id="321702">
<source m_id="7"/>
<target m_id="144"/>
</REFERS_TO>
<REFERS_TO r_id="321703">
<source m_id="40"/>
<target m_id="145"/>
</REFERS_TO>
<REFERS_TO r_id="321704">
<source m_id="32"/>
<target m_id="142"/>
</REFERS_TO>
<REFERS_TO r_id="321705">
<source m_id="18"/>
<source m_id="27"/>
<target m_id="143"/>
</REFERS_TO>



<REFERS_TO r_id="321709">
<source m_id="12"/>
<target m_id="149"/>
</REFERS_TO>
<REFERS_TO r_id="321710">
<source m_id="25"/>
<target m_id="168"/>
</REFERS_TO>
<REFERS_TO r_id="321711">
<source m_id="85"/>
<target m_id="169"/>
</REFERS_TO>
<REFERS_TO r_id="321712">
<source m_id="43"/>
<target m_id="164"/>
</REFERS_TO>
<REFERS_TO r_id="321713">
<source m_id="46"/>
<target m_id="165"/>
</REFERS_TO>
<REFERS_TO r_id="321714">
<source m_id="20"/>
<target m_id="166"/>
</REFERS_TO>
<REFERS_TO r_id="321715">
<source m_id="30"/>
<target m_id="167"/>
</REFERS_TO>
<REFERS_TO r_id="321716">
<source m_id="3"/>
<target m_id="160"/>
</REFERS_TO>
<REFERS_TO r_id="321717">
<source m_id="5"/>
<target m_id="161"/>
</REFERS_TO>
<REFERS_TO r_id="321718">
<source m_id="36"/>
<target m_id="162"/>
</REFERS_TO>

</Relations>
</Document>