<?xml version="1.0" ?><Document doc_id="5403" doc_name="5403_Boeing_allowed_to_bid_for_U.S._space_launch_contracts_again" lang="en" url="http://en.wikinews.org/wiki/Boeing_allowed_to_bid_for_U.S._space_launch_contracts_again">
<token number="0" sentence="0" t_id="1">Boeing</token>
<token number="1" sentence="0" t_id="2">allowed</token>
<token number="2" sentence="0" t_id="3">to</token>
<token number="3" sentence="0" t_id="4">bid</token>
<token number="4" sentence="0" t_id="5">for</token>
<token number="5" sentence="0" t_id="6">U.S.</token>
<token number="6" sentence="0" t_id="7">space</token>
<token number="7" sentence="0" t_id="8">launch</token>
<token number="8" sentence="0" t_id="9">contracts</token>
<token number="9" sentence="0" t_id="10">again</token>
<token number="10" sentence="1" t_id="11">March</token>
<token number="11" sentence="1" t_id="12">06</token>
<token number="12" sentence="1" t_id="13">,</token>
<token number="13" sentence="1" t_id="14">2005</token>
<token number="14" sentence="2" t_id="15">Boeing</token>
<token number="15" sentence="2" t_id="16">'s</token>
<token number="16" sentence="2" t_id="17">Launch</token>
<token number="17" sentence="2" t_id="18">Systems</token>
<token number="18" sentence="2" t_id="19">,</token>
<token number="19" sentence="2" t_id="20">Launch</token>
<token number="20" sentence="2" t_id="21">Services</token>
<token number="21" sentence="2" t_id="22">and</token>
<token number="22" sentence="2" t_id="23">Delta</token>
<token number="23" sentence="2" t_id="24">Program</token>
<token number="24" sentence="2" t_id="25">business</token>
<token number="25" sentence="2" t_id="26">units</token>
<token number="26" sentence="2" t_id="27">are</token>
<token number="27" sentence="2" t_id="28">to</token>
<token number="28" sentence="2" t_id="29">be</token>
<token number="29" sentence="2" t_id="30">allowed</token>
<token number="30" sentence="2" t_id="31">to</token>
<token number="31" sentence="2" t_id="32">bid</token>
<token number="32" sentence="2" t_id="33">once</token>
<token number="33" sentence="2" t_id="34">more</token>
<token number="34" sentence="2" t_id="35">for</token>
<token number="35" sentence="2" t_id="36">U.S.</token>
<token number="36" sentence="2" t_id="37">space</token>
<token number="37" sentence="2" t_id="38">launch</token>
<token number="38" sentence="2" t_id="39">contracts</token>
<token number="39" sentence="2" t_id="40">,</token>
<token number="40" sentence="2" t_id="41">the</token>
<token number="41" sentence="2" t_id="42">USAF</token>
<token number="42" sentence="2" t_id="43">has</token>
<token number="43" sentence="2" t_id="44">announced</token>
<token number="44" sentence="2" t_id="45">.</token>
<token number="45" sentence="3" t_id="46">Boeing</token>
<token number="46" sentence="3" t_id="47">had</token>
<token number="47" sentence="3" t_id="48">been</token>
<token number="48" sentence="3" t_id="49">suspended</token>
<token number="49" sentence="3" t_id="50">since</token>
<token number="50" sentence="3" t_id="51">July</token>
<token number="51" sentence="3" t_id="52">24</token>
<token number="52" sentence="3" t_id="53">,</token>
<token number="53" sentence="3" t_id="54">2003</token>
<token number="54" sentence="3" t_id="55">after</token>
<token number="55" sentence="3" t_id="56">violating</token>
<token number="56" sentence="3" t_id="57">federal</token>
<token number="57" sentence="3" t_id="58">law</token>
<token number="58" sentence="3" t_id="59">.</token>
<token number="59" sentence="4" t_id="60">The</token>
<token number="60" sentence="4" t_id="61">company</token>
<token number="61" sentence="4" t_id="62">was</token>
<token number="62" sentence="4" t_id="63">discovered</token>
<token number="63" sentence="4" t_id="64">to</token>
<token number="64" sentence="4" t_id="65">have</token>
<token number="65" sentence="4" t_id="66">been</token>
<token number="66" sentence="4" t_id="67">in</token>
<token number="67" sentence="4" t_id="68">possession</token>
<token number="68" sentence="4" t_id="69">of</token>
<token number="69" sentence="4" t_id="70">thousands</token>
<token number="70" sentence="4" t_id="71">of</token>
<token number="71" sentence="4" t_id="72">pages</token>
<token number="72" sentence="4" t_id="73">of</token>
<token number="73" sentence="4" t_id="74">documentation</token>
<token number="74" sentence="4" t_id="75">from</token>
<token number="75" sentence="4" t_id="76">Lockheed</token>
<token number="76" sentence="4" t_id="77">Martin</token>
<token number="77" sentence="4" t_id="78">,</token>
<token number="78" sentence="4" t_id="79">Boeing</token>
<token number="79" sentence="4" t_id="80">'s</token>
<token number="80" sentence="4" t_id="81">rival</token>
<token number="81" sentence="4" t_id="82">during</token>
<token number="82" sentence="4" t_id="83">the</token>
<token number="83" sentence="4" t_id="84">1998</token>
<token number="84" sentence="4" t_id="85">evolved</token>
<token number="85" sentence="4" t_id="86">expendable</token>
<token number="86" sentence="4" t_id="87">launch</token>
<token number="87" sentence="4" t_id="88">vehicle</token>
<token number="88" sentence="4" t_id="89">source</token>
<token number="89" sentence="4" t_id="90">selection</token>
<token number="90" sentence="4" t_id="91">process</token>
<token number="91" sentence="4" t_id="92">.</token>
<token number="92" sentence="5" t_id="93">The</token>
<token number="93" sentence="5" t_id="94">USAF</token>
<token number="94" sentence="5" t_id="95">and</token>
<token number="95" sentence="5" t_id="96">Boeing</token>
<token number="96" sentence="5" t_id="97">have</token>
<token number="97" sentence="5" t_id="98">signed</token>
<token number="98" sentence="5" t_id="99">an</token>
<token number="99" sentence="5" t_id="100">interim</token>
<token number="100" sentence="5" t_id="101">agreement</token>
<token number="101" sentence="5" t_id="102">to</token>
<token number="102" sentence="5" t_id="103">protect</token>
<token number="103" sentence="5" t_id="104">the</token>
<token number="104" sentence="5" t_id="105">Air</token>
<token number="105" sentence="5" t_id="106">Force</token>
<token number="106" sentence="5" t_id="107">'s</token>
<token number="107" sentence="5" t_id="108">interests</token>
<token number="108" sentence="5" t_id="109">.</token>
<token number="109" sentence="6" t_id="110">The</token>
<token number="110" sentence="6" t_id="111">agreement</token>
<token number="111" sentence="6" t_id="112">allows</token>
<token number="112" sentence="6" t_id="113">for</token>
<token number="113" sentence="6" t_id="114">the</token>
<token number="114" sentence="6" t_id="115">reinstating</token>
<token number="115" sentence="6" t_id="116">of</token>
<token number="116" sentence="6" t_id="117">the</token>
<token number="117" sentence="6" t_id="118">suspension</token>
<token number="118" sentence="6" t_id="119">if</token>
<token number="119" sentence="6" t_id="120">Boeing</token>
<token number="120" sentence="6" t_id="121">is</token>
<token number="121" sentence="6" t_id="122">indicted</token>
<token number="122" sentence="6" t_id="123">or</token>
<token number="123" sentence="6" t_id="124">convicted</token>
<token number="124" sentence="6" t_id="125">,</token>
<token number="125" sentence="6" t_id="126">or</token>
<token number="126" sentence="6" t_id="127">if</token>
<token number="127" sentence="6" t_id="128">new</token>
<token number="128" sentence="6" t_id="129">evidence</token>
<token number="129" sentence="6" t_id="130">is</token>
<token number="130" sentence="6" t_id="131">found</token>
<token number="131" sentence="6" t_id="132">.</token>
<token number="132" sentence="7" t_id="133">Boeing</token>
<token number="133" sentence="7" t_id="134">will</token>
<token number="134" sentence="7" t_id="135">have</token>
<token number="135" sentence="7" t_id="136">to</token>
<token number="136" sentence="7" t_id="137">submit</token>
<token number="137" sentence="7" t_id="138">to</token>
<token number="138" sentence="7" t_id="139">outside</token>
<token number="139" sentence="7" t_id="140">verification</token>
<token number="140" sentence="7" t_id="141">of</token>
<token number="141" sentence="7" t_id="142">the</token>
<token number="142" sentence="7" t_id="143">remedial</token>
<token number="143" sentence="7" t_id="144">steps</token>
<token number="144" sentence="7" t_id="145">it</token>
<token number="145" sentence="7" t_id="146">has</token>
<token number="146" sentence="7" t_id="147">taken</token>
<token number="147" sentence="7" t_id="148">,</token>
<token number="148" sentence="7" t_id="149">and</token>
<token number="149" sentence="7" t_id="150">can</token>
<token number="150" sentence="7" t_id="151">not</token>
<token number="151" sentence="7" t_id="152">charge</token>
<token number="152" sentence="7" t_id="153">the</token>
<token number="153" sentence="7" t_id="154">Air</token>
<token number="154" sentence="7" t_id="155">Force</token>
<token number="155" sentence="7" t_id="156">for</token>
<token number="156" sentence="7" t_id="157">associated</token>
<token number="157" sentence="7" t_id="158">costs</token>
<token number="158" sentence="7" t_id="159">.</token>
<token number="159" sentence="8" t_id="160">Internal</token>
<token number="160" sentence="8" t_id="161">management</token>
<token number="161" sentence="8" t_id="162">responsibilities</token>
<token number="162" sentence="8" t_id="163">for</token>
<token number="163" sentence="8" t_id="164">ethical</token>
<token number="164" sentence="8" t_id="165">practice</token>
<token number="165" sentence="8" t_id="166">have</token>
<token number="166" sentence="8" t_id="167">been</token>
<token number="167" sentence="8" t_id="168">changed</token>
<token number="168" sentence="8" t_id="169">.</token>
<token number="169" sentence="9" t_id="170">Lockheed</token>
<token number="170" sentence="9" t_id="171">Martin</token>
<token number="171" sentence="9" t_id="172">'s</token>
<token number="172" sentence="9" t_id="173">Atlas</token>
<token number="173" sentence="9" t_id="174">V</token>
<token number="174" sentence="9" t_id="175">and</token>
<token number="175" sentence="9" t_id="176">Boeing</token>
<token number="176" sentence="9" t_id="177">'s</token>
<token number="177" sentence="9" t_id="178">Delta</token>
<token number="178" sentence="9" t_id="179">IV</token>
<token number="179" sentence="9" t_id="180">are</token>
<token number="180" sentence="9" t_id="181">two</token>
<token number="181" sentence="9" t_id="182">types</token>
<token number="182" sentence="9" t_id="183">of</token>
<token number="183" sentence="9" t_id="184">expendable</token>
<token number="184" sentence="9" t_id="185">rocket</token>
<token number="185" sentence="9" t_id="186">,</token>
<token number="186" sentence="9" t_id="187">designed</token>
<token number="187" sentence="9" t_id="188">to</token>
<token number="188" sentence="9" t_id="189">reduce</token>
<token number="189" sentence="9" t_id="190">the</token>
<token number="190" sentence="9" t_id="191">cost</token>
<token number="191" sentence="9" t_id="192">of</token>
<token number="192" sentence="9" t_id="193">space</token>
<token number="193" sentence="9" t_id="194">launches</token>
<token number="194" sentence="9" t_id="195">.</token>
<Markables>
<C-SIGNAL comment="" m_id="1">
<token_anchor t_id="55"/>
</C-SIGNAL>
<ENTITY_MENTION comment="" head="" m_id="19" syntactic_type="NAM">
<token_anchor t_id="76"/>
<token_anchor t_id="77"/>
</ENTITY_MENTION>
<ENTITY_MENTION comment="" head="" m_id="20" syntactic_type="NAM">
<token_anchor t_id="93"/>
<token_anchor t_id="94"/>
</ENTITY_MENTION>
<ENTITY_MENTION comment="" head="" m_id="2" syntactic_type="NAM">
<token_anchor t_id="96"/>
</ENTITY_MENTION>
<ENTITY_MENTION comment="" head="" m_id="3" syntactic_type="">
<token_anchor t_id="79"/>
<token_anchor t_id="80"/>
<token_anchor t_id="81"/>
<token_anchor t_id="82"/>
<token_anchor t_id="83"/>
<token_anchor t_id="84"/>
<token_anchor t_id="85"/>
<token_anchor t_id="86"/>
<token_anchor t_id="87"/>
<token_anchor t_id="88"/>
<token_anchor t_id="89"/>
<token_anchor t_id="90"/>
<token_anchor t_id="91"/>
</ENTITY_MENTION>
<ENTITY_MENTION comment="" head="" m_id="4" syntactic_type="">
<token_anchor t_id="70"/>
<token_anchor t_id="71"/>
<token_anchor t_id="72"/>
<token_anchor t_id="73"/>
<token_anchor t_id="74"/>
<token_anchor t_id="75"/>
<token_anchor t_id="76"/>
<token_anchor t_id="77"/>
<token_anchor t_id="78"/>
<token_anchor t_id="79"/>
<token_anchor t_id="80"/>
<token_anchor t_id="81"/>
<token_anchor t_id="82"/>
<token_anchor t_id="83"/>
<token_anchor t_id="84"/>
<token_anchor t_id="85"/>
<token_anchor t_id="86"/>
<token_anchor t_id="87"/>
<token_anchor t_id="88"/>
<token_anchor t_id="89"/>
<token_anchor t_id="90"/>
<token_anchor t_id="91"/>
</ENTITY_MENTION>
<ENTITY_MENTION comment="" head="" m_id="5" syntactic_type="NAM">
<token_anchor t_id="79"/>
</ENTITY_MENTION>
<ENTITY_MENTION comment="" head="" m_id="6" syntactic_type="NAM">
<token_anchor t_id="105"/>
<token_anchor t_id="106"/>
</ENTITY_MENTION>
<ENTITY_MENTION comment="" head="" m_id="7" syntactic_type="NAM">
<token_anchor t_id="15"/>
<token_anchor t_id="16"/>
<token_anchor t_id="17"/>
<token_anchor t_id="18"/>
</ENTITY_MENTION>
<ENTITY_MENTION comment="" head="" m_id="8" syntactic_type="NAM">
<token_anchor t_id="15"/>
</ENTITY_MENTION>
<ENTITY_MENTION comment="" head="" m_id="9" syntactic_type="NAM">
<token_anchor t_id="20"/>
<token_anchor t_id="21"/>
</ENTITY_MENTION>
<ENTITY_MENTION comment="" head="" m_id="62" syntactic_type="NAM">
<token_anchor t_id="6"/>
</ENTITY_MENTION>
<ENTITY_MENTION comment="" head="" m_id="10" syntactic_type="">
<token_anchor t_id="76"/>
<token_anchor t_id="77"/>
<token_anchor t_id="78"/>
<token_anchor t_id="79"/>
<token_anchor t_id="80"/>
<token_anchor t_id="81"/>
<token_anchor t_id="82"/>
<token_anchor t_id="83"/>
<token_anchor t_id="84"/>
<token_anchor t_id="85"/>
<token_anchor t_id="86"/>
<token_anchor t_id="87"/>
<token_anchor t_id="88"/>
<token_anchor t_id="89"/>
<token_anchor t_id="90"/>
<token_anchor t_id="91"/>
</ENTITY_MENTION>
<ENTITY_MENTION comment="" head="" m_id="64" syntactic_type="">
<token_anchor t_id="15"/>
<token_anchor t_id="16"/>
<token_anchor t_id="17"/>
<token_anchor t_id="18"/>
<token_anchor t_id="19"/>
<token_anchor t_id="20"/>
<token_anchor t_id="21"/>
<token_anchor t_id="22"/>
<token_anchor t_id="23"/>
<token_anchor t_id="24"/>
<token_anchor t_id="25"/>
<token_anchor t_id="26"/>
</ENTITY_MENTION>
<ENTITY_MENTION comment="" head="" m_id="11" syntactic_type="NAM">
<token_anchor t_id="23"/>
<token_anchor t_id="24"/>
<token_anchor t_id="25"/>
<token_anchor t_id="26"/>
</ENTITY_MENTION>
<ENTITY_MENTION comment="" head="" m_id="66" syntactic_type="NAM">
<token_anchor t_id="36"/>
</ENTITY_MENTION>
<ENTITY_MENTION comment="" head="" m_id="12" syntactic_type="">
<token_anchor t_id="36"/>
<token_anchor t_id="37"/>
<token_anchor t_id="38"/>
<token_anchor t_id="39"/>
</ENTITY_MENTION>
<ENTITY_MENTION comment="" head="" m_id="13" syntactic_type="NAM">
<token_anchor t_id="1"/>
</ENTITY_MENTION>
<ENTITY_MENTION comment="" head="" m_id="14" syntactic_type="NAM">
<token_anchor t_id="41"/>
<token_anchor t_id="42"/>
</ENTITY_MENTION>
<ENTITY_MENTION comment="" head="" m_id="15" syntactic_type="">
<token_anchor t_id="6"/>
<token_anchor t_id="7"/>
<token_anchor t_id="8"/>
<token_anchor t_id="9"/>
</ENTITY_MENTION>
<ENTITY_MENTION comment="" head="" m_id="16" syntactic_type="NAM">
<token_anchor t_id="46"/>
</ENTITY_MENTION>
<ENTITY_MENTION comment="" head="" m_id="17" syntactic_type="">
<token_anchor t_id="57"/>
<token_anchor t_id="58"/>
</ENTITY_MENTION>
<ENTITY_MENTION comment="" head="" m_id="18" syntactic_type="">
<token_anchor t_id="60"/>
<token_anchor t_id="61"/>
</ENTITY_MENTION>
<EVENT_MENTION aspect="NONE" certainty="CERTAIN" comment="" m_id="21" modality="" polarity="POS" pos="VERB" pred="allow" special_cases="NONE" tense="FUTURE" time="FUTURE">
<token_anchor t_id="30"/>
</EVENT_MENTION>
<EVENT_MENTION aspect="NONE" certainty="POSSIBLE" comment="" m_id="22" modality="" polarity="POS" pos="VERB" pred="bid" special_cases="NONE" tense="INFINITIVE" time="FUTURE">
<token_anchor t_id="32"/>
</EVENT_MENTION>
<EVENT_MENTION aspect="PERFECTIVE" certainty="CERTAIN" comment="" m_id="23" modality="" polarity="POS" pos="VERB" pred="announce" special_cases="NONE" tense="PRESENT" time="NON_FUTURE">
<token_anchor t_id="44"/>
</EVENT_MENTION>
<EVENT_MENTION aspect="PERFECTIVE" certainty="CERTAIN" comment="" m_id="24" modality="" polarity="POS" pos="VERB" pred="suspend" special_cases="NONE" tense="PAST" time="NON_FUTURE">
<token_anchor t_id="49"/>
</EVENT_MENTION>
<EVENT_MENTION aspect="NONE" certainty="CERTAIN" comment="" m_id="25" modality="" polarity="POS" pos="VERB" pred="violate" special_cases="NONE" tense="PRESPART" time="NON_FUTURE">
<token_anchor t_id="56"/>
</EVENT_MENTION>
<EVENT_MENTION aspect="NONE" certainty="CERTAIN" comment="" m_id="26" modality="" polarity="POS" pos="VERB" pred="discover" special_cases="NONE" tense="PAST" time="NON_FUTURE">
<token_anchor t_id="63"/>
</EVENT_MENTION>
<EVENT_MENTION aspect="NONE" certainty="CERTAIN" comment="" m_id="27" modality="" polarity="POS" pos="OTHER" pred="in possession" special_cases="NONE" tense="NONE" time="NON_FUTURE">
<token_anchor t_id="67"/>
<token_anchor t_id="68"/>
</EVENT_MENTION>
<EVENT_MENTION aspect="PERFECTIVE" certainty="CERTAIN" comment="" m_id="28" modality="" polarity="POS" pos="VERB" pred="sign" special_cases="NONE" tense="PRESENT" time="NON_FUTURE">
<token_anchor t_id="98"/>
</EVENT_MENTION>
<EVENT_MENTION aspect="NONE" certainty="CERTAIN" comment="" m_id="29" modality="" polarity="POS" pos="NOUN" pred="agreement" special_cases="NONE" tense="NONE" time="NON_FUTURE">
<token_anchor t_id="101"/>
</EVENT_MENTION>
<EVENT_MENTION aspect="NONE" certainty="CERTAIN" comment="" m_id="30" modality="" polarity="POS" pos="VERB" pred="protect" special_cases="NONE" tense="INFINITIVE" time="FUTURE">
<token_anchor t_id="103"/>
</EVENT_MENTION>
<EVENT_MENTION aspect="NONE" certainty="CERTAIN" comment="" m_id="31" modality="" polarity="POS" pos="NOUN" pred="interest" special_cases="NONE" tense="NONE" time="NON_FUTURE">
<token_anchor t_id="108"/>
</EVENT_MENTION>
<EVENT_MENTION aspect="NONE" certainty="CERTAIN" comment="" m_id="32" modality="" polarity="POS" pos="NOUN" pred="process" special_cases="NONE" tense="NONE" time="NON_FUTURE">
<token_anchor t_id="91"/>
</EVENT_MENTION>
<EVENT_MENTION aspect="NONE" certainty="CERTAIN" comment="" m_id="33" modality="" polarity="POS" pos="VERB" pred="allow" special_cases="NONE" tense="PASTPART" time="NON_FUTURE">
<token_anchor t_id="2"/>
</EVENT_MENTION>
<EVENT_MENTION aspect="NONE" certainty="POSSIBLE" comment="" m_id="34" modality="" polarity="POS" pos="VERB" pred="bid" special_cases="NONE" tense="INFINITIVE" time="FUTURE">
<token_anchor t_id="4"/>
</EVENT_MENTION>
<SIGNAL comment="" m_id="35">
<token_anchor t_id="50"/>
</SIGNAL>
<SIGNAL comment="" m_id="36">
<token_anchor t_id="55"/>
</SIGNAL>
<SIGNAL comment="" m_id="37">
<token_anchor t_id="82"/>
</SIGNAL>
<TIMEX3 anchorTimeID="" beginPoint="" comment="" endPoint="" functionInDocument="NONE" m_id="38" type="DATE" value="1998">
<token_anchor t_id="84"/>
</TIMEX3>
<TIMEX3 anchorTimeID="" beginPoint="" comment="" endPoint="" functionInDocument="CREATION_TIME" m_id="39" type="DATE" value="2005-03-06">
<token_anchor t_id="11"/>
<token_anchor t_id="12"/>
<token_anchor t_id="13"/>
<token_anchor t_id="14"/>
</TIMEX3>
<TIMEX3 anchorTimeID="" beginPoint="" comment="" endPoint="" functionInDocument="NONE" m_id="40" type="DATE" value="2003-07-24">
<token_anchor t_id="51"/>
<token_anchor t_id="52"/>
<token_anchor t_id="53"/>
<token_anchor t_id="54"/>
</TIMEX3>
<VALUE comment="" m_id="41" type="QUANTITY">
<token_anchor t_id="70"/>
<token_anchor t_id="71"/>
</VALUE>








<ENTITY_MENTION m_id="94">
  <token_anchor t_id="15"/>
  <token_anchor t_id="17"/>
  <token_anchor t_id="18"/>
</ENTITY_MENTION>

<ENTITY TAG_DESCRIPTOR="US" comment="" ent_class="" ent_type="LOC" external_ref="" m_id="121"/>
<EVENT TAG_DESCRIPTOR="process" class="OTHER" comment="" external_ref="" m_id="122"/>
<ENTITY TAG_DESCRIPTOR="all Boeing's units" comment="" ent_class="" ent_type="ORG" external_ref="" m_id="65"/>
<EVENT TAG_DESCRIPTOR="agreement VUA" class="OTHER" instance_id="OTH39760396633720357" m_id="109"/>
<EVENT TAG_DESCRIPTOR="announced VUA" class="SPEECH_COGNITIVE" instance_id="SPE39761390600284118" m_id="108"/>
<EVENT TAG_DESCRIPTOR="5403-0-allow" class="OTHER" instance_id="OTH41486521942468583" m_id="107"/>
<EVENT TAG_DESCRIPTOR="protect VUA" class="OTHER" instance_id="OTH39760990530335154" m_id="106"/>
<EVENT TAG_DESCRIPTOR="violating VUA" class="OTHER" instance_id="OTH39761262108276343" m_id="105"/>
<EVENT TAG_DESCRIPTOR="bid VUA" class="OTHER" instance_id="OTH39760476989374089" m_id="104"/>

<EVENT TAG_DESCRIPTOR="suspended VUA" class="OTHER" instance_id="OTH39761183450093171" m_id="102"/>
<EVENT TAG_DESCRIPTOR="discovered" class="SPEECH_COGNITIVE" comment="" external_ref="" m_id="48"/>
<EVENT TAG_DESCRIPTOR="in possession" class="OTHER" comment="" external_ref="" m_id="47"/>
<EVENT TAG_DESCRIPTOR="interests VUA" class="OTHER" instance_id="OTH39760928849741949" m_id="117"/>

<EVENT TAG_DESCRIPTOR="signed VUA" class="OTHER" instance_id="OTH39761054022441933" m_id="113"/>
<ENTITY TAG_DESCRIPTOR="Boeing's Launch Systems" ent_type="ORG" instance_id="ORG27736133055981313" m_id="101"/>
<ENTITY TAG_DESCRIPTOR="Federal law" ent_type="PRO" instance_id="PRO39489240341434339" m_id="100"/>
<ENTITY TAG_DESCRIPTOR="Boeing Delta Program business units" ent_type="ORG" instance_id="ORG27736196070201058" m_id="119"/>
<ENTITY TAG_DESCRIPTOR="Boeing" ent_type="ORG" external_ref="http://dbpedia.org/page/Boeing" instance_id="ORG37154719725500990" m_id="118"/>
<ENTITY TAG_DESCRIPTOR="1000 pages of documentation" ent_type="PRO" instance_id="PRO39489313656877137" m_id="115"/>
<ENTITY TAG_DESCRIPTOR="Boeing's Launch Services" ent_type="ORG" instance_id="ORG27736154624392526" m_id="114"/>
<ENTITY TAG_DESCRIPTOR="Launch contracts" ent_type="PRO" instance_id="PRO39489269081499390" m_id="112"/>
<ENTITY TAG_DESCRIPTOR="USAF" ent_type="ORG" external_ref="http://dbpedia.org/page/United_States_Air_Force" instance_id="ORG37154720392556611" m_id="111"/>
<ENTITY TAG_DESCRIPTOR="Lockheed Martin" ent_type="ORG" external_ref="http://dbpedia.org/resource/Lockheed_Martin" instance_id="ORG27736335435583953" m_id="110"/>
</Markables>
<Relations>
<GLINK r_id="244705">
<source m_id="21"/>
<target m_id="22"/>
</GLINK>
<SLINK r_id="244706">
<source m_id="23"/>
<target m_id="21"/>
</SLINK>
<SLINK r_id="244707">
<source m_id="26"/>
<target m_id="27"/>
</SLINK>
<CLINK r_id="244708">
<source m_id="25"/>
<target m_id="24"/>
</CLINK>
<TLINK comment="" r_id="244709" reltype="AFTER" signalID="">
<source m_id="21"/>
<target m_id="39"/>
</TLINK>
<TLINK comment="" r_id="244710" reltype="BEFORE" signalID="">
<source m_id="23"/>
<target m_id="39"/>
</TLINK>
<TLINK comment="" r_id="244711" reltype="BEFORE" signalID="">
<source m_id="23"/>
<target m_id="21"/>
</TLINK>
<TLINK comment="" r_id="244712" reltype="BEGUN_BY" signalID="">
<source m_id="24"/>
<target m_id="40"/>
</TLINK>
<TLINK comment="" r_id="244713" reltype="BEGUN_BY" signalID="">
<source m_id="24"/>
<target m_id="25"/>
</TLINK>
<TLINK comment="" r_id="244714" reltype="BEFORE" signalID="">
<source m_id="40"/>
<target m_id="39"/>
</TLINK>
<TLINK comment="" r_id="244715" reltype="BEFORE" signalID="">
<source m_id="26"/>
<target m_id="39"/>
</TLINK>
<TLINK comment="" r_id="244716" reltype="SIMULTANEOUS" signalID="">
<source m_id="26"/>
<target m_id="27"/>
</TLINK>
<TLINK comment="" r_id="244717" reltype="BEFORE" signalID="">
<source m_id="28"/>
<target m_id="39"/>
</TLINK>
<TLINK comment="" r_id="244718" reltype="BEFORE" signalID="">
<source m_id="28"/>
<target m_id="29"/>
</TLINK>
<HAS_PARTICIPANT comment="" frame="" frame_element="" r_id="244719" sem_role="Arg1" sem_role_framework="PROPBANK">
<source m_id="21"/>
<target m_id="7"/>
</HAS_PARTICIPANT>
<HAS_PARTICIPANT comment="" frame="" frame_element="" r_id="244720" sem_role="Arg0" sem_role_framework="PROPBANK">
<source m_id="21"/>
<target m_id="9"/>
</HAS_PARTICIPANT>
<HAS_PARTICIPANT comment="" frame="" frame_element="" r_id="244721" sem_role="Arg1" sem_role_framework="PROPBANK">
<source m_id="21"/>
<target m_id="11"/>
</HAS_PARTICIPANT>
<HAS_PARTICIPANT comment="" frame="" frame_element="" r_id="244722" sem_role="Arg0" sem_role_framework="PROPBANK">
<source m_id="22"/>
<target m_id="11"/>
</HAS_PARTICIPANT>
<HAS_PARTICIPANT comment="" frame="" frame_element="" r_id="244723" sem_role="Arg0" sem_role_framework="PROPBANK">
<source m_id="22"/>
<target m_id="9"/>
</HAS_PARTICIPANT>
<HAS_PARTICIPANT comment="" frame="" frame_element="" r_id="244724" sem_role="Arg0" sem_role_framework="PROPBANK">
<source m_id="22"/>
<target m_id="7"/>
</HAS_PARTICIPANT>
<HAS_PARTICIPANT comment="" frame="" frame_element="" r_id="244725" sem_role="Arg1" sem_role_framework="PROPBANK">
<source m_id="22"/>
<target m_id="12"/>
</HAS_PARTICIPANT>
<HAS_PARTICIPANT comment="" frame="" frame_element="" r_id="244726" sem_role="Arg0" sem_role_framework="PROPBANK">
<source m_id="23"/>
<target m_id="14"/>
</HAS_PARTICIPANT>
<HAS_PARTICIPANT comment="" frame="" frame_element="" r_id="244727" sem_role="Arg1" sem_role_framework="PROPBANK">
<source m_id="24"/>
<target m_id="16"/>
</HAS_PARTICIPANT>
<HAS_PARTICIPANT comment="" frame="" frame_element="" r_id="244728" sem_role="Arg0" sem_role_framework="PROPBANK">
<source m_id="25"/>
<target m_id="16"/>
</HAS_PARTICIPANT>
<HAS_PARTICIPANT comment="" frame="" frame_element="" r_id="244729" sem_role="Arg1" sem_role_framework="PROPBANK">
<source m_id="25"/>
<target m_id="17"/>
</HAS_PARTICIPANT>
<HAS_PARTICIPANT comment="" frame="" frame_element="" r_id="244730" sem_role="Arg1" sem_role_framework="PROPBANK">
<source m_id="26"/>
<target m_id="18"/>
</HAS_PARTICIPANT>
<HAS_PARTICIPANT comment="" frame="" frame_element="" r_id="244731" sem_role="Arg0" sem_role_framework="PROPBANK">
<source m_id="27"/>
<target m_id="18"/>
</HAS_PARTICIPANT>
<HAS_PARTICIPANT comment="" frame="" frame_element="" r_id="244732" sem_role="Arg1" sem_role_framework="PROPBANK">
<source m_id="27"/>
<target m_id="4"/>
</HAS_PARTICIPANT>
<HAS_PARTICIPANT comment="" frame="" frame_element="" r_id="244733" sem_role="Arg0" sem_role_framework="PROPBANK">
<source m_id="28"/>
<target m_id="2"/>
</HAS_PARTICIPANT>
<HAS_PARTICIPANT comment="" frame="" frame_element="" r_id="244734" sem_role="Arg0" sem_role_framework="PROPBANK">
<source m_id="28"/>
<target m_id="20"/>
</HAS_PARTICIPANT>
<HAS_PARTICIPANT comment="" frame="" frame_element="" r_id="244735" sem_role="Arg1" sem_role_framework="PROPBANK">
<source m_id="33"/>
<target m_id="13"/>
</HAS_PARTICIPANT>
<HAS_PARTICIPANT comment="" frame="" frame_element="" r_id="244736" sem_role="Arg1" sem_role_framework="PROPBANK">
<source m_id="34"/>
<target m_id="15"/>
</HAS_PARTICIPANT>
<GLINK r_id="244741">
<source m_id="33"/>
<target m_id="34"/>
</GLINK>
























<REFERS_TO r_id="321689">
<source m_id="4"/>
<target m_id="115"/>
</REFERS_TO>
<REFERS_TO r_id="321690">
<source m_id="9"/>
<target m_id="114"/>
</REFERS_TO>
<REFERS_TO r_id="321691">
<source m_id="31"/>
<target m_id="117"/>
</REFERS_TO>

<REFERS_TO r_id="321693">

<source m_id="14"/>
<source m_id="6"/>
<source m_id="20"/>
<target m_id="111"/>
</REFERS_TO>
<REFERS_TO r_id="321694">
<source m_id="3"/>
<source m_id="19"/>
<source m_id="10"/>
<target m_id="110"/>
</REFERS_TO>
<REFERS_TO r_id="321695">
<source m_id="28"/>
<target m_id="113"/>
</REFERS_TO>
<REFERS_TO r_id="321696">
<source m_id="12"/>
<source m_id="15"/>
<target m_id="112"/>
</REFERS_TO>
<REFERS_TO r_id="321697">
<source m_id="11"/>
<target m_id="119"/>
</REFERS_TO>
<REFERS_TO r_id="321698">
<source m_id="5"/>

<source m_id="8"/>

<source m_id="18"/>
<source m_id="2"/>

<source m_id="16"/>
<source m_id="13"/>

<target m_id="118"/>
</REFERS_TO>
<REFERS_TO r_id="321699">
<source m_id="26"/>
<target m_id="48"/>
</REFERS_TO>
<REFERS_TO r_id="321700">
<source m_id="27"/>
<target m_id="47"/>
</REFERS_TO>
<REFERS_TO r_id="321701">
<source m_id="62"/>
<source m_id="66"/>
<target m_id="121"/>
</REFERS_TO>
<REFERS_TO r_id="321702">
<source m_id="23"/>
<target m_id="108"/>
</REFERS_TO>
<REFERS_TO r_id="321703">

<source m_id="29"/>
<target m_id="109"/>
</REFERS_TO>
<REFERS_TO r_id="321704">

<source m_id="24"/>
<target m_id="102"/>
</REFERS_TO>

<REFERS_TO r_id="321706">
<source m_id="17"/>
<target m_id="100"/>
</REFERS_TO>
<REFERS_TO r_id="321707">
<source m_id="94"/>
<source m_id="7"/>
<target m_id="101"/>
</REFERS_TO>
<REFERS_TO r_id="321708">
<source m_id="30"/>
<target m_id="106"/>
</REFERS_TO>
<REFERS_TO r_id="321709">
<source m_id="33"/>
<source m_id="21"/>
<target m_id="107"/>
</REFERS_TO>
<REFERS_TO r_id="321710">
<source m_id="22"/>
<source m_id="34"/>
<target m_id="104"/>
</REFERS_TO>
<REFERS_TO r_id="321711">
<source m_id="25"/>
<target m_id="105"/>
</REFERS_TO>
<REFERS_TO r_id="321712">
<source m_id="32"/>
<target m_id="122"/>
</REFERS_TO>
<REFERS_TO r_id="321713">
<source m_id="64"/>
<target m_id="65"/>
</REFERS_TO>
</Relations>
</Document>