<?xml version="1.0" ?><Document doc_id="61389" doc_name="61389_Airbus_announces_job_cuts_of_10,000" lang="en" url="http://en.wikinews.org/wiki/Airbus_announces_job_cuts_of_10,000">
<token number="0" sentence="0" t_id="1">Airbus</token>
<token number="1" sentence="0" t_id="2">announces</token>
<token number="2" sentence="0" t_id="3">job</token>
<token number="3" sentence="0" t_id="4">cuts</token>
<token number="4" sentence="0" t_id="5">of</token>
<token number="5" sentence="0" t_id="6">10,000</token>
<token number="6" sentence="1" t_id="7">February</token>
<token number="7" sentence="1" t_id="8">28</token>
<token number="8" sentence="1" t_id="9">,</token>
<token number="9" sentence="1" t_id="10">2007</token>
<token number="10" sentence="2" t_id="11">150px</token>
<token number="11" sentence="2" t_id="12">Airbus</token>
<token number="12" sentence="2" t_id="13">,</token>
<token number="13" sentence="2" t_id="14">Europe</token>
<token number="14" sentence="2" t_id="15">'s</token>
<token number="15" sentence="2" t_id="16">biggest</token>
<token number="16" sentence="2" t_id="17">aircraft</token>
<token number="17" sentence="2" t_id="18">manufacturer</token>
<token number="18" sentence="2" t_id="19">,</token>
<token number="19" sentence="2" t_id="20">has</token>
<token number="20" sentence="2" t_id="21">announced</token>
<token number="21" sentence="2" t_id="22">10,000</token>
<token number="22" sentence="2" t_id="23">job</token>
<token number="23" sentence="2" t_id="24">cuts</token>
<token number="24" sentence="2" t_id="25">over</token>
<token number="25" sentence="2" t_id="26">the</token>
<token number="26" sentence="2" t_id="27">next</token>
<token number="27" sentence="2" t_id="28">four</token>
<token number="28" sentence="2" t_id="29">years</token>
<token number="29" sentence="2" t_id="30">.</token>
<token number="30" sentence="3" t_id="31">The</token>
<token number="31" sentence="3" t_id="32">news</token>
<token number="32" sentence="3" t_id="33">comes</token>
<token number="33" sentence="3" t_id="34">as</token>
<token number="34" sentence="3" t_id="35">its</token>
<token number="35" sentence="3" t_id="36">parent</token>
<token number="36" sentence="3" t_id="37">company</token>
<token number="37" sentence="3" t_id="38">,</token>
<token number="38" sentence="3" t_id="39">EADS</token>
<token number="39" sentence="3" t_id="40">starts</token>
<token number="40" sentence="3" t_id="41">a</token>
<token number="41" sentence="3" t_id="42">major</token>
<token number="42" sentence="3" t_id="43">restructuring</token>
<token number="43" sentence="3" t_id="44">programme</token>
<token number="44" sentence="3" t_id="45">because</token>
<token number="45" sentence="3" t_id="46">the</token>
<token number="46" sentence="3" t_id="47">company</token>
<token number="47" sentence="3" t_id="48">is</token>
<token number="48" sentence="3" t_id="49">not</token>
<token number="49" sentence="3" t_id="50">efficient</token>
<token number="50" sentence="3" t_id="51">enough</token>
<token number="51" sentence="3" t_id="52">.</token>
<token number="52" sentence="4" t_id="53">Louis</token>
<token number="53" sentence="4" t_id="54">Gallois</token>
<token number="54" sentence="4" t_id="55">,</token>
<token number="55" sentence="4" t_id="56">the</token>
<token number="56" sentence="4" t_id="57">Airbus</token>
<token number="57" sentence="4" t_id="58">chief</token>
<token number="58" sentence="4" t_id="59">executive</token>
<token number="59" sentence="4" t_id="60">,</token>
<token number="60" sentence="4" t_id="61">said</token>
<token number="61" sentence="4" t_id="62">the</token>
<token number="62" sentence="4" t_id="63">company</token>
<token number="63" sentence="4" t_id="64">expects</token>
<token number="64" sentence="4" t_id="65">to</token>
<token number="65" sentence="4" t_id="66">cut</token>
<token number="66" sentence="4" t_id="67">approximately</token>
<token number="67" sentence="4" t_id="68">4,300</token>
<token number="68" sentence="4" t_id="69">jobs</token>
<token number="69" sentence="4" t_id="70">in</token>
<token number="70" sentence="4" t_id="71">France</token>
<token number="71" sentence="4" t_id="72">,</token>
<token number="72" sentence="4" t_id="73">3,700</token>
<token number="73" sentence="4" t_id="74">in</token>
<token number="74" sentence="4" t_id="75">Germany</token>
<token number="75" sentence="4" t_id="76">,</token>
<token number="76" sentence="4" t_id="77">1,600</token>
<token number="77" sentence="4" t_id="78">in</token>
<token number="78" sentence="4" t_id="79">UK</token>
<token number="79" sentence="4" t_id="80">and</token>
<token number="80" sentence="4" t_id="81">400</token>
<token number="81" sentence="4" t_id="82">in</token>
<token number="82" sentence="4" t_id="83">Spain</token>
<token number="83" sentence="4" t_id="84">.</token>
<token number="84" sentence="5" t_id="85">About</token>
<token number="85" sentence="5" t_id="86">half</token>
<token number="86" sentence="5" t_id="87">of</token>
<token number="87" sentence="5" t_id="88">those</token>
<token number="88" sentence="5" t_id="89">cuts</token>
<token number="89" sentence="5" t_id="90">will</token>
<token number="90" sentence="5" t_id="91">be</token>
<token number="91" sentence="5" t_id="92">made</token>
<token number="92" sentence="5" t_id="93">among</token>
<token number="93" sentence="5" t_id="94">subcontractors</token>
<token number="94" sentence="5" t_id="95">and</token>
<token number="95" sentence="5" t_id="96">temporary</token>
<token number="96" sentence="5" t_id="97">workers</token>
<token number="97" sentence="5" t_id="98">.</token>
<token number="98" sentence="6" t_id="99">Actual</token>
<token number="99" sentence="6" t_id="100">Airbus</token>
<token number="100" sentence="6" t_id="101">employee</token>
<token number="101" sentence="6" t_id="102">reduction</token>
<token number="102" sentence="6" t_id="103">would</token>
<token number="103" sentence="6" t_id="104">be</token>
<token number="104" sentence="6" t_id="105">about</token>
<token number="105" sentence="6" t_id="106">5,000</token>
<token number="106" sentence="6" t_id="107">,</token>
<token number="107" sentence="6" t_id="108">or</token>
<token number="108" sentence="6" t_id="109">9</token>
<token number="109" sentence="6" t_id="110">%</token>
<token number="110" sentence="6" t_id="111">of</token>
<token number="111" sentence="6" t_id="112">the</token>
<token number="112" sentence="6" t_id="113">total</token>
<token number="113" sentence="6" t_id="114">European</token>
<token number="114" sentence="6" t_id="115">work</token>
<token number="115" sentence="6" t_id="116">force</token>
<token number="116" sentence="6" t_id="117">of</token>
<token number="117" sentence="6" t_id="118">55,000</token>
<token number="118" sentence="6" t_id="119">full-time</token>
<token number="119" sentence="6" t_id="120">Airbus</token>
<token number="120" sentence="6" t_id="121">employees</token>
<token number="121" sentence="6" t_id="122">.</token>
<token number="122" sentence="7" t_id="123">Although</token>
<token number="123" sentence="7" t_id="124">Gallois</token>
<token number="124" sentence="7" t_id="125">said</token>
<token number="125" sentence="7" t_id="126">he</token>
<token number="126" sentence="7" t_id="127">hoped</token>
<token number="127" sentence="7" t_id="128">to</token>
<token number="128" sentence="7" t_id="129">achieve</token>
<token number="129" sentence="7" t_id="130">this</token>
<token number="130" sentence="7" t_id="131">mainly</token>
<token number="131" sentence="7" t_id="132">through</token>
<token number="132" sentence="7" t_id="133">attrition</token>
<token number="133" sentence="7" t_id="134">,</token>
<token number="134" sentence="7" t_id="135">the</token>
<token number="135" sentence="7" t_id="136">unions</token>
<token number="136" sentence="7" t_id="137">were</token>
<token number="137" sentence="7" t_id="138">displeased</token>
<token number="138" sentence="7" t_id="139">.</token>
<token number="139" sentence="8" t_id="140">Union</token>
<token number="140" sentence="8" t_id="141">officials</token>
<token number="141" sentence="8" t_id="142">said</token>
<token number="142" sentence="8" t_id="143">nearly</token>
<token number="143" sentence="8" t_id="144">14,000</token>
<token number="144" sentence="8" t_id="145">employees</token>
<token number="145" sentence="8" t_id="146">at</token>
<token number="146" sentence="8" t_id="147">four</token>
<token number="147" sentence="8" t_id="148">French</token>
<token number="148" sentence="8" t_id="149">sites</token>
<token number="149" sentence="8" t_id="150">had</token>
<token number="150" sentence="8" t_id="151">a</token>
<token number="151" sentence="8" t_id="152">two</token>
<token number="152" sentence="8" t_id="153">hour</token>
<token number="153" sentence="8" t_id="154">work</token>
<token number="154" sentence="8" t_id="155">stoppage</token>
<token number="155" sentence="8" t_id="156">Wednesday</token>
<token number="156" sentence="8" t_id="157">afternoon</token>
<token number="157" sentence="8" t_id="158">to</token>
<token number="158" sentence="8" t_id="159">protest</token>
<token number="159" sentence="8" t_id="160">the</token>
<token number="160" sentence="8" t_id="161">cuts</token>
<token number="161" sentence="8" t_id="162">.</token>
<token number="162" sentence="9" t_id="163">``</token>
<token number="163" sentence="9" t_id="164">The</token>
<token number="164" sentence="9" t_id="165">response</token>
<token number="165" sentence="9" t_id="166">has</token>
<token number="166" sentence="9" t_id="167">been</token>
<token number="167" sentence="9" t_id="168">massive</token>
<token number="168" sentence="9" t_id="169">,</token>
<token number="169" sentence="9" t_id="170">''</token>
<token number="170" sentence="9" t_id="171">said</token>
<token number="171" sentence="9" t_id="172">Julien</token>
<token number="172" sentence="9" t_id="173">Talavan</token>
<token number="173" sentence="9" t_id="174">,</token>
<token number="174" sentence="9" t_id="175">a</token>
<token number="175" sentence="9" t_id="176">spokesman</token>
<token number="176" sentence="9" t_id="177">for</token>
<token number="177" sentence="9" t_id="178">Force</token>
<token number="178" sentence="9" t_id="179">Ouvrière</token>
<token number="179" sentence="9" t_id="180">,</token>
<token number="180" sentence="9" t_id="181">the</token>
<token number="181" sentence="9" t_id="182">main</token>
<token number="182" sentence="9" t_id="183">Airbus</token>
<token number="183" sentence="9" t_id="184">union</token>
<token number="184" sentence="9" t_id="185">in</token>
<token number="185" sentence="9" t_id="186">France</token>
<token number="186" sentence="9" t_id="187">.</token>
<token number="187" sentence="10" t_id="188">``</token>
<token number="188" sentence="10" t_id="189">This</token>
<token number="189" sentence="10" t_id="190">is</token>
<token number="190" sentence="10" t_id="191">just</token>
<token number="191" sentence="10" t_id="192">the</token>
<token number="192" sentence="10" t_id="193">beginning</token>
<token number="193" sentence="10" t_id="194">,</token>
<token number="194" sentence="10" t_id="195">''</token>
<token number="195" sentence="10" t_id="196">he</token>
<token number="196" sentence="10" t_id="197">said</token>
<token number="197" sentence="10" t_id="198">,</token>
<token number="198" sentence="10" t_id="199">hinting</token>
<token number="199" sentence="10" t_id="200">at</token>
<token number="200" sentence="10" t_id="201">future</token>
<token number="201" sentence="10" t_id="202">labor</token>
<token number="202" sentence="10" t_id="203">action</token>
<token number="203" sentence="10" t_id="204">.</token>
<token number="204" sentence="11" t_id="205">This</token>
<token number="205" sentence="11" t_id="206">move</token>
<token number="206" sentence="11" t_id="207">comes</token>
<token number="207" sentence="11" t_id="208">after</token>
<token number="208" sentence="11" t_id="209">well-publicized</token>
<token number="209" sentence="11" t_id="210">delays</token>
<token number="210" sentence="11" t_id="211">on</token>
<token number="211" sentence="11" t_id="212">its</token>
<token number="212" sentence="11" t_id="213">A380</token>
<token number="213" sentence="11" t_id="214">super-jumbo</token>
<token number="214" sentence="11" t_id="215">commercial</token>
<token number="215" sentence="11" t_id="216">airliner</token>
<token number="216" sentence="11" t_id="217">.</token>
<token number="217" sentence="12" t_id="218">The</token>
<token number="218" sentence="12" t_id="219">restructuring</token>
<token number="219" sentence="12" t_id="220">announcement</token>
<token number="220" sentence="12" t_id="221">also</token>
<token number="221" sentence="12" t_id="222">includes</token>
<token number="222" sentence="12" t_id="223">the</token>
<token number="223" sentence="12" t_id="224">proposed</token>
<token number="224" sentence="12" t_id="225">sale</token>
<token number="225" sentence="12" t_id="226">or</token>
<token number="226" sentence="12" t_id="227">closure</token>
<token number="227" sentence="12" t_id="228">of</token>
<token number="228" sentence="12" t_id="229">3</token>
<token number="229" sentence="12" t_id="230">plants</token>
<token number="230" sentence="12" t_id="231">.</token>
<Markables>
<C-SIGNAL comment="" m_id="1">
<token_anchor t_id="45"/>
</C-SIGNAL>
<ENTITY_MENTION comment="" head="" m_id="19" syntactic_type="NAM">
<token_anchor t_id="39"/>
</ENTITY_MENTION>
<ENTITY_MENTION comment="" head="" m_id="20" syntactic_type="">
<token_anchor t_id="73"/>
</ENTITY_MENTION>
<ENTITY_MENTION comment="" head="" m_id="21" syntactic_type="">
<token_anchor t_id="35"/>
</ENTITY_MENTION>
<ENTITY_MENTION comment="" head="" m_id="22" syntactic_type="">
<token_anchor t_id="77"/>
</ENTITY_MENTION>
<ENTITY_MENTION comment="" head="" m_id="23" syntactic_type="">
<token_anchor t_id="46"/>
<token_anchor t_id="47"/>
</ENTITY_MENTION>
<ENTITY_MENTION comment="" head="" m_id="24" syntactic_type="">
<token_anchor t_id="81"/>
</ENTITY_MENTION>
<ENTITY_MENTION comment="" head="" m_id="25" syntactic_type="">
<token_anchor t_id="53"/>
<token_anchor t_id="54"/>
<token_anchor t_id="55"/>
<token_anchor t_id="56"/>
<token_anchor t_id="57"/>
<token_anchor t_id="58"/>
<token_anchor t_id="59"/>
</ENTITY_MENTION>
<ENTITY_MENTION comment="" head="" m_id="26" syntactic_type="">
<token_anchor t_id="56"/>
<token_anchor t_id="57"/>
<token_anchor t_id="58"/>
<token_anchor t_id="59"/>
</ENTITY_MENTION>
<ENTITY_MENTION comment="" head="" m_id="2" syntactic_type="NAM">
<token_anchor t_id="53"/>
<token_anchor t_id="54"/>
</ENTITY_MENTION>
<ENTITY_MENTION comment="" head="" m_id="3" syntactic_type="PRE.NAM">
<token_anchor t_id="57"/>
</ENTITY_MENTION>
<ENTITY_MENTION comment="" head="" m_id="4" syntactic_type="">
<token_anchor t_id="62"/>
<token_anchor t_id="63"/>
</ENTITY_MENTION>
<ENTITY_MENTION comment="" head="" m_id="5" syntactic_type="NAM">
<token_anchor t_id="1"/>
</ENTITY_MENTION>
<ENTITY_MENTION comment="" head="" m_id="6" syntactic_type="NAM">
<token_anchor t_id="71"/>
</ENTITY_MENTION>
<ENTITY_MENTION comment="" head="" m_id="7" syntactic_type="NAM">
<token_anchor t_id="75"/>
</ENTITY_MENTION>
<ENTITY_MENTION comment="" head="" m_id="8" syntactic_type="NAM">
<token_anchor t_id="79"/>
</ENTITY_MENTION>
<ENTITY_MENTION comment="" head="" m_id="9" syntactic_type="NAM">
<token_anchor t_id="83"/>
</ENTITY_MENTION>
<ENTITY_MENTION comment="" head="" m_id="10" syntactic_type="NAM">
<token_anchor t_id="14"/>
</ENTITY_MENTION>
<ENTITY_MENTION comment="" head="" m_id="11" syntactic_type="">
<token_anchor t_id="94"/>
</ENTITY_MENTION>
<ENTITY_MENTION comment="" head="" m_id="12" syntactic_type="">
<token_anchor t_id="96"/>
<token_anchor t_id="97"/>
</ENTITY_MENTION>
<ENTITY_MENTION comment="" head="" m_id="13" syntactic_type="">
<token_anchor t_id="11"/>
<token_anchor t_id="12"/>
<token_anchor t_id="13"/>
<token_anchor t_id="14"/>
<token_anchor t_id="15"/>
<token_anchor t_id="16"/>
<token_anchor t_id="17"/>
<token_anchor t_id="18"/>
</ENTITY_MENTION>
<ENTITY_MENTION comment="" head="" m_id="14" syntactic_type="NAM">
<token_anchor t_id="11"/>
<token_anchor t_id="12"/>
</ENTITY_MENTION>
<ENTITY_MENTION comment="" head="" m_id="15" syntactic_type="">
<token_anchor t_id="14"/>
<token_anchor t_id="15"/>
<token_anchor t_id="16"/>
<token_anchor t_id="17"/>
<token_anchor t_id="18"/>
</ENTITY_MENTION>
<ENTITY_MENTION comment="" head="" m_id="16" syntactic_type="">
<token_anchor t_id="35"/>
<token_anchor t_id="36"/>
<token_anchor t_id="37"/>
<token_anchor t_id="38"/>
<token_anchor t_id="39"/>
</ENTITY_MENTION>
<ENTITY_MENTION comment="" head="" m_id="17" syntactic_type="">
<token_anchor t_id="35"/>
<token_anchor t_id="36"/>
<token_anchor t_id="37"/>
</ENTITY_MENTION>
<ENTITY_MENTION comment="" head="" m_id="18" syntactic_type="">
<token_anchor t_id="67"/>
<token_anchor t_id="68"/>
<token_anchor t_id="69"/>
</ENTITY_MENTION>
<EVENT_MENTION aspect="" certainty="" comment="" m_id="77" modality="" polarity="" pos="" pred="" special_cases="" tense="" time="">
<token_anchor t_id="48"/>
</EVENT_MENTION>
<EVENT_MENTION aspect="NONE" certainty="CERTAIN" comment="" m_id="27" modality="" polarity="POS" pos="VERB" pred="announce" special_cases="NONE" tense="PRESENT" time="NON_FUTURE">
<token_anchor t_id="2"/>
</EVENT_MENTION>
<EVENT_MENTION aspect="NONE" certainty="CERTAIN" comment="" m_id="28" modality="" polarity="POS" pos="NOUN" pred="job cut" special_cases="NONE" tense="NONE" time="FUTURE">
<token_anchor t_id="3"/>
<token_anchor t_id="4"/>
</EVENT_MENTION>
<EVENT_MENTION aspect="PERFECTIVE" certainty="CERTAIN" comment="" m_id="29" modality="" polarity="POS" pos="VERB" pred="announce" special_cases="NONE" tense="PRESENT" time="NON_FUTURE">
<token_anchor t_id="21"/>
</EVENT_MENTION>
<EVENT_MENTION aspect="NONE" certainty="CERTAIN" comment="" m_id="30" modality="" polarity="POS" pos="NOUN" pred="job cut" special_cases="NONE" tense="NONE" time="FUTURE">
<token_anchor t_id="23"/>
<token_anchor t_id="24"/>
</EVENT_MENTION>
<EVENT_MENTION aspect="NONE" certainty="CERTAIN" comment="" m_id="31" modality="" polarity="POS" pos="VERB" pred="come" special_cases="NONE" tense="PRESENT" time="NON_FUTURE">
<token_anchor t_id="33"/>
</EVENT_MENTION>
<EVENT_MENTION aspect="NONE" certainty="CERTAIN" comment="" m_id="32" modality="" polarity="POS" pos="VERB" pred="start" special_cases="NONE" tense="PRESENT" time="NON_FUTURE">
<token_anchor t_id="40"/>
</EVENT_MENTION>
<EVENT_MENTION aspect="NONE" certainty="CERTAIN" comment="" m_id="33" modality="" polarity="POS" pos="NOUN" pred="programme" special_cases="NONE" tense="NONE" time="NON_FUTURE">
<token_anchor t_id="44"/>
</EVENT_MENTION>
<EVENT_MENTION aspect="NONE" certainty="CERTAIN" comment="" m_id="34" modality="" polarity="POS" pos="VERB" pred="say" special_cases="NONE" tense="PAST" time="NON_FUTURE">
<token_anchor t_id="61"/>
</EVENT_MENTION>
<EVENT_MENTION aspect="NONE" certainty="CERTAIN" comment="" m_id="35" modality="" polarity="NEG" pos="OTHER" pred="efficient" special_cases="NONE" tense="NONE" time="NON_FUTURE">
<token_anchor t_id="50"/>
</EVENT_MENTION>
<EVENT_MENTION aspect="NONE" certainty="CERTAIN" comment="" m_id="36" modality="" polarity="POS" pos="VERB" pred="expect" special_cases="NONE" tense="PRESENT" time="NON_FUTURE">
<token_anchor t_id="64"/>
</EVENT_MENTION>
<EVENT_MENTION aspect="NONE" certainty="PROBABLE" comment="" m_id="37" modality="" polarity="POS" pos="VERB" pred="cut" special_cases="NONE" tense="INFINITIVE" time="FUTURE">
<token_anchor t_id="66"/>
</EVENT_MENTION>
<EVENT_MENTION aspect="NONE" certainty="CERTAIN" comment="" m_id="38" modality="" polarity="POS" pos="NOUN" pred="cut" special_cases="NONE" tense="NONE" time="FUTURE">
<token_anchor t_id="89"/>
</EVENT_MENTION>
<EVENT_MENTION aspect="NONE" certainty="CERTAIN" comment="" m_id="39" modality="" polarity="POS" pos="VERB" pred="make" special_cases="NONE" tense="FUTURE" time="FUTURE">
<token_anchor t_id="92"/>
</EVENT_MENTION>
<EVENT_MENTION aspect="NONE" certainty="CERTAIN" comment="" m_id="40" modality="" polarity="POS" pos="NOUN" pred="news" special_cases="NONE" tense="NONE" time="NON_FUTURE">
<token_anchor t_id="32"/>
</EVENT_MENTION>
<SIGNAL comment="" m_id="41">
<token_anchor t_id="34"/>
</SIGNAL>
<SIGNAL comment="" m_id="42">
<token_anchor t_id="25"/>
</SIGNAL>
<TIMEX3 anchorTimeID="" beginPoint="" comment="" endPoint="" functionInDocument="CREATION_TIME" m_id="43" type="DATE" value="2007-02-28">
<token_anchor t_id="7"/>
<token_anchor t_id="8"/>
<token_anchor t_id="9"/>
<token_anchor t_id="10"/>
</TIMEX3>
<TIMEX3 anchorTimeID="" beginPoint="43" comment="" endPoint="" functionInDocument="NONE" m_id="44" type="DURATION" value="P4Y">
<token_anchor t_id="26"/>
<token_anchor t_id="27"/>
<token_anchor t_id="28"/>
<token_anchor t_id="29"/>
</TIMEX3>
<VALUE comment="" m_id="51" type="QUANTITY">
<token_anchor t_id="22"/>
</VALUE>
<VALUE comment="" m_id="45" type="QUANTITY">
<token_anchor t_id="6"/>
</VALUE>
<VALUE comment="" m_id="46" type="QUANTITY">
<token_anchor t_id="85"/>
<token_anchor t_id="86"/>
</VALUE>
<VALUE comment="" m_id="47" type="QUANTITY">
<token_anchor t_id="81"/>
</VALUE>
<VALUE comment="" m_id="48" type="QUANTITY">
<token_anchor t_id="77"/>
</VALUE>
<VALUE comment="" m_id="49" type="QUANTITY">
<token_anchor t_id="73"/>
</VALUE>
<VALUE comment="" m_id="50" type="QUANTITY">
<token_anchor t_id="67"/>
<token_anchor t_id="68"/>
</VALUE>












<EVENT TAG_DESCRIPTOR="announced VUA" class="SPEECH_COGNITIVE" instance_id="SPE39753048000590102" m_id="137"/>

<EVENT TAG_DESCRIPTOR="efficient" class="OTHER" comment="" external_ref="" m_id="58"/>

<EVENT TAG_DESCRIPTOR="expects" class="SPEECH_COGNITIVE" comment="" external_ref="" m_id="56"/>

<EVENT TAG_DESCRIPTOR="cut VUA" class="OTHER" instance_id="OTH39752300758132422" m_id="131"/>
<EVENT TAG_DESCRIPTOR="job-cuts VUA" class="OTHER" instance_id="OTH39752744747858871" m_id="130"/>

<EVENT TAG_DESCRIPTOR="said VUA" class="SPEECH_COGNITIVE" instance_id="SPE39753180404969467" m_id="122"/>
<EVENT TAG_DESCRIPTOR="programme VUA" class="OTHER" instance_id="OTH39752974440178277" m_id="120"/>
<EVENT TAG_DESCRIPTOR="news" class="OTHER" comment="" external_ref="" m_id="67"/>
<EVENT TAG_DESCRIPTOR="made" class="GRAMMATICAL" comment="" external_ref="" m_id="65"/>
<EVENT TAG_DESCRIPTOR="comes" class="GRAMMATICAL" comment="" external_ref="" m_id="61"/>
<EVENT TAG_DESCRIPTOR="starts" class="GRAMMATICAL" comment="" external_ref="" m_id="60"/>
<ENTITY TAG_DESCRIPTOR="4300 jobs" ent_type="FIN" instance_id="FIN39486420201433790" m_id="135"/>
<ENTITY TAG_DESCRIPTOR="Spain" ent_type="LOC" external_ref="http://dbpedia.org/resource/Spain" instance_id="LOC27735868847755525" m_id="133"/>

<ENTITY TAG_DESCRIPTOR="Louis Gallois" ent_type="PER" external_ref="http://dbpedia.org/resource/Louis_Gallois" instance_id="PER37154720797907240" m_id="127"/>
<ENTITY TAG_DESCRIPTOR="France" ent_type="LOC" external_ref="http://dbpedia.org/page/France" instance_id="LOC27573268533170794" m_id="126"/>
<ENTITY TAG_DESCRIPTOR="United Kingdom" ent_type="LOC" external_ref="http://dbpedia.org/resource/United_Kingdom" instance_id="LOC27735930596276101" m_id="125"/>
<ENTITY TAG_DESCRIPTOR="Europe" ent_type="LOC" external_ref="http://dbpedia.org/resource/Europe" instance_id="LOC27735665947140158" m_id="124"/>
<ENTITY TAG_DESCRIPTOR="EADS" ent_type="ORG" external_ref="http://dbpedia.org/page/Airbus_Group" instance_id="ORG37154720003835631" m_id="123"/>
<ENTITY TAG_DESCRIPTOR="Airbus" ent_type="ORG" external_ref="http://dbpedia.org/page/Airbus" instance_id="ORG37154719430036883" m_id="121"/>
<ENTITY TAG_DESCRIPTOR="Temporary workers" ent_type="PER" instance_id="PER39486477266030835" m_id="119"/>
<ENTITY TAG_DESCRIPTOR="Subcontractors" ent_type="PER" instance_id="PER39486458556445323" m_id="118"/>
<ENTITY TAG_DESCRIPTOR="Germany" ent_type="LOC" external_ref="http://dbpedia.org/resource/Germany" instance_id="LOC27735751646958958" m_id="117"/>
</Markables>
<Relations>
<SLINK r_id="245333">
<source m_id="34"/>
<target m_id="36"/>
</SLINK>
<SLINK r_id="245334">
<source m_id="36"/>
<target m_id="37"/>
</SLINK>
<SLINK r_id="245335">
<source m_id="29"/>
<target m_id="30"/>
</SLINK>
<GLINK r_id="245336">
<source m_id="31"/>
<target m_id="40"/>
</GLINK>
<GLINK r_id="245337">
<source m_id="32"/>
<target m_id="33"/>
</GLINK>
<GLINK r_id="245338">
<source m_id="39"/>
<target m_id="38"/>
</GLINK>
<CLINK c-signalID="1" comment="" r_id="245339">
<source m_id="35"/>
<target m_id="32"/>
</CLINK>
<TLINK comment="" r_id="245340" reltype="BEFORE" signalID="">
<source m_id="29"/>
<target m_id="43"/>
</TLINK>
<TLINK comment="" r_id="245341" reltype="IS_INCLUDED" signalID="42">
<source m_id="30"/>
<target m_id="44"/>
</TLINK>
<TLINK comment="" r_id="245342" reltype="BEFORE" signalID="">
<source m_id="29"/>
<target m_id="30"/>
</TLINK>
<TLINK comment="" r_id="245343" reltype="SIMULTANEOUS" signalID="">
<source m_id="32"/>
<target m_id="43"/>
</TLINK>
<TLINK comment="" r_id="245344" reltype="SIMULTANEOUS" signalID="">
<source m_id="31"/>
<target m_id="43"/>
</TLINK>
<TLINK comment="" r_id="245345" reltype="BEFORE" signalID="">
<source m_id="34"/>
<target m_id="43"/>
</TLINK>
<TLINK comment="" r_id="245346" reltype="BEFORE" signalID="">
<source m_id="36"/>
<target m_id="37"/>
</TLINK>
<TLINK comment="" r_id="245347" reltype="AFTER" signalID="">
<source m_id="39"/>
<target m_id="43"/>
</TLINK>
<HAS_PARTICIPANT comment="" frame="" frame_element="" r_id="245348" sem_role="Arg0" sem_role_framework="PROPBANK">
<source m_id="29"/>
<target m_id="13"/>
</HAS_PARTICIPANT>
<HAS_PARTICIPANT comment="" frame="" frame_element="" r_id="245349" sem_role="Arg0" sem_role_framework="PROPBANK">
<source m_id="30"/>
<target m_id="13"/>
</HAS_PARTICIPANT>
<HAS_PARTICIPANT comment="" frame="" frame_element="" r_id="245350" sem_role="Arg0" sem_role_framework="PROPBANK">
<source m_id="32"/>
<target m_id="16"/>
</HAS_PARTICIPANT>
<HAS_PARTICIPANT comment="" frame="" frame_element="" r_id="245351" sem_role="Arg1" sem_role_framework="PROPBANK">
<source m_id="35"/>
<target m_id="23"/>
</HAS_PARTICIPANT>
<HAS_PARTICIPANT comment="" frame="" frame_element="" r_id="245352" sem_role="Arg0" sem_role_framework="PROPBANK">
<source m_id="34"/>
<target m_id="25"/>
</HAS_PARTICIPANT>
<HAS_PARTICIPANT comment="" frame="" frame_element="" r_id="245353" sem_role="Arg0" sem_role_framework="PROPBANK">
<source m_id="36"/>
<target m_id="4"/>
</HAS_PARTICIPANT>
<HAS_PARTICIPANT comment="" frame="" frame_element="" r_id="245354" sem_role="Arg0" sem_role_framework="PROPBANK">
<source m_id="37"/>
<target m_id="4"/>
</HAS_PARTICIPANT>
<HAS_PARTICIPANT comment="" frame="" frame_element="" r_id="245355" sem_role="Arg1" sem_role_framework="PROPBANK">
<source m_id="37"/>
<target m_id="18"/>
</HAS_PARTICIPANT>
<HAS_PARTICIPANT comment="" frame="" frame_element="" r_id="245356" sem_role="Argm-LOC" sem_role_framework="PROPBANK">
<source m_id="37"/>
<target m_id="6"/>
</HAS_PARTICIPANT>
<HAS_PARTICIPANT comment="" frame="" frame_element="" r_id="245357" sem_role="Arg1" sem_role_framework="PROPBANK">
<source m_id="37"/>
<target m_id="20"/>
</HAS_PARTICIPANT>
<HAS_PARTICIPANT comment="" frame="" frame_element="" r_id="245358" sem_role="Argm-LOC" sem_role_framework="PROPBANK">
<source m_id="37"/>
<target m_id="7"/>
</HAS_PARTICIPANT>
<HAS_PARTICIPANT comment="" frame="" frame_element="" r_id="245359" sem_role="Arg1" sem_role_framework="PROPBANK">
<source m_id="37"/>
<target m_id="22"/>
</HAS_PARTICIPANT>
<HAS_PARTICIPANT comment="" frame="" frame_element="" r_id="245360" sem_role="Argm-LOC" sem_role_framework="PROPBANK">
<source m_id="37"/>
<target m_id="8"/>
</HAS_PARTICIPANT>
<HAS_PARTICIPANT comment="" frame="" frame_element="" r_id="245361" sem_role="Arg1" sem_role_framework="PROPBANK">
<source m_id="37"/>
<target m_id="24"/>
</HAS_PARTICIPANT>
<HAS_PARTICIPANT comment="" frame="" frame_element="" r_id="245362" sem_role="Argm-LOC" sem_role_framework="PROPBANK">
<source m_id="37"/>
<target m_id="9"/>
</HAS_PARTICIPANT>
<HAS_PARTICIPANT comment="" frame="" frame_element="" r_id="245363" sem_role="Argm-OTHER" sem_role_framework="PROPBANK">
<source m_id="38"/>
<target m_id="11"/>
</HAS_PARTICIPANT>
<HAS_PARTICIPANT comment="" frame="" frame_element="" r_id="245364" sem_role="Argm-OTHER" sem_role_framework="PROPBANK">
<source m_id="38"/>
<target m_id="12"/>
</HAS_PARTICIPANT>
<HAS_PARTICIPANT comment="" frame="" frame_element="" r_id="245367" sem_role="Arg0" sem_role_framework="PROPBANK">
<source m_id="27"/>
<target m_id="5"/>
</HAS_PARTICIPANT>
<HAS_PARTICIPANT comment="" frame="" frame_element="" r_id="245368" sem_role="Arg0" sem_role_framework="PROPBANK">
<source m_id="28"/>
<target m_id="5"/>
</HAS_PARTICIPANT>
<SLINK r_id="245369">
<source m_id="27"/>
<target m_id="28"/>
</SLINK>
<GLINK r_id="329753">
<source m_id="77"/>
<target m_id="35"/>
</GLINK>



























<REFERS_TO r_id="162471">
<source m_id="32"/>
<target m_id="60"/>
</REFERS_TO>

<REFERS_TO r_id="162473">
<source m_id="37"/>
<source m_id="38"/>
<target m_id="131"/>
</REFERS_TO>
<REFERS_TO r_id="162474">
<source m_id="30"/>
<source m_id="28"/>
<target m_id="130"/>
</REFERS_TO>
<REFERS_TO r_id="162475">
<source m_id="29"/>
<source m_id="27"/>
<target m_id="137"/>
</REFERS_TO>
<REFERS_TO r_id="162476">
<source m_id="39"/>
<target m_id="65"/>
</REFERS_TO>
<REFERS_TO r_id="162477">
<source m_id="18"/>
<target m_id="135"/>
</REFERS_TO>
<REFERS_TO r_id="162478">
<source m_id="40"/>
<target m_id="67"/>
</REFERS_TO>
<REFERS_TO r_id="162479">
<source m_id="12"/>
<target m_id="119"/>
</REFERS_TO>
<REFERS_TO r_id="162480">
<source m_id="11"/>
<target m_id="118"/>
</REFERS_TO>
<REFERS_TO r_id="162481">
<source m_id="33"/>
<target m_id="120"/>
</REFERS_TO>
<REFERS_TO r_id="162482">
<source m_id="14"/>

<source m_id="3"/>
<source m_id="15"/>
<source m_id="4"/>
<source m_id="23"/>

<source m_id="13"/>
<source m_id="5"/>


<target m_id="121"/>
</REFERS_TO>
<REFERS_TO r_id="162483">
<source m_id="34"/>

<target m_id="122"/>
</REFERS_TO>
<REFERS_TO r_id="162484">
<source m_id="16"/>
<source m_id="19"/>
<source m_id="17"/>
<target m_id="123"/>
</REFERS_TO>
<REFERS_TO r_id="162485">
<source m_id="10"/>
<target m_id="124"/>
</REFERS_TO>
<REFERS_TO r_id="162486">
<source m_id="8"/>
<target m_id="125"/>
</REFERS_TO>
<REFERS_TO r_id="162487">
<source m_id="6"/>
<target m_id="126"/>
</REFERS_TO>
<REFERS_TO r_id="162488">


<source m_id="2"/>
<source m_id="25"/>
<source m_id="26"/>
<target m_id="127"/>
</REFERS_TO>


<REFERS_TO r_id="162491">
<source m_id="9"/>
<target m_id="133"/>
</REFERS_TO>
<REFERS_TO r_id="162492">
<source m_id="35"/>
<target m_id="58"/>
</REFERS_TO>
<REFERS_TO r_id="162493">
<source m_id="31"/>
<target m_id="61"/>
</REFERS_TO>
<REFERS_TO r_id="162494">
<source m_id="36"/>
<target m_id="56"/>
</REFERS_TO>
<REFERS_TO r_id="162495">
<source m_id="7"/>
<target m_id="117"/>
</REFERS_TO>

</Relations>
</Document>