<?xml version="1.0" ?><Document doc_id="71526" doc_name="71526_Aeroflot_negotiates_purchase_of_22_new_Boeing_787_Dreamliner_aircraft" lang="en" url="http://en.wikinews.org/wiki/Aeroflot_negotiates_purchase_of_22_new_Boeing_787_Dreamliner_aircraft">
<token number="0" sentence="0" t_id="1">Aeroflot</token>
<token number="1" sentence="0" t_id="2">negotiates</token>
<token number="2" sentence="0" t_id="3">purchase</token>
<token number="3" sentence="0" t_id="4">of</token>
<token number="4" sentence="0" t_id="5">22</token>
<token number="5" sentence="0" t_id="6">new</token>
<token number="6" sentence="0" t_id="7">Boeing</token>
<token number="7" sentence="0" t_id="8">787</token>
<token number="8" sentence="0" t_id="9">Dreamliner</token>
<token number="9" sentence="0" t_id="10">aircraft</token>
<token number="10" sentence="1" t_id="11">June</token>
<token number="11" sentence="1" t_id="12">10</token>
<token number="12" sentence="1" t_id="13">,</token>
<token number="13" sentence="1" t_id="14">2007</token>
<token number="14" sentence="2" t_id="15">Russian</token>
<token number="15" sentence="2" t_id="16">flag</token>
<token number="16" sentence="2" t_id="17">carrier</token>
<token number="17" sentence="2" t_id="18">Aeroflot</token>
<token number="18" sentence="2" t_id="19">has</token>
<token number="19" sentence="2" t_id="20">negotiated</token>
<token number="20" sentence="2" t_id="21">the</token>
<token number="21" sentence="2" t_id="22">purchase</token>
<token number="22" sentence="2" t_id="23">of</token>
<token number="23" sentence="2" t_id="24">22</token>
<token number="24" sentence="2" t_id="25">new</token>
<token number="25" sentence="2" t_id="26">Boeing</token>
<token number="26" sentence="2" t_id="27">787</token>
<token number="27" sentence="2" t_id="28">Dreamliners</token>
<token number="28" sentence="2" t_id="29">,</token>
<token number="29" sentence="2" t_id="30">an</token>
<token number="30" sentence="2" t_id="31">aircraft</token>
<token number="31" sentence="2" t_id="32">Boeing</token>
<token number="32" sentence="2" t_id="33">currently</token>
<token number="33" sentence="2" t_id="34">has</token>
<token number="34" sentence="2" t_id="35">under</token>
<token number="35" sentence="2" t_id="36">development</token>
<token number="36" sentence="2" t_id="37">.</token>
<token number="37" sentence="3" t_id="38">The</token>
<token number="38" sentence="3" t_id="39">first</token>
<token number="39" sentence="3" t_id="40">jets</token>
<token number="40" sentence="3" t_id="41">will</token>
<token number="41" sentence="3" t_id="42">be</token>
<token number="42" sentence="3" t_id="43">delivered</token>
<token number="43" sentence="3" t_id="44">in</token>
<token number="44" sentence="3" t_id="45">2014</token>
<token number="45" sentence="3" t_id="46">.</token>
<token number="46" sentence="4" t_id="47">The</token>
<token number="47" sentence="4" t_id="48">Dreamliner</token>
<token number="48" sentence="4" t_id="49">will</token>
<token number="49" sentence="4" t_id="50">be</token>
<token number="50" sentence="4" t_id="51">the</token>
<token number="51" sentence="4" t_id="52">first</token>
<token number="52" sentence="4" t_id="53">commercial</token>
<token number="53" sentence="4" t_id="54">jet</token>
<token number="54" sentence="4" t_id="55">to</token>
<token number="55" sentence="4" t_id="56">be</token>
<token number="56" sentence="4" t_id="57">manufactured</token>
<token number="57" sentence="4" t_id="58">mainly</token>
<token number="58" sentence="4" t_id="59">with</token>
<token number="59" sentence="4" t_id="60">carbon-fiber</token>
<token number="60" sentence="4" t_id="61">composites</token>
<token number="61" sentence="4" t_id="62">instead</token>
<token number="62" sentence="4" t_id="63">of</token>
<token number="63" sentence="4" t_id="64">the</token>
<token number="64" sentence="4" t_id="65">aluminium</token>
<token number="65" sentence="4" t_id="66">previously</token>
<token number="66" sentence="4" t_id="67">used</token>
<token number="67" sentence="4" t_id="68">.</token>
<token number="68" sentence="5" t_id="69">The</token>
<token number="69" sentence="5" t_id="70">deal</token>
<token number="70" sentence="5" t_id="71">was</token>
<token number="71" sentence="5" t_id="72">announced</token>
<token number="72" sentence="5" t_id="73">during</token>
<token number="73" sentence="5" t_id="74">a</token>
<token number="74" sentence="5" t_id="75">large</token>
<token number="75" sentence="5" t_id="76">business</token>
<token number="76" sentence="5" t_id="77">forum</token>
<token number="77" sentence="5" t_id="78">that</token>
<token number="78" sentence="5" t_id="79">President</token>
<token number="79" sentence="5" t_id="80">Vladimir</token>
<token number="80" sentence="5" t_id="81">Putin</token>
<token number="81" sentence="5" t_id="82">had</token>
<token number="82" sentence="5" t_id="83">set</token>
<token number="83" sentence="5" t_id="84">up</token>
<token number="84" sentence="5" t_id="85">to</token>
<token number="85" sentence="5" t_id="86">showcase</token>
<token number="86" sentence="5" t_id="87">his</token>
<token number="87" sentence="5" t_id="88">country</token>
<token number="88" sentence="5" t_id="89">'s</token>
<token number="89" sentence="5" t_id="90">role</token>
<token number="90" sentence="5" t_id="91">in</token>
<token number="91" sentence="5" t_id="92">the</token>
<token number="92" sentence="5" t_id="93">international</token>
<token number="93" sentence="5" t_id="94">market</token>
<token number="94" sentence="5" t_id="95">.</token>
<token number="95" sentence="6" t_id="96">The</token>
<token number="96" sentence="6" t_id="97">deal</token>
<token number="97" sentence="6" t_id="98">was</token>
<token number="98" sentence="6" t_id="99">the</token>
<token number="99" sentence="6" t_id="100">centrepiece</token>
<token number="100" sentence="6" t_id="101">of</token>
<token number="101" sentence="6" t_id="102">the</token>
<token number="102" sentence="6" t_id="103">event</token>
<token number="103" sentence="6" t_id="104">.</token>
<token number="104" sentence="7" t_id="105">The</token>
<token number="105" sentence="7" t_id="106">sale</token>
<token number="106" sentence="7" t_id="107">is</token>
<token number="107" sentence="7" t_id="108">the</token>
<token number="108" sentence="7" t_id="109">result</token>
<token number="109" sentence="7" t_id="110">of</token>
<token number="110" sentence="7" t_id="111">a</token>
<token number="111" sentence="7" t_id="112">deal</token>
<token number="112" sentence="7" t_id="113">begun</token>
<token number="113" sentence="7" t_id="114">between</token>
<token number="114" sentence="7" t_id="115">Aeroflot</token>
<token number="115" sentence="7" t_id="116">and</token>
<token number="116" sentence="7" t_id="117">Chicago-based</token>
<token number="117" sentence="7" t_id="118">Boeing</token>
<token number="118" sentence="7" t_id="119">last</token>
<token number="119" sentence="7" t_id="120">year</token>
<token number="120" sentence="7" t_id="121">,</token>
<token number="121" sentence="7" t_id="122">but</token>
<token number="122" sentence="7" t_id="123">negotiations</token>
<token number="123" sentence="7" t_id="124">had</token>
<token number="124" sentence="7" t_id="125">stalled</token>
<token number="125" sentence="7" t_id="126">due</token>
<token number="126" sentence="7" t_id="127">to</token>
<token number="127" sentence="7" t_id="128">worsening</token>
<token number="128" sentence="7" t_id="129">relations</token>
<token number="129" sentence="7" t_id="130">between</token>
<token number="130" sentence="7" t_id="131">the</token>
<token number="131" sentence="7" t_id="132">US</token>
<token number="132" sentence="7" t_id="133">and</token>
<token number="133" sentence="7" t_id="134">Russia</token>
<token number="134" sentence="7" t_id="135">.</token>
<token number="135" sentence="8" t_id="136">Aeroflot</token>
<token number="136" sentence="8" t_id="137">has</token>
<token number="137" sentence="8" t_id="138">suffered</token>
<token number="138" sentence="8" t_id="139">as</token>
<token number="139" sentence="8" t_id="140">a</token>
<token number="140" sentence="8" t_id="141">result</token>
<token number="141" sentence="8" t_id="142">of</token>
<token number="142" sentence="8" t_id="143">the</token>
<token number="143" sentence="8" t_id="144">delay</token>
<token number="144" sentence="8" t_id="145">.</token>
<token number="145" sentence="9" t_id="146">If</token>
<token number="146" sentence="9" t_id="147">had</token>
<token number="147" sentence="9" t_id="148">the</token>
<token number="148" sentence="9" t_id="149">sale</token>
<token number="149" sentence="9" t_id="150">gone</token>
<token number="150" sentence="9" t_id="151">through</token>
<token number="151" sentence="9" t_id="152">last</token>
<token number="152" sentence="9" t_id="153">year</token>
<token number="153" sentence="9" t_id="154">,</token>
<token number="154" sentence="9" t_id="155">the</token>
<token number="155" sentence="9" t_id="156">aircraft</token>
<token number="156" sentence="9" t_id="157">would</token>
<token number="157" sentence="9" t_id="158">have</token>
<token number="158" sentence="9" t_id="159">been</token>
<token number="159" sentence="9" t_id="160">delivered</token>
<token number="160" sentence="9" t_id="161">by</token>
<token number="161" sentence="9" t_id="162">2011</token>
<token number="162" sentence="9" t_id="163">.</token>
<token number="163" sentence="10" t_id="164">The</token>
<token number="164" sentence="10" t_id="165">aircraft</token>
<token number="165" sentence="10" t_id="166">have</token>
<token number="166" sentence="10" t_id="167">a</token>
<token number="167" sentence="10" t_id="168">pre-modification</token>
<token number="168" sentence="10" t_id="169">catalogue</token>
<token number="169" sentence="10" t_id="170">value</token>
<token number="170" sentence="10" t_id="171">of</token>
<token number="171" sentence="10" t_id="172">US$</token>
<token number="172" sentence="10" t_id="173">3.5</token>
<token number="173" sentence="10" t_id="174">billion</token>
<token number="174" sentence="10" t_id="175">,</token>
<token number="175" sentence="10" t_id="176">although</token>
<token number="176" sentence="10" t_id="177">neither</token>
<token number="177" sentence="10" t_id="178">of</token>
<token number="178" sentence="10" t_id="179">the</token>
<token number="179" sentence="10" t_id="180">companies</token>
<token number="180" sentence="10" t_id="181">involved</token>
<token number="181" sentence="10" t_id="182">would</token>
<token number="182" sentence="10" t_id="183">reveal</token>
<token number="183" sentence="10" t_id="184">the</token>
<token number="184" sentence="10" t_id="185">actual</token>
<token number="185" sentence="10" t_id="186">agreement</token>
<token number="186" sentence="10" t_id="187">reached</token>
<token number="187" sentence="10" t_id="188">between</token>
<token number="188" sentence="10" t_id="189">the</token>
<token number="189" sentence="10" t_id="190">two</token>
<token number="190" sentence="10" t_id="191">firms</token>
<token number="191" sentence="10" t_id="192">.</token>
<token number="192" sentence="11" t_id="193">When</token>
<token number="193" sentence="11" t_id="194">asked</token>
<token number="194" sentence="11" t_id="195">whether</token>
<token number="195" sentence="11" t_id="196">the</token>
<token number="196" sentence="11" t_id="197">deal</token>
<token number="197" sentence="11" t_id="198">should</token>
<token number="198" sentence="11" t_id="199">be</token>
<token number="199" sentence="11" t_id="200">seen</token>
<token number="200" sentence="11" t_id="201">as</token>
<token number="201" sentence="11" t_id="202">a</token>
<token number="202" sentence="11" t_id="203">step</token>
<token number="203" sentence="11" t_id="204">towards</token>
<token number="204" sentence="11" t_id="205">a</token>
<token number="205" sentence="11" t_id="206">resolution</token>
<token number="206" sentence="11" t_id="207">of</token>
<token number="207" sentence="11" t_id="208">the</token>
<token number="208" sentence="11" t_id="209">rift</token>
<token number="209" sentence="11" t_id="210">between</token>
<token number="210" sentence="11" t_id="211">Russia</token>
<token number="211" sentence="11" t_id="212">and</token>
<token number="212" sentence="11" t_id="213">the</token>
<token number="213" sentence="11" t_id="214">US</token>
<token number="214" sentence="11" t_id="215">,</token>
<token number="215" sentence="11" t_id="216">Boeing</token>
<token number="216" sentence="11" t_id="217">Executive</token>
<token number="217" sentence="11" t_id="218">Vice</token>
<token number="218" sentence="11" t_id="219">President</token>
<token number="219" sentence="11" t_id="220">Scott</token>
<token number="220" sentence="11" t_id="221">Carson</token>
<token number="221" sentence="11" t_id="222">replied</token>
<token number="222" sentence="11" t_id="223">,</token>
<token number="223" sentence="11" t_id="224">``</token>
<token number="224" sentence="11" t_id="225">It</token>
<token number="225" sentence="11" t_id="226">represents</token>
<token number="226" sentence="11" t_id="227">a</token>
<token number="227" sentence="11" t_id="228">business</token>
<token number="228" sentence="11" t_id="229">relationship</token>
<token number="229" sentence="11" t_id="230">between</token>
<token number="230" sentence="11" t_id="231">our</token>
<token number="231" sentence="11" t_id="232">Company</token>
<token number="232" sentence="11" t_id="233">and</token>
<token number="233" sentence="11" t_id="234">Aeroflot</token>
<token number="234" sentence="11" t_id="235">,</token>
<token number="235" sentence="11" t_id="236">and</token>
<token number="236" sentence="11" t_id="237">I'</token>
<token number="237" sentence="11" t_id="238">m</token>
<token number="238" sentence="11" t_id="239">really</token>
<token number="239" sentence="11" t_id="240">proud</token>
<token number="240" sentence="11" t_id="241">of</token>
<token number="241" sentence="11" t_id="242">it</token>
<token number="242" sentence="11" t_id="243">,</token>
<token number="243" sentence="11" t_id="244">''</token>
<token number="244" sentence="11" t_id="245">.</token>
<token number="245" sentence="12" t_id="246">Boeing</token>
<token number="246" sentence="12" t_id="247">has</token>
<token number="247" sentence="12" t_id="248">had</token>
<token number="248" sentence="12" t_id="249">a</token>
<token number="249" sentence="12" t_id="250">policy</token>
<token number="250" sentence="12" t_id="251">of</token>
<token number="251" sentence="12" t_id="252">Russian</token>
<token number="252" sentence="12" t_id="253">involvement</token>
<token number="253" sentence="12" t_id="254">dating</token>
<token number="254" sentence="12" t_id="255">back</token>
<token number="255" sentence="12" t_id="256">to</token>
<token number="256" sentence="12" t_id="257">the</token>
<token number="257" sentence="12" t_id="258">early</token>
<token number="258" sentence="12" t_id="259">1990s</token>
<token number="259" sentence="12" t_id="260">.</token>
<token number="260" sentence="13" t_id="261">More</token>
<token number="261" sentence="13" t_id="262">recently</token>
<token number="262" sentence="13" t_id="263">,</token>
<token number="263" sentence="13" t_id="264">Boeing</token>
<token number="264" sentence="13" t_id="265">has</token>
<token number="265" sentence="13" t_id="266">entered</token>
<token number="266" sentence="13" t_id="267">into</token>
<token number="267" sentence="13" t_id="268">an</token>
<token number="268" sentence="13" t_id="269">agreement</token>
<token number="269" sentence="13" t_id="270">with</token>
<token number="270" sentence="13" t_id="271">Russian</token>
<token number="271" sentence="13" t_id="272">manufacturer</token>
<token number="272" sentence="13" t_id="273">Sukhoi</token>
<token number="273" sentence="13" t_id="274">for</token>
<token number="274" sentence="13" t_id="275">worldwide</token>
<token number="275" sentence="13" t_id="276">marketing</token>
<token number="276" sentence="13" t_id="277">and</token>
<token number="277" sentence="13" t_id="278">after-sales</token>
<token number="278" sentence="13" t_id="279">support</token>
<token number="279" sentence="13" t_id="280">for</token>
<token number="280" sentence="13" t_id="281">their</token>
<token number="281" sentence="13" t_id="282">regional</token>
<token number="282" sentence="13" t_id="283">aircraft</token>
<token number="283" sentence="13" t_id="284">,</token>
<token number="284" sentence="13" t_id="285">the</token>
<token number="285" sentence="13" t_id="286">Superjet</token>
<token number="286" sentence="13" t_id="287">,</token>
<token number="287" sentence="13" t_id="288">and</token>
<token number="288" sentence="13" t_id="289">have</token>
<token number="289" sentence="13" t_id="290">reached</token>
<token number="290" sentence="13" t_id="291">a</token>
<token number="291" sentence="13" t_id="292">deal</token>
<token number="292" sentence="13" t_id="293">with</token>
<token number="293" sentence="13" t_id="294">Kremlin-owned</token>
<token number="294" sentence="13" t_id="295">Unified</token>
<token number="295" sentence="13" t_id="296">Aircraft</token>
<token number="296" sentence="13" t_id="297">for</token>
<token number="297" sentence="13" t_id="298">general</token>
<token number="298" sentence="13" t_id="299">co-operation</token>
<token number="299" sentence="13" t_id="300">.</token>
<token number="300" sentence="14" t_id="301">They</token>
<token number="301" sentence="14" t_id="302">also</token>
<token number="302" sentence="14" t_id="303">have</token>
<token number="303" sentence="14" t_id="304">a</token>
<token number="304" sentence="14" t_id="305">Moscow</token>
<token number="305" sentence="14" t_id="306">design</token>
<token number="306" sentence="14" t_id="307">centre</token>
<token number="307" sentence="14" t_id="308">that</token>
<token number="308" sentence="14" t_id="309">has</token>
<token number="309" sentence="14" t_id="310">1,400</token>
<token number="310" sentence="14" t_id="311">employees</token>
<token number="311" sentence="14" t_id="312">and</token>
<token number="312" sentence="14" t_id="313">a</token>
<token number="313" sentence="14" t_id="314">30-year</token>
<token number="314" sentence="14" t_id="315">contract</token>
<token number="315" sentence="14" t_id="316">for</token>
<token number="316" sentence="14" t_id="317">supply</token>
<token number="317" sentence="14" t_id="318">of</token>
<token number="318" sentence="14" t_id="319">titanium</token>
<token number="319" sentence="14" t_id="320">parts</token>
<token number="320" sentence="14" t_id="321">with</token>
<token number="321" sentence="14" t_id="322">Russia</token>
<token number="322" sentence="14" t_id="323">'s</token>
<token number="323" sentence="14" t_id="324">VSMPO-Avisma</token>
<token number="324" sentence="14" t_id="325">,</token>
<token number="325" sentence="14" t_id="326">which</token>
<token number="326" sentence="14" t_id="327">Boeing</token>
<token number="327" sentence="14" t_id="328">estimates</token>
<token number="328" sentence="14" t_id="329">to</token>
<token number="329" sentence="14" t_id="330">be</token>
<token number="330" sentence="14" t_id="331">worth</token>
<token number="331" sentence="14" t_id="332">$</token>
<token number="332" sentence="14" t_id="333">18</token>
<token number="333" sentence="14" t_id="334">million</token>
<token number="334" sentence="14" t_id="335">.</token>
<token number="335" sentence="15" t_id="336">It</token>
<token number="336" sentence="15" t_id="337">has</token>
<token number="337" sentence="15" t_id="338">been</token>
<token number="338" sentence="15" t_id="339">reported</token>
<token number="339" sentence="15" t_id="340">that</token>
<token number="340" sentence="15" t_id="341">the</token>
<token number="341" sentence="15" t_id="342">deal</token>
<token number="342" sentence="15" t_id="343">between</token>
<token number="343" sentence="15" t_id="344">Boeing</token>
<token number="344" sentence="15" t_id="345">and</token>
<token number="345" sentence="15" t_id="346">Aeroflot</token>
<token number="346" sentence="15" t_id="347">was</token>
<token number="347" sentence="15" t_id="348">revived</token>
<token number="348" sentence="15" t_id="349">after</token>
<token number="349" sentence="15" t_id="350">Boeing</token>
<token number="350" sentence="15" t_id="351">promised</token>
<token number="351" sentence="15" t_id="352">that</token>
<token number="352" sentence="15" t_id="353">technical</token>
<token number="353" sentence="15" t_id="354">assistance</token>
<token number="354" sentence="15" t_id="355">would</token>
<token number="355" sentence="15" t_id="356">be</token>
<token number="356" sentence="15" t_id="357">provided</token>
<token number="357" sentence="15" t_id="358">to</token>
<token number="358" sentence="15" t_id="359">Aeroflot</token>
<token number="359" sentence="15" t_id="360">for</token>
<token number="360" sentence="15" t_id="361">the</token>
<token number="361" sentence="15" t_id="362">new</token>
<token number="362" sentence="15" t_id="363">aircraft</token>
<token number="363" sentence="15" t_id="364">.</token>
<token number="364" sentence="16" t_id="365">Aeroflot</token>
<token number="365" sentence="16" t_id="366">'s</token>
<token number="366" sentence="16" t_id="367">current</token>
<token number="367" sentence="16" t_id="368">fleet</token>
<token number="368" sentence="16" t_id="369">of</token>
<token number="369" sentence="16" t_id="370">Boeing</token>
<token number="370" sentence="16" t_id="371">and</token>
<token number="371" sentence="16" t_id="372">Airbus</token>
<token number="372" sentence="16" t_id="373">aircraft</token>
<token number="373" sentence="16" t_id="374">was</token>
<token number="374" sentence="16" t_id="375">built</token>
<token number="375" sentence="16" t_id="376">during</token>
<token number="376" sentence="16" t_id="377">the</token>
<token number="377" sentence="16" t_id="378">Soviet</token>
<token number="378" sentence="16" t_id="379">era</token>
<token number="379" sentence="16" t_id="380">.</token>
<token number="380" sentence="17" t_id="381">Aeroflot</token>
<token number="381" sentence="17" t_id="382">say</token>
<token number="382" sentence="17" t_id="383">that</token>
<token number="383" sentence="17" t_id="384">the</token>
<token number="384" sentence="17" t_id="385">deal</token>
<token number="385" sentence="17" t_id="386">does</token>
<token number="386" sentence="17" t_id="387">not</token>
<token number="387" sentence="17" t_id="388">affect</token>
<token number="388" sentence="17" t_id="389">plans</token>
<token number="389" sentence="17" t_id="390">to</token>
<token number="390" sentence="17" t_id="391">purchase</token>
<token number="391" sentence="17" t_id="392">new</token>
<token number="392" sentence="17" t_id="393">Airbuses</token>
<token number="393" sentence="17" t_id="394">at</token>
<token number="394" sentence="17" t_id="395">a</token>
<token number="395" sentence="17" t_id="396">later</token>
<token number="396" sentence="17" t_id="397">date</token>
<token number="397" sentence="17" t_id="398">for</token>
<token number="398" sentence="17" t_id="399">later</token>
<token number="399" sentence="17" t_id="400">delivery</token>
<token number="400" sentence="17" t_id="401">.</token>
<Markables>
<ENTITY_MENTION comment="" head="" m_id="1" syntactic_type="">
<token_anchor t_id="60"/>
<token_anchor t_id="61"/>
</ENTITY_MENTION>
<ENTITY_MENTION comment="" head="" m_id="2" syntactic_type="">
<token_anchor t_id="64"/>
<token_anchor t_id="65"/>
<token_anchor t_id="66"/>
<token_anchor t_id="67"/>
</ENTITY_MENTION>
<ENTITY_MENTION comment="" head="" m_id="3" syntactic_type="NAM">
<token_anchor t_id="1"/>
</ENTITY_MENTION>
<ENTITY_MENTION comment="" head="" m_id="4" syntactic_type="NAM">
<token_anchor t_id="15"/>
<token_anchor t_id="16"/>
<token_anchor t_id="17"/>
<token_anchor t_id="18"/>
</ENTITY_MENTION>
<ENTITY_MENTION comment="" head="" m_id="5" syntactic_type="">
<token_anchor t_id="24"/>
<token_anchor t_id="25"/>
<token_anchor t_id="26"/>
<token_anchor t_id="27"/>
<token_anchor t_id="28"/>
</ENTITY_MENTION>
<ENTITY_MENTION comment="" head="" m_id="6" syntactic_type="">
<token_anchor t_id="5"/>
<token_anchor t_id="6"/>
<token_anchor t_id="7"/>
<token_anchor t_id="8"/>
<token_anchor t_id="9"/>
<token_anchor t_id="10"/>
</ENTITY_MENTION>
<ENTITY_MENTION comment="" head="" m_id="7" syntactic_type="">
<token_anchor t_id="30"/>
<token_anchor t_id="31"/>
<token_anchor t_id="32"/>
<token_anchor t_id="33"/>
<token_anchor t_id="34"/>
<token_anchor t_id="35"/>
<token_anchor t_id="36"/>
</ENTITY_MENTION>
<ENTITY_MENTION comment="" head="" m_id="8" syntactic_type="NAM">
<token_anchor t_id="32"/>
</ENTITY_MENTION>
<ENTITY_MENTION comment="" head="" m_id="63" syntactic_type="">
<token_anchor t_id="15"/>
<token_anchor t_id="16"/>
<token_anchor t_id="17"/>
</ENTITY_MENTION>
<ENTITY_MENTION comment="" head="" m_id="9" syntactic_type="">
<token_anchor t_id="30"/>
<token_anchor t_id="31"/>
</ENTITY_MENTION>
<ENTITY_MENTION comment="" head="" m_id="64" syntactic_type="NAM">
<token_anchor t_id="18"/>
</ENTITY_MENTION>
<ENTITY_MENTION comment="" head="" m_id="10" syntactic_type="">
<token_anchor t_id="38"/>
<token_anchor t_id="39"/>
<token_anchor t_id="40"/>
</ENTITY_MENTION>
<ENTITY_MENTION comment="" head="" m_id="65" syntactic_type="">
<token_anchor t_id="26"/>
<token_anchor t_id="27"/>
<token_anchor t_id="28"/>
<token_anchor t_id="29"/>
<token_anchor t_id="30"/>
<token_anchor t_id="31"/>
<token_anchor t_id="32"/>
<token_anchor t_id="33"/>
<token_anchor t_id="34"/>
<token_anchor t_id="35"/>
<token_anchor t_id="36"/>
</ENTITY_MENTION>
<ENTITY_MENTION comment="" head="" m_id="11" syntactic_type="NAM">
<token_anchor t_id="47"/>
<token_anchor t_id="48"/>
</ENTITY_MENTION>
<ENTITY_MENTION comment="" head="" m_id="12" syntactic_type="">
<token_anchor t_id="51"/>
<token_anchor t_id="52"/>
<token_anchor t_id="53"/>
<token_anchor t_id="54"/>
<token_anchor t_id="55"/>
<token_anchor t_id="56"/>
<token_anchor t_id="57"/>
<token_anchor t_id="58"/>
<token_anchor t_id="59"/>
<token_anchor t_id="60"/>
<token_anchor t_id="61"/>
<token_anchor t_id="62"/>
<token_anchor t_id="63"/>
<token_anchor t_id="64"/>
<token_anchor t_id="65"/>
<token_anchor t_id="66"/>
<token_anchor t_id="67"/>
</ENTITY_MENTION>
<ENTITY_MENTION comment="" head="" m_id="13" syntactic_type="">
<token_anchor t_id="7"/>
<token_anchor t_id="8"/>
<token_anchor t_id="9"/>
<token_anchor t_id="10"/>
</ENTITY_MENTION>
<ENTITY_MENTION comment="" head="" m_id="14" syntactic_type="NAM">
<token_anchor t_id="79"/>
<token_anchor t_id="80"/>
<token_anchor t_id="81"/>
</ENTITY_MENTION>
<ENTITY_MENTION comment="" head="" m_id="15" syntactic_type="NAM">
<token_anchor t_id="26"/>
<token_anchor t_id="27"/>
<token_anchor t_id="28"/>
</ENTITY_MENTION>
<ENTITY_MENTION comment="" head="" m_id="16" syntactic_type="">
<token_anchor t_id="87"/>
<token_anchor t_id="88"/>
</ENTITY_MENTION>
<ENTITY_MENTION comment="" head="" m_id="17" syntactic_type="">
<token_anchor t_id="87"/>
</ENTITY_MENTION>
<ENTITY_MENTION comment="" head="" m_id="18" syntactic_type="">
<token_anchor t_id="92"/>
<token_anchor t_id="93"/>
<token_anchor t_id="94"/>
</ENTITY_MENTION>
<EVENT_MENTION aspect="NONE" certainty="POSSIBLE" comment="" m_id="19" modality="" polarity="POS" pos="NOUN" pred="purchase" special_cases="NONE" tense="NONE" time="FUTURE">
<token_anchor t_id="22"/>
</EVENT_MENTION>
<EVENT_MENTION aspect="NONE" certainty="CERTAIN" comment="" m_id="20" modality="" polarity="POS" pos="OTHER" pred="under development" special_cases="NONE" tense="NONE" time="NON_FUTURE">
<token_anchor t_id="35"/>
<token_anchor t_id="36"/>
</EVENT_MENTION>
<EVENT_MENTION aspect="NONE" certainty="CERTAIN" comment="" m_id="21" modality="" polarity="POS" pos="VERB" pred="deliver" special_cases="NONE" tense="FUTURE" time="FUTURE">
<token_anchor t_id="43"/>
</EVENT_MENTION>
<EVENT_MENTION aspect="NONE" certainty="CERTAIN" comment="" m_id="22" modality="" polarity="POS" pos="NOUN" pred="deal" special_cases="NONE" tense="NONE" time="FUTURE">
<token_anchor t_id="70"/>
</EVENT_MENTION>
<EVENT_MENTION aspect="NONE" certainty="CERTAIN" comment="" m_id="23" modality="" polarity="POS" pos="VERB" pred="announce" special_cases="NONE" tense="PAST" time="NON_FUTURE">
<token_anchor t_id="72"/>
</EVENT_MENTION>
<EVENT_MENTION aspect="NONE" certainty="CERTAIN" comment="" m_id="24" modality="" polarity="POS" pos="NOUN" pred="forum" special_cases="NONE" tense="NONE" time="NON_FUTURE">
<token_anchor t_id="77"/>
</EVENT_MENTION>
<EVENT_MENTION aspect="PERFECTIVE" certainty="CERTAIN" comment="" m_id="25" modality="" polarity="POS" pos="VERB" pred="set up" special_cases="NONE" tense="PAST" time="NON_FUTURE">
<token_anchor t_id="83"/>
<token_anchor t_id="84"/>
</EVENT_MENTION>
<EVENT_MENTION aspect="NONE" certainty="CERTAIN" comment="" m_id="26" modality="" polarity="POS" pos="VERB" pred="showcase" special_cases="NONE" tense="INFINITIVE" time="NON_FUTURE">
<token_anchor t_id="86"/>
</EVENT_MENTION>
<EVENT_MENTION aspect="NONE" certainty="CERTAIN" comment="" m_id="27" modality="" polarity="POS" pos="VERB" pred="use" special_cases="NONE" tense="PASTPART" time="NON_FUTURE">
<token_anchor t_id="67"/>
</EVENT_MENTION>
<EVENT_MENTION aspect="NONE" certainty="CERTAIN" comment="" m_id="28" modality="" polarity="POS" pos="VERB" pred="negotiate" special_cases="NONE" tense="PRESENT" time="NON_FUTURE">
<token_anchor t_id="2"/>
</EVENT_MENTION>
<EVENT_MENTION aspect="NONE" certainty="POSSIBLE" comment="" m_id="29" modality="" polarity="POS" pos="NOUN" pred="purchase" special_cases="NONE" tense="NONE" time="FUTURE">
<token_anchor t_id="3"/>
</EVENT_MENTION>
<EVENT_MENTION aspect="NONE" certainty="CERTAIN" comment="" m_id="30" modality="" polarity="POS" pos="VERB" pred="be" special_cases="NONE" tense="FUTURE" time="FUTURE">
<token_anchor t_id="50"/>
</EVENT_MENTION>
<EVENT_MENTION aspect="NONE" certainty="CERTAIN" comment="" m_id="31" modality="" polarity="POS" pos="VERB" pred="manufacture" special_cases="NONE" tense="FUTURE" time="FUTURE">
<token_anchor t_id="57"/>
</EVENT_MENTION>
<EVENT_MENTION aspect="PERFECTIVE" certainty="CERTAIN" comment="" m_id="32" modality="" polarity="POS" pos="VERB" pred="negotiate" special_cases="NONE" tense="PRESENT" time="NON_FUTURE">
<token_anchor t_id="20"/>
</EVENT_MENTION>
<SIGNAL comment="" m_id="33">
<token_anchor t_id="66"/>
</SIGNAL>
<SIGNAL comment="" m_id="34">
<token_anchor t_id="73"/>
</SIGNAL>
<SIGNAL comment="" m_id="35">
<token_anchor t_id="33"/>
</SIGNAL>
<SIGNAL comment="" m_id="36">
<token_anchor t_id="44"/>
</SIGNAL>
<TIMEX3 anchorTimeID="" beginPoint="" comment="" endPoint="" functionInDocument="CREATION_TIME" m_id="37" type="DATE" value="2007-06-10">
<token_anchor t_id="11"/>
<token_anchor t_id="12"/>
<token_anchor t_id="13"/>
<token_anchor t_id="14"/>
</TIMEX3>
<TIMEX3 anchorTimeID="" beginPoint="" comment="" endPoint="" functionInDocument="NONE" m_id="38" type="DATE" value="2014">
<token_anchor t_id="45"/>
</TIMEX3>
<VALUE comment="" m_id="39" type="QUANTITY">
<token_anchor t_id="24"/>
</VALUE>
<VALUE comment="" m_id="40" type="QUANTITY">
<token_anchor t_id="5"/>
</VALUE>

<EVENT_MENTION m_id="66">
  <token_anchor t_id="36"/>
</EVENT_MENTION>

















<ENTITY_MENTION m_id="73">
  <token_anchor t_id="40"/>
</ENTITY_MENTION>













<ENTITY TAG_DESCRIPTOR="aluminium" comment="" ent_class="" ent_type="PRO" external_ref="" m_id="50"/>
<ENTITY TAG_DESCRIPTOR="carbon-fiber composites" comment="" ent_class="" ent_type="PRO" external_ref="" m_id="41"/>
<ENTITY TAG_DESCRIPTOR="first jets" comment="" ent_class="" ent_type="PRO" external_ref="" m_id="46"/>
<EVENT TAG_DESCRIPTOR="purchase VUA" class="OTHER" instance_id="OTH40781010768184952" m_id="139"/>
<EVENT TAG_DESCRIPTOR="be2 VUA" class="OTHER" instance_id="OTH39910273383111989" m_id="136"/>


<EVENT TAG_DESCRIPTOR="deal VUA" class="OTHER" instance_id="OTH40182370070791372" m_id="132"/>
<EVENT TAG_DESCRIPTOR="use VUA" class="OTHER" instance_id="OTH40781664852666173" m_id="130"/>
<EVENT TAG_DESCRIPTOR="announce VUA" class="SPEECH_COGNITIVE" instance_id="SPE40781767634228442" m_id="129"/>
<EVENT TAG_DESCRIPTOR="71526-4-manufactured" class="OTHER" instance_id="OTH41490356421358484" m_id="128"/>



<EVENT TAG_DESCRIPTOR="8983-14-development " class="OTHER" instance_id="OTH41486767222958580" m_id="155"/>
<EVENT TAG_DESCRIPTOR="showcase VUA" class="OTHER" instance_id="OTH40781481066190148" m_id="153"/>



<EVENT TAG_DESCRIPTOR="negotiate VUA" class="SPEECH_COGNITIVE" instance_id="SPE40781849676060246" m_id="148"/>
<EVENT TAG_DESCRIPTOR="deliver VUA" class="OTHER" instance_id="OTH40780386817926072" m_id="147"/>
<EVENT TAG_DESCRIPTOR="set up VUA" class="OTHER" instance_id="OTH40781391115137995" m_id="143"/>
<EVENT TAG_DESCRIPTOR="forum VUA" class="OTHER" instance_id="OTH40780626242688028" m_id="142"/>
<EVENT TAG_DESCRIPTOR="deal VUA" class="OTHER" instance_id="OTH40780258217382277" m_id="141"/>

<ENTITY TAG_DESCRIPTOR="Boeing" ent_type="ORG" external_ref="http://dbpedia.org/page/Boeing" instance_id="ORG37154719725500990" m_id="138"/>
<ENTITY TAG_DESCRIPTOR="Aeroflot" ent_type="ORG" external_ref="http://dbpedia.org/resource/Aeroflot" instance_id="ORG27733811009421267" m_id="137"/>

<ENTITY TAG_DESCRIPTOR="the first model with plastic and carbon" ent_type="PRO" instance_id="PRO39503480586209049" m_id="131"/>
<ENTITY TAG_DESCRIPTOR="International market" ent_type="FIN" instance_id="FIN39561764394171706" m_id="127"/>
<ENTITY TAG_DESCRIPTOR="Russia" ent_type="LOC" external_ref="http://dbpedia.org/resource/Russia" instance_id="LOC27733949478998230" m_id="154"/>
<ENTITY TAG_DESCRIPTOR="22 new Boeing 787 Dreamliners" ent_type="PRO" instance_id="PRO39561857490324762" m_id="151"/>
<ENTITY TAG_DESCRIPTOR="Vladimir Putin" ent_type="PER" external_ref="http://dbpedia.org/resource/Vladimir_Putin" instance_id="PER27733878104221791" m_id="146"/>

<ENTITY TAG_DESCRIPTOR="787 Dreamliner" ent_type="PRO" external_ref="http://dbpedia.org/page/Boeing_787_Dreamliner" instance_id="PRO37154719263852456" m_id="144"/>
</Markables>
<Relations>
<SLINK r_id="245554">
<source m_id="23"/>
<target m_id="22"/>
</SLINK>
<GLINK r_id="245555">
<source m_id="25"/>
<target m_id="24"/>
</GLINK>
<TLINK comment="" r_id="245556" reltype="AFTER" signalID="">
<source m_id="38"/>
<target m_id="37"/>
</TLINK>
<TLINK comment="" r_id="245557" reltype="BEFORE" signalID="">
<source m_id="32"/>
<target m_id="37"/>
</TLINK>
<TLINK comment="" r_id="245558" reltype="BEFORE" signalID="">
<source m_id="32"/>
<target m_id="19"/>
</TLINK>
<TLINK comment="" r_id="245559" reltype="IS_INCLUDED" signalID="36">
<source m_id="21"/>
<target m_id="38"/>
</TLINK>
<TLINK comment="" r_id="245560" reltype="AFTER" signalID="">
<source m_id="21"/>
<target m_id="37"/>
</TLINK>
<TLINK comment="" r_id="245561" reltype="IS_INCLUDED" signalID="34">
<source m_id="23"/>
<target m_id="24"/>
</TLINK>
<TLINK comment="" r_id="245562" reltype="AFTER" signalID="">
<source m_id="25"/>
<target m_id="24"/>
</TLINK>
<TLINK comment="" r_id="245563" reltype="IS_INCLUDED" signalID="">
<source m_id="26"/>
<target m_id="24"/>
</TLINK>
<HAS_PARTICIPANT comment="" frame="" frame_element="" r_id="245564" sem_role="Arg0" sem_role_framework="PROPBANK">
<source m_id="32"/>
<target m_id="4"/>
</HAS_PARTICIPANT>
<HAS_PARTICIPANT comment="" frame="" frame_element="" r_id="245565" sem_role="Arg1" sem_role_framework="PROPBANK">
<source m_id="20"/>
<target m_id="9"/>
</HAS_PARTICIPANT>
<HAS_PARTICIPANT comment="" frame="" frame_element="" r_id="245566" sem_role="Arg0" sem_role_framework="PROPBANK">
<source m_id="20"/>
<target m_id="8"/>
</HAS_PARTICIPANT>
<HAS_PARTICIPANT comment="" frame="" frame_element="" r_id="245567" sem_role="Arg1" sem_role_framework="PROPBANK">
<source m_id="21"/>
<target m_id="10"/>
</HAS_PARTICIPANT>
<HAS_PARTICIPANT comment="" frame="" frame_element="" r_id="245568" sem_role="Arg1" sem_role_framework="PROPBANK">
<source m_id="25"/>
<target m_id="14"/>
</HAS_PARTICIPANT>
<HAS_PARTICIPANT comment="" frame="" frame_element="" r_id="245569" sem_role="Arg0" sem_role_framework="PROPBANK">
<source m_id="26"/>
<target m_id="14"/>
</HAS_PARTICIPANT>
<HAS_PARTICIPANT comment="" frame="" frame_element="" r_id="245573" sem_role="Arg0" sem_role_framework="PROPBANK">
<source m_id="28"/>
<target m_id="3"/>
</HAS_PARTICIPANT>
<HAS_PARTICIPANT comment="" frame="" frame_element="" r_id="245574" sem_role="Arg1" sem_role_framework="PROPBANK">
<source m_id="29"/>
<target m_id="6"/>
</HAS_PARTICIPANT>
<HAS_PARTICIPANT comment="" frame="" frame_element="" r_id="245575" sem_role="Arg1" sem_role_framework="PROPBANK">
<source m_id="19"/>
<target m_id="5"/>
</HAS_PARTICIPANT>
<HAS_PARTICIPANT comment="" frame="" frame_element="" r_id="245576" sem_role="Arg0" sem_role_framework="PROPBANK">
<source m_id="19"/>
<target m_id="4"/>
</HAS_PARTICIPANT>
<HAS_PARTICIPANT comment="" frame="" frame_element="" r_id="245577" sem_role="Arg0" sem_role_framework="PROPBANK">
<source m_id="29"/>
<target m_id="3"/>
</HAS_PARTICIPANT>
<TLINK comment="" r_id="245579" reltype="AFTER" signalID="">
<source m_id="30"/>
<target m_id="37"/>
</TLINK>
<HAS_PARTICIPANT comment="" frame="" frame_element="" r_id="245580" sem_role="Arg1" sem_role_framework="PROPBANK">
<source m_id="30"/>
<target m_id="11"/>
</HAS_PARTICIPANT>
<HAS_PARTICIPANT comment="" frame="" frame_element="" r_id="245581" sem_role="Arg2" sem_role_framework="PROPBANK">
<source m_id="30"/>
<target m_id="12"/>
</HAS_PARTICIPANT>
<TLINK comment="" r_id="245582" reltype="AFTER" signalID="">
<source m_id="31"/>
<target m_id="37"/>
</TLINK>
<SLINK r_id="245583">
<source m_id="28"/>
<target m_id="29"/>
</SLINK>
<SLINK r_id="245584">
<source m_id="32"/>
<target m_id="19"/>
</SLINK>


































<REFERS_TO r_id="319387">
<source m_id="5"/>
<source m_id="6"/>
<target m_id="151"/>
</REFERS_TO>

<REFERS_TO r_id="319389">
<source m_id="26"/>
<target m_id="153"/>
</REFERS_TO>

<REFERS_TO r_id="319391">
<source m_id="66"/>
<source m_id="20"/>
<target m_id="155"/>
</REFERS_TO>
<REFERS_TO r_id="319392">
<source m_id="16"/>
<target m_id="154"/>
</REFERS_TO>

<REFERS_TO r_id="319394">




<source m_id="22"/>


<target m_id="132"/>
</REFERS_TO>
<REFERS_TO r_id="319395">
<source m_id="12"/>
<target m_id="131"/>
</REFERS_TO>
<REFERS_TO r_id="319396">
<source m_id="27"/>
<target m_id="130"/>
</REFERS_TO>
<REFERS_TO r_id="319397">
<source m_id="4"/>
<source m_id="3"/>
<source m_id="63"/>
<source m_id="64"/>
<target m_id="137"/>
</REFERS_TO>
<REFERS_TO r_id="319398">
<source m_id="30"/>
<target m_id="136"/>
</REFERS_TO>


<REFERS_TO r_id="319401">
<source m_id="19"/>
<source m_id="29"/>
<target m_id="139"/>
</REFERS_TO>
<REFERS_TO r_id="319402">






<source m_id="8"/>





<target m_id="138"/>
</REFERS_TO>
<REFERS_TO r_id="319403">
<source m_id="10"/>
<target m_id="46"/>
</REFERS_TO>
<REFERS_TO r_id="319404">
<source m_id="1"/>
<target m_id="41"/>
</REFERS_TO>
<REFERS_TO r_id="319405">
<source m_id="17"/>
<source m_id="14"/>
<target m_id="146"/>
</REFERS_TO>
<REFERS_TO r_id="319406">
<source m_id="21"/>
<target m_id="147"/>
</REFERS_TO>
<REFERS_TO r_id="319407">

<source m_id="73"/>
<source m_id="13"/>
<source m_id="15"/>
<source m_id="9"/>
<source m_id="7"/>

<source m_id="11"/>
<target m_id="144"/>
</REFERS_TO>

<REFERS_TO r_id="319409">
<source m_id="24"/>
<target m_id="142"/>
</REFERS_TO>
<REFERS_TO r_id="319410">
<source m_id="25"/>
<target m_id="143"/>
</REFERS_TO>

<REFERS_TO r_id="319412">

<source m_id="22"/>
<target m_id="141"/>
</REFERS_TO>
<REFERS_TO r_id="319413">
<source m_id="28"/>
<source m_id="32"/>
<target m_id="148"/>
</REFERS_TO>




<REFERS_TO r_id="319418">
<source m_id="18"/>
<target m_id="127"/>
</REFERS_TO>
<REFERS_TO r_id="319419">
<source m_id="31"/>
<target m_id="128"/>
</REFERS_TO>
<REFERS_TO r_id="319420">
<source m_id="23"/>
<target m_id="129"/>
</REFERS_TO>
<REFERS_TO r_id="319421">
<source m_id="2"/>
<target m_id="50"/>
</REFERS_TO>
</Relations>
</Document>