<?xml version="1.0" ?><Document doc_id="82548" doc_name="82548_First_Airbus_A380_delivered" lang="en" url="http://en.wikinews.org/wiki/First_Airbus_A380_delivered">
<token number="0" sentence="0" t_id="1">First</token>
<token number="1" sentence="0" t_id="2">Airbus</token>
<token number="2" sentence="0" t_id="3">A380</token>
<token number="3" sentence="0" t_id="4">delivered</token>
<token number="4" sentence="1" t_id="5">October</token>
<token number="5" sentence="1" t_id="6">15</token>
<token number="6" sentence="1" t_id="7">,</token>
<token number="7" sentence="1" t_id="8">2007</token>
<token number="8" sentence="2" t_id="9">The</token>
<token number="9" sentence="2" t_id="10">first</token>
<token number="10" sentence="2" t_id="11">A380</token>
<token number="11" sentence="2" t_id="12">superjumbo</token>
<token number="12" sentence="2" t_id="13">,</token>
<token number="13" sentence="2" t_id="14">made</token>
<token number="14" sentence="2" t_id="15">by</token>
<token number="15" sentence="2" t_id="16">Airbus</token>
<token number="16" sentence="2" t_id="17">,</token>
<token number="17" sentence="2" t_id="18">was</token>
<token number="18" sentence="2" t_id="19">delivered</token>
<token number="19" sentence="2" t_id="20">today</token>
<token number="20" sentence="2" t_id="21">to</token>
<token number="21" sentence="2" t_id="22">Singapore</token>
<token number="22" sentence="2" t_id="23">Airlines</token>
<token number="23" sentence="2" t_id="24">(</token>
<token number="24" sentence="2" t_id="25">SIA</token>
<token number="25" sentence="2" t_id="26">)</token>
<token number="26" sentence="2" t_id="27">18</token>
<token number="27" sentence="2" t_id="28">months</token>
<token number="28" sentence="2" t_id="29">behind</token>
<token number="29" sentence="2" t_id="30">schedule</token>
<token number="30" sentence="2" t_id="31">.</token>
<token number="31" sentence="3" t_id="32">After</token>
<token number="32" sentence="3" t_id="33">the</token>
<token number="33" sentence="3" t_id="34">plane</token>
<token number="34" sentence="3" t_id="35">was</token>
<token number="35" sentence="3" t_id="36">delivered</token>
<token number="36" sentence="3" t_id="37">in</token>
<token number="37" sentence="3" t_id="38">Singapore</token>
<token number="38" sentence="3" t_id="39">,</token>
<token number="39" sentence="3" t_id="40">it</token>
<token number="40" sentence="3" t_id="41">was</token>
<token number="41" sentence="3" t_id="42">flown</token>
<token number="42" sentence="3" t_id="43">to</token>
<token number="43" sentence="3" t_id="44">Toulouse</token>
<token number="44" sentence="3" t_id="45">,</token>
<token number="45" sentence="3" t_id="46">France</token>
<token number="46" sentence="3" t_id="47">for</token>
<token number="47" sentence="3" t_id="48">the</token>
<token number="48" sentence="3" t_id="49">ceremony</token>
<token number="49" sentence="3" t_id="50">of</token>
<token number="50" sentence="3" t_id="51">about</token>
<token number="51" sentence="3" t_id="52">500</token>
<token number="52" sentence="3" t_id="53">guests</token>
<token number="53" sentence="3" t_id="54">.</token>
<token number="54" sentence="4" t_id="55">The</token>
<token number="55" sentence="4" t_id="56">plane</token>
<token number="56" sentence="4" t_id="57">is</token>
<token number="57" sentence="4" t_id="58">built</token>
<token number="58" sentence="4" t_id="59">with</token>
<token number="59" sentence="4" t_id="60">four</token>
<token number="60" sentence="4" t_id="61">Rolls-Royce</token>
<token number="61" sentence="4" t_id="62">Trent</token>
<token number="62" sentence="4" t_id="63">900</token>
<token number="63" sentence="4" t_id="64">engines</token>
<token number="64" sentence="4" t_id="65">.</token>
<token number="65" sentence="5" t_id="66">The</token>
<token number="66" sentence="5" t_id="67">first</token>
<token number="67" sentence="5" t_id="68">flight</token>
<token number="68" sentence="5" t_id="69">will</token>
<token number="69" sentence="5" t_id="70">take</token>
<token number="70" sentence="5" t_id="71">off</token>
<token number="71" sentence="5" t_id="72">for</token>
<token number="72" sentence="5" t_id="73">a</token>
<token number="73" sentence="5" t_id="74">``</token>
<token number="74" sentence="5" t_id="75">special</token>
<token number="75" sentence="5" t_id="76">charity-flight</token>
<token number="76" sentence="5" t_id="77">''</token>
<token number="77" sentence="5" t_id="78">from</token>
<token number="78" sentence="5" t_id="79">Singapore</token>
<token number="79" sentence="5" t_id="80">and</token>
<token number="80" sentence="5" t_id="81">land</token>
<token number="81" sentence="5" t_id="82">in</token>
<token number="82" sentence="5" t_id="83">Sydney</token>
<token number="83" sentence="5" t_id="84">on</token>
<token number="84" sentence="5" t_id="85">October</token>
<token number="85" sentence="5" t_id="86">25</token>
<token number="86" sentence="5" t_id="87">.</token>
<token number="87" sentence="6" t_id="88">Special</token>
<token number="88" sentence="6" t_id="89">services</token>
<token number="89" sentence="6" t_id="90">will</token>
<token number="90" sentence="6" t_id="91">continue</token>
<token number="91" sentence="6" t_id="92">from</token>
<token number="92" sentence="6" t_id="93">October</token>
<token number="93" sentence="6" t_id="94">28</token>
<token number="94" sentence="6" t_id="95">.</token>
<token number="95" sentence="7" t_id="96">``</token>
<token number="96" sentence="7" t_id="97">This</token>
<token number="97" sentence="7" t_id="98">is</token>
<token number="98" sentence="7" t_id="99">a</token>
<token number="99" sentence="7" t_id="100">major</token>
<token number="100" sentence="7" t_id="101">milestone</token>
<token number="101" sentence="7" t_id="102">for</token>
<token number="102" sentence="7" t_id="103">the</token>
<token number="103" sentence="7" t_id="104">A380</token>
<token number="104" sentence="7" t_id="105">programme</token>
<token number="105" sentence="7" t_id="106">,</token>
<token number="106" sentence="7" t_id="107">and</token>
<token number="107" sentence="7" t_id="108">I</token>
<token number="108" sentence="7" t_id="109">would</token>
<token number="109" sentence="7" t_id="110">like</token>
<token number="110" sentence="7" t_id="111">to</token>
<token number="111" sentence="7" t_id="112">express</token>
<token number="112" sentence="7" t_id="113">my</token>
<token number="113" sentence="7" t_id="114">deepest</token>
<token number="114" sentence="7" t_id="115">appreciation</token>
<token number="115" sentence="7" t_id="116">to</token>
<token number="116" sentence="7" t_id="117">all</token>
<token number="117" sentence="7" t_id="118">parties</token>
<token number="118" sentence="7" t_id="119">concerned</token>
<token number="119" sentence="7" t_id="120">.</token>
<token number="120" sentence="8" t_id="121">I</token>
<token number="121" sentence="8" t_id="122">want</token>
<token number="122" sentence="8" t_id="123">to</token>
<token number="123" sentence="8" t_id="124">thank</token>
<token number="124" sentence="8" t_id="125">our</token>
<token number="125" sentence="8" t_id="126">teams</token>
<token number="126" sentence="8" t_id="127">and</token>
<token number="127" sentence="8" t_id="128">all</token>
<token number="128" sentence="8" t_id="129">those</token>
<token number="129" sentence="8" t_id="130">who</token>
<token number="130" sentence="8" t_id="131">worked</token>
<token number="131" sentence="8" t_id="132">hard</token>
<token number="132" sentence="8" t_id="133">,</token>
<token number="133" sentence="8" t_id="134">days</token>
<token number="134" sentence="8" t_id="135">,</token>
<token number="135" sentence="8" t_id="136">nights</token>
<token number="136" sentence="8" t_id="137">,</token>
<token number="137" sentence="8" t_id="138">and</token>
<token number="138" sentence="8" t_id="139">week-ends</token>
<token number="139" sentence="8" t_id="140">,</token>
<token number="140" sentence="8" t_id="141">for</token>
<token number="141" sentence="8" t_id="142">their</token>
<token number="142" sentence="8" t_id="143">dedication</token>
<token number="143" sentence="8" t_id="144">and</token>
<token number="144" sentence="8" t_id="145">commitment</token>
<token number="145" sentence="8" t_id="146">,</token>
<token number="146" sentence="8" t_id="147">''</token>
<token number="147" sentence="8" t_id="148">said</token>
<token number="148" sentence="8" t_id="149">Airbus</token>
<token number="149" sentence="8" t_id="150">President</token>
<token number="150" sentence="8" t_id="151">and</token>
<token number="151" sentence="8" t_id="152">Chief</token>
<token number="152" sentence="8" t_id="153">Executive</token>
<token number="153" sentence="8" t_id="154">Officer</token>
<token number="154" sentence="8" t_id="155">,</token>
<token number="155" sentence="8" t_id="156">Tom</token>
<token number="156" sentence="8" t_id="157">Enders</token>
<token number="157" sentence="8" t_id="158">.</token>
<Markables>
<ENTITY_MENTION comment="" head="" m_id="1" syntactic_type="">
<token_anchor t_id="55"/>
<token_anchor t_id="56"/>
</ENTITY_MENTION>
<ENTITY_MENTION comment="" head="" m_id="2" syntactic_type="NAM">
<token_anchor t_id="79"/>
</ENTITY_MENTION>
<ENTITY_MENTION comment="" head="" m_id="3" syntactic_type="NAM">
<token_anchor t_id="83"/>
</ENTITY_MENTION>
<ENTITY_MENTION comment="" head="" m_id="4" syntactic_type="">
<token_anchor t_id="60"/>
<token_anchor t_id="61"/>
<token_anchor t_id="62"/>
<token_anchor t_id="63"/>
<token_anchor t_id="64"/>
</ENTITY_MENTION>
<ENTITY_MENTION comment="" head="" m_id="57" syntactic_type="NAM">
<token_anchor t_id="22"/>
<token_anchor t_id="23"/>
</ENTITY_MENTION>
<ENTITY_MENTION comment="" head="" m_id="5" syntactic_type="">
<token_anchor t_id="51"/>
<token_anchor t_id="52"/>
<token_anchor t_id="53"/>
</ENTITY_MENTION>
<ENTITY_MENTION comment="" head="" m_id="58" syntactic_type="NAM">
<token_anchor t_id="25"/>
</ENTITY_MENTION>
<ENTITY_MENTION comment="" head="" m_id="6" syntactic_type="NAM">
<token_anchor t_id="22"/>
<token_anchor t_id="23"/>
<token_anchor t_id="24"/>
<token_anchor t_id="25"/>
</ENTITY_MENTION>
<ENTITY_MENTION comment="" head="" m_id="7" syntactic_type="NAM">
<token_anchor t_id="44"/>
<token_anchor t_id="45"/>
<token_anchor t_id="46"/>
</ENTITY_MENTION>
<ENTITY_MENTION comment="" head="" m_id="8" syntactic_type="">
<token_anchor t_id="1"/>
<token_anchor t_id="2"/>
<token_anchor t_id="3"/>
</ENTITY_MENTION>
<ENTITY_MENTION comment="" head="" m_id="9" syntactic_type="NAM">
<token_anchor t_id="2"/>
<token_anchor t_id="3"/>
</ENTITY_MENTION>
<ENTITY_MENTION comment="" head="" m_id="10" syntactic_type="NAM">
<token_anchor t_id="11"/>
<token_anchor t_id="12"/>
</ENTITY_MENTION>
<ENTITY_MENTION comment="" head="" m_id="11" syntactic_type="">
<token_anchor t_id="9"/>
<token_anchor t_id="10"/>
<token_anchor t_id="11"/>
<token_anchor t_id="12"/>
</ENTITY_MENTION>
<ENTITY_MENTION comment="" head="" m_id="12" syntactic_type="NAM">
<token_anchor t_id="16"/>
</ENTITY_MENTION>
<ENTITY_MENTION comment="" head="" m_id="13" syntactic_type="">
<token_anchor t_id="33"/>
<token_anchor t_id="34"/>
</ENTITY_MENTION>
<ENTITY_MENTION comment="" head="" m_id="14" syntactic_type="NAM">
<token_anchor t_id="38"/>
</ENTITY_MENTION>
<ENTITY_MENTION comment="" head="" m_id="15" syntactic_type="">
<token_anchor t_id="40"/>
</ENTITY_MENTION>
<ENTITY_MENTION comment="" head="" m_id="16" syntactic_type="NAM">
<token_anchor t_id="46"/>
</ENTITY_MENTION>
<EVENT_MENTION aspect="NONE" certainty="CERTAIN" comment="" m_id="19" modality="" polarity="POS" pos="VERB" pred="deliver" special_cases="NONE" tense="PAST" time="NON_FUTURE">
<token_anchor t_id="36"/>
</EVENT_MENTION>
<EVENT_MENTION aspect="NONE" certainty="CERTAIN" comment="" m_id="20" modality="" polarity="POS" pos="VERB" pred="fly" special_cases="NONE" tense="PAST" time="NON_FUTURE">
<token_anchor t_id="42"/>
</EVENT_MENTION>
<EVENT_MENTION aspect="NONE" certainty="CERTAIN" comment="" m_id="21" modality="" polarity="POS" pos="NOUN" pred="ceremony" special_cases="NONE" tense="NONE" time="NON_FUTURE">
<token_anchor t_id="49"/>
</EVENT_MENTION>
<EVENT_MENTION aspect="NONE" certainty="CERTAIN" comment="" m_id="22" modality="" polarity="POS" pos="VERB" pred="build" special_cases="NONE" tense="PRESENT" time="NON_FUTURE">
<token_anchor t_id="58"/>
</EVENT_MENTION>
<EVENT_MENTION aspect="NONE" certainty="CERTAIN" comment="" m_id="23" modality="" polarity="POS" pos="NOUN" pred="flight" special_cases="NONE" tense="NONE" time="FUTURE">
<token_anchor t_id="68"/>
</EVENT_MENTION>
<EVENT_MENTION aspect="NONE" certainty="CERTAIN" comment="" m_id="24" modality="" polarity="POS" pos="VERB" pred="take off" special_cases="NONE" tense="FUTURE" time="FUTURE">
<token_anchor t_id="70"/>
<token_anchor t_id="71"/>
</EVENT_MENTION>
<EVENT_MENTION aspect="NONE" certainty="CERTAIN" comment="" m_id="25" modality="" polarity="POS" pos="NOUN" pred="flight" special_cases="NONE" tense="NONE" time="FUTURE">
<token_anchor t_id="76"/>
</EVENT_MENTION>
<EVENT_MENTION aspect="NONE" certainty="CERTAIN" comment="" m_id="26" modality="" polarity="POS" pos="VERB" pred="land" special_cases="NONE" tense="FUTURE" time="FUTURE">
<token_anchor t_id="81"/>
</EVENT_MENTION>
<EVENT_MENTION aspect="NONE" certainty="CERTAIN" comment="" m_id="27" modality="" polarity="POS" pos="VERB" pred="deliver" special_cases="NONE" tense="PAST" time="NON_FUTURE">
<token_anchor t_id="4"/>
</EVENT_MENTION>
<EVENT_MENTION aspect="NONE" certainty="CERTAIN" comment="" m_id="17" modality="" polarity="POS" pos="VERB" pred="make" special_cases="NONE" tense="PAST" time="NON_FUTURE">
<token_anchor t_id="14"/>
</EVENT_MENTION>
<EVENT_MENTION aspect="NONE" certainty="CERTAIN" comment="" m_id="18" modality="" polarity="POS" pos="VERB" pred="deliver" special_cases="NONE" tense="PAST" time="NON_FUTURE">
<token_anchor t_id="19"/>
</EVENT_MENTION>
<SIGNAL comment="" m_id="28">
<token_anchor t_id="32"/>
</SIGNAL>
<SIGNAL comment="" m_id="29">
<token_anchor t_id="84"/>
</SIGNAL>
<SIGNAL comment="" m_id="30">
<token_anchor t_id="29"/>
<token_anchor t_id="30"/>
</SIGNAL>
<TIMEX3 anchorTimeID="31" beginPoint="" comment="" endPoint="" functionInDocument="CREATION_TIME" m_id="31" type="DATE" value="2007-10-15">
<token_anchor t_id="5"/>
<token_anchor t_id="6"/>
<token_anchor t_id="7"/>
<token_anchor t_id="8"/>
</TIMEX3>
<TIMEX3 anchorTimeID="31" beginPoint="" comment="" endPoint="" functionInDocument="NONE" m_id="32" type="DATE" value="2007-10-15">
<token_anchor t_id="20"/>
</TIMEX3>
<TIMEX3 anchorTimeID="" beginPoint="55" comment="" endPoint="32" functionInDocument="NONE" m_id="33" type="DURATION" value="P18M">
<token_anchor t_id="27"/>
<token_anchor t_id="28"/>
</TIMEX3>
<TIMEX3 anchorTimeID="" beginPoint="" comment="" endPoint="" functionInDocument="NONE" m_id="34" type="DATE" value="2007-10-25">
<token_anchor t_id="85"/>
<token_anchor t_id="86"/>
</TIMEX3>
<VALUE comment="" m_id="35" type="QUANTITY">
<token_anchor t_id="51"/>
<token_anchor t_id="52"/>
</VALUE>
<VALUE comment="" m_id="36" type="QUANTITY">
<token_anchor t_id="60"/>
</VALUE>
<TIMEX3 TAG_DESCRIPTOR="April 15, 2006" anchorTimeID="" beginPoint="" comment="" endPoint="" functionInDocument="NONE" m_id="55" type="DATE" value="2006-04-15"/>



<EVENT TAG_DESCRIPTOR="delivery VUA" class="OTHER" instance_id="OTH39740769611526334" m_id="88"/>
<EVENT TAG_DESCRIPTOR="charity flight VUA" class="OTHER" instance_id="OTH39991217318385402" m_id="101"/>
<EVENT TAG_DESCRIPTOR="fly VUA" class="OTHER" instance_id="OTH39986415267459317" m_id="87"/>
<EVENT TAG_DESCRIPTOR="built VUA" class="OTHER" instance_id="OTH39949727060932298" m_id="94"/>
<EVENT TAG_DESCRIPTOR="take-off VUA" class="OTHER" instance_id="OTH39986871391338029" m_id="92"/>
<EVENT TAG_DESCRIPTOR="ceremony VUA" class="OTHER" instance_id="OTH39949952467929202" m_id="91"/>
<EVENT TAG_DESCRIPTOR="land VUA" class="OTHER" instance_id="OTH39986563619624958" m_id="90"/>
<ENTITY TAG_DESCRIPTOR="Airbus" ent_type="ORG" external_ref="http://dbpedia.org/page/Airbus" instance_id="ORG37154719430036883" m_id="89"/>
<ENTITY TAG_DESCRIPTOR="500 guests" ent_type="PER" instance_id="PER39494574240335139" m_id="102"/>
<ENTITY TAG_DESCRIPTOR="First A380" ent_type="PRO" instance_id="PRO39494701590749808" m_id="86"/>
<ENTITY TAG_DESCRIPTOR="Airbus A380" ent_type="PRO" external_ref="http://dbpedia.org/page/Airbus_A380" instance_id="PRO37154719590532628" m_id="100"/>
<ENTITY TAG_DESCRIPTOR="Engines" ent_type="PRO" instance_id="PRO39494630138843850" m_id="99"/>
<ENTITY TAG_DESCRIPTOR="France" ent_type="LOC" external_ref="http://dbpedia.org/page/France" instance_id="LOC27573268533170794" m_id="98"/>
<ENTITY TAG_DESCRIPTOR="Toulouse, France" ent_type="LOC" external_ref="http://dbpedia.org/page/Toulouse" instance_id="LOC27573307281275706" m_id="97"/>
<ENTITY TAG_DESCRIPTOR="Singapore Airlines" ent_type="ORG" external_ref="http://dbpedia.org/page/Singapore_Airlines" instance_id="ORG37154720265874633" m_id="96"/>
<ENTITY TAG_DESCRIPTOR="Singapore" ent_type="LOC" external_ref="http://dbpedia.org/page/Singapore" instance_id="LOC27573365163308465" m_id="95"/>
<ENTITY TAG_DESCRIPTOR="Sydney, Australia" ent_type="LOC" external_ref="http://dbpedia.org/page/Sydney" instance_id="LOC27573199898348391" m_id="93"/>
</Markables>
<Relations>
<HAS_PARTICIPANT comment="" frame="" frame_element="" r_id="245739" sem_role="Arg1" sem_role_framework="PROPBANK">
<source m_id="17"/>
<target m_id="11"/>
</HAS_PARTICIPANT>
<HAS_PARTICIPANT comment="" frame="" frame_element="" r_id="245740" sem_role="Arg0" sem_role_framework="PROPBANK">
<source m_id="17"/>
<target m_id="12"/>
</HAS_PARTICIPANT>
<HAS_PARTICIPANT comment="" frame="" frame_element="" r_id="245741" sem_role="Arg1" sem_role_framework="PROPBANK">
<source m_id="18"/>
<target m_id="11"/>
</HAS_PARTICIPANT>
<HAS_PARTICIPANT comment="" frame="" frame_element="" r_id="245742" sem_role="Arg2" sem_role_framework="PROPBANK">
<source m_id="18"/>
<target m_id="6"/>
</HAS_PARTICIPANT>
<HAS_PARTICIPANT comment="" frame="" frame_element="" r_id="245743" sem_role="Arg1" sem_role_framework="PROPBANK">
<source m_id="19"/>
<target m_id="13"/>
</HAS_PARTICIPANT>
<HAS_PARTICIPANT comment="" frame="" frame_element="" r_id="245744" sem_role="Argm-LOC" sem_role_framework="PROPBANK">
<source m_id="19"/>
<target m_id="14"/>
</HAS_PARTICIPANT>
<HAS_PARTICIPANT comment="" frame="" frame_element="" r_id="245745" sem_role="Arg1" sem_role_framework="PROPBANK">
<source m_id="20"/>
<target m_id="15"/>
</HAS_PARTICIPANT>
<HAS_PARTICIPANT comment="" frame="" frame_element="" r_id="245746" sem_role="Argm-LOC" sem_role_framework="PROPBANK">
<source m_id="20"/>
<target m_id="7"/>
</HAS_PARTICIPANT>
<HAS_PARTICIPANT comment="" frame="" frame_element="" r_id="245747" sem_role="Argm-LOC" sem_role_framework="PROPBANK">
<source m_id="21"/>
<target m_id="7"/>
</HAS_PARTICIPANT>
<HAS_PARTICIPANT comment="" frame="" frame_element="" r_id="245748" sem_role="Arg1" sem_role_framework="PROPBANK">
<source m_id="22"/>
<target m_id="1"/>
</HAS_PARTICIPANT>
<HAS_PARTICIPANT comment="" frame="" frame_element="" r_id="245749" sem_role="Argm-OTHER" sem_role_framework="PROPBANK">
<source m_id="22"/>
<target m_id="4"/>
</HAS_PARTICIPANT>
<HAS_PARTICIPANT comment="" frame="" frame_element="" r_id="245750" sem_role="Arg1" sem_role_framework="PROPBANK">
<source m_id="23"/>
<target m_id="11"/>
</HAS_PARTICIPANT>
<HAS_PARTICIPANT comment="" frame="" frame_element="" r_id="245751" sem_role="Arg2" sem_role_framework="PROPBANK">
<source m_id="24"/>
<target m_id="2"/>
</HAS_PARTICIPANT>
<HAS_PARTICIPANT comment="" frame="" frame_element="" r_id="245752" sem_role="Arg2" sem_role_framework="PROPBANK">
<source m_id="25"/>
<target m_id="2"/>
</HAS_PARTICIPANT>
<HAS_PARTICIPANT comment="" frame="" frame_element="" r_id="245753" sem_role="Arg3" sem_role_framework="PROPBANK">
<source m_id="25"/>
<target m_id="3"/>
</HAS_PARTICIPANT>
<HAS_PARTICIPANT comment="" frame="" frame_element="" r_id="245754" sem_role="Arg1" sem_role_framework="PROPBANK">
<source m_id="26"/>
<target m_id="11"/>
</HAS_PARTICIPANT>
<HAS_PARTICIPANT comment="" frame="" frame_element="" r_id="245755" sem_role="Argm-LOC" sem_role_framework="PROPBANK">
<source m_id="26"/>
<target m_id="3"/>
</HAS_PARTICIPANT>
<TLINK comment="" r_id="245756" reltype="SIMULTANEOUS" signalID="">
<source m_id="31"/>
<target m_id="32"/>
</TLINK>
<TLINK comment="" r_id="245757" reltype="BEFORE" signalID="">
<source m_id="17"/>
<target m_id="18"/>
</TLINK>
<TLINK comment="" r_id="245758" reltype="IS_INCLUDED" signalID="">
<source m_id="18"/>
<target m_id="32"/>
</TLINK>
<TLINK comment="" r_id="245759" reltype="BEFORE" signalID="28">
<source m_id="19"/>
<target m_id="20"/>
</TLINK>
<TLINK comment="" r_id="245760" reltype="BEFORE" signalID="">
<source m_id="20"/>
<target m_id="21"/>
</TLINK>
<TLINK comment="" r_id="245761" reltype="AFTER" signalID="">
<source m_id="31"/>
<target m_id="22"/>
</TLINK>
<TLINK comment="" r_id="245762" reltype="AFTER" signalID="">
<source m_id="23"/>
<target m_id="24"/>
</TLINK>
<TLINK comment="" r_id="245763" reltype="SIMULTANEOUS" signalID="">
<source m_id="23"/>
<target m_id="25"/>
</TLINK>
<TLINK comment="" r_id="245764" reltype="BEFORE" signalID="">
<source m_id="24"/>
<target m_id="26"/>
</TLINK>
<TLINK comment="" r_id="245765" reltype="IS_INCLUDED" signalID="29">
<source m_id="26"/>
<target m_id="34"/>
</TLINK>
<HAS_PARTICIPANT comment="" frame="" frame_element="" r_id="245768" sem_role="Arg1" sem_role_framework="PROPBANK">
<source m_id="27"/>
<target m_id="8"/>
</HAS_PARTICIPANT>
<TLINK comment="" r_id="245769" reltype="AFTER" signalID="30">
<source m_id="31"/>
<target m_id="33"/>
</TLINK>
<TLINK comment="" r_id="245770" reltype="AFTER" signalID="">
<source m_id="19"/>
<target m_id="22"/>
</TLINK>
<TLINK comment="" r_id="245773" reltype="BEFORE" signalID="29">
<source m_id="31"/>
<target m_id="34"/>
</TLINK>
















<REFERS_TO r_id="233668">
<source m_id="23"/>
<source m_id="25"/>
<target m_id="101"/>
</REFERS_TO>
<REFERS_TO r_id="233669">
<source m_id="10"/>

<source m_id="9"/>
<source m_id="15"/>
<source m_id="13"/>
<source m_id="1"/>
<target m_id="100"/>
</REFERS_TO>
<REFERS_TO r_id="233670">
<source m_id="2"/>
<source m_id="14"/>
<target m_id="95"/>
</REFERS_TO>
<REFERS_TO r_id="233671">
<source m_id="5"/>
<target m_id="102"/>
</REFERS_TO>
<REFERS_TO r_id="233672">
<source m_id="22"/>
<source m_id="17"/>
<target m_id="94"/>
</REFERS_TO>
<REFERS_TO r_id="233673">
<source m_id="4"/>
<target m_id="99"/>
</REFERS_TO>
<REFERS_TO r_id="233674">
<source m_id="16"/>
<target m_id="98"/>
</REFERS_TO>
<REFERS_TO r_id="233675">
<source m_id="18"/>
<source m_id="19"/>
<source m_id="27"/>
<target m_id="88"/>
</REFERS_TO>
<REFERS_TO r_id="233676">
<source m_id="12"/>


<target m_id="89"/>
</REFERS_TO>
<REFERS_TO r_id="233677">
<source m_id="21"/>
<target m_id="91"/>
</REFERS_TO>
<REFERS_TO r_id="233678">
<source m_id="26"/>
<target m_id="90"/>
</REFERS_TO>
<REFERS_TO r_id="233679">
<source m_id="3"/>
<target m_id="93"/>
</REFERS_TO>
<REFERS_TO r_id="233680">
<source m_id="24"/>
<target m_id="92"/>
</REFERS_TO>
<REFERS_TO r_id="233681">
<source m_id="8"/>
<source m_id="11"/>
<target m_id="86"/>
</REFERS_TO>
<REFERS_TO r_id="233682">
<source m_id="20"/>
<target m_id="87"/>
</REFERS_TO>
<REFERS_TO r_id="233683">
<source m_id="7"/>
<target m_id="97"/>
</REFERS_TO>
<REFERS_TO r_id="233684">
<source m_id="6"/>
<source m_id="58"/>
<target m_id="96"/>
</REFERS_TO>
</Relations>
</Document>