{"corpus_airbus/41882_a lo largo de": {"mention_text": "a lo largo de", "sentence_str": "\"AirTran Airways quiere agradecer a los muchos empleados de Boeing por su duro trabajo y dedicaci\u00f3n a lo largo de los a\u00f1os y por permitirnos construir una flota de aviones de talla mundial que no tiene par en la industria de la aviaci\u00f3n \", dijo Joe Leonard, presidente y director ejecutivo de AirTran Airways.", "mention_head": "empleados", "mention_tokens_amount": 4, "tolerance": 2.0}, "corpus_airbus/71426_entre y": {"mention_text": "entre y", "sentence_str": "Aer Lingus Group PLC va a recibir seis nuevos aviones A330-300E entre el 2009 y el 2011, y, despu\u00e9s, entre el 2014 y el 2016, se le entregar\u00e1n otros seis nuevos aviones A350 XWB (extra wide body) un nuevo dise\u00f1o que actualmente est\u00e1 desarrollando Airbus.", "mention_head": "2009", "mention_tokens_amount": 2, "tolerance": 3.0}, "corpus_apple/101354_el iTunes \"App Store \"": {"mention_text": "el iTunes \"App Store \"", "sentence_str": "En un evento multimedia celebrado en la sede central de Cupertino, Apple ha presentado el tan esperado Software Development Kit (SDK) para el iPhone as\u00ed como el iTunes \"App Store \"y el iPhone Developer Program correspondientes.", "mention_head": "unknown", "mention_tokens_amount": 6, "tolerance": 2}, "corpus_apple/10450_2005 6 de junio de 2005": {"mention_text": "2005 6 de junio de 2005", "sentence_str": "Steve Jobs, CEO de Apple Computer, ofrece el discurso de apertura de la WWDC 2005.", "mention_head": "unknown", "mention_tokens_amount": 6, "tolerance": 0.5}, "corpus_apple/37313_la marca \"Apple \"": {"mention_text": "la marca \"Apple \"", "sentence_str": "Apple Corps afirma que el iTunes Music Store de Apple Computer viola un acuerdo al que llegaron ambas compa\u00f1\u00edas en 1991, que prohib\u00eda a Apple Computer utilizar la marca \"Apple \"en algunos usos del negocio musical.", "mention_head": "unknown", "mention_tokens_amount": 5, "tolerance": 0.5}, "corpus_apple/40986_Es tiene cuesta": {"mention_text": "Es tiene cuesta", "sentence_str": "Es la sucesora de la l\u00ednea del iBook ; tiene procesadores Intel Core duo y caracter\u00edsticas de host, y cuesta a partir de 1.099 $.", "mention_head": "unknown", "mention_tokens_amount": 3, "tolerance": 0.5}, "corpus_apple/40986_15 \"": {"mention_text": "15 \"", "sentence_str": "El Macbook tiene una pantalla de 13,3 \", y el Pro se puede comprar con una pantalla de 15 \"o de 17 \".", "mention_head": "unknown", "mention_tokens_amount": 2, "tolerance": 3.0}, "corpus_apple/60083_ser\u00e1 autorizar\u00e1": {"mention_text": "ser\u00e1 autorizar\u00e1", "sentence_str": "Con este nuevo acuerdo, Apple Inc. ser\u00e1 propietaria de todas las marcas Apple y autorizar\u00e1 la comercializaci\u00f3n de alguna a Apple Corps.", "mention_head": "propietaria", "mention_tokens_amount": 2, "tolerance": 8.0}, "corpus_apple/89284_es lanz\u00f3": {"mention_text": "es lanz\u00f3", "sentence_str": "Apple es el fabricante del iPod, el reproductor de MP3 m\u00e1s vendido del mundo, y, el 28 de abril de 2003, lanz\u00f3 al mercado el iTunes Music Store, una tienda de m\u00fasica on-line.", "mention_head": "fabricante", "mention_tokens_amount": 2, "tolerance": 24.0}, "corpus_stock/141483_debido a": {"mention_text": "debido a", "sentence_str": "Bank of America Corporation, el segundo mayor banco de los Estados Unidos, ha anunciado que ha perdido 2.240 millones de d\u00f3lares estadounidenses en el tercer trimestre de este a\u00f1o, debido especialmente a las mayores p\u00e9rdidas en pr\u00e9stamos.", "mention_head": "unknown", "mention_tokens_amount": 2, "tolerance": 3.0}, "corpus_stock/141483_siguen es": {"mention_text": "siguen es", "sentence_str": "Ken Lewis, director ejecutivo del banco, dijo en una declaraci\u00f3n \"... ] los costes de los cr\u00e9ditos siguen siendo altos, y ese es el mayor reto financiero que tenemos por delante.", "mention_head": "unknown", "mention_tokens_amount": 2, "tolerance": 0.5}}