{"corpus_airbus/108294_, dat": {"mention_text": ", dat", "sentence_str": "Toen de Air Force op 29 februari Northrop Grumman, dat in Los Angeles is gevestigd, selecteerde om het vliegtuig te bouwen, vocht Boeing de toekenning formeel aan bij de Government Accountability Office omdat de evaluatie ten gunste van Northrop uitviel.", "mention_head": "unknown", "mention_tokens_amount": 2, "tolerance": 1.0}, "corpus_airbus/145930_voerde uit": {"mention_text": "voerde uit", "sentence_str": "Het jongste commerci\u00eble vliegtuig van Boeing, de 787 ``Dreamliner'' , voerde op donderdag om 18.00 uur UTC zijn eerste testvlucht uit in Everett, Washington.", "mention_head": "testvlucht", "mention_tokens_amount": 2, "tolerance": 10.0}, "corpus_airbus/25501_kondigde'' aan": {"mention_text": "kondigde'' aan", "sentence_str": "Airbus kondigde als ``voorzorgsmaatregel'' aan dat twee van de Rolls-Royce Trent 900-motoren op het prototype zouden worden vervangen voor aanvang van de tournee.", "mention_head": "unknown", "mention_tokens_amount": 4, "tolerance": 0.5}, "corpus_airbus/3307_' s werelds grootste passagiersvliegtuig": {"mention_text": "' s werelds grootste passagiersvliegtuig", "sentence_str": "Het nieuwe vliegtuig zal de 747 van rivaal Boeing van de troon stoten als' s werelds grootste passagiersvliegtuig.", "mention_head": "unknown", "mention_tokens_amount": 5, "tolerance": 1.0}, "corpus_airbus/71426_tussen en": {"mention_text": "tussen en", "sentence_str": "Onder de overeenkomst koopt Aer Lingus Group PLC zes nieuwe A330-300E-vliegtuigen tussen 2009 en 2011, waarna van 2014 tot 2016 zes nieuwe A350 XWB (Extra Wide Body) -machines, die momenteel worden ontwikkeld door Airbus, worden geleverd.", "mention_head": "2009", "mention_tokens_amount": 2, "tolerance": 2.0}, "corpus_airbus/8951_' s werelds grootste passagiersvliegtuig ter wereld": {"mention_text": "' s werelds grootste passagiersvliegtuig ter wereld", "sentence_str": "Eerste vlucht van' s werelds grootste passagiersvliegtuig ter wereld.", "mention_head": "unknown", "mention_tokens_amount": 7, "tolerance": 0.5}, "corpus_apple/10450_Apple medeoprichter": {"mention_text": "Apple medeoprichter", "sentence_str": "Apple Computer CEO en medeoprichter Steve Jobs gaf afgelopen maandag zijn jaarlijkse opening keynote tijdens de World Wide Developers Conference (WWDC), die wordt gehouden in het Moscone Center in San Francisco, Californi\u00eb.", "mention_head": "unknown", "mention_tokens_amount": 2, "tolerance": 1.5}, "corpus_apple/107785_V.S": {"mention_text": "V.S", "sentence_str": "De prijs van de iPhone is bovendien verlaagd tot $ 199, - in de V.S., en de prijzen in andere landen zijn gelijk aan of lager dan de prijs in de V.S ..", "mention_head": "iPhone", "mention_tokens_amount": 2, "tolerance": 2.0}, "corpus_apple/214601_kondigde aan": {"mention_text": "kondigde aan", "sentence_str": "Om iOS-functionaliteit verder op te nemen in Macintosh-computers kondigde Jobs ook een lijn geactualiseerde MacBook Air-laptops aan, die nu al in de winkel liggen.", "mention_head": "geactualiseerde", "mention_tokens_amount": 2, "tolerance": 8.0}, "corpus_apple/238039_kondigde aan": {"mention_text": "kondigde aan", "sentence_str": "Steve Jobs, chief executive officer van Apple Inc., kondigde maandag in een interne memo aan dat hij voor een onbekende periode met medisch verlof gaat.", "mention_head": "unknown", "mention_tokens_amount": 2, "tolerance": 2.0}, "corpus_apple/60083_kondigde aan": {"mention_text": "kondigde aan", "sentence_str": "Apple Inc. kondigde maandag aan dat het zijn decennialange conflict met Apple Corps, de platenmaatschappij van de Beatles, heeft opgelost.", "mention_head": "unknown", "mention_tokens_amount": 2, "tolerance": 1.5}, "corpus_gm/123881_kondigde aan": {"mention_text": "kondigde aan", "sentence_str": "GM kondigde recentelijk het ``GM Total Confidence'' -programma aan, waaronder consumenten aankoopbescherming krijgen voor het geval ze binnen twee jaar na aankoop hun baan verliezen om economische redenen.", "mention_head": "-programma", "mention_tokens_amount": 2, "tolerance": 9.0}, "corpus_gm/47720_kondigt aan": {"mention_text": "kondigt aan", "sentence_str": "Ford kondigt een inkrimping van 21 % (168.000 stuks) in de Amerikaanse en Canadese productie aan, waardoor een deel van de tien fabrieken in het vierde kwartaal worden gesloten.", "mention_head": "unknown", "mention_tokens_amount": 2, "tolerance": 0.5}, "corpus_stock/113278_kondigden aan": {"mention_text": "kondigden aan", "sentence_str": "Om 08.00 uur UTC kondigden de Bank of Canada, Bank of England, Europese Centrale Bank (ECB), Amerikaanse Federal Reserve, Bank of Japan en de Zwitserse Nationale Bank aan dat ze gaan samenwerken om wederzijdse kredietregelingen overeen te komen voor instellingen die de Amerikaanse dollarcrisis het hoofd moeten bieden.", "mention_head": "unknown", "mention_tokens_amount": 2, "tolerance": 0.5}, "corpus_stock/116834_zorgen maken": {"mention_text": "zorgen maken", "sentence_str": "We moeten in gedachten houden dat de economische omstandigheden nog kunnen verslechteren naarmate de financi\u00eble crisis in de V.S. en Europa erger wordt, men zich meer zorgen gaat maken over de crisis en beurzen en wisselkoersen sterk fluctueren.' '.", "mention_head": "gaat", "mention_tokens_amount": 2, "tolerance": 2.0}, "corpus_stock/116834_tussen en": {"mention_text": "tussen en", "sentence_str": "De Japanse economie kromp tussen april en juni 0,9 % en is sinds september nog eens met 0,1 % verslechterd.", "mention_head": "april", "mention_tokens_amount": 2, "tolerance": 2.0}, "corpus_stock/121416_, wat blijk gaf": {"mention_text": ", wat blijk gaf", "sentence_str": "Drie grote Amerikaanse beursindexen sloten maandag op het laagste punt in meer dan tien jaar, wat blijk gaf van afnemend vertrouwen van investeerders en van zorgen dat de staat de banken zal nationaliseren.", "mention_head": "unknown", "mention_tokens_amount": 4, "tolerance": 1.0}, "corpus_stock/96770_wijten aan": {"mention_text": "wijten aan", "sentence_str": "Alhoewel er vele factoren zijn die nationale economie\u00ebn verbinden, wijten analisten de recente verliezen aan de angst voor een recessie in de Verenigde Staten.", "mention_head": "analisten", "mention_tokens_amount": 2, "tolerance": 5.0}, "corpus_airbus/102977_huidige Vickers": {"mention_text": "huidige Vickers", "sentence_str": "Ze vervangen huidige Lockheed Tristar en Vickers VC-10-machines.", "mention_head": "Lockheed", "mention_tokens_amount": 2, "tolerance": 4.0}}