<?xml version="1.0" ?><Document doc_id="103623" doc_name="103623_Apples_iTunes_replaces" lang="en" url="http://en.wikinews.org/wiki/Apple's_iTunes_replaces_Wal-Mart_as_No._1_U.S._music_seller">
<token number="0" sentence="0" t_id="1">Apple</token>
<token number="1" sentence="0" t_id="2">'s</token>
<token number="2" sentence="0" t_id="3">iTunes</token>
<token number="3" sentence="0" t_id="4">replaces</token>
<token number="4" sentence="0" t_id="5">Wal</token>
<token number="5" sentence="0" t_id="6">-</token>
<token number="6" sentence="0" t_id="7">Mart</token>
<token number="7" sentence="0" t_id="8">as</token>
<token number="8" sentence="0" t_id="9">No.</token>
<token number="9" sentence="0" t_id="10">1</token>
<token number="10" sentence="0" t_id="11">U.S.</token>
<token number="11" sentence="0" t_id="12">music</token>
<token number="12" sentence="0" t_id="13">seller</token>
<token number="13" sentence="1" t_id="14">April</token>
<token number="14" sentence="1" t_id="15">9</token>
<token number="15" sentence="1" t_id="16">,</token>
<token number="16" sentence="1" t_id="17">2008</token>
<token number="17" sentence="2" t_id="18">Five</token>
<token number="18" sentence="2" t_id="19">years</token>
<token number="19" sentence="2" t_id="20">after</token>
<token number="20" sentence="2" t_id="21">its</token>
<token number="21" sentence="2" t_id="22">launch</token>
<token number="22" sentence="2" t_id="23">,</token>
<token number="23" sentence="2" t_id="24">Apple</token>
<token number="24" sentence="2" t_id="25">Computer</token>
<token number="25" sentence="2" t_id="26">'s</token>
<token number="26" sentence="2" t_id="27">iTunes</token>
<token number="27" sentence="2" t_id="28">downloadable</token>
<token number="28" sentence="2" t_id="29">music</token>
<token number="29" sentence="2" t_id="30">service</token>
<token number="30" sentence="2" t_id="31">in</token>
<token number="31" sentence="2" t_id="32">February</token>
<token number="32" sentence="2" t_id="33">passed</token>
<token number="33" sentence="2" t_id="34">Wal</token>
<token number="34" sentence="2" t_id="35">-</token>
<token number="35" sentence="2" t_id="36">Mart</token>
<token number="36" sentence="2" t_id="37">to</token>
<token number="37" sentence="2" t_id="38">become</token>
<token number="38" sentence="2" t_id="39">the</token>
<token number="39" sentence="2" t_id="40">No.</token>
<token number="40" sentence="2" t_id="41">1</token>
<token number="41" sentence="2" t_id="42">music</token>
<token number="42" sentence="2" t_id="43">seller</token>
<token number="43" sentence="2" t_id="44">in</token>
<token number="44" sentence="2" t_id="45">the</token>
<token number="45" sentence="2" t_id="46">United</token>
<token number="46" sentence="2" t_id="47">States</token>
<token number="47" sentence="2" t_id="48">,</token>
<token number="48" sentence="2" t_id="49">according</token>
<token number="49" sentence="2" t_id="50">to</token>
<token number="50" sentence="2" t_id="51">figures</token>
<token number="51" sentence="2" t_id="52">released</token>
<token number="52" sentence="2" t_id="53">April</token>
<token number="53" sentence="2" t_id="54">3</token>
<token number="54" sentence="2" t_id="55">by</token>
<token number="55" sentence="2" t_id="56">NPD</token>
<token number="56" sentence="2" t_id="57">Group</token>
<token number="57" sentence="2" t_id="58">,</token>
<token number="58" sentence="2" t_id="59">a</token>
<token number="59" sentence="2" t_id="60">market</token>
<token number="60" sentence="2" t_id="61">research</token>
<token number="61" sentence="2" t_id="62">firm</token>
<token number="62" sentence="2" t_id="63">.</token>
<token number="63" sentence="3" t_id="64">The</token>
<token number="64" sentence="3" t_id="65">firm</token>
<token number="65" sentence="3" t_id="66">said</token>
<token number="66" sentence="3" t_id="67">more</token>
<token number="67" sentence="3" t_id="68">than</token>
<token number="68" sentence="3" t_id="69">4</token>
<token number="69" sentence="3" t_id="70">billion</token>
<token number="70" sentence="3" t_id="71">songs</token>
<token number="71" sentence="3" t_id="72">had</token>
<token number="72" sentence="3" t_id="73">been</token>
<token number="73" sentence="3" t_id="74">downloaded</token>
<token number="74" sentence="3" t_id="75">from</token>
<token number="75" sentence="3" t_id="76">the</token>
<token number="76" sentence="3" t_id="77">iTunes</token>
<token number="77" sentence="3" t_id="78">store</token>
<token number="78" sentence="3" t_id="79">since</token>
<token number="79" sentence="3" t_id="80">its</token>
<token number="80" sentence="3" t_id="81">launch</token>
<token number="81" sentence="3" t_id="82">in</token>
<token number="82" sentence="3" t_id="83">2003</token>
<token number="83" sentence="3" t_id="84">and</token>
<token number="84" sentence="3" t_id="85">that</token>
<token number="85" sentence="3" t_id="86">as</token>
<token number="86" sentence="3" t_id="87">of</token>
<token number="87" sentence="3" t_id="88">February</token>
<token number="88" sentence="3" t_id="89">,</token>
<token number="89" sentence="3" t_id="90">the</token>
<token number="90" sentence="3" t_id="91">iTunes</token>
<token number="91" sentence="3" t_id="92">store</token>
<token number="92" sentence="3" t_id="93">accounts</token>
<token number="93" sentence="3" t_id="94">for</token>
<token number="94" sentence="3" t_id="95">70</token>
<token number="95" sentence="3" t_id="96">%</token>
<token number="96" sentence="3" t_id="97">of</token>
<token number="97" sentence="3" t_id="98">all</token>
<token number="98" sentence="3" t_id="99">digital</token>
<token number="99" sentence="3" t_id="100">music</token>
<token number="100" sentence="3" t_id="101">sales</token>
<token number="101" sentence="3" t_id="102">.</token>
<token number="102" sentence="4" t_id="103">NPD</token>
<token number="103" sentence="4" t_id="104">said</token>
<token number="104" sentence="4" t_id="105">according</token>
<token number="105" sentence="4" t_id="106">to</token>
<token number="106" sentence="4" t_id="107">those</token>
<token number="107" sentence="4" t_id="108">figures</token>
<token number="108" sentence="4" t_id="109">,</token>
<token number="109" sentence="4" t_id="110">Apple</token>
<token number="110" sentence="4" t_id="111">'s</token>
<token number="111" sentence="4" t_id="112">iTunes</token>
<token number="112" sentence="4" t_id="113">store</token>
<token number="113" sentence="4" t_id="114">passes</token>
<token number="114" sentence="4" t_id="115">U.S.</token>
<token number="115" sentence="4" t_id="116">electronics</token>
<token number="116" sentence="4" t_id="117">retailer</token>
<token number="117" sentence="4" t_id="118">Best</token>
<token number="118" sentence="4" t_id="119">Buy</token>
<token number="119" sentence="4" t_id="120">for</token>
<token number="120" sentence="4" t_id="121">the</token>
<token number="121" sentence="4" t_id="122">No.</token>
<token number="122" sentence="4" t_id="123">2</token>
<token number="123" sentence="4" t_id="124">U.S.</token>
<token number="124" sentence="4" t_id="125">music</token>
<token number="125" sentence="4" t_id="126">retailer</token>
<token number="126" sentence="4" t_id="127">in</token>
<token number="127" sentence="4" t_id="128">2007</token>
<token number="128" sentence="4" t_id="129">.</token>
<token number="129" sentence="5" t_id="130">According</token>
<token number="130" sentence="5" t_id="131">to</token>
<token number="131" sentence="5" t_id="132">an</token>
<token number="132" sentence="5" t_id="133">April</token>
<token number="133" sentence="5" t_id="134">2nd</token>
<token number="134" sentence="5" t_id="135">report</token>
<token number="135" sentence="5" t_id="136">in</token>
<token number="136" sentence="5" t_id="137">Ars</token>
<token number="137" sentence="5" t_id="138">Technica</token>
<token number="138" sentence="5" t_id="139">,</token>
<token number="139" sentence="5" t_id="140">an</token>
<token number="140" sentence="5" t_id="141">internal</token>
<token number="141" sentence="5" t_id="142">memo</token>
<token number="142" sentence="5" t_id="143">at</token>
<token number="143" sentence="5" t_id="144">Apple</token>
<token number="144" sentence="5" t_id="145">showed</token>
<token number="145" sentence="5" t_id="146">the</token>
<token number="146" sentence="5" t_id="147">company</token>
<token number="147" sentence="5" t_id="148">passed</token>
<token number="148" sentence="5" t_id="149">Wal</token>
<token number="149" sentence="5" t_id="150">-</token>
<token number="150" sentence="5" t_id="151">Mart</token>
<token number="151" sentence="5" t_id="152">as</token>
<token number="152" sentence="5" t_id="153">the</token>
<token number="153" sentence="5" t_id="154">top</token>
<token number="154" sentence="5" t_id="155">U.S.</token>
<token number="155" sentence="5" t_id="156">music</token>
<token number="156" sentence="5" t_id="157">seller</token>
<token number="157" sentence="5" t_id="158">Wal</token>
<token number="158" sentence="5" t_id="159">-</token>
<token number="159" sentence="5" t_id="160">Mart</token>
<token number="160" sentence="5" t_id="161">at</token>
<token number="161" sentence="5" t_id="162">the</token>
<token number="162" sentence="5" t_id="163">beginning</token>
<token number="163" sentence="5" t_id="164">of</token>
<token number="164" sentence="5" t_id="165">the</token>
<token number="165" sentence="5" t_id="166">year</token>
<token number="166" sentence="5" t_id="167">.</token>
<token number="167" sentence="6" t_id="168">Their</token>
<token number="168" sentence="6" t_id="169">projections</token>
<token number="169" sentence="6" t_id="170">showed</token>
<token number="170" sentence="6" t_id="171">that</token>
<token number="171" sentence="6" t_id="172">as</token>
<token number="172" sentence="6" t_id="173">of</token>
<token number="173" sentence="6" t_id="174">January</token>
<token number="174" sentence="6" t_id="175">2008</token>
<token number="175" sentence="6" t_id="176">,</token>
<token number="176" sentence="6" t_id="177">Apple</token>
<token number="177" sentence="6" t_id="178">'s</token>
<token number="178" sentence="6" t_id="179">iTunes</token>
<token number="179" sentence="6" t_id="180">held</token>
<token number="180" sentence="6" t_id="181">19</token>
<token number="181" sentence="6" t_id="182">percent</token>
<token number="182" sentence="6" t_id="183">of</token>
<token number="183" sentence="6" t_id="184">the</token>
<token number="184" sentence="6" t_id="185">U.S.</token>
<token number="185" sentence="6" t_id="186">music</token>
<token number="186" sentence="6" t_id="187">market</token>
<token number="187" sentence="6" t_id="188">with</token>
<token number="188" sentence="6" t_id="189">Wal</token>
<token number="189" sentence="6" t_id="190">-</token>
<token number="190" sentence="6" t_id="191">Mart</token>
<token number="191" sentence="6" t_id="192">at</token>
<token number="192" sentence="6" t_id="193">15</token>
<token number="193" sentence="6" t_id="194">percent</token>
<token number="194" sentence="6" t_id="195">,</token>
<token number="195" sentence="6" t_id="196">followed</token>
<token number="196" sentence="6" t_id="197">by</token>
<token number="197" sentence="6" t_id="198">Best</token>
<token number="198" sentence="6" t_id="199">Buy</token>
<token number="199" sentence="6" t_id="200">at</token>
<token number="200" sentence="6" t_id="201">13</token>
<token number="201" sentence="6" t_id="202">percent</token>
<token number="202" sentence="6" t_id="203">.</token>
<token number="203" sentence="7" t_id="204">Rounding</token>
<token number="204" sentence="7" t_id="205">out</token>
<token number="205" sentence="7" t_id="206">the</token>
<token number="206" sentence="7" t_id="207">top</token>
<token number="207" sentence="7" t_id="208">five</token>
<token number="208" sentence="7" t_id="209">were</token>
<token number="209" sentence="7" t_id="210">Amazon.com</token>
<token number="210" sentence="7" t_id="211">and</token>
<token number="211" sentence="7" t_id="212">Target</token>
<token number="212" sentence="7" t_id="213">at</token>
<token number="213" sentence="7" t_id="214">6</token>
<token number="214" sentence="7" t_id="215">percent</token>
<token number="215" sentence="7" t_id="216">each</token>
<token number="216" sentence="7" t_id="217">.</token>
<Markables>
<ENTITY_MENTION comment="" head="iTunes" m_id="29" syntactic_type="NAM">
<token_anchor t_id="1"/>
<token_anchor t_id="2"/>
<token_anchor t_id="3"/>
</ENTITY_MENTION>
<ENTITY_MENTION comment="" head="Wal - Mart" m_id="30" syntactic_type="NAM">
<token_anchor t_id="34"/>
<token_anchor t_id="35"/>
<token_anchor t_id="36"/>
</ENTITY_MENTION>
<ENTITY_MENTION comment="" head="Apple" m_id="31" syntactic_type="NAM">
<token_anchor t_id="1"/>
</ENTITY_MENTION>
<ENTITY_MENTION comment="" head="music service" m_id="32" syntactic_type="NOM">
<token_anchor t_id="24"/>
<token_anchor t_id="25"/>
<token_anchor t_id="26"/>
<token_anchor t_id="27"/>
<token_anchor t_id="28"/>
<token_anchor t_id="29"/>
<token_anchor t_id="30"/>
</ENTITY_MENTION>
<ENTITY_MENTION comment="" head="Apple" m_id="33" syntactic_type="NAM">
<token_anchor t_id="110"/>
</ENTITY_MENTION>
<ENTITY_MENTION comment="" head="" m_id="1" syntactic_type="APP">
<token_anchor t_id="56"/>
<token_anchor t_id="57"/>
<token_anchor t_id="58"/>
<token_anchor t_id="59"/>
<token_anchor t_id="60"/>
<token_anchor t_id="61"/>
<token_anchor t_id="62"/>
</ENTITY_MENTION>
<ENTITY_MENTION comment="" head="U.S." m_id="34" syntactic_type="NAM">
<token_anchor t_id="11"/>
</ENTITY_MENTION>
<ENTITY_MENTION comment="" head="Best Buy" m_id="2" syntactic_type="NAM">
<token_anchor t_id="118"/>
<token_anchor t_id="119"/>
</ENTITY_MENTION>
<ENTITY_MENTION comment="" head="" m_id="3" syntactic_type="APP">
<token_anchor t_id="115"/>
<token_anchor t_id="116"/>
<token_anchor t_id="117"/>
<token_anchor t_id="118"/>
<token_anchor t_id="119"/>
</ENTITY_MENTION>
<ENTITY_MENTION comment="" head="iTunes store" m_id="35" syntactic_type="NAM">
<token_anchor t_id="110"/>
<token_anchor t_id="111"/>
<token_anchor t_id="112"/>
<token_anchor t_id="113"/>
</ENTITY_MENTION>
<ENTITY_MENTION comment="" head="market research firm" m_id="4" syntactic_type="NOM">
<token_anchor t_id="59"/>
<token_anchor t_id="60"/>
<token_anchor t_id="61"/>
<token_anchor t_id="62"/>
</ENTITY_MENTION>
<ENTITY_MENTION comment="" head="United States" m_id="36" syntactic_type="NAM">
<token_anchor t_id="45"/>
<token_anchor t_id="46"/>
<token_anchor t_id="47"/>
</ENTITY_MENTION>
<ENTITY_MENTION comment="" head="its" m_id="5" syntactic_type="PRO">
<token_anchor t_id="21"/>
</ENTITY_MENTION>
<ENTITY_MENTION comment="" head="report" m_id="37" syntactic_type="NOM">
<token_anchor t_id="132"/>
<token_anchor t_id="133"/>
<token_anchor t_id="134"/>
<token_anchor t_id="135"/>
<token_anchor t_id="136"/>
<token_anchor t_id="137"/>
<token_anchor t_id="138"/>
</ENTITY_MENTION>
<ENTITY_MENTION comment="" head="U.S." m_id="6" syntactic_type="NAM">
<token_anchor t_id="115"/>
</ENTITY_MENTION>
<ENTITY_MENTION comment="" head="" m_id="38" syntactic_type="NOM">
<token_anchor t_id="115"/>
<token_anchor t_id="116"/>
<token_anchor t_id="117"/>
</ENTITY_MENTION>
<ENTITY_MENTION comment="" head="music retailer" m_id="7" syntactic_type="NOM">
<token_anchor t_id="121"/>
<token_anchor t_id="122"/>
<token_anchor t_id="123"/>
<token_anchor t_id="124"/>
<token_anchor t_id="125"/>
<token_anchor t_id="126"/>
</ENTITY_MENTION>
<ENTITY_MENTION comment="" head="" m_id="39" syntactic_type="APP">
<token_anchor t_id="153"/>
<token_anchor t_id="154"/>
<token_anchor t_id="155"/>
<token_anchor t_id="156"/>
<token_anchor t_id="157"/>
<token_anchor t_id="158"/>
<token_anchor t_id="159"/>
<token_anchor t_id="160"/>
</ENTITY_MENTION>
<ENTITY_MENTION comment="" head="U.S." m_id="8" syntactic_type="NAM">
<token_anchor t_id="124"/>
</ENTITY_MENTION>
<ENTITY_MENTION comment="" head="NPD Group" m_id="40" syntactic_type="NAM">
<token_anchor t_id="56"/>
<token_anchor t_id="57"/>
</ENTITY_MENTION>
<ENTITY_MENTION comment="" head="No. 1 music seller" m_id="9" syntactic_type="NOM">
<token_anchor t_id="39"/>
<token_anchor t_id="40"/>
<token_anchor t_id="41"/>
<token_anchor t_id="42"/>
<token_anchor t_id="43"/>
</ENTITY_MENTION>
<ENTITY_MENTION comment="" head="Ars Technica" m_id="10" syntactic_type="NAM">
<token_anchor t_id="137"/>
<token_anchor t_id="138"/>
</ENTITY_MENTION>
<ENTITY_MENTION comment="" head="memo" m_id="11" syntactic_type="NOM">
<token_anchor t_id="140"/>
<token_anchor t_id="141"/>
<token_anchor t_id="142"/>
<token_anchor t_id="143"/>
<token_anchor t_id="144"/>
</ENTITY_MENTION>
<ENTITY_MENTION comment="" head="firm" m_id="12" syntactic_type="NOM">
<token_anchor t_id="64"/>
<token_anchor t_id="65"/>
</ENTITY_MENTION>
<ENTITY_MENTION comment="" head="Apple" m_id="13" syntactic_type="NAM">
<token_anchor t_id="144"/>
</ENTITY_MENTION>
<ENTITY_MENTION comment="" head="songs" m_id="14" syntactic_type="NOM">
<token_anchor t_id="67"/>
<token_anchor t_id="68"/>
<token_anchor t_id="69"/>
<token_anchor t_id="70"/>
<token_anchor t_id="71"/>
</ENTITY_MENTION>
<ENTITY_MENTION comment="" head="company" m_id="15" syntactic_type="NOM">
<token_anchor t_id="146"/>
<token_anchor t_id="147"/>
</ENTITY_MENTION>
<ENTITY_MENTION comment="" head="iTunes store" m_id="16" syntactic_type="NAM">
<token_anchor t_id="76"/>
<token_anchor t_id="77"/>
<token_anchor t_id="78"/>
</ENTITY_MENTION>
<ENTITY_MENTION comment="" head="Wal - Mart" m_id="17" syntactic_type="NAM">
<token_anchor t_id="149"/>
<token_anchor t_id="150"/>
<token_anchor t_id="151"/>
</ENTITY_MENTION>
<ENTITY_MENTION comment="" head="its" m_id="18" syntactic_type="PRO">
<token_anchor t_id="80"/>
</ENTITY_MENTION>
<ENTITY_MENTION comment="" head="U.S." m_id="19" syntactic_type="NAM">
<token_anchor t_id="155"/>
</ENTITY_MENTION>
<ENTITY_MENTION comment="" head="seller" m_id="20" syntactic_type="NOM">
<token_anchor t_id="153"/>
<token_anchor t_id="154"/>
<token_anchor t_id="155"/>
<token_anchor t_id="156"/>
<token_anchor t_id="157"/>
</ENTITY_MENTION>
<ENTITY_MENTION comment="" head="" m_id="21" syntactic_type="NAM">
<token_anchor t_id="24"/>
<token_anchor t_id="25"/>
<token_anchor t_id="26"/>
<token_anchor t_id="27"/>
</ENTITY_MENTION>
<ENTITY_MENTION comment="" head="iTunes store" m_id="22" syntactic_type="NAM">
<token_anchor t_id="90"/>
<token_anchor t_id="91"/>
<token_anchor t_id="92"/>
</ENTITY_MENTION>
<ENTITY_MENTION comment="" head="musics" m_id="23" syntactic_type="NOM">
<token_anchor t_id="99"/>
<token_anchor t_id="100"/>
</ENTITY_MENTION>
<ENTITY_MENTION comment="" head="Wal - Mart" m_id="24" syntactic_type="NAM">
<token_anchor t_id="158"/>
<token_anchor t_id="159"/>
<token_anchor t_id="160"/>
</ENTITY_MENTION>
<ENTITY_MENTION comment="" head="Wal - Mart" m_id="25" syntactic_type="NAM">
<token_anchor t_id="5"/>
<token_anchor t_id="6"/>
<token_anchor t_id="7"/>
</ENTITY_MENTION>
<ENTITY_MENTION comment="" head="Apple Computer" m_id="26" syntactic_type="NAM">
<token_anchor t_id="24"/>
<token_anchor t_id="25"/>
</ENTITY_MENTION>
<ENTITY_MENTION comment="" head="music seller" m_id="27" syntactic_type="NOM">
<token_anchor t_id="9"/>
<token_anchor t_id="10"/>
<token_anchor t_id="11"/>
<token_anchor t_id="12"/>
<token_anchor t_id="13"/>
</ENTITY_MENTION>
<ENTITY_MENTION comment="" head="NPD" m_id="28" syntactic_type="NAM">
<token_anchor t_id="103"/>
</ENTITY_MENTION>
<EVENT_MENTION aspect="NONE" certainty="CERTAIN" comment="" m_id="41" modality="" polarity="POS" pos="" pred="" special_cases="NONE" tense="INFINITIVE" time="NON_FUTURE">
<token_anchor t_id="38"/>
</EVENT_MENTION>
<EVENT_MENTION aspect="" certainty="CERTAIN" comment="" m_id="42" modality="" polarity="POS" pos="" pred="" special_cases="NONE" tense="" time="NON_FUTURE">
<token_anchor t_id="114"/>
</EVENT_MENTION>
<EVENT_MENTION aspect="NONE" certainty="CERTAIN" comment="" m_id="43" modality="" polarity="POS" pos="VERB" pred="release" special_cases="NONE" tense="PAST" time="NON_FUTURE">
<token_anchor t_id="52"/>
</EVENT_MENTION>
<EVENT_MENTION aspect="NONE" certainty="CERTAIN" comment="" m_id="44" modality="" polarity="POS" pos="VERB" pred="say" special_cases="NONE" tense="PAST" time="NON_FUTURE">
<token_anchor t_id="66"/>
</EVENT_MENTION>
<EVENT_MENTION aspect="" certainty="CERTAIN" comment="" m_id="45" modality="" polarity="POS" pos="NOUN" pred="launch" special_cases="NONE" tense="" time="NON_FUTURE">
<token_anchor t_id="81"/>
</EVENT_MENTION>
<EVENT_MENTION aspect="" certainty="CERTAIN" comment="" m_id="46" modality="" polarity="POS" pos="" pred="" special_cases="NONE" tense="" time="NON_FUTURE">
<token_anchor t_id="145"/>
</EVENT_MENTION>
<EVENT_MENTION aspect="" certainty="CERTAIN" comment="" m_id="47" modality="" polarity="POS" pos="" pred="" special_cases="NONE" tense="" time="NON_FUTURE">
<token_anchor t_id="101"/>
</EVENT_MENTION>
<EVENT_MENTION aspect="" certainty="CERTAIN" comment="" m_id="48" modality="" polarity="POS" pos="VERB" pred="" special_cases="NONE" tense="" time="NON_FUTURE">
<token_anchor t_id="4"/>
</EVENT_MENTION>
<EVENT_MENTION aspect="" certainty="CERTAIN" comment="" m_id="49" modality="" polarity="POS" pos="" pred="" special_cases="NONE" tense="" time="NON_FUTURE">
<token_anchor t_id="148"/>
</EVENT_MENTION>
<EVENT_MENTION aspect="NONE" certainty="CERTAIN" comment="" m_id="50" modality="" polarity="POS" pos="VERB" pred="" special_cases="NONE" tense="PRESENT" time="NON_FUTURE">
<token_anchor t_id="93"/>
<token_anchor t_id="94"/>
</EVENT_MENTION>
<EVENT_MENTION aspect="" certainty="CERTAIN" comment="" m_id="51" modality="" polarity="POS" pos="" pred="" special_cases="NONE" tense="" time="NON_FUTURE">
<token_anchor t_id="74"/>
<token_anchor t_id="93"/>
<token_anchor t_id="94"/>
</EVENT_MENTION>
<EVENT_MENTION aspect="" certainty="CERTAIN" comment="" m_id="52" modality="" polarity="POS" pos="VERB" pred="download" special_cases="NONE" tense="PASTPART" time="NON_FUTURE">
<token_anchor t_id="74"/>
</EVENT_MENTION>
<EVENT_MENTION aspect="NONE" certainty="CERTAIN" comment="" m_id="53" modality="" polarity="POS" pos="NOUN" pred="" special_cases="NONE" tense="PRESENT" time="NON_FUTURE">
<token_anchor t_id="22"/>
</EVENT_MENTION>
<EVENT_MENTION aspect="NONE" certainty="CERTAIN" comment="" m_id="54" modality="" polarity="POS" pos="VERB" pred="pass" special_cases="NONE" tense="PAST" time="NON_FUTURE">
<token_anchor t_id="33"/>
</EVENT_MENTION>
<EVENT_MENTION aspect="" certainty="CERTAIN" comment="" m_id="55" modality="" polarity="POS" pos="" pred="" special_cases="NONE" tense="" time="NON_FUTURE">
<token_anchor t_id="104"/>
</EVENT_MENTION>
<SIGNAL comment="" m_id="61">
<token_anchor t_id="79"/>
</SIGNAL>
<SIGNAL comment="" m_id="62">
<token_anchor t_id="20"/>
</SIGNAL>
<SIGNAL comment="" m_id="56">
<token_anchor t_id="31"/>
</SIGNAL>
<SIGNAL comment="" m_id="57">
<token_anchor t_id="127"/>
</SIGNAL>
<SIGNAL comment="" m_id="58">
<token_anchor t_id="161"/>
</SIGNAL>
<SIGNAL comment="" m_id="59">
<token_anchor t_id="82"/>
</SIGNAL>
<SIGNAL comment="" m_id="60">
<token_anchor t_id="86"/>
<token_anchor t_id="87"/>
</SIGNAL>
<TIMEX3 anchorTimeID="67" beginPoint="" comment="" endPoint="" functionInDocument="NONE" m_id="63" type="DATE" value="2007">
<token_anchor t_id="128"/>
</TIMEX3>
<TIMEX3 anchorTimeID="67" beginPoint="" comment="" endPoint="" functionInDocument="NONE" m_id="64" type="DATE" value="2003">
<token_anchor t_id="83"/>
</TIMEX3>
<TIMEX3 anchorTimeID="67" beginPoint="" comment="" endPoint="" functionInDocument="NONE" m_id="65" type="DATE" value="2008-04-02">
<token_anchor t_id="133"/>
<token_anchor t_id="134"/>
</TIMEX3>
<TIMEX3 anchorTimeID="67" beginPoint="" comment="" endPoint="" functionInDocument="NONE" m_id="66" type="DATE" value="2008-02">
<token_anchor t_id="88"/>
</TIMEX3>
<TIMEX3 anchorTimeID="" beginPoint="" comment="" endPoint="" functionInDocument="CREATION_TIME" m_id="67" type="DATE" value="2008-04-09">
<token_anchor t_id="14"/>
<token_anchor t_id="15"/>
<token_anchor t_id="16"/>
<token_anchor t_id="17"/>
</TIMEX3>
<TIMEX3 anchorTimeID="67" beginPoint="" comment="" endPoint="" functionInDocument="NONE" m_id="68" type="DATE" value="2008">
<token_anchor t_id="162"/>
<token_anchor t_id="163"/>
<token_anchor t_id="164"/>
<token_anchor t_id="165"/>
<token_anchor t_id="166"/>
</TIMEX3>
<TIMEX3 anchorTimeID="" beginPoint="74" comment="" endPoint="70" functionInDocument="NONE" m_id="69" type="DURATION" value="P5Y">
<token_anchor t_id="18"/>
<token_anchor t_id="19"/>
</TIMEX3>
<TIMEX3 anchorTimeID="67" beginPoint="" comment="" endPoint="" functionInDocument="NONE" m_id="70" type="DATE" value="2008-02">
<token_anchor t_id="32"/>
</TIMEX3>
<TIMEX3 anchorTimeID="67" beginPoint="" comment="" endPoint="" functionInDocument="NONE" m_id="71" type="DATE" value="2008-04-03">
<token_anchor t_id="53"/>
<token_anchor t_id="54"/>
</TIMEX3>
<VALUE comment="" m_id="72" type="PERCENT">
<token_anchor t_id="95"/>
<token_anchor t_id="96"/>
</VALUE>
<VALUE comment="" m_id="73" type="QUANTITY">
<token_anchor t_id="67"/>
<token_anchor t_id="68"/>
<token_anchor t_id="69"/>
<token_anchor t_id="70"/>
</VALUE>
<TIMEX3 TAG_DESCRIPTOR="2003" anchorTimeID="" beginPoint="" comment="" endPoint="" functionInDocument="NONE" m_id="74" type="DATE" value="2003"/>
<EVENT TAG_DESCRIPTOR="pass" class="OTHER" comment="" external_ref="" m_id="86"/>
<EVENT TAG_DESCRIPTOR="become" class="GRAMMATICAL" comment="" external_ref="" m_id="87"/>
<EVENT TAG_DESCRIPTOR="release" class="OTHER" comment="" external_ref="" m_id="88"/>
<EVENT TAG_DESCRIPTOR="say" class="SPEECH_COGNITIVE" comment="" external_ref="" m_id="89"/>
<EVENT TAG_DESCRIPTOR="download" class="OTHER" comment="" external_ref="" m_id="90"/>
<EVENT TAG_DESCRIPTOR="sale" class="OTHER" comment="" external_ref="" m_id="92"/>
<EVENT TAG_DESCRIPTOR="show" class="OTHER" comment="" external_ref="" m_id="93"/>
<EVENT TAG_DESCRIPTOR="download+account" class="MIX" comment="" external_ref="" m_id="95"/>
<EVENT TAG_DESCRIPTOR="replace" class="OTHER" comment="" external_ref="" m_id="97"/>
<EVENT TAG_DESCRIPTOR="pass-SE - (iTunes Store)" class="OTHER" external_ref="pass.02" instance_id="OTH57471357879871348" m_id="120"/>
<EVENT TAG_DESCRIPTOR="pass-SE - (iTunes Store)" class="OTHER" external_ref="pass.02" instance_id="OTH57471574702555715" m_id="121"/><EVENT TAG_DESCRIPTOR="account-SE - (iTunes store)" class="OTHER" external_ref="account.01" instance_id="OTH57276951165233832" m_id="122"/>
<ENTITY TAG_DESCRIPTOR="iTunes music store" ent_type="PRO" external_ref="http://dbpedia.org/resource/ITunes_Store" instance_id="PRO19274271475601598" m_id="123"/><EVENT TAG_DESCRIPTOR="launch (iTunes store)" class="OTHER" external_ref="launch.01" instance_id="OTH57180939930115798" m_id="124"/>
<ENTITY TAG_DESCRIPTOR="internal memo at Apple" ent_type="PRO" instance_id="PRO55760271615749101" m_id="146"/><ENTITY TAG_DESCRIPTOR="Best Buy" ent_type="ORG" external_ref="http://dbpedia.org/resource/Best_Buy" instance_id="ORG55760065022744487" m_id="147"/>
<ENTITY TAG_DESCRIPTOR="NPD Group" ent_type="ORG" external_ref="http://dbpedia.org/resource/NPD_Group" instance_id="ORG55760098451618536" m_id="148"/><ENTITY TAG_DESCRIPTOR="Wal-Mart" ent_type="ORG" instance_id="ORG25409574000544790" m_id="149"/>
<ENTITY TAG_DESCRIPTOR="APPLE" ent_type="ORG" external_ref="http://dbpedia.org/resource/Apple_Inc." instance_id="ORG19274271187160719" m_id="150"/><ENTITY TAG_DESCRIPTOR="No 1 US music seller" ent_type="PRO" instance_id="PRO56147251202125942" m_id="151"/>
<ENTITY TAG_DESCRIPTOR="No 2 US music seller" ent_type="PRO" instance_id="PRO56147275615439098" m_id="152"/><ENTITY TAG_DESCRIPTOR="Ars Technica" ent_type="PRO" external_ref="http://dbpedia.org/resource/Ars_Technica" instance_id="PRO55760148408136115" m_id="153"/>
<ENTITY TAG_DESCRIPTOR="report in Ars Technica" ent_type="PRO" instance_id="PRO55760301009673938" m_id="154"/><ENTITY TAG_DESCRIPTOR="United States of America " ent_type="LOC" external_ref="http://dbpedia.org/resource/United_States" instance_id="LOC27735327659249054" m_id="155"/>
<ENTITY TAG_DESCRIPTOR="4 billion songs" ent_type="PRO" instance_id="PRO56147418383194168" m_id="156"/><EVENT_MENTION m_id="157">
  <token_anchor t_id="180"/>
</EVENT_MENTION>
<ENTITY_MENTION m_id="158">
  <token_anchor t_id="177"/>
  <token_anchor t_id="178"/>
  <token_anchor t_id="179"/>
</ENTITY_MENTION>
<EVENT TAG_DESCRIPTOR="held-SE - (iTunes store)" class="OTHER" external_ref="hold.01" instance_id="OTH57275920214328459" m_id="159"/></Markables>
<Relations>
<HAS_PARTICIPANT comment="" r_id="361674" sem_role="Arg1" sem_role_framework="PROPBANK">
<source m_id="53"/>
<target m_id="5"/>
</HAS_PARTICIPANT>
<HAS_PARTICIPANT comment="" r_id="361675" sem_role="Arg0" sem_role_framework="PROPBANK">
<source m_id="54"/>
<target m_id="32"/>
</HAS_PARTICIPANT>
<HAS_PARTICIPANT comment="" r_id="361676" sem_role="Arg1" sem_role_framework="PROPBANK">
<source m_id="54"/>
<target m_id="30"/>
</HAS_PARTICIPANT>
<HAS_PARTICIPANT comment="" r_id="361677" sem_role="Arg1" sem_role_framework="PROPBANK">
<source m_id="41"/>
<target m_id="32"/>
</HAS_PARTICIPANT>
<HAS_PARTICIPANT comment="" r_id="361678" sem_role="Arg2" sem_role_framework="PROPBANK">
<source m_id="41"/>
<target m_id="9"/>
</HAS_PARTICIPANT>
<HAS_PARTICIPANT comment="" r_id="361679" sem_role="Argm-LOC" sem_role_framework="PROPBANK">
<source m_id="41"/>
<target m_id="36"/>
</HAS_PARTICIPANT>
<HAS_PARTICIPANT comment="" r_id="361680" sem_role="Arg0" sem_role_framework="PROPBANK">
<source m_id="43"/>
<target m_id="1"/>
</HAS_PARTICIPANT>
<HAS_PARTICIPANT comment="" r_id="361681" sem_role="Arg0" sem_role_framework="PROPBANK">
<source m_id="44"/>
<target m_id="12"/>
</HAS_PARTICIPANT>
<HAS_PARTICIPANT comment="" r_id="361682" sem_role="Arg1" sem_role_framework="PROPBANK">
<source m_id="52"/>
<target m_id="14"/>
</HAS_PARTICIPANT>
<HAS_PARTICIPANT comment="" r_id="361683" sem_role="Argm-OTHER" sem_role_framework="PROPBANK">
<source m_id="52"/>
<target m_id="16"/>
</HAS_PARTICIPANT>
<HAS_PARTICIPANT comment="" r_id="361684" sem_role="Arg1" sem_role_framework="PROPBANK">
<source m_id="45"/>
<target m_id="18"/>
</HAS_PARTICIPANT>
<HAS_PARTICIPANT comment="" r_id="361685" sem_role="Arg0" sem_role_framework="PROPBANK">
<source m_id="50"/>
<target m_id="22"/>
</HAS_PARTICIPANT>
<HAS_PARTICIPANT comment="" r_id="361686" sem_role="Arg1" sem_role_framework="PROPBANK">
<source m_id="47"/>
<target m_id="23"/>
</HAS_PARTICIPANT>
<HAS_PARTICIPANT comment="" r_id="361687" sem_role="Arg0" sem_role_framework="PROPBANK">
<source m_id="55"/>
<target m_id="28"/>
</HAS_PARTICIPANT>
<HAS_PARTICIPANT comment="" r_id="361688" sem_role="Arg0" sem_role_framework="PROPBANK">
<source m_id="42"/>
<target m_id="35"/>
</HAS_PARTICIPANT>
<HAS_PARTICIPANT comment="" r_id="361689" sem_role="Arg1" sem_role_framework="PROPBANK">
<source m_id="42"/>
<target m_id="3"/>
</HAS_PARTICIPANT>
<HAS_PARTICIPANT comment="" r_id="361690" sem_role="Argm-OTHER" sem_role_framework="PROPBANK">
<source m_id="42"/>
<target m_id="7"/>
</HAS_PARTICIPANT>
<HAS_PARTICIPANT comment="" r_id="361691" sem_role="Arg0" sem_role_framework="PROPBANK">
<source m_id="46"/>
<target m_id="11"/>
</HAS_PARTICIPANT>
<HAS_PARTICIPANT comment="" r_id="361692" sem_role="Arg0" sem_role_framework="PROPBANK">
<source m_id="49"/>
<target m_id="15"/>
</HAS_PARTICIPANT>
<HAS_PARTICIPANT comment="" r_id="361693" sem_role="Arg1" sem_role_framework="PROPBANK">
<source m_id="49"/>
<target m_id="17"/>
</HAS_PARTICIPANT>
<HAS_PARTICIPANT comment="" r_id="361694" sem_role="Argm-OTHER" sem_role_framework="PROPBANK">
<source m_id="49"/>
<target m_id="20"/>
</HAS_PARTICIPANT>
<SLINK comment="" r_id="361695">
<source m_id="44"/>
<target m_id="51"/>
</SLINK>
<SLINK comment="" r_id="361696">
<source m_id="55"/>
<target m_id="42"/>
</SLINK>
<TLINK comment="" r_id="361697" reltype="BEFORE" signalID="">
<source m_id="54"/>
<target m_id="67"/>
</TLINK>
<TLINK comment="" r_id="361698" reltype="BEFORE" signalID="">
<source m_id="44"/>
<target m_id="67"/>
</TLINK>
<TLINK comment="" r_id="361699" reltype="BEFORE" signalID="">
<source m_id="52"/>
<target m_id="67"/>
</TLINK>
<TLINK comment="" r_id="361700" reltype="IS_INCLUDED" signalID="">
<source m_id="50"/>
<target m_id="67"/>
</TLINK>
<TLINK comment="" r_id="361701" reltype="BEFORE" signalID="">
<source m_id="55"/>
<target m_id="67"/>
</TLINK>
<TLINK comment="" r_id="361702" reltype="IS_INCLUDED" signalID="">
<source m_id="42"/>
<target m_id="67"/>
</TLINK>
<TLINK comment="" r_id="361703" reltype="BEFORE" signalID="">
<source m_id="46"/>
<target m_id="67"/>
</TLINK>
<TLINK comment="" r_id="361704" reltype="BEFORE" signalID="">
<source m_id="49"/>
<target m_id="67"/>
</TLINK>
<TLINK comment="" r_id="361705" reltype="BEFORE" signalID="">
<source m_id="54"/>
<target m_id="44"/>
</TLINK>
<TLINK comment="" r_id="361706" reltype="SIMULTANEOUS" signalID="">
<source m_id="44"/>
<target m_id="55"/>
</TLINK>
<TLINK comment="" r_id="361707" reltype="AFTER" signalID="">
<source m_id="55"/>
<target m_id="46"/>
</TLINK>
<TLINK comment="" r_id="361708" reltype="BEFORE" signalID="">
<source m_id="54"/>
<target m_id="41"/>
</TLINK>
<TLINK comment="" r_id="361709" reltype="AFTER" signalID="">
<source m_id="44"/>
<target m_id="52"/>
</TLINK>
<TLINK comment="" r_id="361710" reltype="BEFORE" signalID="">
<source m_id="55"/>
<target m_id="42"/>
</TLINK>
<TLINK comment="" r_id="361711" reltype="AFTER" signalID="">
<source m_id="46"/>
<target m_id="49"/>
</TLINK>
<TLINK comment="" r_id="361712" reltype="BEFORE" signalID="62">
<source m_id="53"/>
<target m_id="69"/>
</TLINK>
<TLINK comment="" r_id="361713" reltype="IS_INCLUDED" signalID="56">
<source m_id="54"/>
<target m_id="70"/>
</TLINK>
<TLINK comment="" r_id="361714" reltype="IS_INCLUDED" signalID="">
<source m_id="43"/>
<target m_id="71"/>
</TLINK>
<TLINK comment="" r_id="361715" reltype="IS_INCLUDED" signalID="59">
<source m_id="45"/>
<target m_id="64"/>
</TLINK>
<TLINK comment="" r_id="361716" reltype="IS_INCLUDED" signalID="">
<source m_id="50"/>
<target m_id="66"/>
</TLINK>
<TLINK comment="" r_id="361717" reltype="IS_INCLUDED" signalID="57">
<source m_id="42"/>
<target m_id="63"/>
</TLINK>








<TLINK comment="" r_id="361738" reltype="IS_INCLUDED" signalID="">
<source m_id="49"/>
<target m_id="68"/>
</TLINK>

<HAS_PARTICIPANT comment="" r_id="361741" sem_role="Arg1" sem_role_framework="PROPBANK">
<source m_id="48"/>
<target m_id="29"/>
</HAS_PARTICIPANT>
<HAS_PARTICIPANT comment="" r_id="361742" sem_role="Arg2" sem_role_framework="PROPBANK">
<source m_id="48"/>
<target m_id="25"/>
</HAS_PARTICIPANT>
<HAS_PARTICIPANT comment="" r_id="361743" sem_role="Argm-OTHER" sem_role_framework="PROPBANK">
<source m_id="48"/>
<target m_id="27"/>
</HAS_PARTICIPANT>
















<REFERS_TO r_id="361760">
<source m_id="9"/>
<source m_id="20"/>
<target m_id="151"/>
</REFERS_TO>
<REFERS_TO r_id="361761">
<source m_id="31"/>
<source m_id="33"/>
<source m_id="13"/>
<source m_id="15"/>
<source m_id="26"/>
<target m_id="150"/>
</REFERS_TO>
<REFERS_TO r_id="361762">
<source m_id="10"/>
<target m_id="153"/>
</REFERS_TO>
<REFERS_TO r_id="361763">
<source m_id="7"/>
<target m_id="152"/>
</REFERS_TO>
<REFERS_TO r_id="361764">
<source m_id="34"/>
<source m_id="36"/>
<source m_id="6"/>
<source m_id="8"/>
<source m_id="19"/>
<target m_id="155"/>
</REFERS_TO>
<REFERS_TO r_id="361765">
<source m_id="37"/>
<target m_id="154"/>
</REFERS_TO>
<REFERS_TO r_id="361766">
<source m_id="14"/>
<source m_id="23"/>
<target m_id="156"/>
</REFERS_TO>
<REFERS_TO r_id="361767">
<source m_id="157"/>
<target m_id="159"/>
</REFERS_TO>
<REFERS_TO r_id="361768">
<source m_id="43"/>
<target m_id="88"/>
</REFERS_TO>
<REFERS_TO r_id="361769">
<source m_id="44"/>
<source m_id="55"/>
<target m_id="89"/>
</REFERS_TO>
<REFERS_TO r_id="361770">
<source m_id="49"/>
<target m_id="86"/>
</REFERS_TO>
<REFERS_TO r_id="361771">
<source m_id="41"/>
<target m_id="87"/>
</REFERS_TO>
<REFERS_TO r_id="361772">
<source m_id="11"/>
<target m_id="146"/>
</REFERS_TO>
<REFERS_TO r_id="361773">
<source m_id="2"/>
<source m_id="3"/>
<source m_id="38"/>
<target m_id="147"/>
</REFERS_TO>
<REFERS_TO r_id="361774">
<source m_id="1"/>
<source m_id="4"/>
<source m_id="40"/>
<source m_id="12"/>
<source m_id="28"/>
<target m_id="148"/>
</REFERS_TO>
<REFERS_TO r_id="361775">
<source m_id="30"/>
<source m_id="39"/>
<source m_id="17"/>
<source m_id="24"/>
<source m_id="25"/>
<target m_id="149"/>
</REFERS_TO>
<REFERS_TO r_id="361776">
<source m_id="54"/>
<target m_id="120"/>
</REFERS_TO>
<REFERS_TO r_id="361777">
<source m_id="42"/>
<target m_id="121"/>
</REFERS_TO>
<REFERS_TO r_id="361778">
<source m_id="50"/>
<target m_id="122"/>
</REFERS_TO>
<REFERS_TO r_id="361779">
<source m_id="29"/>
<source m_id="32"/>
<source m_id="35"/>
<source m_id="5"/>
<source m_id="16"/>
<source m_id="18"/>
<source m_id="21"/>
<source m_id="22"/>
<source m_id="27"/>
<source m_id="158"/>
<target m_id="123"/>
</REFERS_TO>
<REFERS_TO r_id="361780">
<source m_id="45"/>
<source m_id="53"/>
<target m_id="124"/>
</REFERS_TO>
<REFERS_TO r_id="361781">
<source m_id="52"/>
<target m_id="90"/>
</REFERS_TO>
<REFERS_TO r_id="361782">
<source m_id="46"/>
<target m_id="93"/>
</REFERS_TO>
<REFERS_TO r_id="361783">
<source m_id="47"/>
<target m_id="92"/>
</REFERS_TO>
<REFERS_TO r_id="361784">
<source m_id="51"/>
<target m_id="95"/>
</REFERS_TO>
<REFERS_TO r_id="361785">
<source m_id="48"/>
<target m_id="97"/>
</REFERS_TO>
</Relations>
</Document>