<?xml version="1.0" ?><Document doc_id="10450" doc_name="10450_Apple_Computer_CEO" lang="en" url="http://en.wikinews.org/wiki/Apple_Computer_CEO_Steve_Jobs_gives_opening_keynote_to_WWDC_2005">
<token number="0" sentence="0" t_id="1">Apple</token>
<token number="1" sentence="0" t_id="2">Computer</token>
<token number="2" sentence="0" t_id="3">CEO</token>
<token number="3" sentence="0" t_id="4">Steve</token>
<token number="4" sentence="0" t_id="5">Jobs</token>
<token number="5" sentence="0" t_id="6">gives</token>
<token number="6" sentence="0" t_id="7">opening</token>
<token number="7" sentence="0" t_id="8">keynote</token>
<token number="8" sentence="0" t_id="9">to</token>
<token number="9" sentence="0" t_id="10">WWDC</token>
<token number="10" sentence="0" t_id="11">2005</token>
<token number="11" sentence="1" t_id="12">June</token>
<token number="12" sentence="1" t_id="13">6</token>
<token number="13" sentence="1" t_id="14">,</token>
<token number="14" sentence="1" t_id="15">2005</token>
<token number="15" sentence="2" t_id="16">Apple</token>
<token number="16" sentence="2" t_id="17">Computer</token>
<token number="17" sentence="2" t_id="18">CEO</token>
<token number="18" sentence="2" t_id="19">and</token>
<token number="19" sentence="2" t_id="20">co-founder</token>
<token number="20" sentence="2" t_id="21">Steve</token>
<token number="21" sentence="2" t_id="22">Jobs</token>
<token number="22" sentence="2" t_id="23">gave</token>
<token number="23" sentence="2" t_id="24">his</token>
<token number="24" sentence="2" t_id="25">annual</token>
<token number="25" sentence="2" t_id="26">opening</token>
<token number="26" sentence="2" t_id="27">keynote</token>
<token number="27" sentence="2" t_id="28">to</token>
<token number="28" sentence="2" t_id="29">the</token>
<token number="29" sentence="2" t_id="30">World</token>
<token number="30" sentence="2" t_id="31">Wide</token>
<token number="31" sentence="2" t_id="32">Developers</token>
<token number="32" sentence="2" t_id="33">Conference</token>
<token number="33" sentence="2" t_id="34">(</token>
<token number="34" sentence="2" t_id="35">WWDC</token>
<token number="35" sentence="2" t_id="36">)</token>
<token number="36" sentence="2" t_id="37">at</token>
<token number="37" sentence="2" t_id="38">Moscone</token>
<token number="38" sentence="2" t_id="39">Center</token>
<token number="39" sentence="2" t_id="40">in</token>
<token number="40" sentence="2" t_id="41">San</token>
<token number="41" sentence="2" t_id="42">Francisco</token>
<token number="42" sentence="2" t_id="43">,</token>
<token number="43" sentence="2" t_id="44">California</token>
<token number="44" sentence="2" t_id="45">on</token>
<token number="45" sentence="2" t_id="46">Monday</token>
<token number="46" sentence="2" t_id="47">.</token>
<token number="47" sentence="3" t_id="48">He</token>
<token number="48" sentence="3" t_id="49">announced</token>
<token number="49" sentence="3" t_id="50">a</token>
<token number="50" sentence="3" t_id="51">seamless</token>
<token number="51" sentence="3" t_id="52">integration</token>
<token number="52" sentence="3" t_id="53">of</token>
<token number="53" sentence="3" t_id="54">podcasting</token>
<token number="54" sentence="3" t_id="55">with</token>
<token number="55" sentence="3" t_id="56">iTunes</token>
<token number="56" sentence="3" t_id="57">,</token>
<token number="57" sentence="3" t_id="58">and</token>
<token number="58" sentence="3" t_id="59">,</token>
<token number="59" sentence="3" t_id="60">to</token>
<token number="60" sentence="3" t_id="61">the</token>
<token number="61" sentence="3" t_id="62">amazement</token>
<token number="62" sentence="3" t_id="63">of</token>
<token number="63" sentence="3" t_id="64">many</token>
<token number="64" sentence="3" t_id="65">,</token>
<token number="65" sentence="3" t_id="66">that</token>
<token number="66" sentence="3" t_id="67">future</token>
<token number="67" sentence="3" t_id="68">Apple</token>
<token number="68" sentence="3" t_id="69">Macintosh</token>
<token number="69" sentence="3" t_id="70">computers</token>
<token number="70" sentence="3" t_id="71">will</token>
<token number="71" sentence="3" t_id="72">feature</token>
<token number="72" sentence="3" t_id="73">Intel</token>
<token number="73" sentence="3" t_id="74">processors</token>
<token number="74" sentence="3" t_id="75">.</token>
<token number="75" sentence="4" t_id="76">Jobs</token>
<token number="76" sentence="4" t_id="77">welcomed</token>
<token number="77" sentence="4" t_id="78">everyone</token>
<token number="78" sentence="4" t_id="79">to</token>
<token number="79" sentence="4" t_id="80">the</token>
<token number="80" sentence="4" t_id="81">event</token>
<token number="81" sentence="4" t_id="82">and</token>
<token number="82" sentence="4" t_id="83">announced</token>
<token number="83" sentence="4" t_id="84">that</token>
<token number="84" sentence="4" t_id="85">there</token>
<token number="85" sentence="4" t_id="86">were</token>
<token number="86" sentence="4" t_id="87">3,800</token>
<token number="87" sentence="4" t_id="88">attendees</token>
<token number="88" sentence="4" t_id="89">.</token>
<token number="89" sentence="5" t_id="90">There</token>
<token number="90" sentence="5" t_id="91">are</token>
<token number="91" sentence="5" t_id="92">500</token>
<token number="92" sentence="5" t_id="93">Apple</token>
<token number="93" sentence="5" t_id="94">engineers</token>
<token number="94" sentence="5" t_id="95">at</token>
<token number="95" sentence="5" t_id="96">what</token>
<token number="96" sentence="5" t_id="97">is</token>
<token number="97" sentence="5" t_id="98">their</token>
<token number="98" sentence="5" t_id="99">largest</token>
<token number="99" sentence="5" t_id="100">developers</token>
<token number="100" sentence="5" t_id="101">conference</token>
<token number="101" sentence="5" t_id="102">in</token>
<token number="102" sentence="5" t_id="103">the</token>
<token number="103" sentence="5" t_id="104">past</token>
<token number="104" sentence="5" t_id="105">decade</token>
<token number="105" sentence="5" t_id="106">.</token>
<token number="106" sentence="6" t_id="107">There</token>
<token number="107" sentence="6" t_id="108">are</token>
<token number="108" sentence="6" t_id="109">over</token>
<token number="109" sentence="6" t_id="110">500,000</token>
<token number="110" sentence="6" t_id="111">developers</token>
<token number="111" sentence="6" t_id="112">of</token>
<token number="112" sentence="6" t_id="113">Apple</token>
<token number="113" sentence="6" t_id="114">programs</token>
<token number="114" sentence="6" t_id="115">(</token>
<token number="115" sentence="6" t_id="116">apps</token>
<token number="116" sentence="6" t_id="117">)</token>
<token number="117" sentence="6" t_id="118">.</token>
<token number="118" sentence="7" t_id="119">Jobs</token>
<token number="119" sentence="7" t_id="120">said</token>
<token number="120" sentence="7" t_id="121">that</token>
<token number="121" sentence="7" t_id="122">Apple</token>
<token number="122" sentence="7" t_id="123">has</token>
<token number="123" sentence="7" t_id="124">109</token>
<token number="124" sentence="7" t_id="125">retail</token>
<token number="125" sentence="7" t_id="126">stores</token>
<token number="126" sentence="7" t_id="127">,</token>
<token number="127" sentence="7" t_id="128">with</token>
<token number="128" sentence="7" t_id="129">one</token>
<token number="129" sentence="7" t_id="130">million</token>
<token number="130" sentence="7" t_id="131">visitors</token>
<token number="131" sentence="7" t_id="132">per</token>
<token number="132" sentence="7" t_id="133">week</token>
<token number="133" sentence="7" t_id="134">,</token>
<token number="134" sentence="7" t_id="135">creating</token>
<token number="135" sentence="7" t_id="136">over</token>
<token number="136" sentence="7" t_id="137">$</token>
<token number="137" sentence="7" t_id="138">500</token>
<token number="138" sentence="7" t_id="139">million</token>
<token number="139" sentence="7" t_id="140">yearly</token>
<token number="140" sentence="7" t_id="141">in</token>
<token number="141" sentence="7" t_id="142">revenue</token>
<token number="142" sentence="7" t_id="143">.</token>
<token number="143" sentence="8" t_id="144">The</token>
<token number="144" sentence="8" t_id="145">Mac</token>
<token number="145" sentence="8" t_id="146">market</token>
<token number="146" sentence="8" t_id="147">share</token>
<token number="147" sentence="8" t_id="148">is</token>
<token number="148" sentence="8" t_id="149">up</token>
<token number="149" sentence="8" t_id="150">82</token>
<token number="150" sentence="8" t_id="151">%</token>
<token number="151" sentence="8" t_id="152">from</token>
<token number="152" sentence="8" t_id="153">9</token>
<token number="153" sentence="8" t_id="154">months</token>
<token number="154" sentence="8" t_id="155">ago</token>
<token number="155" sentence="8" t_id="156">.</token>
<token number="156" sentence="9" t_id="157">Jobs</token>
<token number="157" sentence="9" t_id="158">then</token>
<token number="158" sentence="9" t_id="159">moved</token>
<token number="159" sentence="9" t_id="160">on</token>
<token number="160" sentence="9" t_id="161">to</token>
<token number="161" sentence="9" t_id="162">talk</token>
<token number="162" sentence="9" t_id="163">about</token>
<token number="163" sentence="9" t_id="164">a</token>
<token number="164" sentence="9" t_id="165">very</token>
<token number="165" sentence="9" t_id="166">anticipated</token>
<token number="166" sentence="9" t_id="167">announcement</token>
<token number="167" sentence="9" t_id="168">-</token>
<token number="168" sentence="9" t_id="169">Podcasting</token>
<token number="169" sentence="9" t_id="170">.</token>
<token number="170" sentence="10" t_id="171">Steve</token>
<token number="171" sentence="10" t_id="172">called</token>
<token number="172" sentence="10" t_id="173">podcasting</token>
<token number="173" sentence="10" t_id="174">“</token>
<token number="174" sentence="10" t_id="175">Wayne</token>
<token number="175" sentence="10" t_id="176">’</token>
<token number="176" sentence="10" t_id="177">s</token>
<token number="177" sentence="10" t_id="178">World</token>
<token number="178" sentence="10" t_id="179">for</token>
<token number="179" sentence="10" t_id="180">radio</token>
<token number="180" sentence="10" t_id="181">”</token>
<token number="181" sentence="10" t_id="182">.</token>
<token number="182" sentence="11" t_id="183">He</token>
<token number="183" sentence="11" t_id="184">called</token>
<token number="184" sentence="11" t_id="185">it</token>
<token number="185" sentence="11" t_id="186">the</token>
<token number="186" sentence="11" t_id="187">“</token>
<token number="187" sentence="11" t_id="188">hottest</token>
<token number="188" sentence="11" t_id="189">thing</token>
<token number="189" sentence="11" t_id="190">going</token>
<token number="190" sentence="11" t_id="191">in</token>
<token number="191" sentence="11" t_id="192">radio</token>
<token number="192" sentence="11" t_id="193">”</token>
<token number="193" sentence="11" t_id="194">,</token>
<token number="194" sentence="11" t_id="195">and</token>
<token number="195" sentence="11" t_id="196">,</token>
<token number="196" sentence="11" t_id="197">“</token>
<token number="197" sentence="11" t_id="198">exciting</token>
<token number="198" sentence="11" t_id="199">”</token>
<token number="199" sentence="11" t_id="200">.</token>
<token number="200" sentence="12" t_id="201">There</token>
<token number="201" sentence="12" t_id="202">are</token>
<token number="202" sentence="12" t_id="203">over</token>
<token number="203" sentence="12" t_id="204">8,000</token>
<token number="204" sentence="12" t_id="205">podcasts</token>
<token number="205" sentence="12" t_id="206">.</token>
<token number="206" sentence="13" t_id="207">Steve</token>
<token number="207" sentence="13" t_id="208">Jobs</token>
<token number="208" sentence="13" t_id="209">announced</token>
<token number="209" sentence="13" t_id="210">that</token>
<token number="210" sentence="13" t_id="211">automatic</token>
<token number="211" sentence="13" t_id="212">podcasting</token>
<token number="212" sentence="13" t_id="213">subscription</token>
<token number="213" sentence="13" t_id="214">would</token>
<token number="214" sentence="13" t_id="215">be</token>
<token number="215" sentence="13" t_id="216">built</token>
<token number="216" sentence="13" t_id="217">in</token>
<token number="217" sentence="13" t_id="218">to</token>
<token number="218" sentence="13" t_id="219">iTunes</token>
<token number="219" sentence="13" t_id="220">and</token>
<token number="220" sentence="13" t_id="221">iPod</token>
<token number="221" sentence="13" t_id="222">seamlessly</token>
<token number="222" sentence="13" t_id="223">.</token>
<token number="223" sentence="14" t_id="224">He</token>
<token number="224" sentence="14" t_id="225">also</token>
<token number="225" sentence="14" t_id="226">announced</token>
<token number="226" sentence="14" t_id="227">that</token>
<token number="227" sentence="14" t_id="228">QuickTime</token>
<token number="228" sentence="14" t_id="229">7</token>
<token number="229" sentence="14" t_id="230">would</token>
<token number="230" sentence="14" t_id="231">be</token>
<token number="231" sentence="14" t_id="232">soon</token>
<token number="232" sentence="14" t_id="233">available</token>
<token number="233" sentence="14" t_id="234">for</token>
<token number="234" sentence="14" t_id="235">Windows</token>
<token number="235" sentence="14" t_id="236">.</token>
<token number="236" sentence="15" t_id="237">Moving</token>
<token number="237" sentence="15" t_id="238">on</token>
<token number="238" sentence="15" t_id="239">,</token>
<token number="239" sentence="15" t_id="240">Jobs</token>
<token number="240" sentence="15" t_id="241">announced</token>
<token number="241" sentence="15" t_id="242">that</token>
<token number="242" sentence="15" t_id="243">there</token>
<token number="243" sentence="15" t_id="244">have</token>
<token number="244" sentence="15" t_id="245">been</token>
<token number="245" sentence="15" t_id="246">2</token>
<token number="246" sentence="15" t_id="247">million</token>
<token number="247" sentence="15" t_id="248">copies</token>
<token number="248" sentence="15" t_id="249">of</token>
<token number="249" sentence="15" t_id="250">Tiger</token>
<token number="250" sentence="15" t_id="251">sold</token>
<token number="251" sentence="15" t_id="252">in</token>
<token number="252" sentence="15" t_id="253">the</token>
<token number="253" sentence="15" t_id="254">6</token>
<token number="254" sentence="15" t_id="255">weeks</token>
<token number="255" sentence="15" t_id="256">that</token>
<token number="256" sentence="15" t_id="257">it</token>
<token number="257" sentence="15" t_id="258">has</token>
<token number="258" sentence="15" t_id="259">been</token>
<token number="259" sentence="15" t_id="260">available</token>
<token number="260" sentence="15" t_id="261">.</token>
<token number="261" sentence="16" t_id="262">He</token>
<token number="262" sentence="16" t_id="263">demoed</token>
<token number="263" sentence="16" t_id="264">the</token>
<token number="264" sentence="16" t_id="265">Wikipedia</token>
<token number="265" sentence="16" t_id="266">Dashboard</token>
<token number="266" sentence="16" t_id="267">widget</token>
<token number="267" sentence="16" t_id="268">.</token>
<token number="268" sentence="17" t_id="269">Steve</token>
<token number="269" sentence="17" t_id="270">announced</token>
<token number="270" sentence="17" t_id="271">that</token>
<token number="271" sentence="17" t_id="272">Mac</token>
<token number="272" sentence="17" t_id="273">OS</token>
<token number="273" sentence="17" t_id="274">X</token>
<token number="274" sentence="17" t_id="275">Leopard</token>
<token number="275" sentence="17" t_id="276">would</token>
<token number="276" sentence="17" t_id="277">be</token>
<token number="277" sentence="17" t_id="278">released</token>
<token number="278" sentence="17" t_id="279">in</token>
<token number="279" sentence="17" t_id="280">2007</token>
<token number="280" sentence="17" t_id="281">,</token>
<token number="281" sentence="17" t_id="282">the</token>
<token number="282" sentence="17" t_id="283">same</token>
<token number="283" sentence="17" t_id="284">time</token>
<token number="284" sentence="17" t_id="285">as</token>
<token number="285" sentence="17" t_id="286">Microsoft</token>
<token number="286" sentence="17" t_id="287">’</token>
<token number="287" sentence="17" t_id="288">s</token>
<token number="288" sentence="17" t_id="289">Longhorn</token>
<token number="289" sentence="17" t_id="290">.</token>
<token number="290" sentence="18" t_id="291">In</token>
<token number="291" sentence="18" t_id="292">a</token>
<token number="292" sentence="18" t_id="293">surprising</token>
<token number="293" sentence="18" t_id="294">move</token>
<token number="294" sentence="18" t_id="295">,</token>
<token number="295" sentence="18" t_id="296">Steve</token>
<token number="296" sentence="18" t_id="297">Jobs</token>
<token number="297" sentence="18" t_id="298">announced</token>
<token number="298" sentence="18" t_id="299">that</token>
<token number="299" sentence="18" t_id="300">Macintosh</token>
<token number="300" sentence="18" t_id="301">computers</token>
<token number="301" sentence="18" t_id="302">would</token>
<token number="302" sentence="18" t_id="303">begin</token>
<token number="303" sentence="18" t_id="304">to</token>
<token number="304" sentence="18" t_id="305">be</token>
<token number="305" sentence="18" t_id="306">shipped</token>
<token number="306" sentence="18" t_id="307">with</token>
<token number="307" sentence="18" t_id="308">Intel</token>
<token number="308" sentence="18" t_id="309">processors</token>
<token number="309" sentence="18" t_id="310">,</token>
<token number="310" sentence="18" t_id="311">the</token>
<token number="311" sentence="18" t_id="312">same</token>
<token number="312" sentence="18" t_id="313">as</token>
<token number="313" sentence="18" t_id="314">in</token>
<token number="314" sentence="18" t_id="315">Windows</token>
<token number="315" sentence="18" t_id="316">machines</token>
<token number="316" sentence="18" t_id="317">,</token>
<token number="317" sentence="18" t_id="318">ending</token>
<token number="318" sentence="18" t_id="319">the</token>
<token number="319" sentence="18" t_id="320">eleven</token>
<token number="320" sentence="18" t_id="321">year</token>
<token number="321" sentence="18" t_id="322">partnership</token>
<token number="322" sentence="18" t_id="323">with</token>
<token number="323" sentence="18" t_id="324">IBM</token>
<token number="324" sentence="18" t_id="325">and</token>
<token number="325" sentence="18" t_id="326">Motorola</token>
<token number="326" sentence="18" t_id="327">.</token>
<token number="327" sentence="19" t_id="328">This</token>
<token number="328" sentence="19" t_id="329">is</token>
<token number="329" sentence="19" t_id="330">said</token>
<token number="330" sentence="19" t_id="331">to</token>
<token number="331" sentence="19" t_id="332">be</token>
<token number="332" sentence="19" t_id="333">out</token>
<token number="333" sentence="19" t_id="334">of</token>
<token number="334" sentence="19" t_id="335">Apple</token>
<token number="335" sentence="19" t_id="336">'s</token>
<token number="336" sentence="19" t_id="337">increasing</token>
<token number="337" sentence="19" t_id="338">frustration</token>
<token number="338" sentence="19" t_id="339">at</token>
<token number="339" sentence="19" t_id="340">IBM</token>
<token number="340" sentence="19" t_id="341">'s</token>
<token number="341" sentence="19" t_id="342">inability</token>
<token number="342" sentence="19" t_id="343">to</token>
<token number="343" sentence="19" t_id="344">deliver</token>
<token number="344" sentence="19" t_id="345">faster</token>
<token number="345" sentence="19" t_id="346">and</token>
<token number="346" sentence="19" t_id="347">cooler</token>
<token number="347" sentence="19" t_id="348">processors</token>
<token number="348" sentence="19" t_id="349">,</token>
<token number="349" sentence="19" t_id="350">though</token>
<token number="350" sentence="19" t_id="351">it</token>
<token number="351" sentence="19" t_id="352">is</token>
<token number="352" sentence="19" t_id="353">interesting</token>
<token number="353" sentence="19" t_id="354">to</token>
<token number="354" sentence="19" t_id="355">note</token>
<token number="355" sentence="19" t_id="356">that</token>
<token number="356" sentence="19" t_id="357">Intel</token>
<token number="357" sentence="19" t_id="358">has</token>
<token number="358" sentence="19" t_id="359">recently</token>
<token number="359" sentence="19" t_id="360">added</token>
<token number="360" sentence="19" t_id="361">Digital</token>
<token number="361" sentence="19" t_id="362">Rights</token>
<token number="362" sentence="19" t_id="363">/</token>
<token number="363" sentence="19" t_id="364">Restrictions</token>
<token number="364" sentence="19" t_id="365">Management</token>
<token number="365" sentence="19" t_id="366">(</token>
<token number="366" sentence="19" t_id="367">DRM</token>
<token number="367" sentence="19" t_id="368">)</token>
<token number="368" sentence="19" t_id="369">to</token>
<token number="369" sentence="19" t_id="370">its</token>
<token number="370" sentence="19" t_id="371">latest</token>
<token number="371" sentence="19" t_id="372">processors</token>
<token number="372" sentence="19" t_id="373">.</token>
<token number="373" sentence="20" t_id="374">This</token>
<token number="374" sentence="20" t_id="375">'switch</token>
<token number="375" sentence="20" t_id="376">'</token>
<token number="376" sentence="20" t_id="377">,</token>
<token number="377" sentence="20" t_id="378">he</token>
<token number="378" sentence="20" t_id="379">said</token>
<token number="379" sentence="20" t_id="380">,</token>
<token number="380" sentence="20" t_id="381">would</token>
<token number="381" sentence="20" t_id="382">happen</token>
<token number="382" sentence="20" t_id="383">beginning</token>
<token number="383" sentence="20" t_id="384">next</token>
<token number="384" sentence="20" t_id="385">year</token>
<token number="385" sentence="20" t_id="386">.</token>
<token number="386" sentence="21" t_id="387">Jobs</token>
<token number="387" sentence="21" t_id="388">said</token>
<token number="388" sentence="21" t_id="389">that</token>
<token number="389" sentence="21" t_id="390">Mac</token>
<token number="390" sentence="21" t_id="391">OS</token>
<token number="391" sentence="21" t_id="392">X</token>
<token number="392" sentence="21" t_id="393">has</token>
<token number="393" sentence="21" t_id="394">had</token>
<token number="394" sentence="21" t_id="395">“</token>
<token number="395" sentence="21" t_id="396">a</token>
<token number="396" sentence="21" t_id="397">secret</token>
<token number="397" sentence="21" t_id="398">double</token>
<token number="398" sentence="21" t_id="399">life</token>
<token number="399" sentence="21" t_id="400">”</token>
<token number="400" sentence="21" t_id="401">and</token>
<token number="401" sentence="21" t_id="402">OS</token>
<token number="402" sentence="21" t_id="403">X</token>
<token number="403" sentence="21" t_id="404">had</token>
<token number="404" sentence="21" t_id="405">“</token>
<token number="405" sentence="21" t_id="406">been</token>
<token number="406" sentence="21" t_id="407">compiled</token>
<token number="407" sentence="21" t_id="408">for</token>
<token number="408" sentence="21" t_id="409">Intel</token>
<token number="409" sentence="21" t_id="410">processors</token>
<token number="410" sentence="21" t_id="411">]</token>
<token number="411" sentence="21" t_id="412">for</token>
<token number="412" sentence="21" t_id="413">five</token>
<token number="413" sentence="21" t_id="414">years</token>
<token number="414" sentence="21" t_id="415">.</token>
<token number="415" sentence="21" t_id="416">”</token>
<token number="416" sentence="22" t_id="417">He</token>
<token number="417" sentence="22" t_id="418">talked</token>
<token number="418" sentence="22" t_id="419">about</token>
<token number="419" sentence="22" t_id="420">the</token>
<token number="420" sentence="22" t_id="421">easiness</token>
<token number="421" sentence="22" t_id="422">for</token>
<token number="422" sentence="22" t_id="423">developers</token>
<token number="423" sentence="22" t_id="424">to</token>
<token number="424" sentence="22" t_id="425">port</token>
<token number="425" sentence="22" t_id="426">their</token>
<token number="426" sentence="22" t_id="427">Mac</token>
<token number="427" sentence="22" t_id="428">apps</token>
<token number="428" sentence="22" t_id="429">to</token>
<token number="429" sentence="22" t_id="430">Intel</token>
<token number="430" sentence="22" t_id="431">(</token>
<token number="431" sentence="22" t_id="432">x86</token>
<token number="432" sentence="22" t_id="433">)</token>
<token number="433" sentence="22" t_id="434">processors</token>
<token number="434" sentence="22" t_id="435">.</token>
<token number="435" sentence="23" t_id="436">Current</token>
<token number="436" sentence="23" t_id="437">PowerPC</token>
<token number="437" sentence="23" t_id="438">programs</token>
<token number="438" sentence="23" t_id="439">can</token>
<token number="439" sentence="23" t_id="440">be</token>
<token number="440" sentence="23" t_id="441">run</token>
<token number="441" sentence="23" t_id="442">on</token>
<token number="442" sentence="23" t_id="443">Intel</token>
<token number="443" sentence="23" t_id="444">processors</token>
<token number="444" sentence="23" t_id="445">due</token>
<token number="445" sentence="23" t_id="446">to</token>
<token number="446" sentence="23" t_id="447">a</token>
<token number="447" sentence="23" t_id="448">new</token>
<token number="448" sentence="23" t_id="449">Apple</token>
<token number="449" sentence="23" t_id="450">technology</token>
<token number="450" sentence="23" t_id="451">.</token>
<token number="451" sentence="24" t_id="452">He</token>
<token number="452" sentence="24" t_id="453">said</token>
<token number="453" sentence="24" t_id="454">that</token>
<token number="454" sentence="24" t_id="455">Apple</token>
<token number="455" sentence="24" t_id="456">is</token>
<token number="456" sentence="24" t_id="457">“</token>
<token number="457" sentence="24" t_id="458">getting</token>
<token number="458" sentence="24" t_id="459">ready</token>
<token number="459" sentence="24" t_id="460">”</token>
<token number="460" sentence="24" t_id="461">for</token>
<token number="461" sentence="24" t_id="462">the</token>
<token number="462" sentence="24" t_id="463">transition</token>
<token number="463" sentence="24" t_id="464">from</token>
<token number="464" sentence="24" t_id="465">PowerPC</token>
<token number="465" sentence="24" t_id="466">to</token>
<token number="466" sentence="24" t_id="467">Intel</token>
<token number="467" sentence="24" t_id="468">.</token>
<Markables>
<ENTITY_MENTION comment="" head="podcasting" m_id="1" syntactic_type="NOM">
<token_anchor t_id="54"/>
</ENTITY_MENTION>
<ENTITY_MENTION comment="" head="iTunes" m_id="2" syntactic_type="NAM">
<token_anchor t_id="56"/>
</ENTITY_MENTION>
<ENTITY_MENTION comment="" head="computers" m_id="3" syntactic_type="NOM">
<token_anchor t_id="67"/>
<token_anchor t_id="68"/>
<token_anchor t_id="69"/>
<token_anchor t_id="70"/>
</ENTITY_MENTION>
<ENTITY_MENTION comment="" head="Apple Macintosh" m_id="4" syntactic_type="PRE.NAM">
<token_anchor t_id="68"/>
<token_anchor t_id="69"/>
</ENTITY_MENTION>
<ENTITY_MENTION comment="" head="processors" m_id="5" syntactic_type="NOM">
<token_anchor t_id="73"/>
<token_anchor t_id="74"/>
</ENTITY_MENTION>
<ENTITY_MENTION comment="" head="Intel" m_id="6" syntactic_type="PRE.NAM">
<token_anchor t_id="73"/>
</ENTITY_MENTION>
<ENTITY_MENTION comment="" head="Jobs" m_id="7" syntactic_type="NAM">
<token_anchor t_id="76"/>
</ENTITY_MENTION>
<ENTITY_MENTION comment="" head="attendees" m_id="8" syntactic_type="NOM">
<token_anchor t_id="87"/>
<token_anchor t_id="88"/>
</ENTITY_MENTION>
<ENTITY_MENTION comment="" head="everyone" m_id="9" syntactic_type="PRO">
<token_anchor t_id="78"/>
</ENTITY_MENTION>
<ENTITY_MENTION comment="" head="engineers" m_id="10" syntactic_type="NOM">
<token_anchor t_id="92"/>
<token_anchor t_id="93"/>
<token_anchor t_id="94"/>
</ENTITY_MENTION>
<ENTITY_MENTION comment="" head="Apple" m_id="11" syntactic_type="PRE.NAM">
<token_anchor t_id="93"/>
</ENTITY_MENTION>
<ENTITY_MENTION comment="" head="" m_id="12" syntactic_type="PRE.NAM">
<token_anchor t_id="1"/>
<token_anchor t_id="2"/>
</ENTITY_MENTION>
<ENTITY_MENTION comment="" head="their" m_id="13" syntactic_type="PRO">
<token_anchor t_id="98"/>
</ENTITY_MENTION>
<ENTITY_MENTION comment="" head="" m_id="14" syntactic_type="NAM">
<token_anchor t_id="1"/>
<token_anchor t_id="2"/>
<token_anchor t_id="3"/>
</ENTITY_MENTION>
<ENTITY_MENTION comment="" head="" m_id="15" syntactic_type="NAM">
<token_anchor t_id="4"/>
<token_anchor t_id="5"/>
</ENTITY_MENTION>
<ENTITY_MENTION comment="" head="" m_id="16" syntactic_type="APP">
<token_anchor t_id="1"/>
<token_anchor t_id="2"/>
<token_anchor t_id="3"/>
<token_anchor t_id="4"/>
<token_anchor t_id="5"/>
</ENTITY_MENTION>
<ENTITY_MENTION comment="" head="Apple Computer" m_id="17" syntactic_type="PRE.NAM">
<token_anchor t_id="16"/>
<token_anchor t_id="17"/>
</ENTITY_MENTION>
<ENTITY_MENTION comment="" head="Steve Jobs" m_id="18" syntactic_type="APP">
<token_anchor t_id="16"/>
<token_anchor t_id="17"/>
<token_anchor t_id="18"/>
<token_anchor t_id="19"/>
<token_anchor t_id="20"/>
<token_anchor t_id="21"/>
<token_anchor t_id="22"/>
</ENTITY_MENTION>
<ENTITY_MENTION comment="" head="co-founder" m_id="19" syntactic_type="PRE.NOM">
<token_anchor t_id="20"/>
</ENTITY_MENTION>
<ENTITY_MENTION comment="" head="" m_id="80" syntactic_type="NAM">
<token_anchor t_id="21"/>
<token_anchor t_id="22"/>
</ENTITY_MENTION>
<ENTITY_MENTION comment="" head="" m_id="20" syntactic_type="PRE.NOM">
<token_anchor t_id="16"/>
<token_anchor t_id="17"/>
<token_anchor t_id="18"/>
<token_anchor t_id="19"/>
<token_anchor t_id="20"/>
</ENTITY_MENTION>
<ENTITY_MENTION comment="" head="his" m_id="21" syntactic_type="PRO">
<token_anchor t_id="24"/>
</ENTITY_MENTION>
<ENTITY_MENTION comment="" head="Moscone Center" m_id="22" syntactic_type="NAM">
<token_anchor t_id="38"/>
<token_anchor t_id="39"/>
<token_anchor t_id="40"/>
<token_anchor t_id="41"/>
<token_anchor t_id="42"/>
<token_anchor t_id="43"/>
<token_anchor t_id="44"/>
</ENTITY_MENTION>
<ENTITY_MENTION comment="" head="" m_id="83" syntactic_type="NOM">
<token_anchor t_id="18"/>
</ENTITY_MENTION>
<ENTITY_MENTION comment="" head="San Francisco" m_id="23" syntactic_type="NAM">
<token_anchor t_id="41"/>
<token_anchor t_id="42"/>
<token_anchor t_id="43"/>
<token_anchor t_id="44"/>
</ENTITY_MENTION>
<ENTITY_MENTION comment="" head="California" m_id="24" syntactic_type="NAM">
<token_anchor t_id="44"/>
</ENTITY_MENTION>
<ENTITY_MENTION comment="" head="many" m_id="25" syntactic_type="PRO">
<token_anchor t_id="64"/>
</ENTITY_MENTION>
<ENTITY_MENTION comment="" head="He" m_id="26" syntactic_type="PRO">
<token_anchor t_id="48"/>
</ENTITY_MENTION>
<ENTITY_MENTION comment="" head="developers" m_id="27" syntactic_type="NOM">
<token_anchor t_id="100"/>
</ENTITY_MENTION>
<EVENT_MENTION aspect="NONE" certainty="CERTAIN" comment="" m_id="29" modality="" polarity="POS" pos="NOUN" pred="conference" special_cases="NONE" tense="NONE" time="NON_FUTURE">
<token_anchor t_id="101"/>
</EVENT_MENTION>
<EVENT_MENTION aspect="NONE" certainty="CERTAIN" comment="" m_id="30" modality="" polarity="POS" pos="VERB" pred="welcome" special_cases="NONE" tense="PAST" time="NON_FUTURE">
<token_anchor t_id="77"/>
</EVENT_MENTION>
<EVENT_MENTION aspect="NONE" certainty="CERTAIN" comment="" m_id="31" modality="" polarity="POS" pos="VERB" pred="give" special_cases="NONE" tense="PRESENT" time="NON_FUTURE">
<token_anchor t_id="6"/>
</EVENT_MENTION>
<EVENT_MENTION aspect="NONE" certainty="CERTAIN" comment="" m_id="32" modality="" polarity="POS" pos="NOUN" pred="keynote" special_cases="NONE" tense="NONE" time="NON_FUTURE">
<token_anchor t_id="8"/>
</EVENT_MENTION>
<EVENT_MENTION aspect="NONE" certainty="CERTAIN" comment="" m_id="33" modality="" polarity="POS" pos="NOUN" pred="WWDC" special_cases="NONE" tense="NONE" time="NON_FUTURE">
<token_anchor t_id="10"/>
</EVENT_MENTION>
<EVENT_MENTION aspect="NONE" certainty="CERTAIN" comment="" m_id="34" modality="" polarity="POS" pos="VERB" pred="announce" special_cases="NONE" tense="PAST" time="NON_FUTURE">
<token_anchor t_id="83"/>
</EVENT_MENTION>
<EVENT_MENTION aspect="NONE" certainty="CERTAIN" comment="" m_id="35" modality="" polarity="POS" pos="VERB" pred="be" special_cases="NONE" tense="PAST" time="NON_FUTURE">
<token_anchor t_id="86"/>
</EVENT_MENTION>
<EVENT_MENTION aspect="NONE" certainty="CERTAIN" comment="" m_id="36" modality="" polarity="POS" pos="VERB" pred="be" special_cases="GEN" tense="PRESENT" time="NON_FUTURE">
<token_anchor t_id="91"/>
</EVENT_MENTION>
<EVENT_MENTION aspect="NONE" certainty="CERTAIN" comment="" m_id="37" modality="" polarity="POS" pos="VERB" pred="be" special_cases="GEN" tense="PRESENT" time="NON_FUTURE">
<token_anchor t_id="97"/>
</EVENT_MENTION>
<EVENT_MENTION aspect="NONE" certainty="CERTAIN" comment="" m_id="38" modality="" polarity="POS" pos="NOUN" pred="integration" special_cases="NONE" tense="NONE" time="FUTURE">
<token_anchor t_id="52"/>
</EVENT_MENTION>
<EVENT_MENTION aspect="NONE" certainty="CERTAIN" comment="" m_id="39" modality="" polarity="POS" pos="NOUN" pred="keynote" special_cases="NONE" tense="NONE" time="NON_FUTURE">
<token_anchor t_id="27"/>
</EVENT_MENTION>
<EVENT_MENTION aspect="NONE" certainty="CERTAIN" comment="" m_id="40" modality="" polarity="POS" pos="NOUN" pred="WWDC" special_cases="NONE" tense="NONE" time="NON_FUTURE">
<token_anchor t_id="35"/>
</EVENT_MENTION>
<EVENT_MENTION aspect="NONE" certainty="CERTAIN" comment="" m_id="41" modality="" polarity="POS" pos="NOUN" pred="event" special_cases="NONE" tense="NONE" time="NON_FUTURE">
<token_anchor t_id="81"/>
</EVENT_MENTION>
<EVENT_MENTION aspect="NONE" certainty="CERTAIN" comment="" m_id="42" modality="" polarity="POS" pos="VERB" pred="give" special_cases="NONE" tense="PAST" time="NON_FUTURE">
<token_anchor t_id="23"/>
</EVENT_MENTION>
<EVENT_MENTION aspect="NONE" certainty="CERTAIN" comment="" m_id="43" modality="" polarity="POS" pos="VERB" pred="announce" special_cases="NONE" tense="PAST" time="NON_FUTURE">
<token_anchor t_id="49"/>
</EVENT_MENTION>
<EVENT_MENTION aspect="" certainty="CERTAIN" comment="" m_id="82" modality="" polarity="POS" pos="NOUN" pred="Conference" special_cases="NONE" tense="" time="NON_FUTURE">
<token_anchor t_id="33"/>
</EVENT_MENTION>
<EVENT_MENTION aspect="" certainty="CERTAIN" comment="" m_id="84" modality="" polarity="POS" pos="" pred="" special_cases="NONE" tense="" time="NON_FUTURE">
<token_anchor t_id="77"/>
<token_anchor t_id="83"/>
</EVENT_MENTION>
<EVENT_MENTION aspect="NONE" certainty="CERTAIN" comment="" m_id="28" modality="" polarity="POS" pos="VERB" pred="feature" special_cases="NONE" tense="FUTURE" time="FUTURE">
<token_anchor t_id="72"/>
</EVENT_MENTION>
<SIGNAL comment="" m_id="44">
<token_anchor t_id="102"/>
</SIGNAL>
<SIGNAL comment="" m_id="45">
<token_anchor t_id="45"/>
</SIGNAL>
<TIMEX3 anchorTimeID="" beginPoint="" comment="" endPoint="" functionInDocument="CREATION_TIME" m_id="46" type="DATE" value="2005-06-06">
<token_anchor t_id="12"/>
<token_anchor t_id="13"/>
<token_anchor t_id="14"/>
<token_anchor t_id="15"/>
</TIMEX3>
<TIMEX3 anchorTimeID="46" beginPoint="" comment="" endPoint="" functionInDocument="NONE" m_id="47" type="DATE" value="2005-06-06">
<token_anchor t_id="46"/>
</TIMEX3>
<TIMEX3 anchorTimeID="46" beginPoint="79" comment="" endPoint="46" functionInDocument="NONE" m_id="48" type="DURATION" value="P10Y">
<token_anchor t_id="103"/>
<token_anchor t_id="104"/>
<token_anchor t_id="105"/>
</TIMEX3>
<TIMEX3 anchorTimeID="" beginPoint="" comment="" endPoint="" functionInDocument="NONE" m_id="81" type="DATE" value="2005">
<token_anchor t_id="11"/>
</TIMEX3>
<VALUE comment="" m_id="49" type="QUANTITY">
<token_anchor t_id="87"/>
</VALUE>
<VALUE comment="" m_id="50" type="QUANTITY">
<token_anchor t_id="92"/>
</VALUE>
<EVENT TAG_DESCRIPTOR="give" class="OTHER" comment="" external_ref="" m_id="65"/>
<EVENT TAG_DESCRIPTOR="WWDC" class="OTHER" comment="" external_ref="Apple_Worldwide_Developers_Conference" m_id="67"/>
<EVENT TAG_DESCRIPTOR="integration" class="OTHER" comment="" external_ref="" m_id="69"/>
<EVENT TAG_DESCRIPTOR="feature" class="OTHER" comment="" external_ref="" m_id="70"/>
<EVENT TAG_DESCRIPTOR="were" class="GRAMMATICAL" comment="" external_ref="" m_id="74"/>
<EVENT TAG_DESCRIPTOR="are" class="GRAMMATICAL" comment="" external_ref="" m_id="75"/>
<EVENT TAG_DESCRIPTOR="is" class="GRAMMATICAL" comment="" external_ref="" m_id="76"/>
<TIMEX3 TAG_DESCRIPTOR="1995-06-06" anchorTimeID="46" beginPoint="" comment="" endPoint="" functionInDocument="NONE" m_id="79" type="DATE" value="1995-06-06"/>
<EVENT TAG_DESCRIPTOR="welcomed and announced" class="SPEECH_COGNITIVE" comment="" external_ref="" m_id="85"/>
<EVENT TAG_DESCRIPTOR="announced attendees-SE - (Steve Jobs)" class="SPEECH_COGNITIVE" external_ref="announce.01" instance_id="SPE57302065659552364" m_id="164"/>
<ENTITY TAG_DESCRIPTOR="iTunes music store" ent_type="PRO" external_ref="http://dbpedia.org/resource/ITunes_Store" instance_id="PRO19274271475601598" m_id="166"/><EVENT TAG_DESCRIPTOR="keynote-SE - (Steve Jobs)" class="OTHER" external_ref="speech.01" instance_id="OTH57301520122983626" m_id="173"/>
<ENTITY TAG_DESCRIPTOR="Steve Jobs" ent_type="PER" external_ref="http://dbpedia.org/resource/Steve_Jobs " instance_id="PER19274271332322852" m_id="174"/><EVENT TAG_DESCRIPTOR="announced podcasting-SE - (Steve Jobs)" class="SPEECH_COGNITIVE" external_ref="announce.01" instance_id="SPE57301739778390184" m_id="175"/>
<EVENT TAG_DESCRIPTOR="welcomed-SE - (Steve Jobs)" class="OTHER" external_ref="welcome.01" instance_id="OTH57301870514243161" m_id="176"/><ENTITY TAG_DESCRIPTOR="MWCC" ent_type="LOC" external_ref="http://dbpedia.org/resource/Moscone_Center" instance_id="LOC46916036707383716" m_id="177"/>
<ENTITY TAG_DESCRIPTOR="California, US" ent_type="LOC" external_ref="http://dbpedia.org/resource/California" instance_id="LOC27743511041274864" m_id="178"/><ENTITY TAG_DESCRIPTOR="Apple Macintosh computer" ent_type="PRO" external_ref="http://dbpedia.org/resource/Macintosh" instance_id="PRO47083859812724907" m_id="179"/>
<ENTITY TAG_DESCRIPTOR="San Francisco" ent_type="LOC" external_ref="http://dbpedia.org/resource/San_Francisco" instance_id="LOC44511261974483951" m_id="180"/><ENTITY TAG_DESCRIPTOR="persons attending the WWDC 2005" ent_type="PER" instance_id="PER55724445419076754" m_id="181"/>
<ENTITY TAG_DESCRIPTOR="persons amazed by the future Mac" ent_type="PER" instance_id="PER55724336030313137" m_id="182"/><ENTITY TAG_DESCRIPTOR="Intel processors" ent_type="PRO" external_ref="http://dbpedia.org/resource/List_of_Intel_microprocessors" instance_id="PRO47083985639508399" m_id="183"/>
<ENTITY TAG_DESCRIPTOR="developers" ent_type="PER" instance_id="PER55724376915329981" m_id="184"/><ENTITY TAG_DESCRIPTOR="Apple engineers" ent_type="PER" instance_id="PER55724693958738602" m_id="185"/>
<ENTITY TAG_DESCRIPTOR="podcast" ent_type="PRO" external_ref="http://dbpedia.org/resource/Podcast" instance_id="PRO47084063845600247" m_id="186"/><ENTITY TAG_DESCRIPTOR="APPLE" ent_type="ORG" external_ref="http://dbpedia.org/resource/Apple_Inc." instance_id="ORG19274271187160719" m_id="187"/>
<ENTITY TAG_DESCRIPTOR="Intel Inc." ent_type="ORG" external_ref="http://dbpedia.org/resource/Intel" instance_id="ORG47083917085614844" m_id="188"/><EVENT_MENTION m_id="189">
  <token_anchor t_id="263"/>
</EVENT_MENTION>
<EVENT_MENTION m_id="190">
  <token_anchor t_id="241"/>
</EVENT_MENTION>
<EVENT_MENTION m_id="191">
  <token_anchor t_id="453"/>
</EVENT_MENTION>
<EVENT_MENTION m_id="192">
  <token_anchor t_id="418"/>
</EVENT_MENTION>
<EVENT_MENTION m_id="193">
  <token_anchor t_id="388"/>
</EVENT_MENTION>
<EVENT_MENTION m_id="194">
  <token_anchor t_id="172"/>
</EVENT_MENTION>
<EVENT_MENTION m_id="195">
  <token_anchor t_id="226"/>
</EVENT_MENTION>
<EVENT_MENTION m_id="196">
  <token_anchor t_id="270"/>
</EVENT_MENTION>
<EVENT_MENTION m_id="197">
  <token_anchor t_id="209"/>
</EVENT_MENTION>
<EVENT_MENTION m_id="198">
  <token_anchor t_id="379"/>
</EVENT_MENTION>
<EVENT_MENTION m_id="199">
  <token_anchor t_id="162"/>
</EVENT_MENTION>
<EVENT_MENTION m_id="200">
  <token_anchor t_id="298"/>
</EVENT_MENTION>
<EVENT_MENTION m_id="201">
  <token_anchor t_id="184"/>
</EVENT_MENTION>
<EVENT_MENTION m_id="202">
  <token_anchor t_id="120"/>
</EVENT_MENTION>
<ENTITY_MENTION m_id="203">
  <token_anchor t_id="262"/>
</ENTITY_MENTION>
<ENTITY_MENTION m_id="204">
  <token_anchor t_id="240"/>
</ENTITY_MENTION>
<ENTITY_MENTION m_id="205">
  <token_anchor t_id="219"/>
</ENTITY_MENTION>
<ENTITY_MENTION m_id="206">
  <token_anchor t_id="157"/>
</ENTITY_MENTION>
<ENTITY_MENTION m_id="207">
  <token_anchor t_id="119"/>
</ENTITY_MENTION>
<ENTITY_MENTION m_id="208">
  <token_anchor t_id="417"/>
</ENTITY_MENTION>
<ENTITY_MENTION m_id="209">
  <token_anchor t_id="171"/>
</ENTITY_MENTION>
<ENTITY_MENTION m_id="210">
  <token_anchor t_id="452"/>
</ENTITY_MENTION>
<ENTITY_MENTION m_id="211">
  <token_anchor t_id="296"/>
  <token_anchor t_id="297"/>
</ENTITY_MENTION>
<ENTITY_MENTION m_id="212">
  <token_anchor t_id="387"/>
</ENTITY_MENTION>
<ENTITY_MENTION m_id="213">
  <token_anchor t_id="269"/>
</ENTITY_MENTION>
<ENTITY_MENTION m_id="214">
  <token_anchor t_id="221"/>
</ENTITY_MENTION>
<ENTITY_MENTION m_id="215">
  <token_anchor t_id="224"/>
</ENTITY_MENTION>
<ENTITY_MENTION m_id="216">
  <token_anchor t_id="207"/>
  <token_anchor t_id="208"/>
</ENTITY_MENTION>
<ENTITY_MENTION m_id="217">
  <token_anchor t_id="378"/>
</ENTITY_MENTION>
<ENTITY_MENTION m_id="218">
  <token_anchor t_id="183"/>
</ENTITY_MENTION>
<EVENT TAG_DESCRIPTOR="called S11-SE - (Steve Jobs)" class="OTHER" external_ref="call.01" instance_id="OTH57303454817531915" m_id="219"/><EVENT TAG_DESCRIPTOR="announced S18-SE - (Steve Jobs)" class="SPEECH_COGNITIVE" external_ref="announce.01" instance_id="SPE57304213608049800" m_id="220"/>
<EVENT TAG_DESCRIPTOR="said S7-SE - (Steve Jobs)" class="SPEECH_COGNITIVE" external_ref="say.01" instance_id="SPE57302172243151891" m_id="221"/><EVENT TAG_DESCRIPTOR="demoed S16-SE - (Steve Jobs)" class="OTHER" external_ref="demonstrate.01" instance_id="OTH57303807954526887" m_id="222"/>
<EVENT TAG_DESCRIPTOR="called S10-SE - (Steve Jobs)" class="OTHER" external_ref="call.01" instance_id="OTH57302407927532295" m_id="223"/><ENTITY TAG_DESCRIPTOR="IPOD" ent_type="PRO" external_ref="http://dbpedia.org/resource/IPod" instance_id="PRO19274272200451092" m_id="224"/>
<EVENT TAG_DESCRIPTOR="announced S13-SE - (Steve Jobs)" class="SPEECH_COGNITIVE" external_ref="announce.01" instance_id="SPE57303538799451537" m_id="225"/><EVENT TAG_DESCRIPTOR="said S20-SE - (Steve Jobs)" class="SPEECH_COGNITIVE" external_ref="say.01" instance_id="SPE57304365132363357" m_id="226"/>
<EVENT TAG_DESCRIPTOR="announced S17-SE - (Steve Jobs)" class="SPEECH_COGNITIVE" external_ref="announce.01" instance_id="SPE57304114754781218" m_id="227"/><EVENT TAG_DESCRIPTOR="announced S14-SE - (Steve Jobs)" class="SPEECH_COGNITIVE" external_ref="announce.01" instance_id="SPE57303624236615454" m_id="228"/>
<EVENT TAG_DESCRIPTOR="talk S9-SE - (Steve Jobs)" class="SPEECH_COGNITIVE" external_ref="talk.01" instance_id="SPE57302286920812841" m_id="229"/><EVENT TAG_DESCRIPTOR="said S24-SE - (Steve Jobs)" class="SPEECH_COGNITIVE" external_ref="say.01" instance_id="SPE57304737669126772" m_id="230"/>
<EVENT TAG_DESCRIPTOR="talked S22-SE - (Steve Jobs)" class="SPEECH_COGNITIVE" external_ref="talk.01" instance_id="SPE57304645462218558" m_id="231"/><EVENT TAG_DESCRIPTOR="said S21-SE - (Steve Jobs)" class="SPEECH_COGNITIVE" external_ref="say.01" instance_id="SPE57304543257752612" m_id="232"/>
<EVENT TAG_DESCRIPTOR="announced S15-SE - (Steve Jobs)" class="SPEECH_COGNITIVE" external_ref="announce.01" instance_id="SPE57303719405132347" m_id="233"/></Markables>
<Relations>





<TLINK comment="" r_id="360705" reltype="BEFORE" signalID="">
<source m_id="42"/>
<target m_id="46"/>
</TLINK>
<TLINK comment="" r_id="360706" reltype="BEFORE" signalID="">
<source m_id="43"/>
<target m_id="46"/>
</TLINK>
<TLINK comment="" r_id="360707" reltype="AFTER" signalID="">
<source m_id="30"/>
<target m_id="46"/>
</TLINK>
<TLINK comment="" r_id="360708" reltype="BEFORE" signalID="">
<source m_id="34"/>
<target m_id="46"/>
</TLINK>
<TLINK comment="" r_id="360709" reltype="SIMULTANEOUS" signalID="">
<source m_id="37"/>
<target m_id="46"/>
</TLINK>
<TLINK comment="" r_id="360710" reltype="SIMULTANEOUS" signalID="">
<source m_id="36"/>
<target m_id="46"/>
</TLINK>
<TLINK comment="" r_id="360711" reltype="BEFORE" signalID="">
<source m_id="35"/>
<target m_id="46"/>
</TLINK>


<TLINK comment="" r_id="360714" reltype="INCLUDES" signalID="">
<source m_id="43"/>
<target m_id="30"/>
</TLINK>
<TLINK comment="" r_id="360715" reltype="BEFORE" signalID="">
<source m_id="43"/>
<target m_id="28"/>
</TLINK>
<TLINK comment="" r_id="360716" reltype="SIMULTANEOUS" signalID="">
<source m_id="30"/>
<target m_id="34"/>
</TLINK>
<TLINK comment="" r_id="360717" reltype="IS_INCLUDED" signalID="45">
<source m_id="42"/>
<target m_id="47"/>
</TLINK>
<TLINK comment="" r_id="360718" reltype="IS_INCLUDED" signalID="45">
<source m_id="39"/>
<target m_id="47"/>
</TLINK>
<TLINK comment="" r_id="360719" reltype="IS_INCLUDED" signalID="44">
<source m_id="37"/>
<target m_id="48"/>
</TLINK>
<TLINK comment="" r_id="360720" reltype="IS_INCLUDED" signalID="44">
<source m_id="29"/>
<target m_id="48"/>
</TLINK>
<SLINK comment="" r_id="360721">
<source m_id="43"/>
<target m_id="28"/>
</SLINK>
<SLINK comment="" r_id="360722">
<source m_id="34"/>
<target m_id="35"/>
</SLINK>
<HAS_PARTICIPANT comment="" r_id="360723" sem_role="Arg0" sem_role_framework="PROPBANK">
<source m_id="42"/>
<target m_id="18"/>
</HAS_PARTICIPANT>
<HAS_PARTICIPANT comment="" r_id="360724" sem_role="Argm-LOC" sem_role_framework="PROPBANK">
<source m_id="42"/>
<target m_id="22"/>
</HAS_PARTICIPANT>
<HAS_PARTICIPANT comment="" r_id="360725" sem_role="Arg0" sem_role_framework="PROPBANK">
<source m_id="43"/>
<target m_id="26"/>
</HAS_PARTICIPANT>
<HAS_PARTICIPANT comment="" r_id="360726" sem_role="Arg1" sem_role_framework="PROPBANK">
<source m_id="28"/>
<target m_id="3"/>
</HAS_PARTICIPANT>
<HAS_PARTICIPANT comment="" r_id="360727" sem_role="Arg1" sem_role_framework="PROPBANK">
<source m_id="28"/>
<target m_id="5"/>
</HAS_PARTICIPANT>
<HAS_PARTICIPANT comment="" r_id="360728" sem_role="Arg0" sem_role_framework="PROPBANK">
<source m_id="30"/>
<target m_id="7"/>
</HAS_PARTICIPANT>
<HAS_PARTICIPANT comment="" r_id="360729" sem_role="Arg1" sem_role_framework="PROPBANK">
<source m_id="30"/>
<target m_id="9"/>
</HAS_PARTICIPANT>
<HAS_PARTICIPANT comment="" r_id="360730" sem_role="Arg1" sem_role_framework="PROPBANK">
<source m_id="35"/>
<target m_id="8"/>
</HAS_PARTICIPANT>
<HAS_PARTICIPANT comment="" r_id="360731" sem_role="Arg1" sem_role_framework="PROPBANK">
<source m_id="36"/>
<target m_id="10"/>
</HAS_PARTICIPANT>
<HAS_PARTICIPANT comment="" r_id="360732" sem_role="Arg1" sem_role_framework="PROPBANK">
<source m_id="37"/>
<target m_id="27"/>
</HAS_PARTICIPANT>
<HAS_PARTICIPANT comment="" r_id="360733" sem_role="Argm-OTHER" sem_role_framework="PROPBANK">
<source m_id="29"/>
<target m_id="27"/>
</HAS_PARTICIPANT>
<HAS_PARTICIPANT comment="" r_id="360734" sem_role="Arg0" sem_role_framework="PROPBANK">
<source m_id="29"/>
<target m_id="13"/>
</HAS_PARTICIPANT>
<HAS_PARTICIPANT comment="" r_id="360735" sem_role="Arg0" sem_role_framework="PROPBANK">
<source m_id="31"/>
<target m_id="16"/>
</HAS_PARTICIPANT>
<HAS_PARTICIPANT comment="" r_id="366538" sem_role="Argm-LOC" sem_role_framework="PROPBANK">
<source m_id="82"/>
<target m_id="22"/>
</HAS_PARTICIPANT>
<TLINK comment="" r_id="366539" reltype="IS_INCLUDED" signalID="">
<source m_id="82"/>
<target m_id="47"/>
</TLINK>

































<REFERS_TO r_id="366608">
<source m_id="24"/>
<target m_id="178"/>
</REFERS_TO>
<REFERS_TO r_id="366609">
<source m_id="201"/>
<target m_id="219"/>
</REFERS_TO>
<REFERS_TO r_id="366610">
<source m_id="196"/>
<target m_id="227"/>
</REFERS_TO>
<REFERS_TO r_id="366611">
<source m_id="31"/>
<source m_id="42"/>
<target m_id="65"/>
</REFERS_TO>
<REFERS_TO r_id="366612">
<source m_id="3"/>
<source m_id="4"/>
<target m_id="179"/>
</REFERS_TO>
<REFERS_TO r_id="366613">
<source m_id="29"/>
<source m_id="33"/>
<source m_id="40"/>
<source m_id="41"/>
<source m_id="82"/>
<target m_id="67"/>
</REFERS_TO>
<REFERS_TO r_id="366614">
<source m_id="22"/>
<target m_id="177"/>
</REFERS_TO>
<REFERS_TO r_id="366615">
<source m_id="30"/>
<target m_id="176"/>
</REFERS_TO>
<REFERS_TO r_id="366616">
<source m_id="43"/>
<target m_id="175"/>
</REFERS_TO>
<REFERS_TO r_id="366617">
<source m_id="7"/>
<source m_id="14"/>
<source m_id="15"/>
<source m_id="16"/>
<source m_id="18"/>
<source m_id="19"/>
<source m_id="80"/>
<source m_id="20"/>
<source m_id="21"/>
<source m_id="26"/>
<source m_id="83"/>
<source m_id="218"/>
<source m_id="213"/>
<source m_id="204"/>
<source m_id="203"/>
<source m_id="216"/>
<source m_id="215"/>
<source m_id="217"/>
<source m_id="206"/>
<source m_id="207"/>
<source m_id="208"/>
<source m_id="209"/>
<source m_id="210"/>
<source m_id="211"/>
<source m_id="212"/>
<target m_id="174"/>
</REFERS_TO>
<REFERS_TO r_id="366618">
<source m_id="32"/>
<source m_id="39"/>
<target m_id="173"/>
</REFERS_TO>
<REFERS_TO r_id="366619">
<source m_id="197"/>
<target m_id="225"/>
</REFERS_TO>
<REFERS_TO r_id="366620">
<source m_id="193"/>
<target m_id="232"/>
</REFERS_TO>
<REFERS_TO r_id="366621">
<source m_id="84"/>
<target m_id="85"/>
</REFERS_TO>
<REFERS_TO r_id="366622">
<source m_id="194"/>
<target m_id="223"/>
</REFERS_TO>
<REFERS_TO r_id="366623">
<source m_id="192"/>
<target m_id="231"/>
</REFERS_TO>
<REFERS_TO r_id="366624">
<source m_id="25"/>
<target m_id="182"/>
</REFERS_TO>
<REFERS_TO r_id="366625">
<source m_id="5"/>
<target m_id="183"/>
</REFERS_TO>
<REFERS_TO r_id="366626">
<source m_id="23"/>
<target m_id="180"/>
</REFERS_TO>
<REFERS_TO r_id="366627">
<source m_id="8"/>
<source m_id="9"/>
<target m_id="181"/>
</REFERS_TO>
<REFERS_TO r_id="366628">
<source m_id="1"/>
<target m_id="186"/>
</REFERS_TO>
<REFERS_TO r_id="366629">
<source m_id="11"/>
<source m_id="12"/>
<source m_id="17"/>
<target m_id="187"/>
</REFERS_TO>
<REFERS_TO r_id="366630">
<source m_id="27"/>
<target m_id="184"/>
</REFERS_TO>
<REFERS_TO r_id="366631">
<source m_id="10"/>
<source m_id="13"/>
<target m_id="185"/>
</REFERS_TO>
<REFERS_TO r_id="366632">
<source m_id="6"/>
<target m_id="188"/>
</REFERS_TO>
<REFERS_TO r_id="366633">
<source m_id="190"/>
<target m_id="233"/>
</REFERS_TO>
<REFERS_TO r_id="366634">
<source m_id="191"/>
<target m_id="230"/>
</REFERS_TO>
<REFERS_TO r_id="366635">
<source m_id="37"/>
<target m_id="76"/>
</REFERS_TO>
<REFERS_TO r_id="366636">
<source m_id="36"/>
<target m_id="75"/>
</REFERS_TO>
<REFERS_TO r_id="366637">
<source m_id="35"/>
<target m_id="74"/>
</REFERS_TO>
<REFERS_TO r_id="366638">
<source m_id="199"/>
<target m_id="229"/>
</REFERS_TO>
<REFERS_TO r_id="366639">
<source m_id="28"/>
<target m_id="70"/>
</REFERS_TO>
<REFERS_TO r_id="366640">
<source m_id="34"/>
<target m_id="164"/>
</REFERS_TO>
<REFERS_TO r_id="366641">
<source m_id="198"/>
<target m_id="226"/>
</REFERS_TO>
<REFERS_TO r_id="366642">
<source m_id="2"/>
<source m_id="205"/>
<target m_id="166"/>
</REFERS_TO>
<REFERS_TO r_id="366643">
<source m_id="214"/>
<target m_id="224"/>
</REFERS_TO>
<REFERS_TO r_id="366644">
<source m_id="38"/>
<target m_id="69"/>
</REFERS_TO>
<REFERS_TO r_id="366645">
<source m_id="189"/>
<target m_id="222"/>
</REFERS_TO>
<REFERS_TO r_id="366646">
<source m_id="202"/>
<target m_id="221"/>
</REFERS_TO>
<REFERS_TO r_id="366647">
<source m_id="200"/>
<target m_id="220"/>
</REFERS_TO>
<REFERS_TO r_id="366648">
<source m_id="195"/>
<target m_id="228"/>
</REFERS_TO>
</Relations>
</Document>