<?xml version="1.0" ?><Document doc_id="127576" doc_name="127576_Apple_launches_new" lang="en" url="http://en.wikinews.org/wiki/Apple_launches_new,_faster_iPhone">
<token number="0" sentence="0" t_id="1">Apple</token>
<token number="1" sentence="0" t_id="2">launches</token>
<token number="2" sentence="0" t_id="3">new</token>
<token number="3" sentence="0" t_id="4">,</token>
<token number="4" sentence="0" t_id="5">faster</token>
<token number="5" sentence="0" t_id="6">iPhone</token>
<token number="6" sentence="1" t_id="7">June</token>
<token number="7" sentence="1" t_id="8">9</token>
<token number="8" sentence="1" t_id="9">,</token>
<token number="9" sentence="1" t_id="10">2009</token>
<token number="10" sentence="2" t_id="11">Apple</token>
<token number="11" sentence="2" t_id="12">Computer</token>
<token number="12" sentence="2" t_id="13">today</token>
<token number="13" sentence="2" t_id="14">announced</token>
<token number="14" sentence="2" t_id="15">its</token>
<token number="15" sentence="2" t_id="16">latest</token>
<token number="16" sentence="2" t_id="17">iteration</token>
<token number="17" sentence="2" t_id="18">of</token>
<token number="18" sentence="2" t_id="19">their</token>
<token number="19" sentence="2" t_id="20">popular</token>
<token number="20" sentence="2" t_id="21">iPhone</token>
<token number="21" sentence="2" t_id="22">,</token>
<token number="22" sentence="2" t_id="23">the</token>
<token number="23" sentence="2" t_id="24">iPhone</token>
<token number="24" sentence="2" t_id="25">3GS.</token>
<token number="25" sentence="3" t_id="26">The</token>
<token number="26" sentence="3" t_id="27">new</token>
<token number="27" sentence="3" t_id="28">hardware</token>
<token number="28" sentence="3" t_id="29">,</token>
<token number="29" sentence="3" t_id="30">revealed</token>
<token number="30" sentence="3" t_id="31">at</token>
<token number="31" sentence="3" t_id="32">the</token>
<token number="32" sentence="3" t_id="33">company</token>
<token number="33" sentence="3" t_id="34">'s</token>
<token number="34" sentence="3" t_id="35">annual</token>
<token number="35" sentence="3" t_id="36">Worldwide</token>
<token number="36" sentence="3" t_id="37">Developers</token>
<token number="37" sentence="3" t_id="38">Conference</token>
<token number="38" sentence="3" t_id="39">drew</token>
<token number="39" sentence="3" t_id="40">attention</token>
<token number="40" sentence="3" t_id="41">from</token>
<token number="41" sentence="3" t_id="42">the</token>
<token number="42" sentence="3" t_id="43">media</token>
<token number="43" sentence="3" t_id="44">and</token>
<token number="44" sentence="3" t_id="45">iPhone</token>
<token number="45" sentence="3" t_id="46">owners</token>
<token number="46" sentence="3" t_id="47">alike</token>
<token number="47" sentence="3" t_id="48">.</token>
<token number="48" sentence="4" t_id="49">Features</token>
<token number="49" sentence="4" t_id="50">new</token>
<token number="50" sentence="4" t_id="51">to</token>
<token number="51" sentence="4" t_id="52">the</token>
<token number="52" sentence="4" t_id="53">iPhone</token>
<token number="53" sentence="4" t_id="54">include</token>
<token number="54" sentence="4" t_id="55">an</token>
<token number="55" sentence="4" t_id="56">upgraded</token>
<token number="56" sentence="4" t_id="57">camera</token>
<token number="57" sentence="4" t_id="58">,</token>
<token number="58" sentence="4" t_id="59">which</token>
<token number="59" sentence="4" t_id="60">also</token>
<token number="60" sentence="4" t_id="61">allows</token>
<token number="61" sentence="4" t_id="62">users</token>
<token number="62" sentence="4" t_id="63">to</token>
<token number="63" sentence="4" t_id="64">record</token>
<token number="64" sentence="4" t_id="65">video</token>
<token number="65" sentence="4" t_id="66">and</token>
<token number="66" sentence="4" t_id="67">sound</token>
<token number="67" sentence="4" t_id="68">,</token>
<token number="68" sentence="4" t_id="69">as</token>
<token number="69" sentence="4" t_id="70">well</token>
<token number="70" sentence="4" t_id="71">as</token>
<token number="71" sentence="4" t_id="72">&quot;</token>
<token number="72" sentence="4" t_id="73">voice</token>
<token number="73" sentence="4" t_id="74">control</token>
<token number="74" sentence="4" t_id="75">&quot;</token>
<token number="75" sentence="4" t_id="76">,</token>
<token number="76" sentence="4" t_id="77">which</token>
<token number="77" sentence="4" t_id="78">will</token>
<token number="78" sentence="4" t_id="79">allow</token>
<token number="79" sentence="4" t_id="80">users</token>
<token number="80" sentence="4" t_id="81">to</token>
<token number="81" sentence="4" t_id="82">control</token>
<token number="82" sentence="4" t_id="83">most</token>
<token number="83" sentence="4" t_id="84">features</token>
<token number="84" sentence="4" t_id="85">of</token>
<token number="85" sentence="4" t_id="86">the</token>
<token number="86" sentence="4" t_id="87">iPhone</token>
<token number="87" sentence="4" t_id="88">with</token>
<token number="88" sentence="4" t_id="89">their</token>
<token number="89" sentence="4" t_id="90">voice</token>
<token number="90" sentence="4" t_id="91">.</token>
<token number="91" sentence="5" t_id="92">The</token>
<token number="92" sentence="5" t_id="93">new</token>
<token number="93" sentence="5" t_id="94">phone</token>
<token number="94" sentence="5" t_id="95">will</token>
<token number="95" sentence="5" t_id="96">also</token>
<token number="96" sentence="5" t_id="97">come</token>
<token number="97" sentence="5" t_id="98">pre-loaded</token>
<token number="98" sentence="5" t_id="99">with</token>
<token number="99" sentence="5" t_id="100">the</token>
<token number="100" sentence="5" t_id="101">new</token>
<token number="101" sentence="5" t_id="102">iPhone</token>
<token number="102" sentence="5" t_id="103">3.0</token>
<token number="103" sentence="5" t_id="104">software</token>
<token number="104" sentence="5" t_id="105">,</token>
<token number="105" sentence="5" t_id="106">which</token>
<token number="106" sentence="5" t_id="107">will</token>
<token number="107" sentence="5" t_id="108">be</token>
<token number="108" sentence="5" t_id="109">available</token>
<token number="109" sentence="5" t_id="110">on</token>
<token number="110" sentence="5" t_id="111">June</token>
<token number="111" sentence="5" t_id="112">17</token>
<token number="112" sentence="5" t_id="113">,</token>
<token number="113" sentence="5" t_id="114">two</token>
<token number="114" sentence="5" t_id="115">days</token>
<token number="115" sentence="5" t_id="116">before</token>
<token number="116" sentence="5" t_id="117">the</token>
<token number="117" sentence="5" t_id="118">phone</token>
<token number="118" sentence="5" t_id="119">launches</token>
<token number="119" sentence="5" t_id="120">.</token>
<token number="120" sentence="6" t_id="121">In</token>
<token number="121" sentence="6" t_id="122">addition</token>
<token number="122" sentence="6" t_id="123">to</token>
<token number="123" sentence="6" t_id="124">the</token>
<token number="124" sentence="6" t_id="125">new</token>
<token number="125" sentence="6" t_id="126">iPhone</token>
<token number="126" sentence="6" t_id="127">hardware</token>
<token number="127" sentence="6" t_id="128">,</token>
<token number="128" sentence="6" t_id="129">Apple</token>
<token number="129" sentence="6" t_id="130">also</token>
<token number="130" sentence="6" t_id="131">demonstrated</token>
<token number="131" sentence="6" t_id="132">some</token>
<token number="132" sentence="6" t_id="133">of</token>
<token number="133" sentence="6" t_id="134">the</token>
<token number="134" sentence="6" t_id="135">features</token>
<token number="135" sentence="6" t_id="136">of</token>
<token number="136" sentence="6" t_id="137">its</token>
<token number="137" sentence="6" t_id="138">new</token>
<token number="138" sentence="6" t_id="139">desktop</token>
<token number="139" sentence="6" t_id="140">operating</token>
<token number="140" sentence="6" t_id="141">system</token>
<token number="141" sentence="6" t_id="142">,</token>
<token number="142" sentence="6" t_id="143">Snow</token>
<token number="143" sentence="6" t_id="144">Leopard</token>
<token number="144" sentence="6" t_id="145">,</token>
<token number="145" sentence="6" t_id="146">and</token>
<token number="146" sentence="6" t_id="147">highlighted</token>
<token number="147" sentence="6" t_id="148">the</token>
<token number="148" sentence="6" t_id="149">new</token>
<token number="149" sentence="6" t_id="150">Safari</token>
<token number="150" sentence="6" t_id="151">4.0</token>
<token number="151" sentence="6" t_id="152">web</token>
<token number="152" sentence="6" t_id="153">browser</token>
<token number="153" sentence="6" t_id="154">.</token>
<token number="154" sentence="7" t_id="155">The</token>
<token number="155" sentence="7" t_id="156">iPhone</token>
<token number="156" sentence="7" t_id="157">3GS</token>
<token number="157" sentence="7" t_id="158">will</token>
<token number="158" sentence="7" t_id="159">be</token>
<token number="159" sentence="7" t_id="160">available</token>
<token number="160" sentence="7" t_id="161">in</token>
<token number="161" sentence="7" t_id="162">a</token>
<token number="162" sentence="7" t_id="163">16</token>
<token number="163" sentence="7" t_id="164">GB</token>
<token number="164" sentence="7" t_id="165">and</token>
<token number="165" sentence="7" t_id="166">32</token>
<token number="166" sentence="7" t_id="167">GB</token>
<token number="167" sentence="7" t_id="168">models</token>
<token number="168" sentence="7" t_id="169">,</token>
<token number="169" sentence="7" t_id="170">retailing</token>
<token number="170" sentence="7" t_id="171">for</token>
<token number="171" sentence="7" t_id="172">US</token>
<token number="172" sentence="7" t_id="173">$</token>
<token number="173" sentence="7" t_id="174">199</token>
<token number="174" sentence="7" t_id="175">and</token>
<token number="175" sentence="7" t_id="176">$</token>
<token number="176" sentence="7" t_id="177">299</token>
<token number="177" sentence="7" t_id="178">respectively</token>
<token number="178" sentence="7" t_id="179">.</token>
<Markables>
<ENTITY_MENTION comment="" head="iteration" m_id="29" syntactic_type="NOM">
<token_anchor t_id="15"/>
<token_anchor t_id="16"/>
<token_anchor t_id="17"/>
<token_anchor t_id="18"/>
<token_anchor t_id="19"/>
<token_anchor t_id="20"/>
<token_anchor t_id="21"/>
</ENTITY_MENTION>
<ENTITY_MENTION comment="" head="" m_id="30" syntactic_type="APP">
<token_anchor t_id="15"/>
<token_anchor t_id="16"/>
<token_anchor t_id="17"/>
<token_anchor t_id="18"/>
<token_anchor t_id="19"/>
<token_anchor t_id="20"/>
<token_anchor t_id="21"/>
<token_anchor t_id="22"/>
<token_anchor t_id="23"/>
<token_anchor t_id="24"/>
<token_anchor t_id="25"/>
</ENTITY_MENTION>
<ENTITY_MENTION comment="" head="" m_id="31" syntactic_type="CONJ">
<token_anchor t_id="65"/>
<token_anchor t_id="66"/>
<token_anchor t_id="67"/>
</ENTITY_MENTION>
<ENTITY_MENTION comment="" head="camera" m_id="32" syntactic_type="NOM">
<token_anchor t_id="55"/>
<token_anchor t_id="56"/>
<token_anchor t_id="57"/>
<token_anchor t_id="58"/>
<token_anchor t_id="59"/>
<token_anchor t_id="60"/>
<token_anchor t_id="61"/>
<token_anchor t_id="62"/>
<token_anchor t_id="63"/>
<token_anchor t_id="64"/>
<token_anchor t_id="65"/>
<token_anchor t_id="66"/>
<token_anchor t_id="67"/>
</ENTITY_MENTION>
<ENTITY_MENTION comment="" head="hardware" m_id="33" syntactic_type="NOM">
<token_anchor t_id="26"/>
<token_anchor t_id="27"/>
<token_anchor t_id="28"/>
<token_anchor t_id="29"/>
<token_anchor t_id="30"/>
<token_anchor t_id="31"/>
<token_anchor t_id="32"/>
<token_anchor t_id="33"/>
<token_anchor t_id="34"/>
<token_anchor t_id="35"/>
<token_anchor t_id="36"/>
<token_anchor t_id="37"/>
<token_anchor t_id="38"/>
</ENTITY_MENTION>
<ENTITY_MENTION comment="" head="owners" m_id="1" syntactic_type="NOM">
<token_anchor t_id="45"/>
<token_anchor t_id="46"/>
</ENTITY_MENTION>
<ENTITY_MENTION comment="" head="their" m_id="34" syntactic_type="PRO">
<token_anchor t_id="89"/>
</ENTITY_MENTION>
<ENTITY_MENTION comment="" head="media" m_id="2" syntactic_type="NOM">
<token_anchor t_id="42"/>
<token_anchor t_id="43"/>
</ENTITY_MENTION>
<ENTITY_MENTION comment="" head="iPhone" m_id="3" syntactic_type="PRE.NAM">
<token_anchor t_id="45"/>
</ENTITY_MENTION>
<ENTITY_MENTION comment="" head="company" m_id="35" syntactic_type="NOM">
<token_anchor t_id="32"/>
<token_anchor t_id="33"/>
</ENTITY_MENTION>
<ENTITY_MENTION comment="" head="software" m_id="4" syntactic_type="NOM">
<token_anchor t_id="100"/>
<token_anchor t_id="101"/>
<token_anchor t_id="102"/>
<token_anchor t_id="103"/>
<token_anchor t_id="104"/>
</ENTITY_MENTION>
<ENTITY_MENTION comment="" head="phone" m_id="36" syntactic_type="NOM">
<token_anchor t_id="92"/>
<token_anchor t_id="93"/>
<token_anchor t_id="94"/>
</ENTITY_MENTION>
<ENTITY_MENTION comment="" head="which" m_id="5" syntactic_type="PRO">
<token_anchor t_id="106"/>
</ENTITY_MENTION>
<ENTITY_MENTION comment="" head="" m_id="6" syntactic_type="CONJ">
<token_anchor t_id="42"/>
<token_anchor t_id="43"/>
<token_anchor t_id="44"/>
<token_anchor t_id="45"/>
<token_anchor t_id="46"/>
</ENTITY_MENTION>
<ENTITY_MENTION comment="" head="phone" m_id="7" syntactic_type="NOM">
<token_anchor t_id="117"/>
<token_anchor t_id="118"/>
</ENTITY_MENTION>
<ENTITY_MENTION comment="" head="software" m_id="8" syntactic_type="NOM">
<token_anchor t_id="100"/>
<token_anchor t_id="101"/>
<token_anchor t_id="102"/>
<token_anchor t_id="103"/>
<token_anchor t_id="104"/>
<token_anchor t_id="105"/>
<token_anchor t_id="106"/>
<token_anchor t_id="107"/>
<token_anchor t_id="108"/>
<token_anchor t_id="109"/>
<token_anchor t_id="110"/>
<token_anchor t_id="111"/>
<token_anchor t_id="112"/>
<token_anchor t_id="113"/>
<token_anchor t_id="114"/>
<token_anchor t_id="115"/>
<token_anchor t_id="116"/>
<token_anchor t_id="117"/>
<token_anchor t_id="118"/>
<token_anchor t_id="119"/>
</ENTITY_MENTION>
<ENTITY_MENTION comment="" head="iPhone" m_id="9" syntactic_type="NAM">
<token_anchor t_id="52"/>
<token_anchor t_id="53"/>
</ENTITY_MENTION>
<ENTITY_MENTION comment="" head="camera" m_id="10" syntactic_type="NOM">
<token_anchor t_id="55"/>
<token_anchor t_id="56"/>
<token_anchor t_id="57"/>
</ENTITY_MENTION>
<ENTITY_MENTION comment="" head="Apple" m_id="11" syntactic_type="NAM">
<token_anchor t_id="1"/>
</ENTITY_MENTION>
<ENTITY_MENTION comment="" head="" m_id="12" syntactic_type="PRO">
<token_anchor t_id="59"/>
</ENTITY_MENTION>
<ENTITY_MENTION comment="" head="iPhone" m_id="13" syntactic_type="NAM">
<token_anchor t_id="3"/>
<token_anchor t_id="4"/>
<token_anchor t_id="5"/>
<token_anchor t_id="6"/>
</ENTITY_MENTION>
<ENTITY_MENTION comment="" head="users" m_id="14" syntactic_type="NOM">
<token_anchor t_id="62"/>
</ENTITY_MENTION>
<ENTITY_MENTION comment="" head="video" m_id="15" syntactic_type="NOM">
<token_anchor t_id="65"/>
</ENTITY_MENTION>
<ENTITY_MENTION comment="" head="sound" m_id="16" syntactic_type="NOM">
<token_anchor t_id="67"/>
</ENTITY_MENTION>
<ENTITY_MENTION comment="" head="users" m_id="17" syntactic_type="NOM">
<token_anchor t_id="80"/>
</ENTITY_MENTION>
<ENTITY_MENTION comment="" head="features" m_id="18" syntactic_type="NOM">
<token_anchor t_id="83"/>
<token_anchor t_id="84"/>
<token_anchor t_id="85"/>
<token_anchor t_id="86"/>
<token_anchor t_id="87"/>
</ENTITY_MENTION>
<ENTITY_MENTION comment="" head="iPhone" m_id="19" syntactic_type="NAM">
<token_anchor t_id="19"/>
<token_anchor t_id="20"/>
<token_anchor t_id="21"/>
</ENTITY_MENTION>
<ENTITY_MENTION comment="" head="which" m_id="20" syntactic_type="PRO">
<token_anchor t_id="77"/>
</ENTITY_MENTION>
<ENTITY_MENTION comment="" head="iPhone" m_id="22" syntactic_type="NAM">
<token_anchor t_id="86"/>
<token_anchor t_id="87"/>
</ENTITY_MENTION>
<ENTITY_MENTION comment="" head="Apple Computer" m_id="23" syntactic_type="NAM">
<token_anchor t_id="11"/>
<token_anchor t_id="12"/>
</ENTITY_MENTION>
<ENTITY_MENTION comment="" head="Features" m_id="24" syntactic_type="NOM">
<token_anchor t_id="49"/>
<token_anchor t_id="50"/>
<token_anchor t_id="51"/>
<token_anchor t_id="52"/>
<token_anchor t_id="53"/>
</ENTITY_MENTION>
<ENTITY_MENTION comment="" head="" m_id="25" syntactic_type="PRO">
<token_anchor t_id="15"/>
</ENTITY_MENTION>
<ENTITY_MENTION comment="" head="iPhone 3GS" m_id="26" syntactic_type="NAM">
<token_anchor t_id="23"/>
<token_anchor t_id="24"/>
<token_anchor t_id="25"/>
</ENTITY_MENTION>
<ENTITY_MENTION comment="" head="their" m_id="27" syntactic_type="PRO">
<token_anchor t_id="19"/>
</ENTITY_MENTION>
<ENTITY_MENTION comment="" head="voice control" m_id="28" syntactic_type="NOM">
<token_anchor t_id="73"/>
<token_anchor t_id="74"/>
</ENTITY_MENTION>
<EVENT_MENTION aspect="" certainty="CERTAIN" comment="" m_id="37" modality="" polarity="POS" pos="" pred="" special_cases="GEN" tense="" time="FUTURE">
<token_anchor t_id="98"/>
</EVENT_MENTION>
<EVENT_MENTION aspect="" certainty="CERTAIN" comment="" m_id="38" modality="" polarity="POS" pos="" pred="" special_cases="GEN" tense="" time="FUTURE">
<token_anchor t_id="108"/>
</EVENT_MENTION>
<EVENT_MENTION aspect="" certainty="CERTAIN" comment="" m_id="39" modality="" polarity="POS" pos="" pred="" special_cases="NONE" tense="" time="FUTURE">
<token_anchor t_id="119"/>
</EVENT_MENTION>
<EVENT_MENTION aspect="" certainty="CERTAIN" comment="" m_id="40" modality="" polarity="POS" pos="VERB" pred="" special_cases="NONE" tense="" time="NON_FUTURE">
<token_anchor t_id="2"/>
</EVENT_MENTION>
<EVENT_MENTION aspect="" certainty="CERTAIN" comment="" m_id="41" modality="" polarity="POS" pos="" pred="" special_cases="GEN" tense="" time="FUTURE">
<token_anchor t_id="109"/>
</EVENT_MENTION>
<EVENT_MENTION aspect="" certainty="CERTAIN" comment="" m_id="42" modality="" polarity="POS" pos="VERB" pred="" special_cases="NONE" tense="" time="NON_FUTURE">
<token_anchor t_id="30"/>
</EVENT_MENTION>
<EVENT_MENTION aspect="" certainty="CERTAIN" comment="" m_id="43" modality="" polarity="POS" pos="" pred="" special_cases="GEN" tense="" time="NON_FUTURE">
<token_anchor t_id="54"/>
</EVENT_MENTION>
<EVENT_MENTION aspect="" certainty="CERTAIN" comment="" m_id="44" modality="" polarity="POS" pos="" pred="" special_cases="GEN" tense="" time="NON_FUTURE">
<token_anchor t_id="61"/>
</EVENT_MENTION>
<EVENT_MENTION aspect="" certainty="CERTAIN" comment="" m_id="45" modality="" polarity="POS" pos="" pred="" special_cases="GEN" tense="" time="NON_FUTURE">
<token_anchor t_id="64"/>
</EVENT_MENTION>
<EVENT_MENTION aspect="" certainty="CERTAIN" comment="" m_id="46" modality="" polarity="POS" pos="" pred="" special_cases="GEN" tense="" time="FUTURE">
<token_anchor t_id="79"/>
</EVENT_MENTION>
<EVENT_MENTION aspect="" certainty="CERTAIN" comment="" m_id="47" modality="" polarity="POS" pos="" pred="" special_cases="GEN" tense="" time="FUTURE">
<token_anchor t_id="82"/>
</EVENT_MENTION>
<EVENT_MENTION aspect="" certainty="CERTAIN" comment="" m_id="48" modality="" polarity="POS" pos="" pred="" special_cases="NONE" tense="" time="NON_FUTURE">
<token_anchor t_id="14"/>
</EVENT_MENTION>
<EVENT_MENTION aspect="" certainty="CERTAIN" comment="" m_id="49" modality="" polarity="POS" pos="" pred="" special_cases="NONE" tense="" time="NON_FUTURE">
<token_anchor t_id="38"/>
</EVENT_MENTION>
<EVENT_MENTION aspect="" certainty="CERTAIN" comment="" m_id="50" modality="" polarity="POS" pos="" pred="" special_cases="NONE" tense="" time="NON_FUTURE">
<token_anchor t_id="39"/>
</EVENT_MENTION>
<EVENT_MENTION aspect="" certainty="CERTAIN" comment="" m_id="51" modality="" polarity="POS" pos="" pred="" special_cases="NONE" tense="" time="FUTURE">
<token_anchor t_id="97"/>
</EVENT_MENTION>
<EVENT_MENTION aspect="" certainty="CERTAIN" comment="" m_id="52" modality="" polarity="POS" pos="" pred="" special_cases="NONE" tense="" time="NON_FUTURE">
<token_anchor t_id="40"/>
</EVENT_MENTION>
<SIGNAL comment="" m_id="53">
<token_anchor t_id="116"/>
</SIGNAL>
<SIGNAL comment="" m_id="54">
<token_anchor t_id="110"/>
</SIGNAL>
<TIMEX3 anchorTimeID="57" beginPoint="" comment="" endPoint="" functionInDocument="NONE" m_id="55" type="DATE" value="2009-06-17">
<token_anchor t_id="111"/>
<token_anchor t_id="112"/>
</TIMEX3>
<TIMEX3 anchorTimeID="" beginPoint="55" comment="" endPoint="59" functionInDocument="NONE" m_id="56" type="DURATION" value="P2D">
<token_anchor t_id="114"/>
<token_anchor t_id="115"/>
</TIMEX3>
<TIMEX3 anchorTimeID="" beginPoint="" comment="" endPoint="" functionInDocument="CREATION_TIME" m_id="57" type="DATE" value="2009-06-09">
<token_anchor t_id="7"/>
<token_anchor t_id="8"/>
<token_anchor t_id="9"/>
<token_anchor t_id="10"/>
</TIMEX3>
<TIMEX3 anchorTimeID="57" beginPoint="" comment="" endPoint="" functionInDocument="NONE" m_id="58" type="DATE" value="2009-06-09">
<token_anchor t_id="13"/>
</TIMEX3>
<TIMEX3 TAG_DESCRIPTOR="2009-06-19" anchorTimeID="55" beginPoint="" comment="" endPoint="" functionInDocument="NONE" m_id="59" type="DATE" value="2009-06-19"/>
<EVENT TAG_DESCRIPTOR="announce" class="SPEECH_COGNITIVE" comment="" external_ref="" m_id="72"/>
<EVENT TAG_DESCRIPTOR="reveal" class="OTHER" comment="" external_ref="" m_id="73"/>
<EVENT TAG_DESCRIPTOR="Worldwide Developers Conference" class="OTHER" comment="" external_ref="" m_id="74"/>
<EVENT TAG_DESCRIPTOR="draw" class="GRAMMATICAL" comment="" external_ref="" m_id="75"/>
<EVENT TAG_DESCRIPTOR="attention" class="SPEECH_COGNITIVE" comment="" external_ref="" m_id="76"/>
<EVENT TAG_DESCRIPTOR="include" class="OTHER" comment="" external_ref="" m_id="77"/>
<EVENT TAG_DESCRIPTOR="allow" class="GRAMMATICAL" comment="" external_ref="" m_id="79"/>
<EVENT TAG_DESCRIPTOR="record" class="OTHER" comment="" external_ref="" m_id="80"/>
<EVENT TAG_DESCRIPTOR="control" class="OTHER" comment="" external_ref="" m_id="81"/>
<EVENT TAG_DESCRIPTOR="come" class="GRAMMATICAL" comment="" external_ref="" m_id="82"/>
<EVENT TAG_DESCRIPTOR="pre-load" class="OTHER" comment="" external_ref="" m_id="83"/>
<EVENT TAG_DESCRIPTOR="be" class="GRAMMATICAL" comment="" external_ref="" m_id="84"/>
<EVENT TAG_DESCRIPTOR="available" class="OTHER" comment="" external_ref="" m_id="85"/>
<EVENT TAG_DESCRIPTOR="launch" class="OTHER" comment="" external_ref="" m_id="86"/>
<ENTITY TAG_DESCRIPTOR="iPhone 3.0 software" ent_type="PRO" instance_id="PRO55738585562407114" m_id="135"/>
<ENTITY TAG_DESCRIPTOR="feature to record sound" ent_type="PRO" instance_id="PRO55738528215959750" m_id="136"/><ENTITY TAG_DESCRIPTOR="media" ent_type="ORG" external_ref="http://dbpedia.org/resource/Media" instance_id="ORG55732183235498816" m_id="137"/>
<ENTITY TAG_DESCRIPTOR="feature to record video and sound" ent_type="PRO" instance_id="PRO55738513220557043" m_id="138"/><ENTITY TAG_DESCRIPTOR="IPHONE 3GS" ent_type="PRO" instance_id="PRO19274271938602845" m_id="139"/>
<ENTITY TAG_DESCRIPTOR="upgraded camera" ent_type="PRO" instance_id="PRO55738568853536318" m_id="140"/><ENTITY TAG_DESCRIPTOR="voice control" ent_type="PRO" instance_id="PRO55738443484374256" m_id="141"/>
<ENTITY TAG_DESCRIPTOR="feature to record video" ent_type="PRO" instance_id="PRO55738480636456430" m_id="142"/><ENTITY TAG_DESCRIPTOR="iPhone 3GS users" ent_type="PER" instance_id="PER55738858791592133" m_id="143"/>
<ENTITY TAG_DESCRIPTOR="iPhone owners" ent_type="PER" instance_id="PER55738801540351056" m_id="144"/><ENTITY TAG_DESCRIPTOR="APPLE" ent_type="ORG" external_ref="http://dbpedia.org/resource/Apple_Inc." instance_id="ORG19274271187160719" m_id="145"/>
<ENTITY TAG_DESCRIPTOR="media and iPhone owners" ent_type="PER" instance_id="PER56156430653087743" m_id="146"/><ENTITY TAG_DESCRIPTOR="features of the iPhone 3GS" ent_type="PRO" instance_id="PRO55738543322442944" m_id="147"/></Markables>
<Relations>
<HAS_PARTICIPANT comment="" r_id="361804" sem_role="Arg0" sem_role_framework="PROPBANK">
<source m_id="48"/>
<target m_id="23"/>
</HAS_PARTICIPANT>
<HAS_PARTICIPANT comment="" r_id="361805" sem_role="Arg1" sem_role_framework="PROPBANK">
<source m_id="48"/>
<target m_id="30"/>
</HAS_PARTICIPANT>
<HAS_PARTICIPANT comment="" r_id="361806" sem_role="Arg1" sem_role_framework="PROPBANK">
<source m_id="42"/>
<target m_id="33"/>
</HAS_PARTICIPANT>
<HAS_PARTICIPANT comment="" r_id="361807" sem_role="Arg0" sem_role_framework="PROPBANK">
<source m_id="49"/>
<target m_id="35"/>
</HAS_PARTICIPANT>
<HAS_PARTICIPANT comment="" r_id="361808" sem_role="Arg0" sem_role_framework="PROPBANK">
<source m_id="50"/>
<target m_id="33"/>
</HAS_PARTICIPANT>
<HAS_PARTICIPANT comment="" r_id="361809" sem_role="Arg0" sem_role_framework="PROPBANK">
<source m_id="52"/>
<target m_id="6"/>
</HAS_PARTICIPANT>
<HAS_PARTICIPANT comment="" r_id="361810" sem_role="Arg2" sem_role_framework="PROPBANK">
<source m_id="43"/>
<target m_id="24"/>
</HAS_PARTICIPANT>
<HAS_PARTICIPANT comment="" r_id="361811" sem_role="Arg1" sem_role_framework="PROPBANK">
<source m_id="43"/>
<target m_id="32"/>
</HAS_PARTICIPANT>
<HAS_PARTICIPANT comment="" r_id="361812" sem_role="Arg2" sem_role_framework="PROPBANK">
<source m_id="44"/>
<target m_id="14"/>
</HAS_PARTICIPANT>
<HAS_PARTICIPANT comment="" r_id="361813" sem_role="Arg0" sem_role_framework="PROPBANK">
<source m_id="45"/>
<target m_id="14"/>
</HAS_PARTICIPANT>
<HAS_PARTICIPANT comment="" r_id="361814" sem_role="Arg1" sem_role_framework="PROPBANK">
<source m_id="45"/>
<target m_id="31"/>
</HAS_PARTICIPANT>
<HAS_PARTICIPANT comment="" r_id="361815" sem_role="Arg2" sem_role_framework="PROPBANK">
<source m_id="46"/>
<target m_id="17"/>
</HAS_PARTICIPANT>
<HAS_PARTICIPANT comment="" r_id="361816" sem_role="Arg0" sem_role_framework="PROPBANK">
<source m_id="47"/>
<target m_id="17"/>
</HAS_PARTICIPANT>
<HAS_PARTICIPANT comment="" r_id="361817" sem_role="Arg1" sem_role_framework="PROPBANK">
<source m_id="47"/>
<target m_id="18"/>
</HAS_PARTICIPANT>
<GLINK comment="" r_id="361819">
<source m_id="50"/>
<target m_id="52"/>
</GLINK>
<GLINK comment="" r_id="361820">
<source m_id="44"/>
<target m_id="45"/>
</GLINK>
<GLINK comment="" r_id="361821">
<source m_id="46"/>
<target m_id="47"/>
</GLINK>
<HAS_PARTICIPANT comment="" r_id="361822" sem_role="Arg1" sem_role_framework="PROPBANK">
<source m_id="51"/>
<target m_id="36"/>
</HAS_PARTICIPANT>
<HAS_PARTICIPANT comment="" r_id="361823" sem_role="Arg2" sem_role_framework="PROPBANK">
<source m_id="37"/>
<target m_id="8"/>
</HAS_PARTICIPANT>
<HAS_PARTICIPANT comment="" r_id="361824" sem_role="Arg1" sem_role_framework="PROPBANK">
<source m_id="38"/>
<target m_id="5"/>
</HAS_PARTICIPANT>
<HAS_PARTICIPANT comment="" r_id="361825" sem_role="Arg1" sem_role_framework="PROPBANK">
<source m_id="39"/>
<target m_id="7"/>
</HAS_PARTICIPANT>
<GLINK comment="" r_id="361826">
<source m_id="38"/>
<target m_id="41"/>
</GLINK>
<GLINK comment="" r_id="361827">
<source m_id="51"/>
<target m_id="37"/>
</GLINK>
<TLINK comment="" r_id="361828" reltype="IS_INCLUDED" signalID="">
<source m_id="48"/>
<target m_id="57"/>
</TLINK>
<TLINK comment="" r_id="361829" reltype="BEFORE" signalID="">
<source m_id="50"/>
<target m_id="57"/>
</TLINK>
<TLINK comment="" r_id="361830" reltype="IS_INCLUDED" signalID="">
<source m_id="43"/>
<target m_id="57"/>
</TLINK>
<TLINK comment="" r_id="361831" reltype="IS_INCLUDED" signalID="">
<source m_id="44"/>
<target m_id="57"/>
</TLINK>
<TLINK comment="" r_id="361832" reltype="AFTER" signalID="">
<source m_id="46"/>
<target m_id="57"/>
</TLINK>
<TLINK comment="" r_id="361833" reltype="AFTER" signalID="">
<source m_id="51"/>
<target m_id="57"/>
</TLINK>
<TLINK comment="" r_id="361834" reltype="AFTER" signalID="">
<source m_id="38"/>
<target m_id="57"/>
</TLINK>
<TLINK comment="" r_id="361835" reltype="AFTER" signalID="">
<source m_id="39"/>
<target m_id="57"/>
</TLINK>
<TLINK comment="" r_id="361836" reltype="SIMULTANEOUS" signalID="">
<source m_id="50"/>
<target m_id="48"/>
</TLINK>
<TLINK comment="" r_id="361837" reltype="BEFORE" signalID="">
<source m_id="50"/>
<target m_id="43"/>
</TLINK>
<TLINK comment="" r_id="361838" reltype="BEFORE" signalID="">
<source m_id="43"/>
<target m_id="51"/>
</TLINK>
<TLINK comment="" r_id="361839" reltype="IS_INCLUDED" signalID="">
<source m_id="50"/>
<target m_id="49"/>
</TLINK>
<TLINK comment="" r_id="361840" reltype="IS_INCLUDED" signalID="">
<source m_id="48"/>
<target m_id="58"/>
</TLINK>
<TLINK comment="" r_id="361841" reltype="IS_INCLUDED" signalID="54">
<source m_id="38"/>
<target m_id="55"/>
</TLINK>
<TLINK comment="" r_id="361842" reltype="BEFORE" signalID="53">
<source m_id="38"/>
<target m_id="39"/>
</TLINK>
<TLINK comment="" r_id="361843" reltype="IS_INCLUDED" signalID="">
<source m_id="39"/>
<target m_id="59"/>
</TLINK>
<TLINK comment="" r_id="361844" reltype="BEGINS" signalID="">
<source m_id="55"/>
<target m_id="56"/>
</TLINK>














<TLINK comment="" r_id="361871" reltype="ENDS" signalID="">
<source m_id="39"/>
<target m_id="56"/>
</TLINK>
<HAS_PARTICIPANT comment="" r_id="361875" sem_role="Arg0" sem_role_framework="PROPBANK">
<source m_id="40"/>
<target m_id="11"/>
</HAS_PARTICIPANT>
<HAS_PARTICIPANT comment="" r_id="361876" sem_role="Arg1" sem_role_framework="PROPBANK">
<source m_id="40"/>
<target m_id="13"/>
</HAS_PARTICIPANT>












<REFERS_TO r_id="361889">
<source m_id="2"/>
<target m_id="137"/>
</REFERS_TO>
<REFERS_TO r_id="361890">
<source m_id="16"/>
<target m_id="136"/>
</REFERS_TO>
<REFERS_TO r_id="361891">
<source m_id="4"/>
<source m_id="5"/>
<source m_id="8"/>
<target m_id="135"/>
</REFERS_TO>
<REFERS_TO r_id="361892">
<source m_id="51"/>
<target m_id="82"/>
</REFERS_TO>
<REFERS_TO r_id="361893">
<source m_id="37"/>
<target m_id="83"/>
</REFERS_TO>
<REFERS_TO r_id="361894">
<source m_id="45"/>
<target m_id="80"/>
</REFERS_TO>
<REFERS_TO r_id="361895">
<source m_id="31"/>
<target m_id="138"/>
</REFERS_TO>
<REFERS_TO r_id="361896">
<source m_id="39"/>
<source m_id="40"/>
<target m_id="86"/>
</REFERS_TO>
<REFERS_TO r_id="361897">
<source m_id="29"/>
<source m_id="30"/>
<source m_id="33"/>
<source m_id="3"/>
<source m_id="36"/>
<source m_id="7"/>
<source m_id="9"/>
<source m_id="13"/>
<source m_id="19"/>
<source m_id="22"/>
<source m_id="26"/>
<target m_id="139"/>
</REFERS_TO>
<REFERS_TO r_id="361898">
<source m_id="38"/>
<target m_id="84"/>
</REFERS_TO>
<REFERS_TO r_id="361899">
<source m_id="41"/>
<target m_id="85"/>
</REFERS_TO>
<REFERS_TO r_id="361900">
<source m_id="47"/>
<target m_id="81"/>
</REFERS_TO>
<REFERS_TO r_id="361901">
<source m_id="6"/>
<target m_id="146"/>
</REFERS_TO>
<REFERS_TO r_id="361902">
<source m_id="18"/>
<source m_id="24"/>
<target m_id="147"/>
</REFERS_TO>
<REFERS_TO r_id="361903">
<source m_id="1"/>
<target m_id="144"/>
</REFERS_TO>
<REFERS_TO r_id="361904">
<source m_id="35"/>
<source m_id="11"/>
<source m_id="23"/>
<source m_id="25"/>
<source m_id="27"/>
<target m_id="145"/>
</REFERS_TO>
<REFERS_TO r_id="361905">
<source m_id="15"/>
<target m_id="142"/>
</REFERS_TO>
<REFERS_TO r_id="361906">
<source m_id="34"/>
<source m_id="14"/>
<source m_id="17"/>
<target m_id="143"/>
</REFERS_TO>
<REFERS_TO r_id="361907">
<source m_id="32"/>
<source m_id="10"/>
<source m_id="12"/>
<target m_id="140"/>
</REFERS_TO>
<REFERS_TO r_id="361908">
<source m_id="20"/>
<source m_id="28"/>
<target m_id="141"/>
</REFERS_TO>
<REFERS_TO r_id="361909">
<source m_id="43"/>
<target m_id="77"/>
</REFERS_TO>
<REFERS_TO r_id="361910">
<source m_id="52"/>
<target m_id="76"/>
</REFERS_TO>
<REFERS_TO r_id="361911">
<source m_id="50"/>
<target m_id="75"/>
</REFERS_TO>
<REFERS_TO r_id="361912">
<source m_id="49"/>
<target m_id="74"/>
</REFERS_TO>
<REFERS_TO r_id="361913">
<source m_id="42"/>
<target m_id="73"/>
</REFERS_TO>
<REFERS_TO r_id="361914">
<source m_id="48"/>
<target m_id="72"/>
</REFERS_TO>
<REFERS_TO r_id="361915">
<source m_id="44"/>
<source m_id="46"/>
<target m_id="79"/>
</REFERS_TO>
</Relations>
</Document>