<?xml version="1.0" ?><Document doc_id="191597" doc_name="191597_Apple_swamped_by_iPhone" lang="en" url="http://en.wikinews.org/wiki/Apple_swamped_by_iPhone_4_pre-orders">
<token number="0" sentence="0" t_id="1">Apple</token>
<token number="1" sentence="0" t_id="2">swamped</token>
<token number="2" sentence="0" t_id="3">by</token>
<token number="3" sentence="0" t_id="4">iPhone</token>
<token number="4" sentence="0" t_id="5">4</token>
<token number="5" sentence="0" t_id="6">pre-orders</token>
<token number="6" sentence="1" t_id="7">June</token>
<token number="7" sentence="1" t_id="8">16</token>
<token number="8" sentence="1" t_id="9">,</token>
<token number="9" sentence="1" t_id="10">2010</token>
<token number="10" sentence="2" t_id="11">Pre-orders</token>
<token number="11" sentence="2" t_id="12">of</token>
<token number="12" sentence="2" t_id="13">the</token>
<token number="13" sentence="2" t_id="14">recently</token>
<token number="14" sentence="2" t_id="15">announced</token>
<token number="15" sentence="2" t_id="16">iPhone</token>
<token number="16" sentence="2" t_id="17">4</token>
<token number="17" sentence="2" t_id="18">began</token>
<token number="18" sentence="2" t_id="19">Tuesday</token>
<token number="19" sentence="2" t_id="20">,</token>
<token number="20" sentence="2" t_id="21">overwhelming</token>
<token number="21" sentence="2" t_id="22">Apple</token>
<token number="22" sentence="2" t_id="23">and</token>
<token number="23" sentence="2" t_id="24">AT&amp;T</token>
<token number="24" sentence="2" t_id="25">.</token>
<token number="25" sentence="3" t_id="26">Many</token>
<token number="26" sentence="3" t_id="27">buyers</token>
<token number="27" sentence="3" t_id="28">experienced</token>
<token number="28" sentence="3" t_id="29">issues</token>
<token number="29" sentence="3" t_id="30">connecting</token>
<token number="30" sentence="3" t_id="31">to</token>
<token number="31" sentence="3" t_id="32">Apple</token>
<token number="32" sentence="3" t_id="33">'s</token>
<token number="33" sentence="3" t_id="34">website</token>
<token number="34" sentence="3" t_id="35">and</token>
<token number="35" sentence="3" t_id="36">customer</token>
<token number="36" sentence="3" t_id="37">service</token>
<token number="37" sentence="3" t_id="38">line</token>
<token number="38" sentence="3" t_id="39">.</token>
<token number="39" sentence="4" t_id="40">Some</token>
<token number="40" sentence="4" t_id="41">had</token>
<token number="41" sentence="4" t_id="42">difficulty</token>
<token number="42" sentence="4" t_id="43">finishing</token>
<token number="43" sentence="4" t_id="44">their</token>
<token number="44" sentence="4" t_id="45">orders</token>
<token number="45" sentence="4" t_id="46">online</token>
<token number="46" sentence="4" t_id="47">,</token>
<token number="47" sentence="4" t_id="48">while</token>
<token number="48" sentence="4" t_id="49">others</token>
<token number="49" sentence="4" t_id="50">endured</token>
<token number="50" sentence="4" t_id="51">long</token>
<token number="51" sentence="4" t_id="52">waits</token>
<token number="52" sentence="4" t_id="53">at</token>
<token number="53" sentence="4" t_id="54">Apple</token>
<token number="54" sentence="4" t_id="55">'s</token>
<token number="55" sentence="4" t_id="56">retail</token>
<token number="56" sentence="4" t_id="57">stores</token>
<token number="57" sentence="4" t_id="58">due</token>
<token number="58" sentence="4" t_id="59">to</token>
<token number="59" sentence="4" t_id="60">the</token>
<token number="60" sentence="4" t_id="61">online</token>
<token number="61" sentence="4" t_id="62">issues</token>
<token number="62" sentence="4" t_id="63">.</token>
<token number="63" sentence="5" t_id="64">Some</token>
<token number="64" sentence="5" t_id="65">customers</token>
<token number="65" sentence="5" t_id="66">reported</token>
<token number="66" sentence="5" t_id="67">that</token>
<token number="67" sentence="5" t_id="68">Apple</token>
<token number="68" sentence="5" t_id="69">had</token>
<token number="69" sentence="5" t_id="70">set</token>
<token number="70" sentence="5" t_id="71">a</token>
<token number="71" sentence="5" t_id="72">recording</token>
<token number="72" sentence="5" t_id="73">on</token>
<token number="73" sentence="5" t_id="74">their</token>
<token number="74" sentence="5" t_id="75">phone</token>
<token number="75" sentence="5" t_id="76">lines</token>
<token number="76" sentence="5" t_id="77">telling</token>
<token number="77" sentence="5" t_id="78">people</token>
<token number="78" sentence="5" t_id="79">to</token>
<token number="79" sentence="5" t_id="80">call</token>
<token number="80" sentence="5" t_id="81">back</token>
<token number="81" sentence="5" t_id="82">at</token>
<token number="82" sentence="5" t_id="83">a</token>
<token number="83" sentence="5" t_id="84">later</token>
<token number="84" sentence="5" t_id="85">time</token>
<token number="85" sentence="5" t_id="86">,</token>
<token number="86" sentence="5" t_id="87">and</token>
<token number="87" sentence="5" t_id="88">others</token>
<token number="88" sentence="5" t_id="89">even</token>
<token number="89" sentence="5" t_id="90">tweeted</token>
<token number="90" sentence="5" t_id="91">about</token>
<token number="91" sentence="5" t_id="92">their</token>
<token number="92" sentence="5" t_id="93">experience</token>
<token number="93" sentence="5" t_id="94">.</token>
<token number="94" sentence="6" t_id="95">Since</token>
<token number="95" sentence="6" t_id="96">the</token>
<token number="96" sentence="6" t_id="97">original</token>
<token number="97" sentence="6" t_id="98">iPhone</token>
<token number="98" sentence="6" t_id="99">was</token>
<token number="99" sentence="6" t_id="100">released</token>
<token number="100" sentence="6" t_id="101">in</token>
<token number="101" sentence="6" t_id="102">2007</token>
<token number="102" sentence="6" t_id="103">,</token>
<token number="103" sentence="6" t_id="104">web</token>
<token number="104" sentence="6" t_id="105">servers</token>
<token number="105" sentence="6" t_id="106">for</token>
<token number="106" sentence="6" t_id="107">both</token>
<token number="107" sentence="6" t_id="108">Apple</token>
<token number="108" sentence="6" t_id="109">and</token>
<token number="109" sentence="6" t_id="110">AT&amp;T</token>
<token number="110" sentence="6" t_id="111">have</token>
<token number="111" sentence="6" t_id="112">experienced</token>
<token number="112" sentence="6" t_id="113">issues</token>
<token number="113" sentence="6" t_id="114">at</token>
<token number="114" sentence="6" t_id="115">every</token>
<token number="115" sentence="6" t_id="116">new</token>
<token number="116" sentence="6" t_id="117">device</token>
<token number="117" sentence="6" t_id="118">launch</token>
<token number="118" sentence="6" t_id="119">.</token>
<token number="119" sentence="7" t_id="120">Today</token>
<token number="120" sentence="7" t_id="121">'s</token>
<token number="121" sentence="7" t_id="122">glitches</token>
<token number="122" sentence="7" t_id="123">were</token>
<token number="123" sentence="7" t_id="124">apparently</token>
<token number="124" sentence="7" t_id="125">in</token>
<token number="125" sentence="7" t_id="126">the</token>
<token number="126" sentence="7" t_id="127">transaction</token>
<token number="127" sentence="7" t_id="128">authorization</token>
<token number="128" sentence="7" t_id="129">process</token>
<token number="129" sentence="7" t_id="130">,</token>
<token number="130" sentence="7" t_id="131">the</token>
<token number="131" sentence="7" t_id="132">point</token>
<token number="132" sentence="7" t_id="133">when</token>
<token number="133" sentence="7" t_id="134">Apple</token>
<token number="134" sentence="7" t_id="135">transfers</token>
<token number="135" sentence="7" t_id="136">information</token>
<token number="136" sentence="7" t_id="137">over</token>
<token number="137" sentence="7" t_id="138">to</token>
<token number="138" sentence="7" t_id="139">AT&amp;T</token>
<token number="139" sentence="7" t_id="140">servers</token>
<token number="140" sentence="7" t_id="141">.</token>
<token number="141" sentence="8" t_id="142">Other</token>
<token number="142" sentence="8" t_id="143">retailers</token>
<token number="143" sentence="8" t_id="144">,</token>
<token number="144" sentence="8" t_id="145">including</token>
<token number="145" sentence="8" t_id="146">Best</token>
<token number="146" sentence="8" t_id="147">Buy</token>
<token number="147" sentence="8" t_id="148">and</token>
<token number="148" sentence="8" t_id="149">Radio</token>
<token number="149" sentence="8" t_id="150">Shack</token>
<token number="150" sentence="8" t_id="151">,</token>
<token number="151" sentence="8" t_id="152">did</token>
<token number="152" sentence="8" t_id="153">not</token>
<token number="153" sentence="8" t_id="154">appear</token>
<token number="154" sentence="8" t_id="155">to</token>
<token number="155" sentence="8" t_id="156">be</token>
<token number="156" sentence="8" t_id="157">having</token>
<token number="157" sentence="8" t_id="158">the</token>
<token number="158" sentence="8" t_id="159">same</token>
<token number="159" sentence="8" t_id="160">problems</token>
<token number="160" sentence="8" t_id="161">.</token>
<token number="161" sentence="9" t_id="162">Representatives</token>
<token number="162" sentence="9" t_id="163">at</token>
<token number="163" sentence="9" t_id="164">several</token>
<token number="164" sentence="9" t_id="165">Apple</token>
<token number="165" sentence="9" t_id="166">Stores</token>
<token number="166" sentence="9" t_id="167">in</token>
<token number="167" sentence="9" t_id="168">the</token>
<token number="168" sentence="9" t_id="169">United</token>
<token number="169" sentence="9" t_id="170">States</token>
<token number="170" sentence="9" t_id="171">said</token>
<token number="171" sentence="9" t_id="172">that</token>
<token number="172" sentence="9" t_id="173">buyers</token>
<token number="173" sentence="9" t_id="174">should</token>
<token number="174" sentence="9" t_id="175">try</token>
<token number="175" sentence="9" t_id="176">again</token>
<token number="176" sentence="9" t_id="177">tomorrow</token>
<token number="177" sentence="9" t_id="178">.</token>
<token number="178" sentence="10" t_id="179">Neither</token>
<token number="179" sentence="10" t_id="180">company</token>
<token number="180" sentence="10" t_id="181">made</token>
<token number="181" sentence="10" t_id="182">any</token>
<token number="182" sentence="10" t_id="183">official</token>
<token number="183" sentence="10" t_id="184">statement</token>
<token number="184" sentence="10" t_id="185">about</token>
<token number="185" sentence="10" t_id="186">the</token>
<token number="186" sentence="10" t_id="187">technical</token>
<token number="187" sentence="10" t_id="188">issues</token>
<token number="188" sentence="10" t_id="189">.</token>
<token number="189" sentence="11" t_id="190">The</token>
<token number="190" sentence="11" t_id="191">newest</token>
<token number="191" sentence="11" t_id="192">iPhone</token>
<token number="192" sentence="11" t_id="193">,</token>
<token number="193" sentence="11" t_id="194">iPhone</token>
<token number="194" sentence="11" t_id="195">4</token>
<token number="195" sentence="11" t_id="196">was</token>
<token number="196" sentence="11" t_id="197">introduced</token>
<token number="197" sentence="11" t_id="198">by</token>
<token number="198" sentence="11" t_id="199">Apple</token>
<token number="199" sentence="11" t_id="200">CEO</token>
<token number="200" sentence="11" t_id="201">Steve</token>
<token number="201" sentence="11" t_id="202">Jobs</token>
<token number="202" sentence="11" t_id="203">at</token>
<token number="203" sentence="11" t_id="204">the</token>
<token number="204" sentence="11" t_id="205">company</token>
<token number="205" sentence="11" t_id="206">'s</token>
<token number="206" sentence="11" t_id="207">2010</token>
<token number="207" sentence="11" t_id="208">Worldwide</token>
<token number="208" sentence="11" t_id="209">Developer</token>
<token number="209" sentence="11" t_id="210">'s</token>
<token number="210" sentence="11" t_id="211">Conference</token>
<token number="211" sentence="11" t_id="212">less</token>
<token number="212" sentence="11" t_id="213">than</token>
<token number="213" sentence="11" t_id="214">two</token>
<token number="214" sentence="11" t_id="215">weeks</token>
<token number="215" sentence="11" t_id="216">ago</token>
<token number="216" sentence="11" t_id="217">.</token>
<token number="217" sentence="12" t_id="218">It</token>
<token number="218" sentence="12" t_id="219">is</token>
<token number="219" sentence="12" t_id="220">slated</token>
<token number="220" sentence="12" t_id="221">for</token>
<token number="221" sentence="12" t_id="222">a</token>
<token number="222" sentence="12" t_id="223">U.S.</token>
<token number="223" sentence="12" t_id="224">release</token>
<token number="224" sentence="12" t_id="225">on</token>
<token number="225" sentence="12" t_id="226">June</token>
<token number="226" sentence="12" t_id="227">24</token>
<token number="227" sentence="12" t_id="228">,</token>
<token number="228" sentence="12" t_id="229">starting</token>
<token number="229" sentence="12" t_id="230">at</token>
<token number="230" sentence="12" t_id="231">US</token>
<token number="231" sentence="12" t_id="232">$</token>
<token number="232" sentence="12" t_id="233">199</token>
<token number="233" sentence="12" t_id="234">.</token>
<token number="234" sentence="13" t_id="235">Ben</token>
<token number="235" sentence="13" t_id="236">Reitzes</token>
<token number="236" sentence="13" t_id="237">,</token>
<token number="237" sentence="13" t_id="238">with</token>
<token number="238" sentence="13" t_id="239">Barclays</token>
<token number="239" sentence="13" t_id="240">Capital</token>
<token number="240" sentence="13" t_id="241">,</token>
<token number="241" sentence="13" t_id="242">estimated</token>
<token number="242" sentence="13" t_id="243">that</token>
<token number="243" sentence="13" t_id="244">over</token>
<token number="244" sentence="13" t_id="245">eight</token>
<token number="245" sentence="13" t_id="246">million</token>
<token number="246" sentence="13" t_id="247">iPhones</token>
<token number="247" sentence="13" t_id="248">will</token>
<token number="248" sentence="13" t_id="249">have</token>
<token number="249" sentence="13" t_id="250">been</token>
<token number="250" sentence="13" t_id="251">sold</token>
<token number="251" sentence="13" t_id="252">by</token>
<token number="252" sentence="13" t_id="253">the</token>
<token number="253" sentence="13" t_id="254">end</token>
<token number="254" sentence="13" t_id="255">of</token>
<token number="255" sentence="13" t_id="256">the</token>
<token number="256" sentence="13" t_id="257">current</token>
<token number="257" sentence="13" t_id="258">financial</token>
<token number="258" sentence="13" t_id="259">quarter</token>
<token number="259" sentence="13" t_id="260">,</token>
<token number="260" sentence="13" t_id="261">which</token>
<token number="261" sentence="13" t_id="262">ends</token>
<token number="262" sentence="13" t_id="263">on</token>
<token number="263" sentence="13" t_id="264">June</token>
<token number="264" sentence="13" t_id="265">26</token>
<token number="265" sentence="13" t_id="266">.</token>
<token number="266" sentence="14" t_id="267">Shares</token>
<token number="267" sentence="14" t_id="268">of</token>
<token number="268" sentence="14" t_id="269">Apple</token>
<token number="269" sentence="14" t_id="270">Inc.</token>
<token number="270" sentence="14" t_id="271">rose</token>
<token number="271" sentence="14" t_id="272">US</token>
<token number="272" sentence="14" t_id="273">$</token>
<token number="273" sentence="14" t_id="274">5.41</token>
<token number="274" sentence="14" t_id="275">yesterday</token>
<token number="275" sentence="14" t_id="276">in</token>
<token number="276" sentence="14" t_id="277">regular</token>
<token number="277" sentence="14" t_id="278">trading</token>
<token number="278" sentence="14" t_id="279">,</token>
<token number="279" sentence="14" t_id="280">continuing</token>
<token number="280" sentence="14" t_id="281">their</token>
<token number="281" sentence="14" t_id="282">trend</token>
<token number="282" sentence="14" t_id="283">of</token>
<token number="283" sentence="14" t_id="284">having</token>
<token number="284" sentence="14" t_id="285">risen</token>
<token number="285" sentence="14" t_id="286">23</token>
<token number="286" sentence="14" t_id="287">percent</token>
<token number="287" sentence="14" t_id="288">this</token>
<token number="288" sentence="14" t_id="289">year</token>
<token number="289" sentence="14" t_id="290">.</token>
<Markables>
<C-SIGNAL comment="" m_id="1">
<token_anchor t_id="58"/>
<token_anchor t_id="59"/>
</C-SIGNAL>
<ENTITY_MENTION comment="" head="iPhone 4" m_id="2" syntactic_type="NAM">
<token_anchor t_id="13"/>
<token_anchor t_id="14"/>
<token_anchor t_id="15"/>
<token_anchor t_id="16"/>
<token_anchor t_id="17"/>
</ENTITY_MENTION>
<ENTITY_MENTION comment="" head="their" m_id="3" syntactic_type="PRO">
<token_anchor t_id="92"/>
</ENTITY_MENTION>
<ENTITY_MENTION comment="" head="Apple" m_id="4" syntactic_type="NAM">
<token_anchor t_id="22"/>
</ENTITY_MENTION>
<ENTITY_MENTION comment="" head="AT&amp;T" m_id="5" syntactic_type="NAM">
<token_anchor t_id="24"/>
</ENTITY_MENTION>
<ENTITY_MENTION comment="" head="Apple" m_id="6" syntactic_type="NAM">
<token_anchor t_id="1"/>
</ENTITY_MENTION>
<ENTITY_MENTION comment="" head="" m_id="7" syntactic_type="CONJ">
<token_anchor t_id="22"/>
<token_anchor t_id="23"/>
<token_anchor t_id="24"/>
</ENTITY_MENTION>
<ENTITY_MENTION comment="" head="iPhone 4" m_id="8" syntactic_type="NAM">
<token_anchor t_id="4"/>
<token_anchor t_id="5"/>
</ENTITY_MENTION>
<ENTITY_MENTION comment="" head="buyers" m_id="9" syntactic_type="NOM">
<token_anchor t_id="26"/>
<token_anchor t_id="27"/>
</ENTITY_MENTION>
<ENTITY_MENTION comment="" head="website" m_id="10" syntactic_type="NOM">
<token_anchor t_id="32"/>
<token_anchor t_id="33"/>
<token_anchor t_id="34"/>
</ENTITY_MENTION>
<ENTITY_MENTION comment="" head="Apple" m_id="11" syntactic_type="NAM">
<token_anchor t_id="32"/>
</ENTITY_MENTION>
<ENTITY_MENTION comment="" head="line" m_id="12" syntactic_type="NOM">
<token_anchor t_id="36"/>
<token_anchor t_id="37"/>
<token_anchor t_id="38"/>
</ENTITY_MENTION>
<ENTITY_MENTION comment="" head="" m_id="13" syntactic_type="CONJ">
<token_anchor t_id="32"/>
<token_anchor t_id="33"/>
<token_anchor t_id="34"/>
<token_anchor t_id="35"/>
<token_anchor t_id="36"/>
<token_anchor t_id="37"/>
<token_anchor t_id="38"/>
</ENTITY_MENTION>
<ENTITY_MENTION comment="" head="some" m_id="14" syntactic_type="PRO">
<token_anchor t_id="40"/>
</ENTITY_MENTION>
<ENTITY_MENTION comment="" head="their" m_id="15" syntactic_type="PRO">
<token_anchor t_id="44"/>
</ENTITY_MENTION>
<ENTITY_MENTION comment="" head="others" m_id="16" syntactic_type="PRO">
<token_anchor t_id="49"/>
</ENTITY_MENTION>
<ENTITY_MENTION comment="" head="stores" m_id="17" syntactic_type="NOM">
<token_anchor t_id="54"/>
<token_anchor t_id="55"/>
<token_anchor t_id="56"/>
<token_anchor t_id="57"/>
</ENTITY_MENTION>
<ENTITY_MENTION comment="" head="Apple" m_id="18" syntactic_type="NAM">
<token_anchor t_id="54"/>
</ENTITY_MENTION>
<ENTITY_MENTION comment="" head="customers" m_id="19" syntactic_type="NOM">
<token_anchor t_id="64"/>
<token_anchor t_id="65"/>
</ENTITY_MENTION>
<ENTITY_MENTION comment="" head="Apple" m_id="20" syntactic_type="NAM">
<token_anchor t_id="68"/>
</ENTITY_MENTION>
<ENTITY_MENTION comment="" head="recording" m_id="21" syntactic_type="NOM">
<token_anchor t_id="71"/>
<token_anchor t_id="72"/>
</ENTITY_MENTION>
<ENTITY_MENTION comment="" head="lines" m_id="22" syntactic_type="NOM">
<token_anchor t_id="74"/>
<token_anchor t_id="75"/>
<token_anchor t_id="76"/>
</ENTITY_MENTION>
<ENTITY_MENTION comment="" head="their" m_id="23" syntactic_type="PRO">
<token_anchor t_id="74"/>
</ENTITY_MENTION>
<ENTITY_MENTION comment="" head="people" m_id="24" syntactic_type="NOM">
<token_anchor t_id="78"/>
</ENTITY_MENTION>
<ENTITY_MENTION comment="" head="others" m_id="25" syntactic_type="PRO">
<token_anchor t_id="88"/>
</ENTITY_MENTION>
<EVENT_MENTION aspect="NONE" certainty="CERTAIN" comment="" m_id="29" modality="" polarity="POS" pos="NOUN" pred="issue" special_cases="NONE" tense="NONE" time="NON_FUTURE">
<token_anchor t_id="29"/>
</EVENT_MENTION>
<EVENT_MENTION aspect="" certainty="CERTAIN" comment="" m_id="30" modality="" polarity="POS" pos="" pred="" special_cases="NONE" tense="" time="NON_FUTURE">
<token_anchor t_id="21"/>
</EVENT_MENTION>
<EVENT_MENTION aspect="" certainty="CERTAIN" comment="" m_id="31" modality="" polarity="POS" pos="" pred="" special_cases="NONE" tense="" time="NON_FUTURE">
<token_anchor t_id="93"/>
</EVENT_MENTION>
<EVENT_MENTION aspect="" certainty="CERTAIN" comment="" m_id="32" modality="" polarity="POS" pos="" pred="" special_cases="NONE" tense="" time="NON_FUTURE">
<token_anchor t_id="15"/>
</EVENT_MENTION>
<EVENT_MENTION aspect="" certainty="CERTAIN" comment="" m_id="33" modality="" polarity="POS" pos="" pred="" special_cases="NONE" tense="" time="NON_FUTURE">
<token_anchor t_id="28"/>
</EVENT_MENTION>
<EVENT_MENTION aspect="NONE" certainty="" comment="" m_id="34" modality="" polarity="" pos="VERB" pred="connect" special_cases="" tense="PRESPART" time="">
<token_anchor t_id="30"/>
</EVENT_MENTION>
<EVENT_MENTION aspect="" certainty="CERTAIN" comment="" m_id="35" modality="" polarity="POS" pos="" pred="" special_cases="NONE" tense="" time="NON_FUTURE">
<token_anchor t_id="41"/>
</EVENT_MENTION>
<EVENT_MENTION aspect="" certainty="CERTAIN" comment="" m_id="36" modality="" polarity="POS" pos="" pred="" special_cases="NONE" tense="" time="NON_FUTURE">
<token_anchor t_id="43"/>
</EVENT_MENTION>
<EVENT_MENTION aspect="" certainty="CERTAIN" comment="" m_id="37" modality="" polarity="POS" pos="" pred="" special_cases="NONE" tense="" time="NON_FUTURE">
<token_anchor t_id="45"/>
</EVENT_MENTION>
<EVENT_MENTION aspect="" certainty="CERTAIN" comment="" m_id="38" modality="" polarity="POS" pos="" pred="" special_cases="NONE" tense="" time="NON_FUTURE">
<token_anchor t_id="50"/>
</EVENT_MENTION>
<EVENT_MENTION aspect="" certainty="CERTAIN" comment="" m_id="39" modality="" polarity="POS" pos="" pred="" special_cases="NONE" tense="" time="NON_FUTURE">
<token_anchor t_id="52"/>
</EVENT_MENTION>
<EVENT_MENTION aspect="" certainty="CERTAIN" comment="" m_id="40" modality="" polarity="POS" pos="" pred="" special_cases="NONE" tense="" time="NON_FUTURE">
<token_anchor t_id="66"/>
</EVENT_MENTION>
<EVENT_MENTION aspect="" certainty="CERTAIN" comment="" m_id="41" modality="" polarity="POS" pos="" pred="" special_cases="NONE" tense="" time="NON_FUTURE">
<token_anchor t_id="70"/>
</EVENT_MENTION>
<EVENT_MENTION aspect="" certainty="CERTAIN" comment="" m_id="42" modality="" polarity="POS" pos="" pred="" special_cases="NONE" tense="" time="NON_FUTURE">
<token_anchor t_id="77"/>
</EVENT_MENTION>
<EVENT_MENTION aspect="" certainty="CERTAIN" comment="" m_id="43" modality="" polarity="POS" pos="" pred="" special_cases="NONE" tense="" time="NON_FUTURE">
<token_anchor t_id="11"/>
</EVENT_MENTION>
<EVENT_MENTION aspect="" certainty="CERTAIN" comment="" m_id="44" modality="" polarity="POS" pos="" pred="" special_cases="NONE" tense="" time="FUTURE">
<token_anchor t_id="80"/>
</EVENT_MENTION>
<EVENT_MENTION aspect="" certainty="CERTAIN" comment="" m_id="45" modality="" polarity="POS" pos="" pred="" special_cases="NONE" tense="" time="NON_FUTURE">
<token_anchor t_id="18"/>
</EVENT_MENTION>
<EVENT_MENTION aspect="" certainty="CERTAIN" comment="" m_id="46" modality="" polarity="POS" pos="" pred="" special_cases="NONE" tense="" time="NON_FUTURE">
<token_anchor t_id="90"/>
</EVENT_MENTION>
<EVENT_MENTION aspect="" certainty="CERTAIN" comment="" m_id="47" modality="" polarity="POS" pos="NOUN" pred="issue" special_cases="NONE" tense="NONE" time="NON_FUTURE">
<token_anchor t_id="62"/>
</EVENT_MENTION>
<EVENT_MENTION aspect="" certainty="CERTAIN" comment="" m_id="26" modality="" polarity="POS" pos="" pred="" special_cases="NONE" tense="" time="NON_FUTURE">
<token_anchor t_id="6"/>
</EVENT_MENTION>
<EVENT_MENTION aspect="" certainty="CERTAIN" comment="" m_id="27" modality="" polarity="POS" pos="NOUN" pred="" special_cases="NONE" tense="" time="NON_FUTURE">
<token_anchor t_id="2"/>
</EVENT_MENTION>
<EVENT_MENTION aspect="NONE" certainty="CERTAIN" comment="" m_id="28" modality="" polarity="POS" pos="NOUN" pred="difficulty" special_cases="NONE" tense="NONE" time="NON_FUTURE">
<token_anchor t_id="42"/>
</EVENT_MENTION>
<SIGNAL comment="" m_id="48">
<token_anchor t_id="48"/>
</SIGNAL>
<SIGNAL comment="" m_id="49">
<token_anchor t_id="82"/>
</SIGNAL>
<TIMEX3 anchorTimeID="" beginPoint="" comment="" endPoint="" functionInDocument="NONE" m_id="50" type="DATE" value="PAST_REF">
<token_anchor t_id="14"/>
</TIMEX3>
<TIMEX3 anchorTimeID="" beginPoint="" comment="" endPoint="" functionInDocument="CREATION_TIME" m_id="51" type="DATE" value="2010-06-16">
<token_anchor t_id="7"/>
<token_anchor t_id="8"/>
<token_anchor t_id="9"/>
<token_anchor t_id="10"/>
</TIMEX3>
<TIMEX3 anchorTimeID="51" beginPoint="" comment="" endPoint="" functionInDocument="NONE" m_id="52" type="DATE" value="2010-06-15">
<token_anchor t_id="19"/>
</TIMEX3>
<TIMEX3 anchorTimeID="" beginPoint="" comment="" endPoint="" functionInDocument="NONE" m_id="53" type="DATE" value="XXXX-XX-XX">
<token_anchor t_id="83"/>
<token_anchor t_id="84"/>
<token_anchor t_id="85"/>
</TIMEX3>
<EVENT TAG_DESCRIPTOR="begin" class="GRAMMATICAL" comment="" external_ref="" m_id="71"/>
<EVENT TAG_DESCRIPTOR="overwhelm" class="OTHER" comment="" external_ref="" m_id="72"/>
<EVENT TAG_DESCRIPTOR="experience v" class="SPEECH_COGNITIVE" comment="" external_ref="" m_id="73"/>
<EVENT TAG_DESCRIPTOR="connect" class="OTHER" comment="" external_ref="" m_id="74"/>
<EVENT TAG_DESCRIPTOR="have" class="GRAMMATICAL" comment="" external_ref="" m_id="75"/>
<EVENT TAG_DESCRIPTOR="finish" class="GRAMMATICAL" comment="" external_ref="" m_id="76"/>
<EVENT TAG_DESCRIPTOR="order" class="OTHER" comment="" external_ref="" m_id="77"/>
<EVENT TAG_DESCRIPTOR="endure" class="OTHER" comment="" external_ref="" m_id="78"/>
<EVENT TAG_DESCRIPTOR="wait" class="OTHER" comment="" external_ref="" m_id="79"/>
<EVENT TAG_DESCRIPTOR="report" class="SPEECH_COGNITIVE" comment="" external_ref="" m_id="80"/>
<EVENT TAG_DESCRIPTOR="set" class="OTHER" comment="" external_ref="" m_id="81"/>
<EVENT TAG_DESCRIPTOR="tell" class="SPEECH_COGNITIVE" comment="" external_ref="" m_id="82"/>
<EVENT TAG_DESCRIPTOR="call" class="OTHER" comment="" external_ref="" m_id="83"/>
<EVENT TAG_DESCRIPTOR="tweet" class="OTHER" comment="" external_ref="" m_id="84"/>
<EVENT TAG_DESCRIPTOR="experience n" class="SPEECH_COGNITIVE" comment="" external_ref="" m_id="85"/>
<EVENT TAG_DESCRIPTOR="difficulty" class="OTHER" comment="" external_ref="" m_id="87"/>
<EVENT TAG_DESCRIPTOR="issues" class="OTHER" comment="" external_ref="" m_id="88"/>
<EVENT TAG_DESCRIPTOR="pre-order-SE - (iPhone 4)" class="OTHER" instance_id="OTH57454769240258705" m_id="116"/>
<ENTITY TAG_DESCRIPTOR="iPhone4-EHU" ent_type="PRO" instance_id="PRO36907219772334161" m_id="119"/><EVENT TAG_DESCRIPTOR="announce-SE - (iPhone 4)" class="SPEECH_COGNITIVE" external_ref="announce.01" instance_id="SPE57215629332158781" m_id="120"/>
<ENTITY TAG_DESCRIPTOR="Apple store" ent_type="PRO" external_ref="http://dbpedia.org/resource/Apple_Store" instance_id="PRO55735766604349417" m_id="123"/><ENTITY TAG_DESCRIPTOR="phone lines of the customer service of Apple" ent_type="PRO" instance_id="PRO55735822758411725" m_id="135"/>
<ENTITY TAG_DESCRIPTOR="other customers of iPhone 4" ent_type="PER" instance_id="PER55735537395054379" m_id="140"/><ENTITY TAG_DESCRIPTOR="people" ent_type="PER" instance_id="PER55735666469053658" m_id="141"/>
<ENTITY TAG_DESCRIPTOR="recording on the phone lines of Apple" ent_type="PRO" instance_id="PRO55735872312924050" m_id="142"/><ENTITY TAG_DESCRIPTOR="Some buyers of iPhone 4" ent_type="PER" instance_id="PER55735414322895205" m_id="143"/>
<ENTITY TAG_DESCRIPTOR="APPLE" ent_type="ORG" external_ref="http://dbpedia.org/resource/Apple_Inc." instance_id="ORG19274271187160719" m_id="144"/><ENTITY TAG_DESCRIPTOR="AT&amp;T" ent_type="ORG" external_ref="http://dbpedia.org/resource/AT&amp;T" instance_id="ORG55735275446368827" m_id="145"/>
<ENTITY TAG_DESCRIPTOR="customer service line of Apple" ent_type="PRO" instance_id="PRO55735797044138023" m_id="146"/><ENTITY TAG_DESCRIPTOR="Apple and AT&amp;T" ent_type="ORG" instance_id="ORG55735308056204929" m_id="147"/>
<ENTITY TAG_DESCRIPTOR="Apple website and customer service line" ent_type="PRO" instance_id="PRO55736023743968165" m_id="148"/><ENTITY TAG_DESCRIPTOR="other buyers of iPhone 4" ent_type="PER" instance_id="PER55735523802988444" m_id="149"/>
<ENTITY TAG_DESCRIPTOR="Some customers of iPhone 4" ent_type="PER" instance_id="PER55735435605987273" m_id="150"/><ENTITY TAG_DESCRIPTOR="website of Apple Inc." ent_type="PRO" instance_id="PRO47082447420403803" m_id="151"/>
<ENTITY TAG_DESCRIPTOR="many buyers of iPhone 4" ent_type="PER" instance_id="PER55735512998513962" m_id="152"/><EVENT_MENTION m_id="153">
  <token_anchor t_id="220"/>
</EVENT_MENTION>
<EVENT_MENTION m_id="154">
  <token_anchor t_id="224"/>
</EVENT_MENTION>
<EVENT_MENTION m_id="155">
  <token_anchor t_id="197"/>
</EVENT_MENTION>
<ENTITY_MENTION m_id="156">
  <token_anchor t_id="190"/>
  <token_anchor t_id="191"/>
  <token_anchor t_id="192"/>
  <token_anchor t_id="193"/>
  <token_anchor t_id="194"/>
  <token_anchor t_id="195"/>
</ENTITY_MENTION>
<ENTITY_MENTION m_id="157">
  <token_anchor t_id="194"/>
  <token_anchor t_id="195"/>
</ENTITY_MENTION>
<ENTITY_MENTION m_id="158">
  <token_anchor t_id="218"/>
</ENTITY_MENTION>
<ENTITY_MENTION m_id="159">
  <token_anchor t_id="201"/>
  <token_anchor t_id="202"/>
</ENTITY_MENTION>
<ENTITY_MENTION m_id="160">
  <token_anchor t_id="190"/>
  <token_anchor t_id="191"/>
  <token_anchor t_id="192"/>
</ENTITY_MENTION>
<ENTITY_MENTION m_id="161">
  <token_anchor t_id="244"/>
  <token_anchor t_id="245"/>
  <token_anchor t_id="246"/>
  <token_anchor t_id="247"/>
</ENTITY_MENTION>
<ENTITY_MENTION m_id="162">
  <token_anchor t_id="199"/>
  <token_anchor t_id="200"/>
  <token_anchor t_id="201"/>
  <token_anchor t_id="202"/>
</ENTITY_MENTION>
<ENTITY_MENTION m_id="163">
  <token_anchor t_id="199"/>
  <token_anchor t_id="200"/>
</ENTITY_MENTION>
<EVENT TAG_DESCRIPTOR="slated S12-SE - (iPhone 4)" class="OTHER" external_ref="slate.01" instance_id="OTH57190185012316340" m_id="164"/><ENTITY TAG_DESCRIPTOR="Steve Jobs" ent_type="PER" external_ref="http://dbpedia.org/resource/Steve_Jobs " instance_id="PER19274271332322852" m_id="165"/>
<EVENT TAG_DESCRIPTOR="introduce-SE - (Steve Jobs - iPhone 4)" class="OTHER" external_ref="introduce.01" instance_id="OTH57129677803859612" m_id="166"/><EVENT TAG_DESCRIPTOR="release S12-SE - (iPhone 4)" class="OTHER" external_ref="release.01" instance_id="OTH57190284909640404" m_id="167"/></Markables>
<Relations>
<HAS_PARTICIPANT comment="" r_id="361937" sem_role="Arg1" sem_role_framework="PROPBANK">
<source m_id="43"/>
<target m_id="2"/>
</HAS_PARTICIPANT>
<HAS_PARTICIPANT comment="" r_id="361938" sem_role="Arg1" sem_role_framework="PROPBANK">
<source m_id="30"/>
<target m_id="7"/>
</HAS_PARTICIPANT>
<HAS_PARTICIPANT comment="" r_id="361939" sem_role="Arg0" sem_role_framework="PROPBANK">
<source m_id="33"/>
<target m_id="9"/>
</HAS_PARTICIPANT>
<HAS_PARTICIPANT comment="" r_id="361940" sem_role="Arg2" sem_role_framework="PROPBANK">
<source m_id="34"/>
<target m_id="13"/>
</HAS_PARTICIPANT>
<HAS_PARTICIPANT comment="" r_id="361941" sem_role="Arg0" sem_role_framework="PROPBANK">
<source m_id="34"/>
<target m_id="9"/>
</HAS_PARTICIPANT>
<HAS_PARTICIPANT comment="" r_id="361942" sem_role="Arg0" sem_role_framework="PROPBANK">
<source m_id="35"/>
<target m_id="14"/>
</HAS_PARTICIPANT>
<HAS_PARTICIPANT comment="" r_id="361943" sem_role="Arg0" sem_role_framework="PROPBANK">
<source m_id="37"/>
<target m_id="15"/>
</HAS_PARTICIPANT>
<HAS_PARTICIPANT comment="" r_id="361944" sem_role="Arg0" sem_role_framework="PROPBANK">
<source m_id="38"/>
<target m_id="16"/>
</HAS_PARTICIPANT>
<HAS_PARTICIPANT comment="" r_id="361945" sem_role="Argm-OTHER" sem_role_framework="PROPBANK">
<source m_id="38"/>
<target m_id="17"/>
</HAS_PARTICIPANT>
<HAS_PARTICIPANT comment="" r_id="361946" sem_role="Arg0" sem_role_framework="PROPBANK">
<source m_id="40"/>
<target m_id="19"/>
</HAS_PARTICIPANT>
<HAS_PARTICIPANT comment="" r_id="361947" sem_role="Arg0" sem_role_framework="PROPBANK">
<source m_id="41"/>
<target m_id="20"/>
</HAS_PARTICIPANT>
<HAS_PARTICIPANT comment="" r_id="361948" sem_role="Arg1" sem_role_framework="PROPBANK">
<source m_id="41"/>
<target m_id="21"/>
</HAS_PARTICIPANT>
<HAS_PARTICIPANT comment="" r_id="361949" sem_role="Argm-OTHER" sem_role_framework="PROPBANK">
<source m_id="41"/>
<target m_id="22"/>
</HAS_PARTICIPANT>
<HAS_PARTICIPANT comment="" r_id="361950" sem_role="Arg2" sem_role_framework="PROPBANK">
<source m_id="42"/>
<target m_id="24"/>
</HAS_PARTICIPANT>
<HAS_PARTICIPANT comment="" r_id="361951" sem_role="Arg0" sem_role_framework="PROPBANK">
<source m_id="46"/>
<target m_id="25"/>
</HAS_PARTICIPANT>
<HAS_PARTICIPANT comment="" r_id="361952" sem_role="Arg0" sem_role_framework="PROPBANK">
<source m_id="31"/>
<target m_id="3"/>
</HAS_PARTICIPANT>
<SLINK comment="" r_id="361953">
<source m_id="42"/>
<target m_id="44"/>
</SLINK>
<SLINK comment="" r_id="361954">
<source m_id="40"/>
<target m_id="41"/>
</SLINK>
<TLINK comment="" r_id="361955" reltype="BEFORE" signalID="">
<source m_id="45"/>
<target m_id="51"/>
</TLINK>
<TLINK comment="" r_id="361956" reltype="BEFORE" signalID="">
<source m_id="33"/>
<target m_id="51"/>
</TLINK>
<TLINK comment="" r_id="361957" reltype="BEFORE" signalID="">
<source m_id="35"/>
<target m_id="51"/>
</TLINK>
<TLINK comment="" r_id="361958" reltype="BEFORE" signalID="">
<source m_id="38"/>
<target m_id="51"/>
</TLINK>
<TLINK comment="" r_id="361959" reltype="BEFORE" signalID="">
<source m_id="40"/>
<target m_id="51"/>
</TLINK>
<TLINK comment="" r_id="361960" reltype="BEFORE" signalID="">
<source m_id="41"/>
<target m_id="51"/>
</TLINK>
<TLINK comment="" r_id="361961" reltype="BEFORE" signalID="">
<source m_id="46"/>
<target m_id="51"/>
</TLINK>
<TLINK comment="" r_id="361962" reltype="BEFORE" signalID="">
<source m_id="45"/>
<target m_id="33"/>
</TLINK>
<TLINK comment="" r_id="361963" reltype="SIMULTANEOUS" signalID="">
<source m_id="33"/>
<target m_id="35"/>
</TLINK>
<TLINK comment="" r_id="361964" reltype="BEFORE" signalID="">
<source m_id="35"/>
<target m_id="40"/>
</TLINK>
<TLINK comment="" r_id="361965" reltype="BEFORE" signalID="">
<source m_id="45"/>
<target m_id="30"/>
</TLINK>
<TLINK comment="" r_id="361966" reltype="IS_INCLUDED" signalID="">
<source m_id="33"/>
<target m_id="34"/>
</TLINK>
<TLINK comment="" r_id="361967" reltype="IS_INCLUDED" signalID="">
<source m_id="35"/>
<target m_id="36"/>
</TLINK>
<TLINK comment="" r_id="361968" reltype="SIMULTANEOUS" signalID="48">
<source m_id="35"/>
<target m_id="38"/>
</TLINK>
<TLINK comment="" r_id="361969" reltype="AFTER" signalID="">
<source m_id="40"/>
<target m_id="41"/>
</TLINK>
<TLINK comment="" r_id="361970" reltype="BEFORE" signalID="">
<source m_id="42"/>
<target m_id="44"/>
</TLINK>
<TLINK comment="" r_id="361971" reltype="SIMULTANEOUS" signalID="">
<source m_id="40"/>
<target m_id="46"/>
</TLINK>
<TLINK comment="" r_id="361972" reltype="IS_INCLUDED" signalID="">
<source m_id="45"/>
<target m_id="52"/>
</TLINK>
<TLINK comment="" r_id="361973" reltype="IS_INCLUDED" signalID="49">
<source m_id="44"/>
<target m_id="53"/>
</TLINK>















<TLINK comment="" r_id="362006" reltype="IS_INCLUDED" signalID="">
<source m_id="32"/>
<target m_id="50"/>
</TLINK>
<HAS_PARTICIPANT comment="" r_id="362007" sem_role="Arg1" sem_role_framework="PROPBANK">
<source m_id="32"/>
<target m_id="2"/>
</HAS_PARTICIPANT>
<GLINK r_id="362009">
<source m_id="35"/>
<target m_id="28"/>
</GLINK>
<GLINK r_id="362010">
<source m_id="45"/>
<target m_id="43"/>
</GLINK>
<GLINK r_id="362011">
<source m_id="36"/>
<target m_id="37"/>
</GLINK>


<SLINK r_id="362014">
<source m_id="33"/>
<target m_id="29"/>
</SLINK>
<CLINK c-signalID="1" comment="" r_id="362015">
<source m_id="47"/>
<target m_id="38"/>
</CLINK>
<HAS_PARTICIPANT comment="" r_id="362016" sem_role="Arg1" sem_role_framework="PROPBANK">
<source m_id="27"/>
<target m_id="6"/>
</HAS_PARTICIPANT>
<HAS_PARTICIPANT comment="" r_id="362017" sem_role="Arg1" sem_role_framework="PROPBANK">
<source m_id="26"/>
<target m_id="8"/>
</HAS_PARTICIPANT>





















<REFERS_TO r_id="362044">
<source m_id="10"/>
<target m_id="151"/>
</REFERS_TO>
<REFERS_TO r_id="362045">
<source m_id="19"/>
<target m_id="150"/>
</REFERS_TO>
<REFERS_TO r_id="362046">
<source m_id="9"/>
<target m_id="152"/>
</REFERS_TO>
<REFERS_TO r_id="362047">
<source m_id="29"/>
<source m_id="47"/>
<target m_id="88"/>
</REFERS_TO>
<REFERS_TO r_id="362048">
<source m_id="43"/>
<source m_id="26"/>
<target m_id="116"/>
</REFERS_TO>
<REFERS_TO r_id="362049">
<source m_id="22"/>
<target m_id="135"/>
</REFERS_TO>
<REFERS_TO r_id="362050">
<source m_id="42"/>
<target m_id="82"/>
</REFERS_TO>
<REFERS_TO r_id="362051">
<source m_id="44"/>
<target m_id="83"/>
</REFERS_TO>
<REFERS_TO r_id="362052">
<source m_id="40"/>
<target m_id="80"/>
</REFERS_TO>
<REFERS_TO r_id="362053">
<source m_id="41"/>
<target m_id="81"/>
</REFERS_TO>
<REFERS_TO r_id="362054">
<source m_id="8"/>
<source m_id="2"/>
<source m_id="156"/>
<source m_id="161"/>
<source m_id="157"/>
<source m_id="160"/>
<source m_id="158"/>
<target m_id="119"/>
</REFERS_TO>
<REFERS_TO r_id="362055">
<source m_id="28"/>
<target m_id="87"/>
</REFERS_TO>
<REFERS_TO r_id="362056">
<source m_id="46"/>
<target m_id="84"/>
</REFERS_TO>
<REFERS_TO r_id="362057">
<source m_id="31"/>
<target m_id="85"/>
</REFERS_TO>
<REFERS_TO r_id="362058">
<source m_id="12"/>
<target m_id="146"/>
</REFERS_TO>
<REFERS_TO r_id="362059">
<source m_id="7"/>
<target m_id="147"/>
</REFERS_TO>
<REFERS_TO r_id="362060">
<source m_id="4"/>
<source m_id="6"/>
<source m_id="11"/>
<source m_id="18"/>
<source m_id="20"/>
<source m_id="23"/>
<target m_id="144"/>
</REFERS_TO>
<REFERS_TO r_id="362061">
<source m_id="5"/>
<target m_id="145"/>
</REFERS_TO>
<REFERS_TO r_id="362062">
<source m_id="21"/>
<target m_id="142"/>
</REFERS_TO>
<REFERS_TO r_id="362063">
<source m_id="14"/>
<source m_id="15"/>
<target m_id="143"/>
</REFERS_TO>
<REFERS_TO r_id="362064">
<source m_id="3"/>
<source m_id="25"/>
<target m_id="140"/>
</REFERS_TO>
<REFERS_TO r_id="362065">
<source m_id="24"/>
<target m_id="141"/>
</REFERS_TO>
<REFERS_TO r_id="362066">
<source m_id="13"/>
<target m_id="148"/>
</REFERS_TO>
<REFERS_TO r_id="362067">
<source m_id="16"/>
<target m_id="149"/>
</REFERS_TO>
<REFERS_TO r_id="362068">
<source m_id="32"/>
<target m_id="120"/>
</REFERS_TO>
<REFERS_TO r_id="362069">
<source m_id="36"/>
<target m_id="76"/>
</REFERS_TO>
<REFERS_TO r_id="362070">
<source m_id="35"/>
<target m_id="75"/>
</REFERS_TO>
<REFERS_TO r_id="362071">
<source m_id="17"/>
<target m_id="123"/>
</REFERS_TO>
<REFERS_TO r_id="362072">
<source m_id="33"/>
<target m_id="73"/>
</REFERS_TO>
<REFERS_TO r_id="362073">
<source m_id="27"/>
<source m_id="30"/>
<target m_id="72"/>
</REFERS_TO>
<REFERS_TO r_id="362074">
<source m_id="45"/>
<target m_id="71"/>
</REFERS_TO>
<REFERS_TO r_id="362075">
<source m_id="153"/>
<target m_id="164"/>
</REFERS_TO>
<REFERS_TO r_id="362076">
<source m_id="162"/>
<source m_id="163"/>
<source m_id="159"/>
<target m_id="165"/>
</REFERS_TO>
<REFERS_TO r_id="362077">
<source m_id="155"/>
<target m_id="166"/>
</REFERS_TO>
<REFERS_TO r_id="362078">
<source m_id="154"/>
<target m_id="167"/>
</REFERS_TO>
<REFERS_TO r_id="362079">
<source m_id="39"/>
<target m_id="79"/>
</REFERS_TO>
<REFERS_TO r_id="362080">
<source m_id="38"/>
<target m_id="78"/>
</REFERS_TO>
<REFERS_TO r_id="362081">
<source m_id="37"/>
<target m_id="77"/>
</REFERS_TO>
<REFERS_TO r_id="362082">
<source m_id="34"/>
<target m_id="74"/>
</REFERS_TO>
</Relations>
</Document>