<?xml version="1.0" ?><Document doc_id="199629" doc_name="199629_Apple_executive_leaves_company" lang="en" url="http://en.wikinews.org/wiki/Apple_executive_leaves_company_after_iPhone_4_antenna_issues">
<token number="0" sentence="0" t_id="1">Apple</token>
<token number="1" sentence="0" t_id="2">executive</token>
<token number="2" sentence="0" t_id="3">leaves</token>
<token number="3" sentence="0" t_id="4">company</token>
<token number="4" sentence="0" t_id="5">after</token>
<token number="5" sentence="0" t_id="6">iPhone</token>
<token number="6" sentence="0" t_id="7">4</token>
<token number="7" sentence="0" t_id="8">antenna</token>
<token number="8" sentence="0" t_id="9">issues</token>
<token number="9" sentence="1" t_id="10">August</token>
<token number="10" sentence="1" t_id="11">9</token>
<token number="11" sentence="1" t_id="12">,</token>
<token number="12" sentence="1" t_id="13">2010</token>
<token number="13" sentence="2" t_id="14">Mark</token>
<token number="14" sentence="2" t_id="15">Papermaster</token>
<token number="15" sentence="2" t_id="16">,</token>
<token number="16" sentence="2" t_id="17">formerly</token>
<token number="17" sentence="2" t_id="18">an</token>
<token number="18" sentence="2" t_id="19">Apple</token>
<token number="19" sentence="2" t_id="20">Inc.</token>
<token number="20" sentence="2" t_id="21">executive</token>
<token number="21" sentence="2" t_id="22">overseeing</token>
<token number="22" sentence="2" t_id="23">hardware</token>
<token number="23" sentence="2" t_id="24">engineering</token>
<token number="24" sentence="2" t_id="25">for</token>
<token number="25" sentence="2" t_id="26">the</token>
<token number="26" sentence="2" t_id="27">company</token>
<token number="27" sentence="2" t_id="28">'s</token>
<token number="28" sentence="2" t_id="29">iPhone</token>
<token number="29" sentence="2" t_id="30">,</token>
<token number="30" sentence="2" t_id="31">is</token>
<token number="31" sentence="2" t_id="32">stepping</token>
<token number="32" sentence="2" t_id="33">down</token>
<token number="33" sentence="2" t_id="34">from</token>
<token number="34" sentence="2" t_id="35">his</token>
<token number="35" sentence="2" t_id="36">post</token>
<token number="36" sentence="2" t_id="37">.</token>
<token number="37" sentence="3" t_id="38">The</token>
<token number="38" sentence="3" t_id="39">move</token>
<token number="39" sentence="3" t_id="40">came</token>
<token number="40" sentence="3" t_id="41">after</token>
<token number="41" sentence="3" t_id="42">Apple</token>
<token number="42" sentence="3" t_id="43">received</token>
<token number="43" sentence="3" t_id="44">criticism</token>
<token number="44" sentence="3" t_id="45">last</token>
<token number="45" sentence="3" t_id="46">month</token>
<token number="46" sentence="3" t_id="47">for</token>
<token number="47" sentence="3" t_id="48">the</token>
<token number="48" sentence="3" t_id="49">placement</token>
<token number="49" sentence="3" t_id="50">of</token>
<token number="50" sentence="3" t_id="51">the</token>
<token number="51" sentence="3" t_id="52">antenna</token>
<token number="52" sentence="3" t_id="53">on</token>
<token number="53" sentence="3" t_id="54">their</token>
<token number="54" sentence="3" t_id="55">most</token>
<token number="55" sentence="3" t_id="56">recent</token>
<token number="56" sentence="3" t_id="57">iPhone</token>
<token number="57" sentence="3" t_id="58">model</token>
<token number="58" sentence="3" t_id="59">,</token>
<token number="59" sentence="3" t_id="60">iPhone</token>
<token number="60" sentence="3" t_id="61">4</token>
<token number="61" sentence="3" t_id="62">.</token>
<token number="62" sentence="4" t_id="63">Apple</token>
<token number="63" sentence="4" t_id="64">confirmed</token>
<token number="64" sentence="4" t_id="65">that</token>
<token number="65" sentence="4" t_id="66">Papermaster</token>
<token number="66" sentence="4" t_id="67">,</token>
<token number="67" sentence="4" t_id="68">49</token>
<token number="68" sentence="4" t_id="69">,</token>
<token number="69" sentence="4" t_id="70">had</token>
<token number="70" sentence="4" t_id="71">left</token>
<token number="71" sentence="4" t_id="72">the</token>
<token number="72" sentence="4" t_id="73">company</token>
<token number="73" sentence="4" t_id="74">,</token>
<token number="74" sentence="4" t_id="75">but</token>
<token number="75" sentence="4" t_id="76">did</token>
<token number="76" sentence="4" t_id="77">not</token>
<token number="77" sentence="4" t_id="78">say</token>
<token number="78" sentence="4" t_id="79">whether</token>
<token number="79" sentence="4" t_id="80">he</token>
<token number="80" sentence="4" t_id="81">decided</token>
<token number="81" sentence="4" t_id="82">to</token>
<token number="82" sentence="4" t_id="83">leave</token>
<token number="83" sentence="4" t_id="84">or</token>
<token number="84" sentence="4" t_id="85">was</token>
<token number="85" sentence="4" t_id="86">forced</token>
<token number="86" sentence="4" t_id="87">out</token>
<token number="87" sentence="4" t_id="88">.</token>
<token number="88" sentence="5" t_id="89">Papermaster</token>
<token number="89" sentence="5" t_id="90">did</token>
<token number="90" sentence="5" t_id="91">not</token>
<token number="91" sentence="5" t_id="92">comment</token>
<token number="92" sentence="5" t_id="93">on</token>
<token number="93" sentence="5" t_id="94">the</token>
<token number="94" sentence="5" t_id="95">situation</token>
<token number="95" sentence="5" t_id="96">.</token>
<token number="96" sentence="6" t_id="97">According</token>
<token number="97" sentence="6" t_id="98">to</token>
<token number="98" sentence="6" t_id="99">The</token>
<token number="99" sentence="6" t_id="100">New</token>
<token number="100" sentence="6" t_id="101">York</token>
<token number="101" sentence="6" t_id="102">Times</token>
<token number="102" sentence="6" t_id="103">,</token>
<token number="103" sentence="6" t_id="104">who</token>
<token number="104" sentence="6" t_id="105">first</token>
<token number="105" sentence="6" t_id="106">broke</token>
<token number="106" sentence="6" t_id="107">the</token>
<token number="107" sentence="6" t_id="108">news</token>
<token number="108" sentence="6" t_id="109">about</token>
<token number="109" sentence="6" t_id="110">Papermaster</token>
<token number="110" sentence="6" t_id="111">'s</token>
<token number="111" sentence="6" t_id="112">departure</token>
<token number="112" sentence="6" t_id="113">,</token>
<token number="113" sentence="6" t_id="114">an</token>
<token number="114" sentence="6" t_id="115">anonymous</token>
<token number="115" sentence="6" t_id="116">individual</token>
<token number="116" sentence="6" t_id="117">&quot;</token>
<token number="117" sentence="6" t_id="118">with</token>
<token number="118" sentence="6" t_id="119">direct</token>
<token number="119" sentence="6" t_id="120">knowledge</token>
<token number="120" sentence="6" t_id="121">of</token>
<token number="121" sentence="6" t_id="122">the</token>
<token number="122" sentence="6" t_id="123">situation</token>
<token number="123" sentence="6" t_id="124">&quot;</token>
<token number="124" sentence="6" t_id="125">claimed</token>
<token number="125" sentence="6" t_id="126">that</token>
<token number="126" sentence="6" t_id="127">the</token>
<token number="127" sentence="6" t_id="128">former</token>
<token number="128" sentence="6" t_id="129">executive</token>
<token number="129" sentence="6" t_id="130">had</token>
<token number="130" sentence="6" t_id="131">been</token>
<token number="131" sentence="6" t_id="132">ousted</token>
<token number="132" sentence="6" t_id="133">over</token>
<token number="133" sentence="6" t_id="134">various</token>
<token number="134" sentence="6" t_id="135">hardware</token>
<token number="135" sentence="6" t_id="136">issues</token>
<token number="136" sentence="6" t_id="137">,</token>
<token number="137" sentence="6" t_id="138">some</token>
<token number="138" sentence="6" t_id="139">related</token>
<token number="139" sentence="6" t_id="140">to</token>
<token number="140" sentence="6" t_id="141">the</token>
<token number="141" sentence="6" t_id="142">iPod</token>
<token number="142" sentence="6" t_id="143">Touch</token>
<token number="143" sentence="6" t_id="144">.</token>
<token number="144" sentence="7" t_id="145">When</token>
<token number="145" sentence="7" t_id="146">Apple</token>
<token number="146" sentence="7" t_id="147">CEO</token>
<token number="147" sentence="7" t_id="148">Steve</token>
<token number="148" sentence="7" t_id="149">Jobs</token>
<token number="149" sentence="7" t_id="150">first</token>
<token number="150" sentence="7" t_id="151">introduced</token>
<token number="151" sentence="7" t_id="152">iPhone</token>
<token number="152" sentence="7" t_id="153">4</token>
<token number="153" sentence="7" t_id="154">,</token>
<token number="154" sentence="7" t_id="155">he</token>
<token number="155" sentence="7" t_id="156">praised</token>
<token number="156" sentence="7" t_id="157">the</token>
<token number="157" sentence="7" t_id="158">device</token>
<token number="158" sentence="7" t_id="159">'s</token>
<token number="159" sentence="7" t_id="160">antenna</token>
<token number="160" sentence="7" t_id="161">design</token>
<token number="161" sentence="7" t_id="162">.</token>
<token number="162" sentence="8" t_id="163">However</token>
<token number="163" sentence="8" t_id="164">,</token>
<token number="164" sentence="8" t_id="165">many</token>
<token number="165" sentence="8" t_id="166">consumers</token>
<token number="166" sentence="8" t_id="167">reported</token>
<token number="167" sentence="8" t_id="168">that</token>
<token number="168" sentence="8" t_id="169">,</token>
<token number="169" sentence="8" t_id="170">when</token>
<token number="170" sentence="8" t_id="171">holding</token>
<token number="171" sentence="8" t_id="172">the</token>
<token number="172" sentence="8" t_id="173">phone</token>
<token number="173" sentence="8" t_id="174">in</token>
<token number="174" sentence="8" t_id="175">a</token>
<token number="175" sentence="8" t_id="176">certain</token>
<token number="176" sentence="8" t_id="177">location</token>
<token number="177" sentence="8" t_id="178">,</token>
<token number="178" sentence="8" t_id="179">reception</token>
<token number="179" sentence="8" t_id="180">would</token>
<token number="180" sentence="8" t_id="181">decrease</token>
<token number="181" sentence="8" t_id="182">and</token>
<token number="182" sentence="8" t_id="183">sometimes</token>
<token number="183" sentence="8" t_id="184">lead</token>
<token number="184" sentence="8" t_id="185">to</token>
<token number="185" sentence="8" t_id="186">dropped</token>
<token number="186" sentence="8" t_id="187">calls</token>
<token number="187" sentence="8" t_id="188">.</token>
<token number="188" sentence="9" t_id="189">Apple</token>
<token number="189" sentence="9" t_id="190">'s</token>
<token number="190" sentence="9" t_id="191">response</token>
<token number="191" sentence="9" t_id="192">to</token>
<token number="192" sentence="9" t_id="193">the</token>
<token number="193" sentence="9" t_id="194">issue</token>
<token number="194" sentence="9" t_id="195">,</token>
<token number="195" sentence="9" t_id="196">dubbed</token>
<token number="196" sentence="9" t_id="197">&quot;</token>
<token number="197" sentence="9" t_id="198">Antennagate</token>
<token number="198" sentence="9" t_id="199">&quot;</token>
<token number="199" sentence="9" t_id="200">by</token>
<token number="200" sentence="9" t_id="201">the</token>
<token number="201" sentence="9" t_id="202">media</token>
<token number="202" sentence="9" t_id="203">,</token>
<token number="203" sentence="9" t_id="204">was</token>
<token number="204" sentence="9" t_id="205">first</token>
<token number="205" sentence="9" t_id="206">to</token>
<token number="206" sentence="9" t_id="207">recommend</token>
<token number="207" sentence="9" t_id="208">holding</token>
<token number="208" sentence="9" t_id="209">the</token>
<token number="209" sentence="9" t_id="210">phone</token>
<token number="210" sentence="9" t_id="211">in</token>
<token number="211" sentence="9" t_id="212">a</token>
<token number="212" sentence="9" t_id="213">different</token>
<token number="213" sentence="9" t_id="214">location</token>
<token number="214" sentence="9" t_id="215">.</token>
<token number="215" sentence="10" t_id="216">They</token>
<token number="216" sentence="10" t_id="217">later</token>
<token number="217" sentence="10" t_id="218">found</token>
<token number="218" sentence="10" t_id="219">a</token>
<token number="219" sentence="10" t_id="220">related</token>
<token number="220" sentence="10" t_id="221">software</token>
<token number="221" sentence="10" t_id="222">glitch</token>
<token number="222" sentence="10" t_id="223">that</token>
<token number="223" sentence="10" t_id="224">caused</token>
<token number="224" sentence="10" t_id="225">the</token>
<token number="225" sentence="10" t_id="226">signal</token>
<token number="226" sentence="10" t_id="227">strength</token>
<token number="227" sentence="10" t_id="228">to</token>
<token number="228" sentence="10" t_id="229">be</token>
<token number="229" sentence="10" t_id="230">misreported</token>
<token number="230" sentence="10" t_id="231">on</token>
<token number="231" sentence="10" t_id="232">the</token>
<token number="232" sentence="10" t_id="233">device</token>
<token number="233" sentence="10" t_id="234">.</token>
<token number="234" sentence="11" t_id="235">In</token>
<token number="235" sentence="11" t_id="236">a</token>
<token number="236" sentence="11" t_id="237">July</token>
<token number="237" sentence="11" t_id="238">16</token>
<token number="238" sentence="11" t_id="239">press</token>
<token number="239" sentence="11" t_id="240">conference</token>
<token number="240" sentence="11" t_id="241">,</token>
<token number="241" sentence="11" t_id="242">Jobs</token>
<token number="242" sentence="11" t_id="243">said</token>
<token number="243" sentence="11" t_id="244">that</token>
<token number="244" sentence="11" t_id="245">all</token>
<token number="245" sentence="11" t_id="246">iPhone</token>
<token number="246" sentence="11" t_id="247">4</token>
<token number="247" sentence="11" t_id="248">buyers</token>
<token number="248" sentence="11" t_id="249">would</token>
<token number="249" sentence="11" t_id="250">be</token>
<token number="250" sentence="11" t_id="251">eligible</token>
<token number="251" sentence="11" t_id="252">to</token>
<token number="252" sentence="11" t_id="253">receive</token>
<token number="253" sentence="11" t_id="254">a</token>
<token number="254" sentence="11" t_id="255">free</token>
<token number="255" sentence="11" t_id="256">case</token>
<token number="256" sentence="11" t_id="257">,</token>
<token number="257" sentence="11" t_id="258">or</token>
<token number="258" sentence="11" t_id="259">&quot;</token>
<token number="259" sentence="11" t_id="260">bumper</token>
<token number="260" sentence="11" t_id="261">,</token>
<token number="261" sentence="11" t_id="262">&quot;</token>
<token number="262" sentence="11" t_id="263">which</token>
<token number="263" sentence="11" t_id="264">alleviates</token>
<token number="264" sentence="11" t_id="265">the</token>
<token number="265" sentence="11" t_id="266">signal</token>
<token number="266" sentence="11" t_id="267">problem</token>
<token number="267" sentence="11" t_id="268">.</token>
<token number="268" sentence="12" t_id="269">Citing</token>
<token number="269" sentence="12" t_id="270">people</token>
<token number="270" sentence="12" t_id="271">familiar</token>
<token number="271" sentence="12" t_id="272">with</token>
<token number="272" sentence="12" t_id="273">the</token>
<token number="273" sentence="12" t_id="274">situation</token>
<token number="274" sentence="12" t_id="275">,</token>
<token number="275" sentence="12" t_id="276">The</token>
<token number="276" sentence="12" t_id="277">Wall</token>
<token number="277" sentence="12" t_id="278">Street</token>
<token number="278" sentence="12" t_id="279">Journal</token>
<token number="279" sentence="12" t_id="280">reported</token>
<token number="280" sentence="12" t_id="281">that</token>
<token number="281" sentence="12" t_id="282">Papermaster</token>
<token number="282" sentence="12" t_id="283">had</token>
<token number="283" sentence="12" t_id="284">been</token>
<token number="284" sentence="12" t_id="285">pushed</token>
<token number="285" sentence="12" t_id="286">out</token>
<token number="286" sentence="12" t_id="287">due</token>
<token number="287" sentence="12" t_id="288">to</token>
<token number="288" sentence="12" t_id="289">an</token>
<token number="289" sentence="12" t_id="290">incompatibility</token>
<token number="290" sentence="12" t_id="291">with</token>
<token number="291" sentence="12" t_id="292">Apple</token>
<token number="292" sentence="12" t_id="293">'s</token>
<token number="293" sentence="12" t_id="294">corporate</token>
<token number="294" sentence="12" t_id="295">culture</token>
<token number="295" sentence="12" t_id="296">.</token>
<token number="296" sentence="13" t_id="297">The</token>
<token number="297" sentence="13" t_id="298">sources</token>
<token number="298" sentence="13" t_id="299">claimed</token>
<token number="299" sentence="13" t_id="300">that</token>
<token number="300" sentence="13" t_id="301">Papermaster</token>
<token number="301" sentence="13" t_id="302">was</token>
<token number="302" sentence="13" t_id="303">not</token>
<token number="303" sentence="13" t_id="304">used</token>
<token number="304" sentence="13" t_id="305">to</token>
<token number="305" sentence="13" t_id="306">the</token>
<token number="306" sentence="13" t_id="307">environment</token>
<token number="307" sentence="13" t_id="308">or</token>
<token number="308" sentence="13" t_id="309">corporate</token>
<token number="309" sentence="13" t_id="310">politics</token>
<token number="310" sentence="13" t_id="311">and</token>
<token number="311" sentence="13" t_id="312">did</token>
<token number="312" sentence="13" t_id="313">not</token>
<token number="313" sentence="13" t_id="314">possess</token>
<token number="314" sentence="13" t_id="315">the</token>
<token number="315" sentence="13" t_id="316">creativity</token>
<token number="316" sentence="13" t_id="317">the</token>
<token number="317" sentence="13" t_id="318">company</token>
<token number="318" sentence="13" t_id="319">wanted</token>
<token number="319" sentence="13" t_id="320">to</token>
<token number="320" sentence="13" t_id="321">see</token>
<token number="321" sentence="13" t_id="322">.</token>
<token number="322" sentence="14" t_id="323">They</token>
<token number="323" sentence="14" t_id="324">also</token>
<token number="324" sentence="14" t_id="325">said</token>
<token number="325" sentence="14" t_id="326">that</token>
<token number="326" sentence="14" t_id="327">it</token>
<token number="327" sentence="14" t_id="328">was</token>
<token number="328" sentence="14" t_id="329">Jobs</token>
<token number="329" sentence="14" t_id="330">,</token>
<token number="330" sentence="14" t_id="331">not</token>
<token number="331" sentence="14" t_id="332">Papermaster</token>
<token number="332" sentence="14" t_id="333">,</token>
<token number="333" sentence="14" t_id="334">who</token>
<token number="334" sentence="14" t_id="335">made</token>
<token number="335" sentence="14" t_id="336">the</token>
<token number="336" sentence="14" t_id="337">decision</token>
<token number="337" sentence="14" t_id="338">to</token>
<token number="338" sentence="14" t_id="339">proceed</token>
<token number="339" sentence="14" t_id="340">with</token>
<token number="340" sentence="14" t_id="341">iPhone</token>
<token number="341" sentence="14" t_id="342">4</token>
<token number="342" sentence="14" t_id="343">development</token>
<token number="343" sentence="14" t_id="344">even</token>
<token number="344" sentence="14" t_id="345">though</token>
<token number="345" sentence="14" t_id="346">the</token>
<token number="346" sentence="14" t_id="347">company</token>
<token number="347" sentence="14" t_id="348">had</token>
<token number="348" sentence="14" t_id="349">been</token>
<token number="349" sentence="14" t_id="350">aware</token>
<token number="350" sentence="14" t_id="351">of</token>
<token number="351" sentence="14" t_id="352">potential</token>
<token number="352" sentence="14" t_id="353">signal</token>
<token number="353" sentence="14" t_id="354">problems</token>
<token number="354" sentence="14" t_id="355">resulting</token>
<token number="355" sentence="14" t_id="356">from</token>
<token number="356" sentence="14" t_id="357">the</token>
<token number="357" sentence="14" t_id="358">antenna</token>
<token number="358" sentence="14" t_id="359">placement</token>
<token number="359" sentence="14" t_id="360">as</token>
<token number="360" sentence="14" t_id="361">early</token>
<token number="361" sentence="14" t_id="362">as</token>
<token number="362" sentence="14" t_id="363">a</token>
<token number="363" sentence="14" t_id="364">year</token>
<token number="364" sentence="14" t_id="365">ago</token>
<token number="365" sentence="14" t_id="366">.</token>
<token number="366" sentence="15" t_id="367">Papermaster</token>
<token number="367" sentence="15" t_id="368">'s</token>
<token number="368" sentence="15" t_id="369">post</token>
<token number="369" sentence="15" t_id="370">will</token>
<token number="370" sentence="15" t_id="371">be</token>
<token number="371" sentence="15" t_id="372">filled</token>
<token number="372" sentence="15" t_id="373">by</token>
<token number="373" sentence="15" t_id="374">Bob</token>
<token number="374" sentence="15" t_id="375">Mansfield</token>
<token number="375" sentence="15" t_id="376">,</token>
<token number="376" sentence="15" t_id="377">Apple</token>
<token number="377" sentence="15" t_id="378">'s</token>
<token number="378" sentence="15" t_id="379">senior</token>
<token number="379" sentence="15" t_id="380">vice</token>
<token number="380" sentence="15" t_id="381">president</token>
<token number="381" sentence="15" t_id="382">for</token>
<token number="382" sentence="15" t_id="383">Macintosh</token>
<token number="383" sentence="15" t_id="384">engineering</token>
<token number="384" sentence="15" t_id="385">.</token>
<token number="385" sentence="16" t_id="386">Mansfield</token>
<token number="386" sentence="16" t_id="387">was</token>
<token number="387" sentence="16" t_id="388">already</token>
<token number="388" sentence="16" t_id="389">involved</token>
<token number="389" sentence="16" t_id="390">in</token>
<token number="390" sentence="16" t_id="391">iPhone</token>
<token number="391" sentence="16" t_id="392">development</token>
<token number="392" sentence="16" t_id="393">,</token>
<token number="393" sentence="16" t_id="394">overseeing</token>
<token number="394" sentence="16" t_id="395">processor</token>
<token number="395" sentence="16" t_id="396">and</token>
<token number="396" sentence="16" t_id="397">display</token>
<token number="397" sentence="16" t_id="398">engineering</token>
<token number="398" sentence="16" t_id="399">.</token>
<token number="399" sentence="17" t_id="400">Papermaster</token>
<token number="400" sentence="17" t_id="401">had</token>
<token number="401" sentence="17" t_id="402">been</token>
<token number="402" sentence="17" t_id="403">with</token>
<token number="403" sentence="17" t_id="404">Apple</token>
<token number="404" sentence="17" t_id="405">since</token>
<token number="405" sentence="17" t_id="406">November</token>
<token number="406" sentence="17" t_id="407">2008</token>
<token number="407" sentence="17" t_id="408">,</token>
<token number="408" sentence="17" t_id="409">but</token>
<token number="409" sentence="17" t_id="410">a</token>
<token number="410" sentence="17" t_id="411">United</token>
<token number="411" sentence="17" t_id="412">States</token>
<token number="412" sentence="17" t_id="413">federal</token>
<token number="413" sentence="17" t_id="414">judge</token>
<token number="414" sentence="17" t_id="415">barred</token>
<token number="415" sentence="17" t_id="416">him</token>
<token number="416" sentence="17" t_id="417">from</token>
<token number="417" sentence="17" t_id="418">working</token>
<token number="418" sentence="17" t_id="419">until</token>
<token number="419" sentence="17" t_id="420">April</token>
<token number="420" sentence="17" t_id="421">2009</token>
<token number="421" sentence="17" t_id="422">.</token>
<token number="422" sentence="18" t_id="423">He</token>
<token number="423" sentence="18" t_id="424">had</token>
<token number="424" sentence="18" t_id="425">previously</token>
<token number="425" sentence="18" t_id="426">held</token>
<token number="426" sentence="18" t_id="427">a</token>
<token number="427" sentence="18" t_id="428">senior</token>
<token number="428" sentence="18" t_id="429">position</token>
<token number="429" sentence="18" t_id="430">with</token>
<token number="430" sentence="18" t_id="431">IBM</token>
<token number="431" sentence="18" t_id="432">,</token>
<token number="432" sentence="18" t_id="433">where</token>
<token number="433" sentence="18" t_id="434">he</token>
<token number="434" sentence="18" t_id="435">had</token>
<token number="435" sentence="18" t_id="436">worked</token>
<token number="436" sentence="18" t_id="437">for</token>
<token number="437" sentence="18" t_id="438">25</token>
<token number="438" sentence="18" t_id="439">years</token>
<token number="439" sentence="18" t_id="440">.</token>
<token number="440" sentence="19" t_id="441">IBM</token>
<token number="441" sentence="19" t_id="442">sued</token>
<token number="442" sentence="19" t_id="443">Papermaster</token>
<token number="443" sentence="19" t_id="444">in</token>
<token number="444" sentence="19" t_id="445">an</token>
<token number="445" sentence="19" t_id="446">attempt</token>
<token number="446" sentence="19" t_id="447">to</token>
<token number="447" sentence="19" t_id="448">block</token>
<token number="448" sentence="19" t_id="449">him</token>
<token number="449" sentence="19" t_id="450">from</token>
<token number="450" sentence="19" t_id="451">joining</token>
<token number="451" sentence="19" t_id="452">Apple</token>
<token number="452" sentence="19" t_id="453">,</token>
<token number="453" sentence="19" t_id="454">but</token>
<token number="454" sentence="19" t_id="455">a</token>
<token number="455" sentence="19" t_id="456">settlement</token>
<token number="456" sentence="19" t_id="457">was</token>
<token number="457" sentence="19" t_id="458">reached</token>
<token number="458" sentence="19" t_id="459">after</token>
<token number="459" sentence="19" t_id="460">he</token>
<token number="460" sentence="19" t_id="461">testified</token>
<token number="461" sentence="19" t_id="462">that</token>
<token number="462" sentence="19" t_id="463">no</token>
<token number="463" sentence="19" t_id="464">IBM</token>
<token number="464" sentence="19" t_id="465">corporate</token>
<token number="465" sentence="19" t_id="466">secrets</token>
<token number="466" sentence="19" t_id="467">had</token>
<token number="467" sentence="19" t_id="468">been</token>
<token number="468" sentence="19" t_id="469">disclosed</token>
<token number="469" sentence="19" t_id="470">to</token>
<token number="470" sentence="19" t_id="471">Apple</token>
<token number="471" sentence="19" t_id="472">.</token>
<Markables>
<ENTITY_MENTION comment="" head="company" m_id="1" syntactic_type="NOM">
<token_anchor t_id="72"/>
<token_anchor t_id="73"/>
</ENTITY_MENTION>
<ENTITY_MENTION comment="" head="he" m_id="2" syntactic_type="PRO">
<token_anchor t_id="80"/>
</ENTITY_MENTION>
<ENTITY_MENTION comment="" head="Papermaster" m_id="3" syntactic_type="NAM">
<token_anchor t_id="89"/>
</ENTITY_MENTION>
<ENTITY_MENTION comment="" head="Mark Papermaster" m_id="4" syntactic_type="NAM">
<token_anchor t_id="14"/>
<token_anchor t_id="15"/>
</ENTITY_MENTION>
<ENTITY_MENTION comment="" head="Apple Inc." m_id="5" syntactic_type="PRE.NAM">
<token_anchor t_id="19"/>
<token_anchor t_id="20"/>
</ENTITY_MENTION>
<ENTITY_MENTION comment="" head="Apple" m_id="6" syntactic_type="PRE.NAM">
<token_anchor t_id="1"/>
</ENTITY_MENTION>
<ENTITY_MENTION comment="" head="" m_id="7" syntactic_type="APP">
<token_anchor t_id="14"/>
<token_anchor t_id="15"/>
<token_anchor t_id="16"/>
<token_anchor t_id="17"/>
<token_anchor t_id="18"/>
<token_anchor t_id="19"/>
<token_anchor t_id="20"/>
<token_anchor t_id="21"/>
<token_anchor t_id="22"/>
<token_anchor t_id="23"/>
<token_anchor t_id="24"/>
<token_anchor t_id="25"/>
<token_anchor t_id="26"/>
<token_anchor t_id="27"/>
<token_anchor t_id="28"/>
<token_anchor t_id="29"/>
</ENTITY_MENTION>
<ENTITY_MENTION comment="" head="executive" m_id="8" syntactic_type="NOM">
<token_anchor t_id="1"/>
<token_anchor t_id="2"/>
</ENTITY_MENTION>
<ENTITY_MENTION comment="" head="company" m_id="9" syntactic_type="NOM">
<token_anchor t_id="26"/>
<token_anchor t_id="27"/>
<token_anchor t_id="28"/>
<token_anchor t_id="29"/>
</ENTITY_MENTION>
<ENTITY_MENTION comment="" head="company" m_id="10" syntactic_type="NOM">
<token_anchor t_id="4"/>
</ENTITY_MENTION>
<ENTITY_MENTION comment="" head="his" m_id="11" syntactic_type="PRO">
<token_anchor t_id="35"/>
</ENTITY_MENTION>
<ENTITY_MENTION comment="" head="antenna" m_id="12" syntactic_type="NOM">
<token_anchor t_id="6"/>
<token_anchor t_id="7"/>
<token_anchor t_id="8"/>
</ENTITY_MENTION>
<ENTITY_MENTION comment="" head="Apple" m_id="13" syntactic_type="NAM">
<token_anchor t_id="42"/>
</ENTITY_MENTION>
<ENTITY_MENTION comment="" head="iPhone 4" m_id="14" syntactic_type="PRE.NAM">
<token_anchor t_id="6"/>
<token_anchor t_id="7"/>
</ENTITY_MENTION>
<ENTITY_MENTION comment="" head="antenna" m_id="15" syntactic_type="NOM">
<token_anchor t_id="51"/>
<token_anchor t_id="52"/>
</ENTITY_MENTION>
<ENTITY_MENTION comment="" head="model" m_id="16" syntactic_type="NOM">
<token_anchor t_id="54"/>
<token_anchor t_id="55"/>
<token_anchor t_id="56"/>
<token_anchor t_id="57"/>
<token_anchor t_id="58"/>
</ENTITY_MENTION>
<ENTITY_MENTION comment="" head="their" m_id="17" syntactic_type="PRO">
<token_anchor t_id="54"/>
</ENTITY_MENTION>
<ENTITY_MENTION comment="" head="Apple" m_id="18" syntactic_type="NAM">
<token_anchor t_id="63"/>
</ENTITY_MENTION>
<ENTITY_MENTION comment="" head="" m_id="19" syntactic_type="APP">
<token_anchor t_id="54"/>
<token_anchor t_id="55"/>
<token_anchor t_id="56"/>
<token_anchor t_id="57"/>
<token_anchor t_id="58"/>
<token_anchor t_id="59"/>
<token_anchor t_id="60"/>
<token_anchor t_id="61"/>
</ENTITY_MENTION>
<ENTITY_MENTION comment="" head="Papermaster" m_id="20" syntactic_type="NAM">
<token_anchor t_id="66"/>
</ENTITY_MENTION>
<ENTITY_MENTION comment="" head="iPhone 4" m_id="21" syntactic_type="NAM">
<token_anchor t_id="60"/>
<token_anchor t_id="61"/>
</ENTITY_MENTION>
<ENTITY_MENTION comment="" head="" m_id="22" syntactic_type="APP">
<token_anchor t_id="66"/>
<token_anchor t_id="67"/>
<token_anchor t_id="68"/>
</ENTITY_MENTION>
<EVENT_MENTION aspect="" certainty="CERTAIN" comment="" m_id="29" modality="" polarity="POS" pos="" pred="" special_cases="NONE" tense="" time="NON_FUTURE">
<token_anchor t_id="64"/>
</EVENT_MENTION>
<EVENT_MENTION aspect="" certainty="CERTAIN" comment="" m_id="30" modality="" polarity="POS" pos="" pred="" special_cases="NONE" tense="" time="NON_FUTURE">
<token_anchor t_id="71"/>
</EVENT_MENTION>
<EVENT_MENTION aspect="" certainty="CERTAIN" comment="" m_id="31" modality="" polarity="NEG" pos="" pred="" special_cases="NONE" tense="" time="NON_FUTURE">
<token_anchor t_id="78"/>
</EVENT_MENTION>
<EVENT_MENTION aspect="" certainty="UNDERSPECIFIED" comment="" m_id="32" modality="" polarity="UNDERSPECIFIED" pos="" pred="" special_cases="NONE" tense="" time="NON_FUTURE">
<token_anchor t_id="81"/>
</EVENT_MENTION>
<EVENT_MENTION aspect="" certainty="UNDERSPECIFIED" comment="" m_id="33" modality="" polarity="UNDERSPECIFIED" pos="" pred="" special_cases="NONE" tense="" time="FUTURE">
<token_anchor t_id="83"/>
</EVENT_MENTION>
<EVENT_MENTION aspect="" certainty="UNDERSPECIFIED" comment="" m_id="34" modality="" polarity="UNDERSPECIFIED" pos="" pred="" special_cases="NONE" tense="" time="NON_FUTURE">
<token_anchor t_id="86"/>
</EVENT_MENTION>
<EVENT_MENTION aspect="" certainty="CERTAIN" comment="" m_id="35" modality="" polarity="NEG" pos="" pred="" special_cases="NONE" tense="" time="NON_FUTURE">
<token_anchor t_id="92"/>
</EVENT_MENTION>
<EVENT_MENTION aspect="" certainty="CERTAIN" comment="" m_id="36" modality="" polarity="POS" pos="" pred="" special_cases="NONE" tense="" time="NON_FUTURE">
<token_anchor t_id="95"/>
</EVENT_MENTION>
<EVENT_MENTION aspect="" certainty="CERTAIN" comment="" m_id="37" modality="" polarity="" pos="" pred="" special_cases="" tense="" time="">
<token_anchor t_id="22"/>
</EVENT_MENTION>
<EVENT_MENTION aspect="" certainty="" comment="" m_id="38" modality="" polarity="" pos="" pred="" special_cases="" tense="" time="">
<token_anchor t_id="24"/>
</EVENT_MENTION>
<EVENT_MENTION aspect="" certainty="CERTAIN" comment="" m_id="39" modality="" polarity="POS" pos="NOUN" pred="" special_cases="NONE" tense="" time="NON_FUTURE">
<token_anchor t_id="9"/>
</EVENT_MENTION>
<EVENT_MENTION aspect="" certainty="CERTAIN" comment="" m_id="40" modality="" polarity="POS" pos="VERB" pred="" special_cases="NONE" tense="" time="NON_FUTURE">
<token_anchor t_id="3"/>
</EVENT_MENTION>
<EVENT_MENTION aspect="" certainty="" comment="" m_id="64" modality="" polarity="" pos="" pred="" special_cases="" tense="" time="">
<token_anchor t_id="81"/>
<token_anchor t_id="86"/>
</EVENT_MENTION>
<EVENT_MENTION aspect="" certainty="CERTAIN" comment="" m_id="23" modality="" polarity="POS" pos="" pred="" special_cases="NONE" tense="" time="NON_FUTURE">
<token_anchor t_id="32"/>
<token_anchor t_id="33"/>
</EVENT_MENTION>
<EVENT_MENTION aspect="" certainty="CERTAIN" comment="" m_id="24" modality="" polarity="POS" pos="" pred="" special_cases="NONE" tense="" time="NON_FUTURE">
<token_anchor t_id="39"/>
</EVENT_MENTION>
<EVENT_MENTION aspect="" certainty="CERTAIN" comment="" m_id="25" modality="" polarity="POS" pos="" pred="" special_cases="NONE" tense="" time="NON_FUTURE">
<token_anchor t_id="40"/>
</EVENT_MENTION>
<EVENT_MENTION aspect="" certainty="CERTAIN" comment="" m_id="26" modality="" polarity="POS" pos="" pred="" special_cases="NONE" tense="" time="NON_FUTURE">
<token_anchor t_id="43"/>
</EVENT_MENTION>
<EVENT_MENTION aspect="" certainty="CERTAIN" comment="" m_id="27" modality="" polarity="POS" pos="" pred="" special_cases="NONE" tense="" time="NON_FUTURE">
<token_anchor t_id="44"/>
</EVENT_MENTION>
<EVENT_MENTION aspect="" certainty="CERTAIN" comment="" m_id="28" modality="" polarity="POS" pos="" pred="" special_cases="GEN" tense="" time="NON_FUTURE">
<token_anchor t_id="49"/>
</EVENT_MENTION>
<SIGNAL comment="" m_id="41">
<token_anchor t_id="41"/>
</SIGNAL>
<SIGNAL comment="" m_id="42">
<token_anchor t_id="5"/>
</SIGNAL>
<TIMEX3 anchorTimeID="44" beginPoint="" comment="" endPoint="" functionInDocument="NONE" m_id="43" type="DATE" value="2010-07">
<token_anchor t_id="45"/>
<token_anchor t_id="46"/>
</TIMEX3>
<TIMEX3 anchorTimeID="" beginPoint="" comment="" endPoint="" functionInDocument="CREATION_TIME" m_id="44" type="DATE" value="2010-08-09">
<token_anchor t_id="10"/>
<token_anchor t_id="11"/>
<token_anchor t_id="12"/>
<token_anchor t_id="13"/>
</TIMEX3>
<VALUE comment="" m_id="45" type="QUANTITY">
<token_anchor t_id="68"/>
</VALUE>
<EVENT TAG_DESCRIPTOR="oversee" class="OTHER" comment="" external_ref="" m_id="50"/>
<EVENT TAG_DESCRIPTOR="engineering" class="OTHER" comment="" external_ref="" m_id="51"/>
<EVENT TAG_DESCRIPTOR="step down" class="OTHER" comment="" external_ref="" m_id="52"/>
<EVENT TAG_DESCRIPTOR="come" class="GRAMMATICAL" comment="" external_ref="" m_id="53"/>
<EVENT TAG_DESCRIPTOR="receive" class="OTHER" comment="" external_ref="" m_id="54"/>
<EVENT TAG_DESCRIPTOR="criticism" class="OTHER" comment="" external_ref="" m_id="55"/>
<EVENT TAG_DESCRIPTOR="placement" class="OTHER" comment="" external_ref="" m_id="56"/>
<EVENT TAG_DESCRIPTOR="confirm" class="SPEECH_COGNITIVE" comment="" external_ref="" m_id="57"/>
<EVENT TAG_DESCRIPTOR="leave" class="OTHER" comment="" external_ref="" m_id="58"/>
<EVENT TAG_DESCRIPTOR="say" class="SPEECH_COGNITIVE" comment="" external_ref="" m_id="59"/>
<EVENT TAG_DESCRIPTOR="decide" class="SPEECH_COGNITIVE" comment="" external_ref="" m_id="60"/>
<EVENT TAG_DESCRIPTOR="force" class="OTHER" comment="" external_ref="" m_id="61"/>
<EVENT TAG_DESCRIPTOR="comment" class="SPEECH_COGNITIVE" comment="" external_ref="" m_id="62"/>
<EVENT TAG_DESCRIPTOR="decided or was forced" class="SPEECH_COGNITIVE" comment="" external_ref="" m_id="65"/>
<ENTITY TAG_DESCRIPTOR="iPhone4-EHU" ent_type="PRO" instance_id="PRO36907219772334161" m_id="104"/>
<ENTITY TAG_DESCRIPTOR="Mark Papermaster" ent_type="PER" external_ref="http://dbpedia.org/resource/Mark_Papermaster" instance_id="PER55730490026378243" m_id="105"/><ENTITY TAG_DESCRIPTOR="APPLE" ent_type="ORG" external_ref="http://dbpedia.org/resource/Apple_Inc." instance_id="ORG19274271187160719" m_id="106"/>
<EVENT TAG_DESCRIPTOR="IPhone 4 issue FBK" class="OTHER" instance_id="OTH36541780928675207" m_id="107"/><ENTITY TAG_DESCRIPTOR="iPhone 4 ANTENNA" ent_type="PRO" instance_id="PRO19274272613493794" m_id="108"/>
<EVENT_MENTION m_id="109">
  <token_anchor t_id="343"/>
</EVENT_MENTION>
<EVENT_MENTION m_id="110">
  <token_anchor t_id="337"/>
</EVENT_MENTION>
<EVENT_MENTION m_id="111">
  <token_anchor t_id="156"/>
</EVENT_MENTION>
<EVENT_MENTION m_id="112">
  <token_anchor t_id="151"/>
</EVENT_MENTION>
<EVENT_MENTION m_id="113">
  <token_anchor t_id="243"/>
</EVENT_MENTION>
<ENTITY_MENTION m_id="114">
  <token_anchor t_id="146"/>
  <token_anchor t_id="147"/>
</ENTITY_MENTION>
<ENTITY_MENTION m_id="115">
  <token_anchor t_id="209"/>
  <token_anchor t_id="210"/>
</ENTITY_MENTION>
<ENTITY_MENTION m_id="116">
  <token_anchor t_id="329"/>
</ENTITY_MENTION>
<ENTITY_MENTION m_id="117">
  <token_anchor t_id="341"/>
  <token_anchor t_id="342"/>
</ENTITY_MENTION>
<ENTITY_MENTION m_id="118">
  <token_anchor t_id="232"/>
  <token_anchor t_id="233"/>
</ENTITY_MENTION>
<ENTITY_MENTION m_id="119">
  <token_anchor t_id="155"/>
</ENTITY_MENTION>
<ENTITY_MENTION m_id="120">
  <token_anchor t_id="334"/>
</ENTITY_MENTION>
<ENTITY_MENTION m_id="121">
  <token_anchor t_id="146"/>
  <token_anchor t_id="147"/>
  <token_anchor t_id="148"/>
  <token_anchor t_id="149"/>
</ENTITY_MENTION>
<ENTITY_MENTION m_id="122">
  <token_anchor t_id="157"/>
  <token_anchor t_id="158"/>
</ENTITY_MENTION>
<ENTITY_MENTION m_id="123">
  <token_anchor t_id="148"/>
  <token_anchor t_id="149"/>
</ENTITY_MENTION>
<ENTITY_MENTION m_id="124">
  <token_anchor t_id="242"/>
</ENTITY_MENTION>
<ENTITY_MENTION m_id="125">
  <token_anchor t_id="246"/>
  <token_anchor t_id="247"/>
</ENTITY_MENTION>
<ENTITY_MENTION m_id="126">
  <token_anchor t_id="152"/>
  <token_anchor t_id="153"/>
</ENTITY_MENTION>
<ENTITY TAG_DESCRIPTOR="Steve Jobs" ent_type="PER" external_ref="http://dbpedia.org/resource/Steve_Jobs " instance_id="PER19274271332322852" m_id="127"/><EVENT TAG_DESCRIPTOR="introduce-SE - (Steve Jobs - iPhone 4)" class="OTHER" external_ref="introduce.01" instance_id="OTH57129677803859612" m_id="128"/>
<EVENT TAG_DESCRIPTOR="praised S7-SE - (Steve Jobs)" class="SPEECH_COGNITIVE" external_ref="praise.01" instance_id="SPE57363592960942059" m_id="129"/><EVENT TAG_DESCRIPTOR="development S14-SE - (iPhone 4)" class="OTHER" external_ref="development.02" instance_id="OTH57215485394862880" m_id="130"/>
<EVENT TAG_DESCRIPTOR="decision S14-SE" class="SPEECH_COGNITIVE" instance_id="SPE57722540420451529" m_id="131"/><EVENT TAG_DESCRIPTOR="said -SE - (Steve Jobs)" class="SPEECH_COGNITIVE" external_ref="say.01" instance_id="SPE57364663666951657" m_id="132"/></Markables>
<Relations>
<HAS_PARTICIPANT comment="" r_id="362086" sem_role="Argm-OTHER" sem_role_framework="PROPBANK">
<source m_id="37"/>
<target m_id="9"/>
</HAS_PARTICIPANT>
<HAS_PARTICIPANT comment="" r_id="362087" sem_role="Arg0" sem_role_framework="PROPBANK">
<source m_id="37"/>
<target m_id="4"/>
</HAS_PARTICIPANT>
<HAS_PARTICIPANT comment="" r_id="362088" sem_role="Arg0" sem_role_framework="PROPBANK">
<source m_id="23"/>
<target m_id="7"/>
</HAS_PARTICIPANT>
<HAS_PARTICIPANT comment="" r_id="362089" sem_role="Arg0" sem_role_framework="PROPBANK">
<source m_id="26"/>
<target m_id="13"/>
</HAS_PARTICIPANT>
<HAS_PARTICIPANT comment="" r_id="362090" sem_role="Arg1" sem_role_framework="PROPBANK">
<source m_id="28"/>
<target m_id="15"/>
</HAS_PARTICIPANT>
<HAS_PARTICIPANT comment="" r_id="362091" sem_role="Argm-OTHER" sem_role_framework="PROPBANK">
<source m_id="28"/>
<target m_id="16"/>
</HAS_PARTICIPANT>
<HAS_PARTICIPANT comment="" r_id="362092" sem_role="Arg0" sem_role_framework="PROPBANK">
<source m_id="29"/>
<target m_id="18"/>
</HAS_PARTICIPANT>
<HAS_PARTICIPANT comment="" r_id="362093" sem_role="Arg0" sem_role_framework="PROPBANK">
<source m_id="30"/>
<target m_id="22"/>
</HAS_PARTICIPANT>
<HAS_PARTICIPANT comment="" r_id="362094" sem_role="Arg1" sem_role_framework="PROPBANK">
<source m_id="30"/>
<target m_id="1"/>
</HAS_PARTICIPANT>
<HAS_PARTICIPANT comment="" r_id="362095" sem_role="Arg0" sem_role_framework="PROPBANK">
<source m_id="32"/>
<target m_id="2"/>
</HAS_PARTICIPANT>
<HAS_PARTICIPANT comment="" r_id="362096" sem_role="Arg0" sem_role_framework="PROPBANK">
<source m_id="35"/>
<target m_id="3"/>
</HAS_PARTICIPANT>
<SLINK comment="" r_id="362097">
<source m_id="32"/>
<target m_id="33"/>
</SLINK>
<HAS_PARTICIPANT comment="" r_id="362098" sem_role="Arg1" sem_role_framework="PROPBANK">
<source m_id="34"/>
<target m_id="2"/>
</HAS_PARTICIPANT>
<SLINK comment="" r_id="362099">
<source m_id="31"/>
<target m_id="32"/>
</SLINK>
<SLINK comment="" r_id="362100">
<source m_id="31"/>
<target m_id="34"/>
</SLINK>
<TLINK comment="" r_id="362101" reltype="IS_INCLUDED" signalID="">
<source m_id="23"/>
<target m_id="44"/>
</TLINK>
<TLINK comment="" r_id="362102" reltype="BEFORE" signalID="">
<source m_id="25"/>
<target m_id="44"/>
</TLINK>
<TLINK comment="" r_id="362103" reltype="BEFORE" signalID="">
<source m_id="26"/>
<target m_id="44"/>
</TLINK>
<TLINK comment="" r_id="362104" reltype="BEFORE" signalID="">
<source m_id="29"/>
<target m_id="44"/>
</TLINK>
<TLINK comment="" r_id="362105" reltype="BEFORE" signalID="">
<source m_id="30"/>
<target m_id="44"/>
</TLINK>
<SLINK comment="" r_id="362106">
<source m_id="29"/>
<target m_id="30"/>
</SLINK>
<TLINK comment="" r_id="362107" reltype="BEFORE" signalID="">
<source m_id="31"/>
<target m_id="44"/>
</TLINK>
<TLINK comment="" r_id="362108" reltype="BEFORE" signalID="">
<source m_id="32"/>
<target m_id="44"/>
</TLINK>
<TLINK comment="" r_id="362109" reltype="BEFORE" signalID="">
<source m_id="34"/>
<target m_id="44"/>
</TLINK>
<TLINK comment="" r_id="362110" reltype="BEFORE" signalID="">
<source m_id="35"/>
<target m_id="44"/>
</TLINK>
<TLINK comment="" r_id="362111" reltype="SIMULTANEOUS" signalID="">
<source m_id="23"/>
<target m_id="25"/>
</TLINK>
<TLINK comment="" r_id="362112" reltype="BEFORE" signalID="">
<source m_id="25"/>
<target m_id="29"/>
</TLINK>
<TLINK comment="" r_id="362113" reltype="SIMULTANEOUS" signalID="">
<source m_id="29"/>
<target m_id="35"/>
</TLINK>
<TLINK comment="" r_id="362114" reltype="AFTER" signalID="">
<source m_id="29"/>
<target m_id="30"/>
</TLINK>
<TLINK comment="" r_id="362115" reltype="SIMULTANEOUS" signalID="">
<source m_id="29"/>
<target m_id="31"/>
</TLINK>
<TLINK comment="" r_id="362116" reltype="AFTER" signalID="">
<source m_id="31"/>
<target m_id="32"/>
</TLINK>
<TLINK comment="" r_id="362117" reltype="AFTER" signalID="">
<source m_id="31"/>
<target m_id="34"/>
</TLINK>
<TLINK comment="" r_id="362118" reltype="AFTER" signalID="41">
<source m_id="25"/>
<target m_id="26"/>
</TLINK>
<TLINK comment="" r_id="362119" reltype="IS_INCLUDED" signalID="">
<source m_id="26"/>
<target m_id="43"/>
</TLINK>













<GLINK r_id="362137">
<source m_id="25"/>
<target m_id="24"/>
</GLINK>
<HAS_PARTICIPANT comment="" r_id="362139" sem_role="Arg0" sem_role_framework="PROPBANK">
<source m_id="40"/>
<target m_id="8"/>
</HAS_PARTICIPANT>
<HAS_PARTICIPANT comment="" r_id="362140" sem_role="Arg1" sem_role_framework="PROPBANK">
<source m_id="40"/>
<target m_id="10"/>
</HAS_PARTICIPANT>
<HAS_PARTICIPANT comment="" r_id="362141" sem_role="Arg0" sem_role_framework="PROPBANK">
<source m_id="39"/>
<target m_id="12"/>
</HAS_PARTICIPANT>











<REFERS_TO r_id="366618">
<source m_id="32"/>
<target m_id="60"/>
</REFERS_TO>
<REFERS_TO r_id="366619">
<source m_id="34"/>
<target m_id="61"/>
</REFERS_TO>
<REFERS_TO r_id="366620">
<source m_id="35"/>
<target m_id="62"/>
</REFERS_TO>
<REFERS_TO r_id="366621">
<source m_id="109"/>
<target m_id="130"/>
</REFERS_TO>
<REFERS_TO r_id="366622">
<source m_id="64"/>
<target m_id="65"/>
</REFERS_TO>
<REFERS_TO r_id="366623">
<source m_id="12"/>
<source m_id="15"/>
<target m_id="108"/>
</REFERS_TO>
<REFERS_TO r_id="366624">
<source m_id="124"/>
<source m_id="123"/>
<source m_id="114"/>
<source m_id="121"/>
<source m_id="119"/>
<source m_id="120"/>
<source m_id="116"/>
<target m_id="127"/>
</REFERS_TO>
<REFERS_TO r_id="366625">
<source m_id="112"/>
<target m_id="128"/>
</REFERS_TO>
<REFERS_TO r_id="366626">
<source m_id="111"/>
<target m_id="129"/>
</REFERS_TO>
<REFERS_TO r_id="366627">
<source m_id="1"/>
<source m_id="5"/>
<source m_id="6"/>
<source m_id="10"/>
<source m_id="13"/>
<source m_id="17"/>
<source m_id="18"/>
<target m_id="106"/>
</REFERS_TO>
<REFERS_TO r_id="366628">
<source m_id="39"/>
<target m_id="107"/>
</REFERS_TO>
<REFERS_TO r_id="366629">
<source m_id="9"/>
<source m_id="14"/>
<source m_id="16"/>
<source m_id="19"/>
<source m_id="21"/>
<source m_id="122"/>
<source m_id="125"/>
<source m_id="126"/>
<source m_id="115"/>
<source m_id="118"/>
<source m_id="117"/>
<target m_id="104"/>
</REFERS_TO>
<REFERS_TO r_id="366630">
<source m_id="2"/>
<source m_id="3"/>
<source m_id="4"/>
<source m_id="7"/>
<source m_id="8"/>
<source m_id="11"/>
<source m_id="20"/>
<source m_id="22"/>
<target m_id="105"/>
</REFERS_TO>
<REFERS_TO r_id="366631">
<source m_id="31"/>
<target m_id="59"/>
</REFERS_TO>
<REFERS_TO r_id="366632">
<source m_id="30"/>
<source m_id="33"/>
<source m_id="40"/>
<target m_id="58"/>
</REFERS_TO>
<REFERS_TO r_id="366633">
<source m_id="113"/>
<target m_id="132"/>
</REFERS_TO>
<REFERS_TO r_id="366634">
<source m_id="27"/>
<target m_id="55"/>
</REFERS_TO>
<REFERS_TO r_id="366635">
<source m_id="26"/>
<target m_id="54"/>
</REFERS_TO>
<REFERS_TO r_id="366636">
<source m_id="29"/>
<target m_id="57"/>
</REFERS_TO>
<REFERS_TO r_id="366637">
<source m_id="28"/>
<target m_id="56"/>
</REFERS_TO>
<REFERS_TO r_id="366638">
<source m_id="38"/>
<target m_id="51"/>
</REFERS_TO>
<REFERS_TO r_id="366639">
<source m_id="37"/>
<target m_id="50"/>
</REFERS_TO>
<REFERS_TO r_id="366640">
<source m_id="25"/>
<target m_id="53"/>
</REFERS_TO>
<REFERS_TO r_id="366641">
<source m_id="23"/>
<source m_id="24"/>
<source m_id="36"/>
<target m_id="52"/>
</REFERS_TO>
<REFERS_TO r_id="366642">
<source m_id="110"/>
<target m_id="131"/>
</REFERS_TO>
</Relations>
</Document>