<?xml version="1.0" ?><Document doc_id="214601" doc_name="214601_Apple_unveils_new_MacBook_Air_laptops" lang="en" url="http://en.wikinews.org/wiki/Apple_unveils_new_MacBook_Air_laptops,_iLife_'11_software_suite">
<token number="0" sentence="0" t_id="1">Apple</token>
<token number="1" sentence="0" t_id="2">unveils</token>
<token number="2" sentence="0" t_id="3">new</token>
<token number="3" sentence="0" t_id="4">MacBook</token>
<token number="4" sentence="0" t_id="5">Air</token>
<token number="5" sentence="0" t_id="6">laptops</token>
<token number="6" sentence="0" t_id="7">,</token>
<token number="7" sentence="0" t_id="8">iLife</token>
<token number="8" sentence="0" t_id="9">'11</token>
<token number="9" sentence="0" t_id="10">software</token>
<token number="10" sentence="0" t_id="11">suite</token>
<token number="11" sentence="1" t_id="12">October</token>
<token number="12" sentence="1" t_id="13">23</token>
<token number="13" sentence="1" t_id="14">,</token>
<token number="14" sentence="1" t_id="15">2010</token>
<token number="15" sentence="2" t_id="16">In</token>
<token number="16" sentence="2" t_id="17">a</token>
<token number="17" sentence="2" t_id="18">Wednesday</token>
<token number="18" sentence="2" t_id="19">media</token>
<token number="19" sentence="2" t_id="20">event</token>
<token number="20" sentence="2" t_id="21">,</token>
<token number="21" sentence="2" t_id="22">Apple</token>
<token number="22" sentence="2" t_id="23">Inc.</token>
<token number="23" sentence="2" t_id="24">released</token>
<token number="24" sentence="2" t_id="25">a</token>
<token number="25" sentence="2" t_id="26">new</token>
<token number="26" sentence="2" t_id="27">lineup</token>
<token number="27" sentence="2" t_id="28">of</token>
<token number="28" sentence="2" t_id="29">MacBook</token>
<token number="29" sentence="2" t_id="30">Air</token>
<token number="30" sentence="2" t_id="31">laptops</token>
<token number="31" sentence="2" t_id="32">and</token>
<token number="32" sentence="2" t_id="33">the</token>
<token number="33" sentence="2" t_id="34">2011</token>
<token number="34" sentence="2" t_id="35">version</token>
<token number="35" sentence="2" t_id="36">of</token>
<token number="36" sentence="2" t_id="37">the</token>
<token number="37" sentence="2" t_id="38">company</token>
<token number="38" sentence="2" t_id="39">'s</token>
<token number="39" sentence="2" t_id="40">iLife</token>
<token number="40" sentence="2" t_id="41">software</token>
<token number="41" sentence="2" t_id="42">suite</token>
<token number="42" sentence="2" t_id="43">.</token>
<token number="43" sentence="3" t_id="44">The</token>
<token number="44" sentence="3" t_id="45">``</token>
<token number="45" sentence="3" t_id="46">Back</token>
<token number="46" sentence="3" t_id="47">to</token>
<token number="47" sentence="3" t_id="48">the</token>
<token number="48" sentence="3" t_id="49">Mac</token>
<token number="49" sentence="3" t_id="50">''</token>
<token number="50" sentence="3" t_id="51">event</token>
<token number="51" sentence="3" t_id="52">also</token>
<token number="52" sentence="3" t_id="53">included</token>
<token number="53" sentence="3" t_id="54">a</token>
<token number="54" sentence="3" t_id="55">preview</token>
<token number="55" sentence="3" t_id="56">of</token>
<token number="56" sentence="3" t_id="57">Apple</token>
<token number="57" sentence="3" t_id="58">'s</token>
<token number="58" sentence="3" t_id="59">forthcoming</token>
<token number="59" sentence="3" t_id="60">Mac</token>
<token number="60" sentence="3" t_id="61">OS</token>
<token number="61" sentence="3" t_id="62">X</token>
<token number="62" sentence="3" t_id="63">Lion</token>
<token number="63" sentence="3" t_id="64">operating</token>
<token number="64" sentence="3" t_id="65">system</token>
<token number="65" sentence="3" t_id="66">,</token>
<token number="66" sentence="3" t_id="67">to</token>
<token number="67" sentence="3" t_id="68">be</token>
<token number="68" sentence="3" t_id="69">released</token>
<token number="69" sentence="3" t_id="70">in</token>
<token number="70" sentence="3" t_id="71">mid-2011</token>
<token number="71" sentence="3" t_id="72">.</token>
<token number="72" sentence="4" t_id="73">Apple</token>
<token number="73" sentence="4" t_id="74">CEO</token>
<token number="74" sentence="4" t_id="75">Steve</token>
<token number="75" sentence="4" t_id="76">Jobs</token>
<token number="76" sentence="4" t_id="77">unveiled</token>
<token number="77" sentence="4" t_id="78">the</token>
<token number="78" sentence="4" t_id="79">new</token>
<token number="79" sentence="4" t_id="80">products</token>
<token number="80" sentence="4" t_id="81">at</token>
<token number="81" sentence="4" t_id="82">the</token>
<token number="82" sentence="4" t_id="83">Cupertino</token>
<token number="83" sentence="4" t_id="84">,</token>
<token number="84" sentence="4" t_id="85">California</token>
<token number="85" sentence="4" t_id="86">event</token>
<token number="86" sentence="4" t_id="87">,</token>
<token number="87" sentence="4" t_id="88">saying</token>
<token number="88" sentence="4" t_id="89">the</token>
<token number="89" sentence="4" t_id="90">company</token>
<token number="90" sentence="4" t_id="91">has</token>
<token number="91" sentence="4" t_id="92">``</token>
<token number="92" sentence="4" t_id="93">been</token>
<token number="93" sentence="4" t_id="94">inspired</token>
<token number="94" sentence="4" t_id="95">by</token>
<token number="95" sentence="4" t_id="96">the</token>
<token number="96" sentence="4" t_id="97">work</token>
<token number="97" sentence="4" t_id="98">[</token>
<token number="98" sentence="4" t_id="99">it</token>
<token number="99" sentence="4" t_id="100">has</token>
<token number="100" sentence="4" t_id="101">]</token>
<token number="101" sentence="4" t_id="102">done</token>
<token number="102" sentence="4" t_id="103">on</token>
<token number="103" sentence="4" t_id="104">the</token>
<token number="104" sentence="4" t_id="105">iPad</token>
<token number="105" sentence="4" t_id="106">,</token>
<token number="106" sentence="4" t_id="107">and</token>
<token number="107" sentence="4" t_id="108">[</token>
<token number="108" sentence="4" t_id="109">it</token>
<token number="109" sentence="4" t_id="110">wants</token>
<token number="110" sentence="4" t_id="111">]</token>
<token number="111" sentence="4" t_id="112">to</token>
<token number="112" sentence="4" t_id="113">bring</token>
<token number="113" sentence="4" t_id="114">it</token>
<token number="114" sentence="4" t_id="115">back</token>
<token number="115" sentence="4" t_id="116">to</token>
<token number="116" sentence="4" t_id="117">the</token>
<token number="117" sentence="4" t_id="118">Mac</token>
<token number="118" sentence="4" t_id="119">.</token>
<token number="119" sentence="4" t_id="120">''</token>
<token number="120" sentence="5" t_id="121">Apple</token>
<token number="121" sentence="5" t_id="122">has</token>
<token number="122" sentence="5" t_id="123">plans</token>
<token number="123" sentence="5" t_id="124">to</token>
<token number="124" sentence="5" t_id="125">import</token>
<token number="125" sentence="5" t_id="126">more</token>
<token number="126" sentence="5" t_id="127">features</token>
<token number="127" sentence="5" t_id="128">of</token>
<token number="128" sentence="5" t_id="129">its</token>
<token number="129" sentence="5" t_id="130">iOS</token>
<token number="130" sentence="5" t_id="131">mobile</token>
<token number="131" sentence="5" t_id="132">operating</token>
<token number="132" sentence="5" t_id="133">system</token>
<token number="133" sentence="5" t_id="134">to</token>
<token number="134" sentence="5" t_id="135">the</token>
<token number="135" sentence="5" t_id="136">Mac</token>
<token number="136" sentence="5" t_id="137">OS</token>
<token number="137" sentence="5" t_id="138">X</token>
<token number="138" sentence="5" t_id="139">operating</token>
<token number="139" sentence="5" t_id="140">system</token>
<token number="140" sentence="5" t_id="141">.</token>
<token number="141" sentence="6" t_id="142">Jobs</token>
<token number="142" sentence="6" t_id="143">announced</token>
<token number="143" sentence="6" t_id="144">today</token>
<token number="144" sentence="6" t_id="145">that</token>
<token number="145" sentence="6" t_id="146">the</token>
<token number="146" sentence="6" t_id="147">``</token>
<token number="147" sentence="6" t_id="148">Lion</token>
<token number="148" sentence="6" t_id="149">''</token>
<token number="149" sentence="6" t_id="150">release</token>
<token number="150" sentence="6" t_id="151">to</token>
<token number="151" sentence="6" t_id="152">OS</token>
<token number="152" sentence="6" t_id="153">X</token>
<token number="153" sentence="6" t_id="154">,</token>
<token number="154" sentence="6" t_id="155">which</token>
<token number="155" sentence="6" t_id="156">is</token>
<token number="156" sentence="6" t_id="157">scheduled</token>
<token number="157" sentence="6" t_id="158">for</token>
<token number="158" sentence="6" t_id="159">release</token>
<token number="159" sentence="6" t_id="160">next</token>
<token number="160" sentence="6" t_id="161">summer</token>
<token number="161" sentence="6" t_id="162">,</token>
<token number="162" sentence="6" t_id="163">will</token>
<token number="163" sentence="6" t_id="164">include</token>
<token number="164" sentence="6" t_id="165">more</token>
<token number="165" sentence="6" t_id="166">support</token>
<token number="166" sentence="6" t_id="167">for</token>
<token number="167" sentence="6" t_id="168">multitouch</token>
<token number="168" sentence="6" t_id="169">and</token>
<token number="169" sentence="6" t_id="170">a</token>
<token number="170" sentence="6" t_id="171">desktop</token>
<token number="171" sentence="6" t_id="172">version</token>
<token number="172" sentence="6" t_id="173">of</token>
<token number="173" sentence="6" t_id="174">the</token>
<token number="174" sentence="6" t_id="175">company</token>
<token number="175" sentence="6" t_id="176">'s</token>
<token number="176" sentence="6" t_id="177">App</token>
<token number="177" sentence="6" t_id="178">Store</token>
<token number="178" sentence="6" t_id="179">.</token>
<token number="179" sentence="7" t_id="180">He</token>
<token number="180" sentence="7" t_id="181">said</token>
<token number="181" sentence="7" t_id="182">that</token>
<token number="182" sentence="7" t_id="183">the</token>
<token number="183" sentence="7" t_id="184">App</token>
<token number="184" sentence="7" t_id="185">Store</token>
<token number="185" sentence="7" t_id="186">will</token>
<token number="186" sentence="7" t_id="187">be</token>
<token number="187" sentence="7" t_id="188">available</token>
<token number="188" sentence="7" t_id="189">for</token>
<token number="189" sentence="7" t_id="190">Apple</token>
<token number="190" sentence="7" t_id="191">'s</token>
<token number="191" sentence="7" t_id="192">current</token>
<token number="192" sentence="7" t_id="193">OS</token>
<token number="193" sentence="7" t_id="194">``</token>
<token number="194" sentence="7" t_id="195">Snow</token>
<token number="195" sentence="7" t_id="196">Leopard</token>
<token number="196" sentence="7" t_id="197">''</token>
<token number="197" sentence="7" t_id="198">within</token>
<token number="198" sentence="7" t_id="199">90</token>
<token number="199" sentence="7" t_id="200">days</token>
<token number="200" sentence="7" t_id="201">,</token>
<token number="201" sentence="7" t_id="202">and</token>
<token number="202" sentence="7" t_id="203">that</token>
<token number="203" sentence="7" t_id="204">applications</token>
<token number="204" sentence="7" t_id="205">can</token>
<token number="205" sentence="7" t_id="206">be</token>
<token number="206" sentence="7" t_id="207">submitted</token>
<token number="207" sentence="7" t_id="208">starting</token>
<token number="208" sentence="7" t_id="209">next</token>
<token number="209" sentence="7" t_id="210">month</token>
<token number="210" sentence="7" t_id="211">.</token>
<token number="211" sentence="8" t_id="212">Jobs</token>
<token number="212" sentence="8" t_id="213">also</token>
<token number="213" sentence="8" t_id="214">announced</token>
<token number="214" sentence="8" t_id="215">that</token>
<token number="215" sentence="8" t_id="216">a</token>
<token number="216" sentence="8" t_id="217">beta</token>
<token number="217" sentence="8" t_id="218">version</token>
<token number="218" sentence="8" t_id="219">of</token>
<token number="219" sentence="8" t_id="220">FaceTime</token>
<token number="220" sentence="8" t_id="221">,</token>
<token number="221" sentence="8" t_id="222">Apple</token>
<token number="222" sentence="8" t_id="223">'s</token>
<token number="223" sentence="8" t_id="224">IOS</token>
<token number="224" sentence="8" t_id="225">video</token>
<token number="225" sentence="8" t_id="226">calling</token>
<token number="226" sentence="8" t_id="227">application</token>
<token number="227" sentence="8" t_id="228">,</token>
<token number="228" sentence="8" t_id="229">would</token>
<token number="229" sentence="8" t_id="230">be</token>
<token number="230" sentence="8" t_id="231">available</token>
<token number="231" sentence="8" t_id="232">for</token>
<token number="232" sentence="8" t_id="233">OS</token>
<token number="233" sentence="8" t_id="234">X</token>
<token number="234" sentence="8" t_id="235">users</token>
<token number="235" sentence="8" t_id="236">immediately</token>
<token number="236" sentence="8" t_id="237">.</token>
<token number="237" sentence="9" t_id="238">Several</token>
<token number="238" sentence="9" t_id="239">new</token>
<token number="239" sentence="9" t_id="240">applications</token>
<token number="240" sentence="9" t_id="241">will</token>
<token number="241" sentence="9" t_id="242">be</token>
<token number="242" sentence="9" t_id="243">added</token>
<token number="243" sentence="9" t_id="244">in</token>
<token number="244" sentence="9" t_id="245">OS</token>
<token number="245" sentence="9" t_id="246">X</token>
<token number="246" sentence="9" t_id="247">Lion</token>
<token number="247" sentence="9" t_id="248">,</token>
<token number="248" sentence="9" t_id="249">dubbed</token>
<token number="249" sentence="9" t_id="250">``</token>
<token number="250" sentence="9" t_id="251">Mission</token>
<token number="251" sentence="9" t_id="252">Control</token>
<token number="252" sentence="9" t_id="253">''</token>
<token number="253" sentence="9" t_id="254">and</token>
<token number="254" sentence="9" t_id="255">``</token>
<token number="255" sentence="9" t_id="256">Launchpad</token>
<token number="256" sentence="9" t_id="257">.</token>
<token number="257" sentence="9" t_id="258">''</token>
<token number="258" sentence="10" t_id="259">In</token>
<token number="259" sentence="10" t_id="260">his</token>
<token number="260" sentence="10" t_id="261">keynote</token>
<token number="261" sentence="10" t_id="262">address</token>
<token number="262" sentence="10" t_id="263">Wednesday</token>
<token number="263" sentence="10" t_id="264">,</token>
<token number="264" sentence="10" t_id="265">Jobs</token>
<token number="265" sentence="10" t_id="266">announced</token>
<token number="266" sentence="10" t_id="267">the</token>
<token number="267" sentence="10" t_id="268">release</token>
<token number="268" sentence="10" t_id="269">of</token>
<token number="269" sentence="10" t_id="270">Apple</token>
<token number="270" sentence="10" t_id="271">'s</token>
<token number="271" sentence="10" t_id="272">iLife</token>
<token number="272" sentence="10" t_id="273">'11</token>
<token number="273" sentence="10" t_id="274">software</token>
<token number="274" sentence="10" t_id="275">suite</token>
<token number="275" sentence="10" t_id="276">,</token>
<token number="276" sentence="10" t_id="277">which</token>
<token number="277" sentence="10" t_id="278">includes</token>
<token number="278" sentence="10" t_id="279">the</token>
<token number="279" sentence="10" t_id="280">iPhoto</token>
<token number="280" sentence="10" t_id="281">,</token>
<token number="281" sentence="10" t_id="282">iMovie</token>
<token number="282" sentence="10" t_id="283">,</token>
<token number="283" sentence="10" t_id="284">and</token>
<token number="284" sentence="10" t_id="285">GarageBand</token>
<token number="285" sentence="10" t_id="286">programs</token>
<token number="286" sentence="10" t_id="287">.</token>
<token number="287" sentence="11" t_id="288">iPhoto</token>
<token number="288" sentence="11" t_id="289">has</token>
<token number="289" sentence="11" t_id="290">new</token>
<token number="290" sentence="11" t_id="291">slide</token>
<token number="291" sentence="11" t_id="292">show</token>
<token number="292" sentence="11" t_id="293">templates</token>
<token number="293" sentence="11" t_id="294">,</token>
<token number="294" sentence="11" t_id="295">while</token>
<token number="295" sentence="11" t_id="296">iMovie</token>
<token number="296" sentence="11" t_id="297">has</token>
<token number="297" sentence="11" t_id="298">added</token>
<token number="298" sentence="11" t_id="299">audio</token>
<token number="299" sentence="11" t_id="300">editing</token>
<token number="300" sentence="11" t_id="301">capabilities</token>
<token number="301" sentence="11" t_id="302">.</token>
<token number="302" sentence="12" t_id="303">GarageBand</token>
<token number="303" sentence="12" t_id="304">now</token>
<token number="304" sentence="12" t_id="305">includes</token>
<token number="305" sentence="12" t_id="306">several</token>
<token number="306" sentence="12" t_id="307">new</token>
<token number="307" sentence="12" t_id="308">piano</token>
<token number="308" sentence="12" t_id="309">-</token>
<token number="309" sentence="12" t_id="310">and</token>
<token number="310" sentence="12" t_id="311">guitar-playing</token>
<token number="311" sentence="12" t_id="312">lessons</token>
<token number="312" sentence="12" t_id="313">.</token>
<token number="313" sentence="13" t_id="314">iLife</token>
<token number="314" sentence="13" t_id="315">'11</token>
<token number="315" sentence="13" t_id="316">was</token>
<token number="316" sentence="13" t_id="317">released</token>
<token number="317" sentence="13" t_id="318">on</token>
<token number="318" sentence="13" t_id="319">Wednesday</token>
<token number="319" sentence="13" t_id="320">as</token>
<token number="320" sentence="13" t_id="321">a</token>
<token number="321" sentence="13" t_id="322">US$</token>
<token number="322" sentence="13" t_id="323">49</token>
<token number="323" sentence="13" t_id="324">upgrade</token>
<token number="324" sentence="13" t_id="325">,</token>
<token number="325" sentence="13" t_id="326">and</token>
<token number="326" sentence="13" t_id="327">is</token>
<token number="327" sentence="13" t_id="328">also</token>
<token number="328" sentence="13" t_id="329">available</token>
<token number="329" sentence="13" t_id="330">free</token>
<token number="330" sentence="13" t_id="331">with</token>
<token number="331" sentence="13" t_id="332">new</token>
<token number="332" sentence="13" t_id="333">Mac</token>
<token number="333" sentence="13" t_id="334">purchases</token>
<token number="334" sentence="13" t_id="335">.</token>
<token number="335" sentence="14" t_id="336">In</token>
<token number="336" sentence="14" t_id="337">another</token>
<token number="337" sentence="14" t_id="338">move</token>
<token number="338" sentence="14" t_id="339">to</token>
<token number="339" sentence="14" t_id="340">bring</token>
<token number="340" sentence="14" t_id="341">iOS</token>
<token number="341" sentence="14" t_id="342">functionality</token>
<token number="342" sentence="14" t_id="343">to</token>
<token number="343" sentence="14" t_id="344">Macintosh</token>
<token number="344" sentence="14" t_id="345">computers</token>
<token number="345" sentence="14" t_id="346">,</token>
<token number="346" sentence="14" t_id="347">Jobs</token>
<token number="347" sentence="14" t_id="348">announced</token>
<token number="348" sentence="14" t_id="349">an</token>
<token number="349" sentence="14" t_id="350">updated</token>
<token number="350" sentence="14" t_id="351">MacBook</token>
<token number="351" sentence="14" t_id="352">Air</token>
<token number="352" sentence="14" t_id="353">series</token>
<token number="353" sentence="14" t_id="354">of</token>
<token number="354" sentence="14" t_id="355">laptops</token>
<token number="355" sentence="14" t_id="356">,</token>
<token number="356" sentence="14" t_id="357">on</token>
<token number="357" sentence="14" t_id="358">sale</token>
<token number="358" sentence="14" t_id="359">now</token>
<token number="359" sentence="14" t_id="360">.</token>
<token number="360" sentence="15" t_id="361">The</token>
<token number="361" sentence="15" t_id="362">new</token>
<token number="362" sentence="15" t_id="363">MacBook</token>
<token number="363" sentence="15" t_id="364">Air</token>
<token number="364" sentence="15" t_id="365">uses</token>
<token number="365" sentence="15" t_id="366">flash</token>
<token number="366" sentence="15" t_id="367">memory</token>
<token number="367" sentence="15" t_id="368">rather</token>
<token number="368" sentence="15" t_id="369">than</token>
<token number="369" sentence="15" t_id="370">a</token>
<token number="370" sentence="15" t_id="371">traditional</token>
<token number="371" sentence="15" t_id="372">hard</token>
<token number="372" sentence="15" t_id="373">drive</token>
<token number="373" sentence="15" t_id="374">,</token>
<token number="374" sentence="15" t_id="375">and</token>
<token number="375" sentence="15" t_id="376">has</token>
<token number="376" sentence="15" t_id="377">no</token>
<token number="377" sentence="15" t_id="378">CD/DVD</token>
<token number="378" sentence="15" t_id="379">drive</token>
<token number="379" sentence="15" t_id="380">,</token>
<token number="380" sentence="15" t_id="381">an</token>
<token number="381" sentence="15" t_id="382">approach</token>
<token number="382" sentence="15" t_id="383">seen</token>
<token number="383" sentence="15" t_id="384">on</token>
<token number="384" sentence="15" t_id="385">the</token>
<token number="385" sentence="15" t_id="386">iPad</token>
<token number="386" sentence="15" t_id="387">tablet</token>
<token number="387" sentence="15" t_id="388">computer</token>
<token number="388" sentence="15" t_id="389">.</token>
<token number="389" sentence="16" t_id="390">In</token>
<token number="390" sentence="16" t_id="391">addition</token>
<token number="391" sentence="16" t_id="392">,</token>
<token number="392" sentence="16" t_id="393">the</token>
<token number="393" sentence="16" t_id="394">laptop</token>
<token number="394" sentence="16" t_id="395">'s</token>
<token number="395" sentence="16" t_id="396">battery</token>
<token number="396" sentence="16" t_id="397">life</token>
<token number="397" sentence="16" t_id="398">has</token>
<token number="398" sentence="16" t_id="399">been</token>
<token number="399" sentence="16" t_id="400">extended</token>
<token number="400" sentence="16" t_id="401">,</token>
<token number="401" sentence="16" t_id="402">even</token>
<token number="402" sentence="16" t_id="403">though</token>
<token number="403" sentence="16" t_id="404">it</token>
<token number="404" sentence="16" t_id="405">is</token>
<token number="405" sentence="16" t_id="406">only</token>
<token number="406" sentence="16" t_id="407">0.68</token>
<token number="407" sentence="16" t_id="408">in</token>
<token number="408" sentence="16" t_id="409">(</token>
<token number="409" sentence="16" t_id="410">1.73</token>
<token number="410" sentence="16" t_id="411">cm</token>
<token number="411" sentence="16" t_id="412">)</token>
<token number="412" sentence="16" t_id="413">thick</token>
<token number="413" sentence="16" t_id="414">and</token>
<token number="414" sentence="16" t_id="415">weighs</token>
<token number="415" sentence="16" t_id="416">less</token>
<token number="416" sentence="16" t_id="417">than</token>
<token number="417" sentence="16" t_id="418">3</token>
<token number="418" sentence="16" t_id="419">lbs</token>
<token number="419" sentence="16" t_id="420">(</token>
<token number="420" sentence="16" t_id="421">1.36</token>
<token number="421" sentence="16" t_id="422">kg</token>
<token number="422" sentence="16" t_id="423">)</token>
<token number="423" sentence="16" t_id="424">.</token>
<token number="424" sentence="17" t_id="425">``</token>
<token number="425" sentence="17" t_id="426">We</token>
<token number="426" sentence="17" t_id="427">think</token>
<token number="427" sentence="17" t_id="428">it</token>
<token number="428" sentence="17" t_id="429">'s</token>
<token number="429" sentence="17" t_id="430">the</token>
<token number="430" sentence="17" t_id="431">future</token>
<token number="431" sentence="17" t_id="432">of</token>
<token number="432" sentence="17" t_id="433">notebooks</token>
<token number="433" sentence="17" t_id="434">,</token>
<token number="434" sentence="17" t_id="435">''</token>
<token number="435" sentence="17" t_id="436">said</token>
<token number="436" sentence="17" t_id="437">Jobs</token>
<token number="437" sentence="17" t_id="438">.</token>
<token number="438" sentence="18" t_id="439">There</token>
<token number="439" sentence="18" t_id="440">are</token>
<token number="440" sentence="18" t_id="441">now</token>
<token number="441" sentence="18" t_id="442">two</token>
<token number="442" sentence="18" t_id="443">models</token>
<token number="443" sentence="18" t_id="444">of</token>
<token number="444" sentence="18" t_id="445">the</token>
<token number="445" sentence="18" t_id="446">MacBook</token>
<token number="446" sentence="18" t_id="447">Air</token>
<token number="447" sentence="18" t_id="448">:</token>
<token number="448" sentence="18" t_id="449">an</token>
<token number="449" sentence="18" t_id="450">11.6-inch</token>
<token number="450" sentence="18" t_id="451">(</token>
<token number="451" sentence="18" t_id="452">29.46-cm</token>
<token number="452" sentence="18" t_id="453">)</token>
<token number="453" sentence="18" t_id="454">version</token>
<token number="454" sentence="18" t_id="455">and</token>
<token number="455" sentence="18" t_id="456">a</token>
<token number="456" sentence="18" t_id="457">13.3-inch</token>
<token number="457" sentence="18" t_id="458">(</token>
<token number="458" sentence="18" t_id="459">33.78-cm</token>
<token number="459" sentence="18" t_id="460">)</token>
<token number="460" sentence="18" t_id="461">model</token>
<token number="461" sentence="18" t_id="462">.</token>
<token number="462" sentence="19" t_id="463">Analyst</token>
<token number="463" sentence="19" t_id="464">Shawn</token>
<token number="464" sentence="19" t_id="465">Wu</token>
<token number="465" sentence="19" t_id="466">says</token>
<token number="466" sentence="19" t_id="467">the</token>
<token number="467" sentence="19" t_id="468">company</token>
<token number="468" sentence="19" t_id="469">``</token>
<token number="469" sentence="19" t_id="470">priced</token>
<token number="470" sentence="19" t_id="471">it</token>
<token number="471" sentence="19" t_id="472">really</token>
<token number="472" sentence="19" t_id="473">aggressively</token>
<token number="473" sentence="19" t_id="474">,</token>
<token number="474" sentence="19" t_id="475">''</token>
<token number="475" sentence="19" t_id="476">referring</token>
<token number="476" sentence="19" t_id="477">to</token>
<token number="477" sentence="19" t_id="478">the</token>
<token number="478" sentence="19" t_id="479">computer</token>
<token number="479" sentence="19" t_id="480">'s</token>
<token number="480" sentence="19" t_id="481">base</token>
<token number="481" sentence="19" t_id="482">price</token>
<token number="482" sentence="19" t_id="483">of</token>
<token number="483" sentence="19" t_id="484">US$</token>
<token number="484" sentence="19" t_id="485">999</token>
<token number="485" sentence="19" t_id="486">.</token>
<token number="486" sentence="20" t_id="487">Jobs</token>
<token number="487" sentence="20" t_id="488">said</token>
<token number="488" sentence="20" t_id="489">that</token>
<token number="489" sentence="20" t_id="490">his</token>
<token number="490" sentence="20" t_id="491">company</token>
<token number="491" sentence="20" t_id="492">sold</token>
<token number="492" sentence="20" t_id="493">13.7</token>
<token number="493" sentence="20" t_id="494">million</token>
<token number="494" sentence="20" t_id="495">Macs</token>
<token number="495" sentence="20" t_id="496">last</token>
<token number="496" sentence="20" t_id="497">year</token>
<token number="497" sentence="20" t_id="498">,</token>
<token number="498" sentence="20" t_id="499">totaling</token>
<token number="499" sentence="20" t_id="500">US$</token>
<token number="500" sentence="20" t_id="501">22</token>
<token number="501" sentence="20" t_id="502">billion</token>
<token number="502" sentence="20" t_id="503">.</token>
<token number="503" sentence="21" t_id="504">In</token>
<token number="504" sentence="21" t_id="505">the</token>
<token number="505" sentence="21" t_id="506">last</token>
<token number="506" sentence="21" t_id="507">financial</token>
<token number="507" sentence="21" t_id="508">quarter</token>
<token number="508" sentence="21" t_id="509">,</token>
<token number="509" sentence="21" t_id="510">Mac</token>
<token number="510" sentence="21" t_id="511">sales</token>
<token number="511" sentence="21" t_id="512">increased</token>
<token number="512" sentence="21" t_id="513">22</token>
<token number="513" sentence="21" t_id="514">percent</token>
<token number="514" sentence="21" t_id="515">,</token>
<token number="515" sentence="21" t_id="516">comprising</token>
<token number="516" sentence="21" t_id="517">24</token>
<token number="517" sentence="21" t_id="518">percent</token>
<token number="518" sentence="21" t_id="519">of</token>
<token number="519" sentence="21" t_id="520">total</token>
<token number="520" sentence="21" t_id="521">revenue</token>
<token number="521" sentence="21" t_id="522">for</token>
<token number="522" sentence="21" t_id="523">Apple</token>
<token number="523" sentence="21" t_id="524">.</token>
<token number="524" sentence="22" t_id="525">However</token>
<token number="525" sentence="22" t_id="526">,</token>
<token number="526" sentence="22" t_id="527">the</token>
<token number="527" sentence="22" t_id="528">original</token>
<token number="528" sentence="22" t_id="529">MacBook</token>
<token number="529" sentence="22" t_id="530">Air</token>
<token number="530" sentence="22" t_id="531">did</token>
<token number="531" sentence="22" t_id="532">not</token>
<token number="532" sentence="22" t_id="533">fare</token>
<token number="533" sentence="22" t_id="534">so</token>
<token number="534" sentence="22" t_id="535">well</token>
<token number="535" sentence="22" t_id="536">.</token>
<token number="536" sentence="23" t_id="537">Sales</token>
<token number="537" sentence="23" t_id="538">and</token>
<token number="538" sentence="23" t_id="539">hype</token>
<token number="539" sentence="23" t_id="540">over</token>
<token number="540" sentence="23" t_id="541">the</token>
<token number="541" sentence="23" t_id="542">first</token>
<token number="542" sentence="23" t_id="543">Air</token>
<token number="543" sentence="23" t_id="544">decreased</token>
<token number="544" sentence="23" t_id="545">soon</token>
<token number="545" sentence="23" t_id="546">after</token>
<token number="546" sentence="23" t_id="547">its</token>
<token number="547" sentence="23" t_id="548">introduction</token>
<token number="548" sentence="23" t_id="549">,</token>
<token number="549" sentence="23" t_id="550">and</token>
<token number="550" sentence="23" t_id="551">the</token>
<token number="551" sentence="23" t_id="552">line</token>
<token number="552" sentence="23" t_id="553">was</token>
<token number="553" sentence="23" t_id="554">overshadowed</token>
<token number="554" sentence="23" t_id="555">by</token>
<token number="555" sentence="23" t_id="556">the</token>
<token number="556" sentence="23" t_id="557">release</token>
<token number="557" sentence="23" t_id="558">of</token>
<token number="558" sentence="23" t_id="559">Apple</token>
<token number="559" sentence="23" t_id="560">'s</token>
<token number="560" sentence="23" t_id="561">13-inch</token>
<token number="561" sentence="23" t_id="562">(</token>
<token number="562" sentence="23" t_id="563">33.02-cm</token>
<token number="563" sentence="23" t_id="564">)</token>
<token number="564" sentence="23" t_id="565">MacBook</token>
<token number="565" sentence="23" t_id="566">Pro</token>
<token number="566" sentence="23" t_id="567">.</token>
<token number="567" sentence="24" t_id="568">The</token>
<token number="568" sentence="24" t_id="569">MacBook</token>
<token number="569" sentence="24" t_id="570">Air</token>
<token number="570" sentence="24" t_id="571">had</token>
<token number="571" sentence="24" t_id="572">not</token>
<token number="572" sentence="24" t_id="573">been</token>
<token number="573" sentence="24" t_id="574">significantly</token>
<token number="574" sentence="24" t_id="575">updated</token>
<token number="575" sentence="24" t_id="576">since</token>
<token number="576" sentence="24" t_id="577">2008</token>
<token number="577" sentence="24" t_id="578">.</token>
<Markables>
<ENTITY_MENTION comment="" head="" m_id="1" syntactic_type="NAM">
<token_anchor t_id="22"/>
<token_anchor t_id="23"/>
</ENTITY_MENTION>
<ENTITY_MENTION comment="" head="lineup" m_id="2" syntactic_type="NOM">
<token_anchor t_id="25"/>
<token_anchor t_id="26"/>
<token_anchor t_id="27"/>
<token_anchor t_id="28"/>
<token_anchor t_id="29"/>
<token_anchor t_id="30"/>
<token_anchor t_id="31"/>
</ENTITY_MENTION>
<ENTITY_MENTION comment="" head="version" m_id="3" syntactic_type="NOM">
<token_anchor t_id="33"/>
<token_anchor t_id="34"/>
<token_anchor t_id="35"/>
<token_anchor t_id="36"/>
<token_anchor t_id="37"/>
<token_anchor t_id="38"/>
<token_anchor t_id="39"/>
<token_anchor t_id="40"/>
<token_anchor t_id="41"/>
<token_anchor t_id="42"/>
</ENTITY_MENTION>
<ENTITY_MENTION comment="" head="" m_id="4" syntactic_type="CONJ">
<token_anchor t_id="3"/>
<token_anchor t_id="4"/>
<token_anchor t_id="5"/>
<token_anchor t_id="6"/>
<token_anchor t_id="7"/>
<token_anchor t_id="8"/>
<token_anchor t_id="9"/>
<token_anchor t_id="10"/>
<token_anchor t_id="11"/>
</ENTITY_MENTION>
<ENTITY_MENTION comment="" head="operating system" m_id="5" syntactic_type="NOM">
<token_anchor t_id="57"/>
<token_anchor t_id="58"/>
<token_anchor t_id="59"/>
<token_anchor t_id="60"/>
<token_anchor t_id="61"/>
<token_anchor t_id="62"/>
<token_anchor t_id="63"/>
<token_anchor t_id="64"/>
<token_anchor t_id="65"/>
</ENTITY_MENTION>
<ENTITY_MENTION comment="" head="company" m_id="6" syntactic_type="NOM">
<token_anchor t_id="37"/>
<token_anchor t_id="38"/>
</ENTITY_MENTION>
<ENTITY_MENTION comment="" head="" m_id="7" syntactic_type="APP">
<token_anchor t_id="73"/>
<token_anchor t_id="74"/>
<token_anchor t_id="75"/>
<token_anchor t_id="76"/>
</ENTITY_MENTION>
<ENTITY_MENTION comment="" head="" m_id="8" syntactic_type="NAM">
<token_anchor t_id="57"/>
</ENTITY_MENTION>
<ENTITY_MENTION comment="" head="" m_id="9" syntactic_type="NOM">
<token_anchor t_id="78"/>
<token_anchor t_id="79"/>
<token_anchor t_id="80"/>
</ENTITY_MENTION>
<ENTITY_MENTION comment="" head="" m_id="10" syntactic_type="PRE.NAM">
<token_anchor t_id="73"/>
</ENTITY_MENTION>
<ENTITY_MENTION comment="" head="operating system" m_id="11" syntactic_type="NOM">
<token_anchor t_id="129"/>
<token_anchor t_id="130"/>
<token_anchor t_id="131"/>
<token_anchor t_id="132"/>
<token_anchor t_id="133"/>
</ENTITY_MENTION>
<ENTITY_MENTION comment="" head="" m_id="12" syntactic_type="PRO">
<token_anchor t_id="129"/>
</ENTITY_MENTION>
<ENTITY_MENTION comment="" head="laptops" m_id="13" syntactic_type="NOM">
<token_anchor t_id="29"/>
<token_anchor t_id="30"/>
<token_anchor t_id="31"/>
</ENTITY_MENTION>
<ENTITY_MENTION comment="" head="suite" m_id="14" syntactic_type="NOM">
<token_anchor t_id="37"/>
<token_anchor t_id="38"/>
<token_anchor t_id="39"/>
<token_anchor t_id="40"/>
<token_anchor t_id="41"/>
<token_anchor t_id="42"/>
</ENTITY_MENTION>
<ENTITY_MENTION comment="" head="" m_id="15" syntactic_type="NAM">
<token_anchor t_id="83"/>
<token_anchor t_id="84"/>
<token_anchor t_id="85"/>
</ENTITY_MENTION>
<ENTITY_MENTION comment="" head="" m_id="16" syntactic_type="NAM">
<token_anchor t_id="85"/>
</ENTITY_MENTION>
<ENTITY_MENTION comment="" head="" m_id="17" syntactic_type="NOM">
<token_anchor t_id="89"/>
<token_anchor t_id="90"/>
</ENTITY_MENTION>
<ENTITY_MENTION comment="" head="" m_id="18" syntactic_type="NAM">
<token_anchor t_id="1"/>
</ENTITY_MENTION>
<ENTITY_MENTION comment="" head="" m_id="19" syntactic_type="NAM">
<token_anchor t_id="104"/>
<token_anchor t_id="105"/>
</ENTITY_MENTION>
<ENTITY_MENTION comment="" head="laptops" m_id="20" syntactic_type="NOM">
<token_anchor t_id="3"/>
<token_anchor t_id="4"/>
<token_anchor t_id="5"/>
<token_anchor t_id="6"/>
</ENTITY_MENTION>
<ENTITY_MENTION comment="" head="" m_id="21" syntactic_type="NAM">
<token_anchor t_id="117"/>
<token_anchor t_id="118"/>
</ENTITY_MENTION>
<ENTITY_MENTION comment="" head="suite" m_id="22" syntactic_type="NOM">
<token_anchor t_id="8"/>
<token_anchor t_id="9"/>
<token_anchor t_id="10"/>
<token_anchor t_id="11"/>
</ENTITY_MENTION>
<ENTITY_MENTION comment="" head="Steve Jobs" m_id="83" syntactic_type="NAM">
<token_anchor t_id="75"/>
<token_anchor t_id="76"/>
</ENTITY_MENTION>
<ENTITY_MENTION comment="" head="" m_id="23" syntactic_type="NAM">
<token_anchor t_id="121"/>
</ENTITY_MENTION>
<ENTITY_MENTION comment="" head="CEO" m_id="84" syntactic_type="NOM">
<token_anchor t_id="73"/>
<token_anchor t_id="74"/>
</ENTITY_MENTION>
<ENTITY_MENTION comment="" head="features" m_id="24" syntactic_type="NOM">
<token_anchor t_id="126"/>
<token_anchor t_id="127"/>
<token_anchor t_id="128"/>
<token_anchor t_id="129"/>
<token_anchor t_id="130"/>
<token_anchor t_id="131"/>
<token_anchor t_id="132"/>
<token_anchor t_id="133"/>
</ENTITY_MENTION>
<ENTITY_MENTION comment="" head="" m_id="86" syntactic_type="CONJ">
<token_anchor t_id="25"/>
<token_anchor t_id="26"/>
<token_anchor t_id="27"/>
<token_anchor t_id="28"/>
<token_anchor t_id="29"/>
<token_anchor t_id="30"/>
<token_anchor t_id="31"/>
<token_anchor t_id="32"/>
<token_anchor t_id="33"/>
<token_anchor t_id="34"/>
<token_anchor t_id="35"/>
<token_anchor t_id="36"/>
<token_anchor t_id="37"/>
<token_anchor t_id="38"/>
<token_anchor t_id="39"/>
<token_anchor t_id="40"/>
<token_anchor t_id="41"/>
<token_anchor t_id="42"/>
</ENTITY_MENTION>
<ENTITY_MENTION comment="" head="system" m_id="25" syntactic_type="NOM">
<token_anchor t_id="135"/>
<token_anchor t_id="136"/>
<token_anchor t_id="137"/>
<token_anchor t_id="138"/>
<token_anchor t_id="139"/>
<token_anchor t_id="140"/>
</ENTITY_MENTION>
<ENTITY_MENTION comment="" head="" m_id="26" syntactic_type="PRO">
<token_anchor t_id="109"/>
</ENTITY_MENTION>
<ENTITY_MENTION comment="" head="" m_id="27" syntactic_type="PRO">
<token_anchor t_id="99"/>
</ENTITY_MENTION>
<EVENT_MENTION aspect="NONE" certainty="CERTAIN" comment="" m_id="29" modality="" polarity="POS" pos="NOUN" pred="plan" special_cases="NONE" tense="NONE" time="NON_FUTURE">
<token_anchor t_id="123"/>
</EVENT_MENTION>
<EVENT_MENTION aspect="NONE" certainty="CERTAIN" comment="" m_id="30" modality="" polarity="POS" pos="VERB" pred="release" special_cases="NONE" tense="PAST" time="NON_FUTURE">
<token_anchor t_id="24"/>
</EVENT_MENTION>
<EVENT_MENTION aspect="NONE" certainty="CERTAIN" comment="" m_id="31" modality="" polarity="POS" pos="NOUN" pred="event" special_cases="NONE" tense="NONE" time="NON_FUTURE">
<token_anchor t_id="51"/>
</EVENT_MENTION>
<EVENT_MENTION aspect="NONE" certainty="CERTAIN" comment="" m_id="32" modality="" polarity="POS" pos="NOUN" pred="preview" special_cases="NONE" tense="NONE" time="NON_FUTURE">
<token_anchor t_id="55"/>
</EVENT_MENTION>
<EVENT_MENTION aspect="NONE" certainty="CERTAIN" comment="" m_id="33" modality="" polarity="POS" pos="VERB" pred="include" special_cases="NONE" tense="PAST" time="NON_FUTURE">
<token_anchor t_id="53"/>
</EVENT_MENTION>
<EVENT_MENTION aspect="NONE" certainty="CERTAIN" comment="" m_id="34" modality="" polarity="POS" pos="VERB" pred="release" special_cases="NONE" tense="FUTURE" time="FUTURE">
<token_anchor t_id="69"/>
</EVENT_MENTION>
<EVENT_MENTION aspect="NONE" certainty="CERTAIN" comment="" m_id="35" modality="" polarity="POS" pos="VERB" pred="unveil" special_cases="NONE" tense="PAST" time="NON_FUTURE">
<token_anchor t_id="77"/>
</EVENT_MENTION>
<EVENT_MENTION aspect="NONE" certainty="CERTAIN" comment="" m_id="36" modality="" polarity="POS" pos="NOUN" pred="event" special_cases="NONE" tense="NONE" time="NON_FUTURE">
<token_anchor t_id="86"/>
</EVENT_MENTION>
<EVENT_MENTION aspect="PERFECTIVE" certainty="CERTAIN" comment="" m_id="37" modality="" polarity="POS" pos="VERB" pred="inspire" special_cases="NONE" tense="PRESENT" time="NON_FUTURE">
<token_anchor t_id="94"/>
</EVENT_MENTION>
<EVENT_MENTION aspect="NONE" certainty="CERTAIN" comment="" m_id="38" modality="" polarity="POS" pos="NOUN" pred="work" special_cases="NONE" tense="NONE" time="NON_FUTURE">
<token_anchor t_id="97"/>
</EVENT_MENTION>
<EVENT_MENTION aspect="NONE" certainty="UNDERSPECIFIED" comment="" m_id="39" modality="" polarity="POS" pos="VERB" pred="bring back" special_cases="NONE" tense="INFINITIVE" time="FUTURE">
<token_anchor t_id="113"/>
<token_anchor t_id="115"/>
</EVENT_MENTION>
<EVENT_MENTION aspect="NONE" certainty="PROBABLE" comment="" m_id="40" modality="" polarity="POS" pos="VERB" pred="import" special_cases="NONE" tense="INFINITIVE" time="FUTURE">
<token_anchor t_id="125"/>
</EVENT_MENTION>
<EVENT_MENTION aspect="NONE" certainty="CERTAIN" comment="" m_id="41" modality="" polarity="POS" pos="VERB" pred="say" special_cases="NONE" tense="PRESPART" time="NON_FUTURE">
<token_anchor t_id="88"/>
</EVENT_MENTION>
<EVENT_MENTION aspect="NONE" certainty="CERTAIN" comment="" m_id="42" modality="" polarity="POS" pos="VERB" pred="unveil" special_cases="NONE" tense="PRESENT" time="NON_FUTURE">
<token_anchor t_id="2"/>
</EVENT_MENTION>
<EVENT_MENTION aspect="NONE" certainty="CERTAIN" comment="" m_id="43" modality="" polarity="POS" pos="NOUN" pred="media event" special_cases="NONE" tense="NONE" time="NON_FUTURE">
<token_anchor t_id="19"/>
<token_anchor t_id="20"/>
</EVENT_MENTION>
<EVENT_MENTION aspect="PERFECTIVE" certainty="CERTAIN" comment="" m_id="44" modality="" polarity="POS" pos="VERB" pred="do" special_cases="NONE" tense="PRESENT" time="NON_FUTURE">
<token_anchor t_id="102"/>
</EVENT_MENTION>
<EVENT_MENTION aspect="NONE" certainty="CERTAIN" comment="" m_id="45" modality="" polarity="POS" pos="VERB" pred="want" special_cases="NONE" tense="PRESENT" time="NON_FUTURE">
<token_anchor t_id="110"/>
</EVENT_MENTION>
<EVENT_MENTION aspect="NONE" certainty="UNDERSPECIFIED" comment="" m_id="46" modality="" polarity="POS" pos="OTHER" pred="it" special_cases="NONE" tense="NONE" time="FUTURE">
<token_anchor t_id="114"/>
</EVENT_MENTION>
<EVENT_MENTION aspect="NONE" certainty="CERTAIN" comment="" m_id="28" modality="" polarity="POS" pos="VERB" pred="have" special_cases="NONE" tense="PRESENT" time="NON_FUTURE">
<token_anchor t_id="122"/>
</EVENT_MENTION>
<SIGNAL comment="" m_id="47">
<token_anchor t_id="16"/>
</SIGNAL>
<SIGNAL comment="" m_id="48">
<token_anchor t_id="81"/>
</SIGNAL>
<SIGNAL comment="" m_id="49">
<token_anchor t_id="70"/>
</SIGNAL>
<TIMEX3 anchorTimeID="" beginPoint="" comment="" endPoint="" functionInDocument="NONE" m_id="50" type="DATE" value="2011">
<token_anchor t_id="34"/>
</TIMEX3>
<TIMEX3 anchorTimeID="51" beginPoint="" comment="" endPoint="" functionInDocument="CREATION_TIME" m_id="51" type="DATE" value="2010-10-23">
<token_anchor t_id="12"/>
<token_anchor t_id="13"/>
<token_anchor t_id="14"/>
<token_anchor t_id="15"/>
</TIMEX3>
<TIMEX3 anchorTimeID="52" beginPoint="" comment="" endPoint="" functionInDocument="NONE" m_id="52" type="DATE" value="2011-06-XX">
<token_anchor t_id="71"/>
</TIMEX3>
<TIMEX3 anchorTimeID="51" beginPoint="" comment="" endPoint="" functionInDocument="NONE" m_id="53" type="DATE" value="2010-10-20">
<token_anchor t_id="18"/>
</TIMEX3>
<EVENT TAG_DESCRIPTOR="import" class="OTHER" comment="" external_ref="" m_id="63"/>
<EVENT TAG_DESCRIPTOR="bring back" class="OTHER" comment="" external_ref="" m_id="64"/>
<EVENT TAG_DESCRIPTOR="work" class="OTHER" comment="" external_ref="" m_id="65"/>
<EVENT TAG_DESCRIPTOR="inspired" class="OTHER" comment="" external_ref="" m_id="66"/>
<EVENT TAG_DESCRIPTOR="to be released" class="OTHER" comment="" external_ref="" m_id="68"/>
<EVENT TAG_DESCRIPTOR="preview" class="OTHER" comment="" external_ref="" m_id="69"/>
<EVENT TAG_DESCRIPTOR="included" class="OTHER" comment="" external_ref="" m_id="70"/>
<EVENT TAG_DESCRIPTOR="Back to the Mac" class="OTHER" comment="" external_ref="" m_id="72"/>
<EVENT TAG_DESCRIPTOR="done" class="OTHER" comment="" external_ref="" m_id="74"/>
<EVENT TAG_DESCRIPTOR="wants" class="SPEECH_COGNITIVE" comment="" external_ref="" m_id="75"/>
<EVENT TAG_DESCRIPTOR="has" class="GRAMMATICAL" comment="" external_ref="" m_id="76"/>
<EVENT TAG_DESCRIPTOR="plans" class="OTHER" comment="" external_ref="" m_id="77"/>
<EVENT TAG_DESCRIPTOR="unveiled-SE - (Steve Jobs)" class="OTHER" external_ref="unveil.01;release.01" instance_id="OTH57471841035854620" m_id="128"/>
<EVENT TAG_DESCRIPTOR="saying-SE - (Steve Jobs)" class="SPEECH_COGNITIVE" external_ref="say.01" instance_id="SPE57366930432668675" m_id="132"/><ENTITY TAG_DESCRIPTOR="Steve Jobs" ent_type="PER" external_ref="http://dbpedia.org/resource/Steve_Jobs " instance_id="PER19274271332322852" m_id="133"/>
<ENTITY TAG_DESCRIPTOR="California, US" ent_type="LOC" external_ref="http://dbpedia.org/resource/California" instance_id="LOC27743511041274864" m_id="134"/><ENTITY TAG_DESCRIPTOR="Mac OS X" ent_type="PRO" external_ref="http://dbpedia.org/resource/OS_X" instance_id="PRO47185698076592168" m_id="135"/>
<ENTITY TAG_DESCRIPTOR="Mac OS X Lion" ent_type="PRO" external_ref="http://dbpedia.org/resource/Mac_OS_X_Lion" instance_id="PRO47185660263368344" m_id="136"/><ENTITY TAG_DESCRIPTOR="features of Apple's iOS" ent_type="PRO" instance_id="PRO47185902525480774" m_id="137"/>
<ENTITY TAG_DESCRIPTOR="new lineup of Macbook Air laptops" ent_type="PRO" instance_id="PRO47185305021151627" m_id="138"/><ENTITY TAG_DESCRIPTOR="iLife" ent_type="PRO" external_ref="http://dbpedia.org/resource/ILife" instance_id="PRO47184617051989699" m_id="139"/>
<ENTITY TAG_DESCRIPTOR="iPad" ent_type="PRO" external_ref="http://dbpedia.org/resource/IPad" instance_id="PRO46997552940769414" m_id="140"/><ENTITY TAG_DESCRIPTOR="Macbook Air laptops and iLife 11 software suite" ent_type="PRO" instance_id="PRO56149902277519568" m_id="141"/>
<ENTITY TAG_DESCRIPTOR="Apple Macintosh computer" ent_type="PRO" external_ref="http://dbpedia.org/resource/Macintosh" instance_id="PRO47083859812724907" m_id="142"/><ENTITY TAG_DESCRIPTOR="Macbook Air laptops" ent_type="PRO" external_ref="http://dbpedia.org/resource/MacBook_Air" instance_id="PRO47185256537596181" m_id="143"/>
<ENTITY TAG_DESCRIPTOR="iOS" ent_type="PRO" external_ref="http://dbpedia.org/resource/IOS" instance_id="PRO47185601955792692" m_id="144"/><ENTITY TAG_DESCRIPTOR="iLife '11 software suite" ent_type="PRO" instance_id="PRO47185512846046780" m_id="145"/>
<ENTITY TAG_DESCRIPTOR="Cupertino, California" ent_type="LOC" external_ref="http://dbpedia.org/resource/Cupertino,_California" instance_id="LOC46995858038905038" m_id="146"/><ENTITY TAG_DESCRIPTOR="APPLE" ent_type="ORG" external_ref="http://dbpedia.org/resource/Apple_Inc." instance_id="ORG19274271187160719" m_id="147"/>
<EVENT_MENTION m_id="148">
  <token_anchor t_id="143"/>
</EVENT_MENTION>
<EVENT_MENTION m_id="149">
  <token_anchor t_id="262"/>
</EVENT_MENTION>
<EVENT_MENTION m_id="150">
  <token_anchor t_id="214"/>
</EVENT_MENTION>
<EVENT_MENTION m_id="151">
  <token_anchor t_id="488"/>
</EVENT_MENTION>
<EVENT_MENTION m_id="152">
  <token_anchor t_id="348"/>
</EVENT_MENTION>
<EVENT_MENTION m_id="153">
  <token_anchor t_id="436"/>
</EVENT_MENTION>
<EVENT_MENTION m_id="154">
  <token_anchor t_id="181"/>
</EVENT_MENTION>
<EVENT_MENTION m_id="155">
  <token_anchor t_id="266"/>
</EVENT_MENTION>
<ENTITY_MENTION m_id="156">
  <token_anchor t_id="212"/>
</ENTITY_MENTION>
<ENTITY_MENTION m_id="157">
  <token_anchor t_id="260"/>
</ENTITY_MENTION>
<ENTITY_MENTION m_id="158">
  <token_anchor t_id="487"/>
</ENTITY_MENTION>
<ENTITY_MENTION m_id="159">
  <token_anchor t_id="347"/>
</ENTITY_MENTION>
<ENTITY_MENTION m_id="160">
  <token_anchor t_id="180"/>
</ENTITY_MENTION>
<ENTITY_MENTION m_id="161">
  <token_anchor t_id="490"/>
</ENTITY_MENTION>
<ENTITY_MENTION m_id="162">
  <token_anchor t_id="437"/>
</ENTITY_MENTION>
<ENTITY_MENTION m_id="163">
  <token_anchor t_id="265"/>
</ENTITY_MENTION>
<ENTITY_MENTION m_id="164">
  <token_anchor t_id="142"/>
</ENTITY_MENTION>
<EVENT TAG_DESCRIPTOR="announced S10-SE - (Steve Jobs)" class="SPEECH_COGNITIVE" external_ref="announce.01" instance_id="SPE57367736949231499" m_id="165"/><EVENT TAG_DESCRIPTOR="said S17-SE - (Steve Jobs)" class="SPEECH_COGNITIVE" external_ref="say.01" instance_id="SPE57368192742405000" m_id="166"/>
<EVENT TAG_DESCRIPTOR="said S7-SE - (Steve Jobs)" class="SPEECH_COGNITIVE" external_ref="say.01" instance_id="SPE57368475651957506" m_id="167"/><EVENT TAG_DESCRIPTOR="said S20-SE - (Steve Jobs)" class="SPEECH_COGNITIVE" external_ref="say.01" instance_id="SPE57368258562941632" m_id="168"/>
<EVENT TAG_DESCRIPTOR="announced S14-SE - (Steve Jobs)" class="SPEECH_COGNITIVE" external_ref="announce.01" instance_id="SPE57367831369729607" m_id="169"/><EVENT TAG_DESCRIPTOR="announced S6-SE - Steve Jobs" class="SPEECH_COGNITIVE" external_ref="announce.01" instance_id="SPE57368385868309843" m_id="170"/>
<EVENT TAG_DESCRIPTOR="address S10-SE - (Steve Jobs)" class="SPEECH_COGNITIVE" external_ref="address.01" instance_id="SPE57367059746881951" m_id="171"/><EVENT TAG_DESCRIPTOR="announced S8-SE - (Steve Jobs)" class="SPEECH_COGNITIVE" external_ref="announce.01" instance_id="SPE57368547744580236" m_id="172"/></Markables>
<Relations>








<HAS_PARTICIPANT comment="" r_id="362170" sem_role="Arg0" sem_role_framework="PROPBANK">
<source m_id="43"/>
<target m_id="1"/>
</HAS_PARTICIPANT>
<HAS_PARTICIPANT comment="" r_id="362171" sem_role="Arg0" sem_role_framework="PROPBANK">
<source m_id="30"/>
<target m_id="1"/>
</HAS_PARTICIPANT>
<HAS_PARTICIPANT comment="" r_id="362172" sem_role="Arg1" sem_role_framework="PROPBANK">
<source m_id="30"/>
<target m_id="2"/>
</HAS_PARTICIPANT>
<HAS_PARTICIPANT comment="" r_id="362173" sem_role="Arg1" sem_role_framework="PROPBANK">
<source m_id="30"/>
<target m_id="3"/>
</HAS_PARTICIPANT>
<HAS_PARTICIPANT comment="" r_id="362174" sem_role="Arg1" sem_role_framework="PROPBANK">
<source m_id="34"/>
<target m_id="5"/>
</HAS_PARTICIPANT>
<HAS_PARTICIPANT comment="" r_id="362175" sem_role="Arg0" sem_role_framework="PROPBANK">
<source m_id="35"/>
<target m_id="7"/>
</HAS_PARTICIPANT>
<HAS_PARTICIPANT comment="" r_id="362176" sem_role="Arg1" sem_role_framework="PROPBANK">
<source m_id="35"/>
<target m_id="9"/>
</HAS_PARTICIPANT>
<HAS_PARTICIPANT comment="" r_id="362177" sem_role="Argm-LOC" sem_role_framework="PROPBANK">
<source m_id="36"/>
<target m_id="9"/>
</HAS_PARTICIPANT>
<HAS_PARTICIPANT comment="" r_id="362178" sem_role="Arg0" sem_role_framework="PROPBANK">
<source m_id="39"/>
<target m_id="26"/>
</HAS_PARTICIPANT>
<HAS_PARTICIPANT comment="" r_id="362180" sem_role="Arg0" sem_role_framework="PROPBANK">
<source m_id="40"/>
<target m_id="23"/>
</HAS_PARTICIPANT>
<HAS_PARTICIPANT comment="" r_id="362181" sem_role="Arg1" sem_role_framework="PROPBANK">
<source m_id="40"/>
<target m_id="24"/>
</HAS_PARTICIPANT>
<HAS_PARTICIPANT comment="" r_id="362182" sem_role="Arg2" sem_role_framework="PROPBANK">
<source m_id="40"/>
<target m_id="25"/>
</HAS_PARTICIPANT>
<SLINK r_id="362184">
<source m_id="41"/>
<target m_id="37"/>
</SLINK>
<TLINK comment="" r_id="362186" reltype="INCLUDES" signalID="">
<source m_id="43"/>
<target m_id="30"/>
</TLINK>
<TLINK comment="" r_id="362189" reltype="BEFORE" signalID="">
<source m_id="32"/>
<target m_id="34"/>
</TLINK>
<TLINK comment="" r_id="362190" reltype="IS_INCLUDED" signalID="48">
<source m_id="35"/>
<target m_id="36"/>
</TLINK>
<TLINK comment="" r_id="362191" reltype="INCLUDES" signalID="">
<source m_id="36"/>
<target m_id="41"/>
</TLINK>
<TLINK comment="" r_id="362192" reltype="AFTER" signalID="">
<source m_id="36"/>
<target m_id="38"/>
</TLINK>
<TLINK comment="" r_id="362193" reltype="BEFORE" signalID="">
<source m_id="38"/>
<target m_id="39"/>
</TLINK>
<TLINK comment="" r_id="362196" reltype="IS_INCLUDED" signalID="49">
<source m_id="34"/>
<target m_id="52"/>
</TLINK>
<HAS_PARTICIPANT comment="" r_id="362201" sem_role="Arg0" sem_role_framework="PROPBANK">
<source m_id="42"/>
<target m_id="18"/>
</HAS_PARTICIPANT>
<HAS_PARTICIPANT comment="" r_id="362202" sem_role="Arg1" sem_role_framework="PROPBANK">
<source m_id="42"/>
<target m_id="20"/>
</HAS_PARTICIPANT>
<HAS_PARTICIPANT comment="" r_id="362203" sem_role="Arg1" sem_role_framework="PROPBANK">
<source m_id="42"/>
<target m_id="22"/>
</HAS_PARTICIPANT>

<HAS_PARTICIPANT comment="" r_id="362205" sem_role="Arg0" sem_role_framework="PROPBANK">
<source m_id="44"/>
<target m_id="27"/>
</HAS_PARTICIPANT>
<HAS_PARTICIPANT comment="" r_id="362206" sem_role="Arg1" sem_role_framework="PROPBANK">
<source m_id="44"/>
<target m_id="19"/>
</HAS_PARTICIPANT>

<SLINK r_id="362208">
<source m_id="45"/>
<target m_id="39"/>
</SLINK>
<HAS_PARTICIPANT comment="" r_id="362209" sem_role="Arg0" sem_role_framework="PROPBANK">
<source m_id="45"/>
<target m_id="26"/>
</HAS_PARTICIPANT>
<HAS_PARTICIPANT comment="" r_id="362210" sem_role="Arg0" sem_role_framework="PROPBANK">
<source m_id="28"/>
<target m_id="23"/>
</HAS_PARTICIPANT>


<GLINK r_id="362214">
<source m_id="28"/>
<target m_id="29"/>
</GLINK>
<HAS_PARTICIPANT comment="" r_id="362225" sem_role="Argm-LOC" sem_role_framework="PROPBANK">
<source m_id="36"/>
<target m_id="15"/>
</HAS_PARTICIPANT>
<TLINK comment="" r_id="366574" reltype="AFTER" signalID="">
<source m_id="51"/>
<target m_id="30"/>
</TLINK>
<TLINK comment="" r_id="366575" reltype="AFTER" signalID="">
<source m_id="51"/>
<target m_id="35"/>
</TLINK>
<TLINK comment="" r_id="366576" reltype="IS_INCLUDED" signalID="">
<source m_id="51"/>
<target m_id="28"/>
</TLINK>
<TLINK comment="" r_id="366577" reltype="BEGINS" signalID="">
<source m_id="30"/>
<target m_id="35"/>
</TLINK>
<TLINK comment="" r_id="366583" reltype="AFTER" signalID="">
<source m_id="51"/>
<target m_id="33"/>
</TLINK>
<TLINK comment="" r_id="366584" reltype="BEFORE" signalID="">
<source m_id="51"/>
<target m_id="34"/>
</TLINK>
<TLINK comment="" r_id="366585" reltype="AFTER" signalID="">
<source m_id="51"/>
<target m_id="37"/>
</TLINK>
<TLINK comment="" r_id="366586" reltype="BEFORE" signalID="">
<source m_id="45"/>
<target m_id="39"/>
</TLINK>
<TLINK comment="" r_id="366587" reltype="BEFORE" signalID="">
<source m_id="31"/>
<target m_id="34"/>
</TLINK>
<TLINK comment="" r_id="366588" reltype="AFTER" signalID="">
<source m_id="35"/>
<target m_id="37"/>
</TLINK>
























<REFERS_TO r_id="366621">
<source m_id="37"/>
<source m_id="46"/>
<target m_id="66"/>
</REFERS_TO>
<REFERS_TO r_id="366622">
<source m_id="7"/>
<source m_id="83"/>
<source m_id="84"/>
<source m_id="162"/>
<source m_id="163"/>
<source m_id="164"/>
<source m_id="160"/>
<source m_id="161"/>
<source m_id="159"/>
<source m_id="156"/>
<source m_id="157"/>
<source m_id="158"/>
<target m_id="133"/>
</REFERS_TO>
<REFERS_TO r_id="366623">
<source m_id="41"/>
<target m_id="132"/>
</REFERS_TO>
<REFERS_TO r_id="366624">
<source m_id="40"/>
<target m_id="63"/>
</REFERS_TO>
<REFERS_TO r_id="366625">
<source m_id="24"/>
<target m_id="137"/>
</REFERS_TO>
<REFERS_TO r_id="366626">
<source m_id="5"/>
<target m_id="136"/>
</REFERS_TO>
<REFERS_TO r_id="366627">
<source m_id="25"/>
<target m_id="135"/>
</REFERS_TO>
<REFERS_TO r_id="366628">
<source m_id="16"/>
<target m_id="134"/>
</REFERS_TO>
<REFERS_TO r_id="366629">
<source m_id="34"/>
<target m_id="68"/>
</REFERS_TO>
<REFERS_TO r_id="366630">
<source m_id="32"/>
<target m_id="69"/>
</REFERS_TO>
<REFERS_TO r_id="366631">
<source m_id="14"/>
<target m_id="139"/>
</REFERS_TO>
<REFERS_TO r_id="366632">
<source m_id="2"/>
<source m_id="9"/>
<target m_id="138"/>
</REFERS_TO>
<REFERS_TO r_id="366633">
<source m_id="150"/>
<target m_id="172"/>
</REFERS_TO>
<REFERS_TO r_id="366634">
<source m_id="149"/>
<target m_id="171"/>
</REFERS_TO>
<REFERS_TO r_id="366635">
<source m_id="148"/>
<target m_id="170"/>
</REFERS_TO>
<REFERS_TO r_id="366636">
<source m_id="152"/>
<target m_id="169"/>
</REFERS_TO>
<REFERS_TO r_id="366637">
<source m_id="15"/>
<target m_id="146"/>
</REFERS_TO>
<REFERS_TO r_id="366638">
<source m_id="1"/>
<source m_id="6"/>
<source m_id="8"/>
<source m_id="10"/>
<source m_id="12"/>
<source m_id="17"/>
<source m_id="18"/>
<source m_id="23"/>
<source m_id="26"/>
<source m_id="27"/>
<target m_id="147"/>
</REFERS_TO>
<REFERS_TO r_id="366639">
<source m_id="11"/>
<target m_id="144"/>
</REFERS_TO>
<REFERS_TO r_id="366640">
<source m_id="3"/>
<source m_id="22"/>
<target m_id="145"/>
</REFERS_TO>
<REFERS_TO r_id="366641">
<source m_id="21"/>
<target m_id="142"/>
</REFERS_TO>
<REFERS_TO r_id="366642">
<source m_id="13"/>
<source m_id="20"/>
<target m_id="143"/>
</REFERS_TO>
<REFERS_TO r_id="366643">
<source m_id="19"/>
<target m_id="140"/>
</REFERS_TO>
<REFERS_TO r_id="366644">
<source m_id="4"/>
<source m_id="86"/>
<target m_id="141"/>
</REFERS_TO>
<REFERS_TO r_id="366645">
<source m_id="29"/>
<target m_id="77"/>
</REFERS_TO>
<REFERS_TO r_id="366646">
<source m_id="28"/>
<target m_id="76"/>
</REFERS_TO>
<REFERS_TO r_id="366647">
<source m_id="45"/>
<target m_id="75"/>
</REFERS_TO>
<REFERS_TO r_id="366648">
<source m_id="44"/>
<target m_id="74"/>
</REFERS_TO>
<REFERS_TO r_id="366649">
<source m_id="151"/>
<target m_id="168"/>
</REFERS_TO>
<REFERS_TO r_id="366650">
<source m_id="43"/>
<source m_id="31"/>
<source m_id="36"/>
<target m_id="72"/>
</REFERS_TO>
<REFERS_TO r_id="366651">
<source m_id="33"/>
<target m_id="70"/>
</REFERS_TO>
<REFERS_TO r_id="366652">
<source m_id="30"/>
<source m_id="35"/>
<source m_id="42"/>
<target m_id="128"/>
</REFERS_TO>
<REFERS_TO r_id="366653">
<source m_id="155"/>
<target m_id="165"/>
</REFERS_TO>
<REFERS_TO r_id="366654">
<source m_id="153"/>
<target m_id="166"/>
</REFERS_TO>
<REFERS_TO r_id="366655">
<source m_id="154"/>
<target m_id="167"/>
</REFERS_TO>
<REFERS_TO r_id="366656">
<source m_id="39"/>
<target m_id="64"/>
</REFERS_TO>
<REFERS_TO r_id="366657">
<source m_id="38"/>
<target m_id="65"/>
</REFERS_TO>
</Relations>
</Document>