<?xml version="1.0" ?><Document doc_id="23973" doc_name="23973_Apple_introduces_new_iPod_with_video_playback_capabilities" lang="en" url="http://en.wikinews.org/wiki/Apple_introduces_new_iPod_with_video_playback_capabilities">
<token number="0" sentence="0" t_id="1">Apple</token>
<token number="1" sentence="0" t_id="2">introduces</token>
<token number="2" sentence="0" t_id="3">new</token>
<token number="3" sentence="0" t_id="4">iPod</token>
<token number="4" sentence="0" t_id="5">with</token>
<token number="5" sentence="0" t_id="6">video</token>
<token number="6" sentence="0" t_id="7">playback</token>
<token number="7" sentence="0" t_id="8">capabilities</token>
<token number="8" sentence="1" t_id="9">October</token>
<token number="9" sentence="1" t_id="10">13</token>
<token number="10" sentence="1" t_id="11">,</token>
<token number="11" sentence="1" t_id="12">2005</token>
<token number="12" sentence="2" t_id="13">On</token>
<token number="13" sentence="2" t_id="14">Wednesday</token>
<token number="14" sentence="2" t_id="15">,</token>
<token number="15" sentence="2" t_id="16">Apple</token>
<token number="16" sentence="2" t_id="17">introduced</token>
<token number="17" sentence="2" t_id="18">an</token>
<token number="18" sentence="2" t_id="19">iPod</token>
<token number="19" sentence="2" t_id="20">capable</token>
<token number="20" sentence="2" t_id="21">of</token>
<token number="21" sentence="2" t_id="22">displaying</token>
<token number="22" sentence="2" t_id="23">video</token>
<token number="23" sentence="2" t_id="24">,</token>
<token number="24" sentence="2" t_id="25">as</token>
<token number="25" sentence="2" t_id="26">well</token>
<token number="26" sentence="2" t_id="27">as</token>
<token number="27" sentence="2" t_id="28">a</token>
<token number="28" sentence="2" t_id="29">new</token>
<token number="29" sentence="2" t_id="30">video</token>
<token number="30" sentence="2" t_id="31">section</token>
<token number="31" sentence="2" t_id="32">to</token>
<token number="32" sentence="2" t_id="33">the</token>
<token number="33" sentence="2" t_id="34">iTunes</token>
<token number="34" sentence="2" t_id="35">music</token>
<token number="35" sentence="2" t_id="36">store</token>
<token number="36" sentence="2" t_id="37">.</token>
<token number="37" sentence="3" t_id="38">Apple</token>
<token number="38" sentence="3" t_id="39">CEO</token>
<token number="39" sentence="3" t_id="40">Steve</token>
<token number="40" sentence="3" t_id="41">Jobs</token>
<token number="41" sentence="3" t_id="42">believes</token>
<token number="42" sentence="3" t_id="43">that</token>
<token number="43" sentence="3" t_id="44">this</token>
<token number="44" sentence="3" t_id="45">may</token>
<token number="45" sentence="3" t_id="46">have</token>
<token number="46" sentence="3" t_id="47">a</token>
<token number="47" sentence="3" t_id="48">large</token>
<token number="48" sentence="3" t_id="49">impact</token>
<token number="49" sentence="3" t_id="50">on</token>
<token number="50" sentence="3" t_id="51">the</token>
<token number="51" sentence="3" t_id="52">film</token>
<token number="52" sentence="3" t_id="53">industry</token>
<token number="53" sentence="3" t_id="54">,</token>
<token number="54" sentence="3" t_id="55">in</token>
<token number="55" sentence="3" t_id="56">a</token>
<token number="56" sentence="3" t_id="57">similar</token>
<token number="57" sentence="3" t_id="58">fashion</token>
<token number="58" sentence="3" t_id="59">to</token>
<token number="59" sentence="3" t_id="60">that</token>
<token number="60" sentence="3" t_id="61">of</token>
<token number="61" sentence="3" t_id="62">the</token>
<token number="62" sentence="3" t_id="63">impact</token>
<token number="63" sentence="3" t_id="64">on</token>
<token number="64" sentence="3" t_id="65">the</token>
<token number="65" sentence="3" t_id="66">music</token>
<token number="66" sentence="3" t_id="67">industry</token>
<token number="67" sentence="3" t_id="68">when</token>
<token number="68" sentence="3" t_id="69">the</token>
<token number="69" sentence="3" t_id="70">iPod</token>
<token number="70" sentence="3" t_id="71">first</token>
<token number="71" sentence="3" t_id="72">was</token>
<token number="72" sentence="3" t_id="73">released</token>
<token number="73" sentence="3" t_id="74">.</token>
<token number="74" sentence="4" t_id="75">The</token>
<token number="75" sentence="4" t_id="76">new</token>
<token number="76" sentence="4" t_id="77">iPod</token>
<token number="77" sentence="4" t_id="78">comes</token>
<token number="78" sentence="4" t_id="79">in</token>
<token number="79" sentence="4" t_id="80">a</token>
<token number="80" sentence="4" t_id="81">30GB</token>
<token number="81" sentence="4" t_id="82">edition</token>
<token number="82" sentence="4" t_id="83">and</token>
<token number="83" sentence="4" t_id="84">a</token>
<token number="84" sentence="4" t_id="85">60GB</token>
<token number="85" sentence="4" t_id="86">edition</token>
<token number="86" sentence="4" t_id="87">for</token>
<token number="87" sentence="4" t_id="88">US$</token>
<token number="88" sentence="4" t_id="89">299</token>
<token number="89" sentence="4" t_id="90">and</token>
<token number="90" sentence="4" t_id="91">US$</token>
<token number="91" sentence="4" t_id="92">399</token>
<token number="92" sentence="4" t_id="93">,</token>
<token number="93" sentence="4" t_id="94">respectively</token>
<token number="94" sentence="4" t_id="95">.</token>
<token number="95" sentence="5" t_id="96">On</token>
<token number="96" sentence="5" t_id="97">the</token>
<token number="97" sentence="5" t_id="98">30GB</token>
<token number="98" sentence="5" t_id="99">iPod</token>
<token number="99" sentence="5" t_id="100">,</token>
<token number="100" sentence="5" t_id="101">75</token>
<token number="101" sentence="5" t_id="102">hours</token>
<token number="102" sentence="5" t_id="103">of</token>
<token number="103" sentence="5" t_id="104">video</token>
<token number="104" sentence="5" t_id="105">at</token>
<token number="105" sentence="5" t_id="106">a</token>
<token number="106" sentence="5" t_id="107">resolution</token>
<token number="107" sentence="5" t_id="108">of</token>
<token number="108" sentence="5" t_id="109">320x240</token>
<token number="109" sentence="5" t_id="110">can</token>
<token number="110" sentence="5" t_id="111">be</token>
<token number="111" sentence="5" t_id="112">stored</token>
<token number="112" sentence="5" t_id="113">,</token>
<token number="113" sentence="5" t_id="114">and</token>
<token number="114" sentence="5" t_id="115">on</token>
<token number="115" sentence="5" t_id="116">the</token>
<token number="116" sentence="5" t_id="117">60GB</token>
<token number="117" sentence="5" t_id="118">iPod</token>
<token number="118" sentence="5" t_id="119">,</token>
<token number="119" sentence="5" t_id="120">150</token>
<token number="120" sentence="5" t_id="121">hours</token>
<token number="121" sentence="5" t_id="122">can</token>
<token number="122" sentence="5" t_id="123">be</token>
<token number="123" sentence="5" t_id="124">stored</token>
<token number="124" sentence="5" t_id="125">.</token>
<token number="125" sentence="6" t_id="126">Despite</token>
<token number="126" sentence="6" t_id="127">these</token>
<token number="127" sentence="6" t_id="128">features</token>
<token number="128" sentence="6" t_id="129">,</token>
<token number="129" sentence="6" t_id="130">people</token>
<token number="130" sentence="6" t_id="131">claim</token>
<token number="131" sentence="6" t_id="132">that</token>
<token number="132" sentence="6" t_id="133">the</token>
<token number="133" sentence="6" t_id="134">screen</token>
<token number="134" sentence="6" t_id="135">may</token>
<token number="135" sentence="6" t_id="136">be</token>
<token number="136" sentence="6" t_id="137">too</token>
<token number="137" sentence="6" t_id="138">small</token>
<token number="138" sentence="6" t_id="139">for</token>
<token number="139" sentence="6" t_id="140">people</token>
<token number="140" sentence="6" t_id="141">to</token>
<token number="141" sentence="6" t_id="142">enjoy</token>
<token number="142" sentence="6" t_id="143">.</token>
<token number="143" sentence="7" t_id="144">However</token>
<token number="144" sentence="7" t_id="145">,</token>
<token number="145" sentence="7" t_id="146">iPod</token>
<token number="146" sentence="7" t_id="147">owners</token>
<token number="147" sentence="7" t_id="148">will</token>
<token number="148" sentence="7" t_id="149">be</token>
<token number="149" sentence="7" t_id="150">able</token>
<token number="150" sentence="7" t_id="151">to</token>
<token number="151" sentence="7" t_id="152">purchase</token>
<token number="152" sentence="7" t_id="153">an</token>
<token number="153" sentence="7" t_id="154">optional</token>
<token number="154" sentence="7" t_id="155">S-Video</token>
<token number="155" sentence="7" t_id="156">cable</token>
<token number="156" sentence="7" t_id="157">for</token>
<token number="157" sentence="7" t_id="158">playing</token>
<token number="158" sentence="7" t_id="159">video</token>
<token number="159" sentence="7" t_id="160">from</token>
<token number="160" sentence="7" t_id="161">their</token>
<token number="161" sentence="7" t_id="162">iPod</token>
<token number="162" sentence="7" t_id="163">on</token>
<token number="163" sentence="7" t_id="164">a</token>
<token number="164" sentence="7" t_id="165">television</token>
<token number="165" sentence="7" t_id="166">.</token>
<token number="166" sentence="8" t_id="167">To</token>
<token number="167" sentence="8" t_id="168">help</token>
<token number="168" sentence="8" t_id="169">complement</token>
<token number="169" sentence="8" t_id="170">the</token>
<token number="170" sentence="8" t_id="171">new</token>
<token number="171" sentence="8" t_id="172">video</token>
<token number="172" sentence="8" t_id="173">section</token>
<token number="173" sentence="8" t_id="174">,</token>
<token number="174" sentence="8" t_id="175">Apple</token>
<token number="175" sentence="8" t_id="176">and</token>
<token number="176" sentence="8" t_id="177">ABC</token>
<token number="177" sentence="8" t_id="178">have</token>
<token number="178" sentence="8" t_id="179">agreed</token>
<token number="179" sentence="8" t_id="180">to</token>
<token number="180" sentence="8" t_id="181">a</token>
<token number="181" sentence="8" t_id="182">deal</token>
<token number="182" sentence="8" t_id="183">in</token>
<token number="183" sentence="8" t_id="184">which</token>
<token number="184" sentence="8" t_id="185">episodes</token>
<token number="185" sentence="8" t_id="186">of</token>
<token number="186" sentence="8" t_id="187">television</token>
<token number="187" sentence="8" t_id="188">programs</token>
<token number="188" sentence="8" t_id="189">such</token>
<token number="189" sentence="8" t_id="190">as</token>
<token number="190" sentence="8" t_id="191">Lost</token>
<token number="191" sentence="8" t_id="192">and</token>
<token number="192" sentence="8" t_id="193">Desperate</token>
<token number="193" sentence="8" t_id="194">Housewives</token>
<token number="194" sentence="8" t_id="195">will</token>
<token number="195" sentence="8" t_id="196">be</token>
<token number="196" sentence="8" t_id="197">available</token>
<token number="197" sentence="8" t_id="198">the</token>
<token number="198" sentence="8" t_id="199">day</token>
<token number="199" sentence="8" t_id="200">after</token>
<token number="200" sentence="8" t_id="201">airing</token>
<token number="201" sentence="8" t_id="202">for</token>
<token number="202" sentence="8" t_id="203">$</token>
<token number="203" sentence="8" t_id="204">1.99</token>
<token number="204" sentence="8" t_id="205">per</token>
<token number="205" sentence="8" t_id="206">episode</token>
<token number="206" sentence="8" t_id="207">.</token>
<token number="207" sentence="9" t_id="208">Other</token>
<token number="208" sentence="9" t_id="209">plans</token>
<token number="209" sentence="9" t_id="210">for</token>
<token number="210" sentence="9" t_id="211">the</token>
<token number="211" sentence="9" t_id="212">video</token>
<token number="212" sentence="9" t_id="213">section</token>
<token number="213" sentence="9" t_id="214">involve</token>
<token number="214" sentence="9" t_id="215">the</token>
<token number="215" sentence="9" t_id="216">animation</token>
<token number="216" sentence="9" t_id="217">company</token>
<token number="217" sentence="9" t_id="218">Pixar</token>
<token number="218" sentence="9" t_id="219">,</token>
<token number="219" sentence="9" t_id="220">which</token>
<token number="220" sentence="9" t_id="221">was</token>
<token number="221" sentence="9" t_id="222">founded</token>
<token number="222" sentence="9" t_id="223">by</token>
<token number="223" sentence="9" t_id="224">current</token>
<token number="224" sentence="9" t_id="225">Apple</token>
<token number="225" sentence="9" t_id="226">CEO</token>
<token number="226" sentence="9" t_id="227">Steve</token>
<token number="227" sentence="9" t_id="228">Jobs</token>
<token number="228" sentence="9" t_id="229">.</token>
<token number="229" sentence="10" t_id="230">There</token>
<token number="230" sentence="10" t_id="231">are</token>
<token number="231" sentence="10" t_id="232">also</token>
<token number="232" sentence="10" t_id="233">plans</token>
<token number="233" sentence="10" t_id="234">to</token>
<token number="234" sentence="10" t_id="235">distribute</token>
<token number="235" sentence="10" t_id="236">content</token>
<token number="236" sentence="10" t_id="237">from</token>
<token number="237" sentence="10" t_id="238">Disney</token>
<token number="238" sentence="10" t_id="239">,</token>
<token number="239" sentence="10" t_id="240">Pixar</token>
<token number="240" sentence="10" t_id="241">'s</token>
<token number="241" sentence="10" t_id="242">distributor</token>
<token number="242" sentence="10" t_id="243">and</token>
<token number="243" sentence="10" t_id="244">owner</token>
<token number="244" sentence="10" t_id="245">of</token>
<token number="245" sentence="10" t_id="246">ABC</token>
<token number="246" sentence="10" t_id="247">.</token>
<token number="247" sentence="11" t_id="248">In</token>
<token number="248" sentence="11" t_id="249">addition</token>
<token number="249" sentence="11" t_id="250">,</token>
<token number="250" sentence="11" t_id="251">music</token>
<token number="251" sentence="11" t_id="252">videos</token>
<token number="252" sentence="11" t_id="253">will</token>
<token number="253" sentence="11" t_id="254">also</token>
<token number="254" sentence="11" t_id="255">be</token>
<token number="255" sentence="11" t_id="256">available</token>
<token number="256" sentence="11" t_id="257">at</token>
<token number="257" sentence="11" t_id="258">the</token>
<token number="258" sentence="11" t_id="259">on-line</token>
<token number="259" sentence="11" t_id="260">music</token>
<token number="260" sentence="11" t_id="261">store</token>
<token number="261" sentence="11" t_id="262">for</token>
<token number="262" sentence="11" t_id="263">$</token>
<token number="263" sentence="11" t_id="264">1.99</token>
<token number="264" sentence="11" t_id="265">each</token>
<token number="265" sentence="11" t_id="266">.</token>
<Markables>
<ENTITY_MENTION comment="" head="" m_id="1" syntactic_type="CONJ">
<token_anchor t_id="18"/>
<token_anchor t_id="19"/>
<token_anchor t_id="20"/>
<token_anchor t_id="21"/>
<token_anchor t_id="22"/>
<token_anchor t_id="23"/>
<token_anchor t_id="24"/>
<token_anchor t_id="25"/>
<token_anchor t_id="26"/>
<token_anchor t_id="27"/>
<token_anchor t_id="28"/>
<token_anchor t_id="29"/>
<token_anchor t_id="30"/>
<token_anchor t_id="31"/>
</ENTITY_MENTION>
<ENTITY_MENTION comment="" head="" m_id="2" syntactic_type="NOM">
<token_anchor t_id="28"/>
<token_anchor t_id="29"/>
<token_anchor t_id="30"/>
<token_anchor t_id="31"/>
</ENTITY_MENTION>
<ENTITY_MENTION comment="" head="edition" m_id="3" syntactic_type="NOM">
<token_anchor t_id="80"/>
<token_anchor t_id="81"/>
<token_anchor t_id="82"/>
</ENTITY_MENTION>
<ENTITY_MENTION comment="" head="" m_id="4" syntactic_type="NAM">
<token_anchor t_id="33"/>
<token_anchor t_id="34"/>
<token_anchor t_id="35"/>
<token_anchor t_id="36"/>
</ENTITY_MENTION>
<ENTITY_MENTION comment="" head="edition" m_id="5" syntactic_type="NOM">
<token_anchor t_id="84"/>
<token_anchor t_id="85"/>
<token_anchor t_id="86"/>
</ENTITY_MENTION>
<ENTITY_MENTION comment="" head="" m_id="6" syntactic_type="CONJ">
<token_anchor t_id="80"/>
<token_anchor t_id="81"/>
<token_anchor t_id="82"/>
<token_anchor t_id="83"/>
<token_anchor t_id="84"/>
<token_anchor t_id="85"/>
<token_anchor t_id="86"/>
</ENTITY_MENTION>
<ENTITY_MENTION comment="" head="" m_id="7" syntactic_type="APP">
<token_anchor t_id="38"/>
<token_anchor t_id="39"/>
<token_anchor t_id="40"/>
<token_anchor t_id="41"/>
</ENTITY_MENTION>
<ENTITY_MENTION comment="" head="" m_id="8" syntactic_type="NAM">
<token_anchor t_id="1"/>
</ENTITY_MENTION>
<ENTITY_MENTION comment="" head="" m_id="9" syntactic_type="NOM">
<token_anchor t_id="38"/>
<token_anchor t_id="39"/>
</ENTITY_MENTION>
<ENTITY_MENTION comment="" head="" m_id="10" syntactic_type="NAM">
<token_anchor t_id="3"/>
<token_anchor t_id="4"/>
<token_anchor t_id="5"/>
<token_anchor t_id="6"/>
<token_anchor t_id="7"/>
<token_anchor t_id="8"/>
</ENTITY_MENTION>
<ENTITY_MENTION comment="" head="" m_id="11" syntactic_type="NAM">
<token_anchor t_id="40"/>
<token_anchor t_id="41"/>
</ENTITY_MENTION>
<ENTITY_MENTION comment="" head="" m_id="12" syntactic_type="NOM">
<token_anchor t_id="6"/>
<token_anchor t_id="7"/>
<token_anchor t_id="8"/>
</ENTITY_MENTION>
<ENTITY_MENTION comment="" head="" m_id="13" syntactic_type="PRE.NAM">
<token_anchor t_id="38"/>
</ENTITY_MENTION>
<ENTITY_MENTION comment="" head="industry" m_id="14" syntactic_type="NOM">
<token_anchor t_id="51"/>
<token_anchor t_id="52"/>
<token_anchor t_id="53"/>
</ENTITY_MENTION>
<ENTITY_MENTION comment="" head="resolution" m_id="15" syntactic_type="NOM">
<token_anchor t_id="106"/>
<token_anchor t_id="107"/>
<token_anchor t_id="108"/>
<token_anchor t_id="109"/>
</ENTITY_MENTION>
<ENTITY_MENTION comment="" head="industry" m_id="16" syntactic_type="NOM">
<token_anchor t_id="65"/>
<token_anchor t_id="66"/>
<token_anchor t_id="67"/>
</ENTITY_MENTION>
<ENTITY_MENTION comment="" head="" m_id="17" syntactic_type="NAM">
<token_anchor t_id="69"/>
<token_anchor t_id="70"/>
</ENTITY_MENTION>
<ENTITY_MENTION comment="" head="" m_id="18" syntactic_type="NAM">
<token_anchor t_id="75"/>
<token_anchor t_id="76"/>
<token_anchor t_id="77"/>
</ENTITY_MENTION>
<ENTITY_MENTION comment="" head="" m_id="19" syntactic_type="NAM">
<token_anchor t_id="97"/>
<token_anchor t_id="98"/>
<token_anchor t_id="99"/>
</ENTITY_MENTION>
<ENTITY_MENTION comment="" head="" m_id="20" syntactic_type="NAM">
<token_anchor t_id="116"/>
<token_anchor t_id="117"/>
<token_anchor t_id="118"/>
</ENTITY_MENTION>
<ENTITY_MENTION comment="" head="" m_id="21" syntactic_type="NAM">
<token_anchor t_id="16"/>
</ENTITY_MENTION>
<ENTITY_MENTION comment="" head="hours" m_id="22" syntactic_type="NOM">
<token_anchor t_id="101"/>
<token_anchor t_id="102"/>
<token_anchor t_id="103"/>
<token_anchor t_id="104"/>
</ENTITY_MENTION>
<ENTITY_MENTION comment="" head="video" m_id="23" syntactic_type="NOM">
<token_anchor t_id="23"/>
</ENTITY_MENTION>
<ENTITY_MENTION comment="" head="hours" m_id="24" syntactic_type="NOM">
<token_anchor t_id="120"/>
<token_anchor t_id="121"/>
</ENTITY_MENTION>
<ENTITY_MENTION comment="" head="" m_id="25" syntactic_type="NAM">
<token_anchor t_id="18"/>
<token_anchor t_id="19"/>
<token_anchor t_id="20"/>
<token_anchor t_id="21"/>
<token_anchor t_id="22"/>
<token_anchor t_id="23"/>
</ENTITY_MENTION>
<EVENT_MENTION aspect="NONE" certainty="CERTAIN" comment="" m_id="29" modality="can" polarity="POS" pos="VERB" pred="store" special_cases="GEN" tense="PRESENT" time="NON_FUTURE">
<token_anchor t_id="124"/>
</EVENT_MENTION>
<EVENT_MENTION aspect="NONE" certainty="CERTAIN" comment="" m_id="30" modality="" polarity="POS" pos="VERB" pred="introduce" special_cases="NONE" tense="PAST" time="NON_FUTURE">
<token_anchor t_id="17"/>
</EVENT_MENTION>
<EVENT_MENTION aspect="" certainty="" comment="" m_id="31" modality="" polarity="" pos="" pred="" special_cases="" tense="" time="">
<token_anchor t_id="22"/>
</EVENT_MENTION>
<EVENT_MENTION aspect="NONE" certainty="CERTAIN" comment="" m_id="32" modality="" polarity="POS" pos="VERB" pred="belive" special_cases="NONE" tense="PRESENT" time="NON_FUTURE">
<token_anchor t_id="42"/>
</EVENT_MENTION>
<EVENT_MENTION aspect="NONE" certainty="CERTAIN" comment="" m_id="33" modality="" polarity="POS" pos="OTHER" pred="this" special_cases="NONE" tense="NONE" time="NON_FUTURE">
<token_anchor t_id="44"/>
</EVENT_MENTION>
<EVENT_MENTION aspect="NONE" certainty="POSSIBLE" comment="" m_id="34" modality="may" polarity="POS" pos="VERB" pred="have" special_cases="NONE" tense="PRESENT" time="FUTURE">
<token_anchor t_id="46"/>
</EVENT_MENTION>
<EVENT_MENTION aspect="NONE" certainty="POSSIBLE" comment="" m_id="35" modality="" polarity="POS" pos="NOUN" pred="impact" special_cases="NONE" tense="NONE" time="FUTURE">
<token_anchor t_id="49"/>
</EVENT_MENTION>
<EVENT_MENTION aspect="NONE" certainty="CERTAIN" comment="" m_id="36" modality="" polarity="POS" pos="NOUN" pred="impact" special_cases="NONE" tense="NONE" time="NON_FUTURE">
<token_anchor t_id="63"/>
</EVENT_MENTION>
<EVENT_MENTION aspect="NONE" certainty="CERTAIN" comment="" m_id="37" modality="" polarity="POS" pos="VERB" pred="release" special_cases="NONE" tense="PAST" time="NON_FUTURE">
<token_anchor t_id="73"/>
</EVENT_MENTION>
<EVENT_MENTION aspect="NONE" certainty="CERTAIN" comment="" m_id="26" modality="" polarity="POS" pos="VERB" pred="introduce" special_cases="NONE" tense="PRESENT" time="NON_FUTURE">
<token_anchor t_id="2"/>
</EVENT_MENTION>
<EVENT_MENTION aspect="NONE" certainty="CERTAIN" comment="" m_id="27" modality="" polarity="POS" pos="VERB" pred="come" special_cases="GEN" tense="PRESENT" time="NON_FUTURE">
<token_anchor t_id="78"/>
</EVENT_MENTION>
<EVENT_MENTION aspect="NONE" certainty="CERTAIN" comment="" m_id="28" modality="can" polarity="POS" pos="VERB" pred="store" special_cases="GEN" tense="PRESENT" time="NON_FUTURE">
<token_anchor t_id="112"/>
</EVENT_MENTION>
<SIGNAL comment="" m_id="38">
<token_anchor t_id="13"/>
</SIGNAL>
<SIGNAL comment="" m_id="39">
<token_anchor t_id="68"/>
</SIGNAL>
<TIMEX3 anchorTimeID="" beginPoint="" comment="" endPoint="" functionInDocument="CREATION_TIME" m_id="40" type="DATE" value="2005-10-13">
<token_anchor t_id="9"/>
<token_anchor t_id="10"/>
<token_anchor t_id="11"/>
<token_anchor t_id="12"/>
</TIMEX3>
<TIMEX3 anchorTimeID="40" beginPoint="" comment="" endPoint="" functionInDocument="NONE" m_id="41" type="DATE" value="2005-10-12">
<token_anchor t_id="14"/>
</TIMEX3>
<VALUE comment="" m_id="42" type="QUANTITY">
<token_anchor t_id="85"/>
</VALUE>
<VALUE comment="" m_id="43" type="QUANTITY">
<token_anchor t_id="98"/>
</VALUE>
<VALUE comment="" m_id="44" type="QUANTITY">
<token_anchor t_id="101"/>
</VALUE>
<VALUE comment="" m_id="45" type="QUANTITY">
<token_anchor t_id="109"/>
</VALUE>
<VALUE comment="" m_id="46" type="QUANTITY">
<token_anchor t_id="117"/>
</VALUE>
<VALUE comment="" m_id="47" type="QUANTITY">
<token_anchor t_id="120"/>
</VALUE>
<VALUE comment="" m_id="48" type="MONEY">
<token_anchor t_id="88"/>
<token_anchor t_id="89"/>
</VALUE>
<VALUE comment="" m_id="49" type="MONEY">
<token_anchor t_id="91"/>
<token_anchor t_id="92"/>
</VALUE>
<VALUE comment="" m_id="50" type="QUANTITY">
<token_anchor t_id="81"/>
</VALUE>
<EVENT TAG_DESCRIPTOR="store" class="OTHER" comment="" external_ref="" m_id="62"/>
<EVENT TAG_DESCRIPTOR="come" class="OTHER" comment="" external_ref="" m_id="63"/>
<EVENT TAG_DESCRIPTOR="release" class="OTHER" comment="" external_ref="" m_id="64"/>
<EVENT TAG_DESCRIPTOR="impact" class="OTHER" comment="" external_ref="" m_id="65"/>
<EVENT TAG_DESCRIPTOR="have" class="OTHER" comment="" external_ref="" m_id="66"/>
<EVENT TAG_DESCRIPTOR="believe" class="SPEECH_COGNITIVE" comment="" external_ref="" m_id="67"/>
<EVENT TAG_DESCRIPTOR="display" class="OTHER" comment="" external_ref="" m_id="68"/>
<EVENT TAG_DESCRIPTOR="introduce" class="OTHER" comment="" external_ref="" m_id="69"/>
<ENTITY TAG_DESCRIPTOR="IPOD" ent_type="PRO" external_ref="http://dbpedia.org/resource/IPod" instance_id="PRO19274272200451092" m_id="91"/>
<ENTITY TAG_DESCRIPTOR="iTunes music store" ent_type="PRO" external_ref="http://dbpedia.org/resource/ITunes_Store" instance_id="PRO19274271475601598" m_id="92"/><ENTITY TAG_DESCRIPTOR="Steve Jobs" ent_type="PER" external_ref="http://dbpedia.org/resource/Steve_Jobs " instance_id="PER19274271332322852" m_id="93"/>
<ENTITY TAG_DESCRIPTOR="resolution of video" ent_type="PRO" instance_id="PRO56086506856179914" m_id="108"/><ENTITY TAG_DESCRIPTOR="music industry" ent_type="FIN" external_ref="http://dbpedia.org/resource/Music_Industry" instance_id="FIN55740615736388646" m_id="109"/>
<ENTITY TAG_DESCRIPTOR="60GB iPod" ent_type="PRO" instance_id="PRO55740728882179161" m_id="111"/><ENTITY TAG_DESCRIPTOR="30GB and 60GB iPod" ent_type="PRO" instance_id="PRO55740936668574232" m_id="112"/>
<ENTITY TAG_DESCRIPTOR="iPod with video and video section" ent_type="PRO" instance_id="PRO55741219637303792" m_id="113"/><ENTITY TAG_DESCRIPTOR="video displayed by the iPod" ent_type="PRO" instance_id="PRO55741166301908900" m_id="114"/>
<ENTITY TAG_DESCRIPTOR="video section of the iTunes store" ent_type="PRO" instance_id="PRO55741210777071856" m_id="115"/><ENTITY TAG_DESCRIPTOR="APPLE" ent_type="ORG" external_ref="http://dbpedia.org/resource/Apple_Inc." instance_id="ORG19274271187160719" m_id="116"/>
<ENTITY TAG_DESCRIPTOR="30GB iPod" ent_type="PRO" instance_id="PRO55740722624386180" m_id="117"/><ENTITY TAG_DESCRIPTOR="iPod (5th generation)" ent_type="PRO" instance_id="PRO55725404314666022" m_id="118"/>
<ENTITY TAG_DESCRIPTOR="film industry" ent_type="FIN" external_ref="http://dbpedia.org/resource/Film_Industry" instance_id="FIN55740608314660347" m_id="119"/><ENTITY_MENTION m_id="120">
  <token_anchor t_id="146"/>
</ENTITY_MENTION>
<ENTITY_MENTION m_id="121">
  <token_anchor t_id="225"/>
  <token_anchor t_id="226"/>
  <token_anchor t_id="227"/>
  <token_anchor t_id="228"/>
</ENTITY_MENTION>
<ENTITY_MENTION m_id="122">
  <token_anchor t_id="225"/>
  <token_anchor t_id="226"/>
</ENTITY_MENTION>
<ENTITY_MENTION m_id="123">
  <token_anchor t_id="227"/>
  <token_anchor t_id="228"/>
</ENTITY_MENTION>
<ENTITY_MENTION m_id="124">
  <token_anchor t_id="161"/>
  <token_anchor t_id="162"/>
</ENTITY_MENTION></Markables>
<Relations>
<HAS_PARTICIPANT comment="" r_id="360828" sem_role="Arg0" sem_role_framework="PROPBANK">
<source m_id="30"/>
<target m_id="21"/>
</HAS_PARTICIPANT>
<HAS_PARTICIPANT comment="" r_id="360829" sem_role="Arg1" sem_role_framework="PROPBANK">
<source m_id="30"/>
<target m_id="25"/>
</HAS_PARTICIPANT>
<HAS_PARTICIPANT comment="" r_id="360830" sem_role="Arg1" sem_role_framework="PROPBANK">
<source m_id="30"/>
<target m_id="2"/>
</HAS_PARTICIPANT>
<HAS_PARTICIPANT comment="" r_id="360831" sem_role="Argm-OTHER" sem_role_framework="PROPBANK">
<source m_id="27"/>
<target m_id="48"/>
</HAS_PARTICIPANT>
<HAS_PARTICIPANT comment="" r_id="360832" sem_role="Arg1" sem_role_framework="PROPBANK">
<source m_id="31"/>
<target m_id="23"/>
</HAS_PARTICIPANT>
<HAS_PARTICIPANT comment="" r_id="360833" sem_role="Arg2" sem_role_framework="PROPBANK">
<source m_id="30"/>
<target m_id="4"/>
</HAS_PARTICIPANT>
<HAS_PARTICIPANT comment="" r_id="360834" sem_role="Arg0" sem_role_framework="PROPBANK">
<source m_id="32"/>
<target m_id="7"/>
</HAS_PARTICIPANT>
<HAS_PARTICIPANT comment="" r_id="360835" sem_role="Arg1" sem_role_framework="PROPBANK">
<source m_id="35"/>
<target m_id="14"/>
</HAS_PARTICIPANT>
<HAS_PARTICIPANT comment="" r_id="360836" sem_role="Arg1" sem_role_framework="PROPBANK">
<source m_id="37"/>
<target m_id="17"/>
</HAS_PARTICIPANT>
<HAS_PARTICIPANT comment="" r_id="360837" sem_role="Arg1" sem_role_framework="PROPBANK">
<source m_id="36"/>
<target m_id="16"/>
</HAS_PARTICIPANT>
<SLINK comment="" r_id="360838">
<source m_id="32"/>
<target m_id="34"/>
</SLINK>
<HAS_PARTICIPANT comment="" r_id="360839" sem_role="Arg1" sem_role_framework="PROPBANK">
<source m_id="27"/>
<target m_id="18"/>
</HAS_PARTICIPANT>
<HAS_PARTICIPANT comment="" r_id="360840" sem_role="Arg1" sem_role_framework="PROPBANK">
<source m_id="28"/>
<target m_id="22"/>
</HAS_PARTICIPANT>
<HAS_PARTICIPANT comment="" r_id="360841" sem_role="Argm-OTHER" sem_role_framework="PROPBANK">
<source m_id="28"/>
<target m_id="19"/>
</HAS_PARTICIPANT>
<HAS_PARTICIPANT comment="" r_id="360842" sem_role="Arg1" sem_role_framework="PROPBANK">
<source m_id="29"/>
<target m_id="24"/>
</HAS_PARTICIPANT>
<HAS_PARTICIPANT comment="" r_id="360843" sem_role="Argm-OTHER" sem_role_framework="PROPBANK">
<source m_id="29"/>
<target m_id="20"/>
</HAS_PARTICIPANT>
<TLINK comment="" r_id="360844" reltype="BEFORE" signalID="">
<source m_id="30"/>
<target m_id="40"/>
</TLINK>
<TLINK comment="" r_id="360845" reltype="IS_INCLUDED" signalID="">
<source m_id="32"/>
<target m_id="40"/>
</TLINK>
<TLINK comment="" r_id="360846" reltype="AFTER" signalID="">
<source m_id="34"/>
<target m_id="40"/>
</TLINK>
<TLINK comment="" r_id="360847" reltype="BEFORE" signalID="">
<source m_id="37"/>
<target m_id="40"/>
</TLINK>
<TLINK comment="" r_id="360848" reltype="IS_INCLUDED" signalID="">
<source m_id="27"/>
<target m_id="40"/>
</TLINK>
<TLINK comment="" r_id="360849" reltype="IS_INCLUDED" signalID="">
<source m_id="28"/>
<target m_id="40"/>
</TLINK>
<TLINK comment="" r_id="360850" reltype="IS_INCLUDED" signalID="">
<source m_id="29"/>
<target m_id="40"/>
</TLINK>
<TLINK comment="" r_id="360851" reltype="BEFORE" signalID="">
<source m_id="30"/>
<target m_id="32"/>
</TLINK>
<TLINK comment="" r_id="360852" reltype="SIMULTANEOUS" signalID="">
<source m_id="32"/>
<target m_id="27"/>
</TLINK>
<TLINK comment="" r_id="360853" reltype="SIMULTANEOUS" signalID="">
<source m_id="27"/>
<target m_id="28"/>
</TLINK>
<TLINK comment="" r_id="360854" reltype="BEFORE" signalID="">
<source m_id="32"/>
<target m_id="34"/>
</TLINK>
<TLINK comment="" r_id="360855" reltype="SIMULTANEOUS" signalID="39">
<source m_id="36"/>
<target m_id="37"/>
</TLINK>








<HAS_PARTICIPANT comment="" r_id="360875" sem_role="Argm-OTHER" sem_role_framework="PROPBANK">
<source m_id="27"/>
<target m_id="6"/>
</HAS_PARTICIPANT>
<HAS_PARTICIPANT comment="" r_id="360876" sem_role="Argm-OTHER" sem_role_framework="PROPBANK">
<source m_id="27"/>
<target m_id="49"/>
</HAS_PARTICIPANT>
<HAS_PARTICIPANT comment="" r_id="360878" sem_role="Arg0" sem_role_framework="PROPBANK">
<source m_id="26"/>
<target m_id="8"/>
</HAS_PARTICIPANT>
<HAS_PARTICIPANT comment="" r_id="360879" sem_role="Arg1" sem_role_framework="PROPBANK">
<source m_id="26"/>
<target m_id="10"/>
</HAS_PARTICIPANT>













<REFERS_TO r_id="362518">
<source m_id="34"/>
<target m_id="66"/>
</REFERS_TO>
<REFERS_TO r_id="362519">
<source m_id="32"/>
<target m_id="67"/>
</REFERS_TO>
<REFERS_TO r_id="362520">
<source m_id="2"/>
<target m_id="115"/>
</REFERS_TO>
<REFERS_TO r_id="362521">
<source m_id="12"/>
<source m_id="22"/>
<source m_id="23"/>
<source m_id="24"/>
<target m_id="114"/>
</REFERS_TO>
<REFERS_TO r_id="362522">
<source m_id="3"/>
<target m_id="117"/>
</REFERS_TO>
<REFERS_TO r_id="362523">
<source m_id="8"/>
<source m_id="13"/>
<source m_id="21"/>
<target m_id="116"/>
</REFERS_TO>
<REFERS_TO r_id="362524">
<source m_id="37"/>
<target m_id="64"/>
</REFERS_TO>
<REFERS_TO r_id="362525">
<source m_id="35"/>
<source m_id="36"/>
<target m_id="65"/>
</REFERS_TO>
<REFERS_TO r_id="362526">
<source m_id="1"/>
<target m_id="113"/>
</REFERS_TO>
<REFERS_TO r_id="362527">
<source m_id="6"/>
<target m_id="112"/>
</REFERS_TO>
<REFERS_TO r_id="362528">
<source m_id="31"/>
<target m_id="68"/>
</REFERS_TO>
<REFERS_TO r_id="362529">
<source m_id="26"/>
<source m_id="30"/>
<source m_id="33"/>
<target m_id="69"/>
</REFERS_TO>
<REFERS_TO r_id="362530">
<source m_id="14"/>
<target m_id="119"/>
</REFERS_TO>
<REFERS_TO r_id="362531">
<source m_id="10"/>
<source m_id="25"/>
<target m_id="118"/>
</REFERS_TO>
<REFERS_TO r_id="362532">
<source m_id="15"/>
<target m_id="108"/>
</REFERS_TO>
<REFERS_TO r_id="362533">
<source m_id="16"/>
<target m_id="109"/>
</REFERS_TO>
<REFERS_TO r_id="362534">
<source m_id="17"/>
<source m_id="18"/>
<source m_id="19"/>
<source m_id="20"/>
<source m_id="120"/>
<source m_id="124"/>
<target m_id="91"/>
</REFERS_TO>
<REFERS_TO r_id="362535">
<source m_id="7"/>
<source m_id="9"/>
<source m_id="11"/>
<source m_id="122"/>
<source m_id="121"/>
<source m_id="123"/>
<target m_id="93"/>
</REFERS_TO>
<REFERS_TO r_id="362536">
<source m_id="4"/>
<target m_id="92"/>
</REFERS_TO>
<REFERS_TO r_id="362537">
<source m_id="28"/>
<source m_id="29"/>
<target m_id="62"/>
</REFERS_TO>
<REFERS_TO r_id="362538">
<source m_id="27"/>
<target m_id="63"/>
</REFERS_TO>
<REFERS_TO r_id="362539">
<source m_id="5"/>
<target m_id="111"/>
</REFERS_TO>
</Relations>
</Document>