<?xml version="1.0" ?><Document doc_id="265977" doc_name="265977_Apple_announces_Mac_OS_X_Lion,_iOS_5,_and_iCloud" lang="en" url="http://en.wikinews.org/wiki/Apple_announces_Mac_OS_X_Lion,_iOS_5,_and_iCloud">
<token number="0" sentence="0" t_id="1">Apple</token>
<token number="1" sentence="0" t_id="2">announces</token>
<token number="2" sentence="0" t_id="3">Mac</token>
<token number="3" sentence="0" t_id="4">OS</token>
<token number="4" sentence="0" t_id="5">X</token>
<token number="5" sentence="0" t_id="6">Lion</token>
<token number="6" sentence="0" t_id="7">,</token>
<token number="7" sentence="0" t_id="8">iOS</token>
<token number="8" sentence="0" t_id="9">5</token>
<token number="9" sentence="0" t_id="10">,</token>
<token number="10" sentence="0" t_id="11">and</token>
<token number="11" sentence="0" t_id="12">iCloud</token>
<token number="12" sentence="1" t_id="13">June</token>
<token number="13" sentence="1" t_id="14">07</token>
<token number="14" sentence="1" t_id="15">,</token>
<token number="15" sentence="1" t_id="16">2011</token>
<token number="16" sentence="2" t_id="17">At</token>
<token number="17" sentence="2" t_id="18">the</token>
<token number="18" sentence="2" t_id="19">company</token>
<token number="19" sentence="2" t_id="20">'s</token>
<token number="20" sentence="2" t_id="21">own</token>
<token number="21" sentence="2" t_id="22">Worldwide</token>
<token number="22" sentence="2" t_id="23">Developers</token>
<token number="23" sentence="2" t_id="24">Conference</token>
<token number="24" sentence="2" t_id="25">(</token>
<token number="25" sentence="2" t_id="26">WWDC</token>
<token number="26" sentence="2" t_id="27">)</token>
<token number="27" sentence="2" t_id="28">keynote</token>
<token number="28" sentence="2" t_id="29">at</token>
<token number="29" sentence="2" t_id="30">the</token>
<token number="30" sentence="2" t_id="31">Moscone</token>
<token number="31" sentence="2" t_id="32">West</token>
<token number="32" sentence="2" t_id="33">center</token>
<token number="33" sentence="2" t_id="34">in</token>
<token number="34" sentence="2" t_id="35">San</token>
<token number="35" sentence="2" t_id="36">Francisco</token>
<token number="36" sentence="2" t_id="37">,</token>
<token number="37" sentence="2" t_id="38">Apple</token>
<token number="38" sentence="2" t_id="39">CEO</token>
<token number="39" sentence="2" t_id="40">Steve</token>
<token number="40" sentence="2" t_id="41">Jobs</token>
<token number="41" sentence="2" t_id="42">introduced</token>
<token number="42" sentence="2" t_id="43">the</token>
<token number="43" sentence="2" t_id="44">next</token>
<token number="44" sentence="2" t_id="45">generation</token>
<token number="45" sentence="2" t_id="46">of</token>
<token number="46" sentence="2" t_id="47">software</token>
<token number="47" sentence="2" t_id="48">products</token>
<token number="48" sentence="2" t_id="49">from</token>
<token number="49" sentence="2" t_id="50">Apple</token>
<token number="50" sentence="2" t_id="51">.</token>
<token number="51" sentence="3" t_id="52">Apple</token>
<token number="52" sentence="3" t_id="53">unveiled</token>
<token number="53" sentence="3" t_id="54">Lion</token>
<token number="54" sentence="3" t_id="55">,</token>
<token number="55" sentence="3" t_id="56">the</token>
<token number="56" sentence="3" t_id="57">new</token>
<token number="57" sentence="3" t_id="58">version</token>
<token number="58" sentence="3" t_id="59">of</token>
<token number="59" sentence="3" t_id="60">their</token>
<token number="60" sentence="3" t_id="61">Mac</token>
<token number="61" sentence="3" t_id="62">OS</token>
<token number="62" sentence="3" t_id="63">X</token>
<token number="63" sentence="3" t_id="64">operating</token>
<token number="64" sentence="3" t_id="65">system</token>
<token number="65" sentence="3" t_id="66">for</token>
<token number="66" sentence="3" t_id="67">desktop</token>
<token number="67" sentence="3" t_id="68">and</token>
<token number="68" sentence="3" t_id="69">laptop</token>
<token number="69" sentence="3" t_id="70">computers</token>
<token number="70" sentence="3" t_id="71">that</token>
<token number="71" sentence="3" t_id="72">brings</token>
<token number="72" sentence="3" t_id="73">new</token>
<token number="73" sentence="3" t_id="74">features</token>
<token number="74" sentence="3" t_id="75">to</token>
<token number="75" sentence="3" t_id="76">the</token>
<token number="76" sentence="3" t_id="77">software</token>
<token number="77" sentence="3" t_id="78">.</token>
<token number="78" sentence="4" t_id="79">They</token>
<token number="79" sentence="4" t_id="80">also</token>
<token number="80" sentence="4" t_id="81">demonstrated</token>
<token number="81" sentence="4" t_id="82">iOS</token>
<token number="82" sentence="4" t_id="83">5</token>
<token number="83" sentence="4" t_id="84">,</token>
<token number="84" sentence="4" t_id="85">a</token>
<token number="85" sentence="4" t_id="86">new</token>
<token number="86" sentence="4" t_id="87">version</token>
<token number="87" sentence="4" t_id="88">of</token>
<token number="88" sentence="4" t_id="89">the</token>
<token number="89" sentence="4" t_id="90">operating</token>
<token number="90" sentence="4" t_id="91">system</token>
<token number="91" sentence="4" t_id="92">that</token>
<token number="92" sentence="4" t_id="93">powers</token>
<token number="93" sentence="4" t_id="94">iPhones</token>
<token number="94" sentence="4" t_id="95">,</token>
<token number="95" sentence="4" t_id="96">iPod</token>
<token number="96" sentence="4" t_id="97">Touches</token>
<token number="97" sentence="4" t_id="98">,</token>
<token number="98" sentence="4" t_id="99">and</token>
<token number="99" sentence="4" t_id="100">iPads</token>
<token number="100" sentence="4" t_id="101">.</token>
<token number="101" sentence="5" t_id="102">Alongside</token>
<token number="102" sentence="5" t_id="103">both</token>
<token number="103" sentence="5" t_id="104">announcements</token>
<token number="104" sentence="5" t_id="105">,</token>
<token number="105" sentence="5" t_id="106">Jobs</token>
<token number="106" sentence="5" t_id="107">also</token>
<token number="107" sentence="5" t_id="108">announced</token>
<token number="108" sentence="5" t_id="109">a</token>
<token number="109" sentence="5" t_id="110">new</token>
<token number="110" sentence="5" t_id="111">iCloud</token>
<token number="111" sentence="5" t_id="112">service</token>
<token number="112" sentence="5" t_id="113">to</token>
<token number="113" sentence="5" t_id="114">sync</token>
<token number="114" sentence="5" t_id="115">data</token>
<token number="115" sentence="5" t_id="116">among</token>
<token number="116" sentence="5" t_id="117">all</token>
<token number="117" sentence="5" t_id="118">devices</token>
<token number="118" sentence="5" t_id="119">.</token>
<token number="119" sentence="6" t_id="120">All</token>
<token number="120" sentence="6" t_id="121">5,200</token>
<token number="121" sentence="6" t_id="122">participating</token>
<token number="122" sentence="6" t_id="123">developers</token>
<token number="123" sentence="6" t_id="124">will</token>
<token number="124" sentence="6" t_id="125">spend</token>
<token number="125" sentence="6" t_id="126">the</token>
<token number="126" sentence="6" t_id="127">rest</token>
<token number="127" sentence="6" t_id="128">of</token>
<token number="128" sentence="6" t_id="129">the</token>
<token number="129" sentence="6" t_id="130">week</token>
<token number="130" sentence="6" t_id="131">in</token>
<token number="131" sentence="6" t_id="132">workshops</token>
<token number="132" sentence="6" t_id="133">with</token>
<token number="133" sentence="6" t_id="134">Apple</token>
<token number="134" sentence="6" t_id="135">employees</token>
<token number="135" sentence="6" t_id="136">;</token>
<token number="136" sentence="6" t_id="137">developer</token>
<token number="137" sentence="6" t_id="138">releases</token>
<token number="138" sentence="6" t_id="139">of</token>
<token number="139" sentence="6" t_id="140">each</token>
<token number="140" sentence="6" t_id="141">product</token>
<token number="141" sentence="6" t_id="142">were</token>
<token number="142" sentence="6" t_id="143">made</token>
<token number="143" sentence="6" t_id="144">available</token>
<token number="144" sentence="6" t_id="145">today</token>
<token number="145" sentence="6" t_id="146">.</token>
<token number="146" sentence="7" t_id="147">Mac</token>
<token number="147" sentence="7" t_id="148">OS</token>
<token number="148" sentence="7" t_id="149">X</token>
<token number="149" sentence="7" t_id="150">Lion</token>
<token number="150" sentence="7" t_id="151">will</token>
<token number="151" sentence="7" t_id="152">be</token>
<token number="152" sentence="7" t_id="153">shipped</token>
<token number="153" sentence="7" t_id="154">in</token>
<token number="154" sentence="7" t_id="155">July</token>
<token number="155" sentence="7" t_id="156">through</token>
<token number="156" sentence="7" t_id="157">the</token>
<token number="157" sentence="7" t_id="158">online</token>
<token number="158" sentence="7" t_id="159">Mac</token>
<token number="159" sentence="7" t_id="160">App</token>
<token number="160" sentence="7" t_id="161">Store</token>
<token number="161" sentence="7" t_id="162">available</token>
<token number="162" sentence="7" t_id="163">on</token>
<token number="163" sentence="7" t_id="164">Mac</token>
<token number="164" sentence="7" t_id="165">computers</token>
<token number="165" sentence="7" t_id="166">for</token>
<token number="166" sentence="7" t_id="167">US$</token>
<token number="167" sentence="7" t_id="168">29</token>
<token number="168" sentence="7" t_id="169">.</token>
<token number="169" sentence="8" t_id="170">According</token>
<token number="170" sentence="8" t_id="171">to</token>
<token number="171" sentence="8" t_id="172">Apple</token>
<token number="172" sentence="8" t_id="173">,</token>
<token number="173" sentence="8" t_id="174">the</token>
<token number="174" sentence="8" t_id="175">update</token>
<token number="175" sentence="8" t_id="176">adds</token>
<token number="176" sentence="8" t_id="177">over</token>
<token number="177" sentence="8" t_id="178">250</token>
<token number="178" sentence="8" t_id="179">new</token>
<token number="179" sentence="8" t_id="180">features</token>
<token number="180" sentence="8" t_id="181">to</token>
<token number="181" sentence="8" t_id="182">the</token>
<token number="182" sentence="8" t_id="183">OS</token>
<token number="183" sentence="8" t_id="184">.</token>
<token number="184" sentence="9" t_id="185">Employee</token>
<token number="185" sentence="9" t_id="186">Phil</token>
<token number="186" sentence="9" t_id="187">Schiller</token>
<token number="187" sentence="9" t_id="188">discussed</token>
<token number="188" sentence="9" t_id="189">new</token>
<token number="189" sentence="9" t_id="190">multitouch</token>
<token number="190" sentence="9" t_id="191">gestures</token>
<token number="191" sentence="9" t_id="192">along</token>
<token number="192" sentence="9" t_id="193">with</token>
<token number="193" sentence="9" t_id="194">a</token>
<token number="194" sentence="9" t_id="195">dynamic</token>
<token number="195" sentence="9" t_id="196">task</token>
<token number="196" sentence="9" t_id="197">manager</token>
<token number="197" sentence="9" t_id="198">named</token>
<token number="198" sentence="9" t_id="199">Mission</token>
<token number="199" sentence="9" t_id="200">Control</token>
<token number="200" sentence="9" t_id="201">that</token>
<token number="201" sentence="9" t_id="202">shows</token>
<token number="202" sentence="9" t_id="203">open</token>
<token number="203" sentence="9" t_id="204">applications</token>
<token number="204" sentence="9" t_id="205">.</token>
<token number="205" sentence="10" t_id="206">During</token>
<token number="206" sentence="10" t_id="207">the</token>
<token number="207" sentence="10" t_id="208">keynote</token>
<token number="208" sentence="10" t_id="209">,</token>
<token number="209" sentence="10" t_id="210">Schiller</token>
<token number="210" sentence="10" t_id="211">said</token>
<token number="211" sentence="10" t_id="212">,</token>
<token number="212" sentence="10" t_id="213">``</token>
<token number="213" sentence="10" t_id="214">The</token>
<token number="214" sentence="10" t_id="215">Mac</token>
<token number="215" sentence="10" t_id="216">has</token>
<token number="216" sentence="10" t_id="217">outpaced</token>
<token number="217" sentence="10" t_id="218">the</token>
<token number="218" sentence="10" t_id="219">PC</token>
<token number="219" sentence="10" t_id="220">industry</token>
<token number="220" sentence="10" t_id="221">every</token>
<token number="221" sentence="10" t_id="222">quarter</token>
<token number="222" sentence="10" t_id="223">for</token>
<token number="223" sentence="10" t_id="224">five</token>
<token number="224" sentence="10" t_id="225">years</token>
<token number="225" sentence="10" t_id="226">running</token>
<token number="226" sentence="10" t_id="227">and</token>
<token number="227" sentence="10" t_id="228">with</token>
<token number="228" sentence="10" t_id="229">OS</token>
<token number="229" sentence="10" t_id="230">X</token>
<token number="230" sentence="10" t_id="231">Lion</token>
<token number="231" sentence="10" t_id="232">we</token>
<token number="232" sentence="10" t_id="233">plan</token>
<token number="233" sentence="10" t_id="234">to</token>
<token number="234" sentence="10" t_id="235">keep</token>
<token number="235" sentence="10" t_id="236">extending</token>
<token number="236" sentence="10" t_id="237">our</token>
<token number="237" sentence="10" t_id="238">lead</token>
<token number="238" sentence="10" t_id="239">.</token>
<token number="239" sentence="10" t_id="240">''</token>
<token number="240" sentence="11" t_id="241">It</token>
<token number="241" sentence="11" t_id="242">also</token>
<token number="242" sentence="11" t_id="243">adds</token>
<token number="243" sentence="11" t_id="244">full</token>
<token number="244" sentence="11" t_id="245">support</token>
<token number="245" sentence="11" t_id="246">for</token>
<token number="246" sentence="11" t_id="247">the</token>
<token number="247" sentence="11" t_id="248">Mac</token>
<token number="248" sentence="11" t_id="249">port</token>
<token number="249" sentence="11" t_id="250">of</token>
<token number="250" sentence="11" t_id="251">the</token>
<token number="251" sentence="11" t_id="252">popular</token>
<token number="252" sentence="11" t_id="253">App</token>
<token number="253" sentence="11" t_id="254">Store</token>
<token number="254" sentence="11" t_id="255">,</token>
<token number="255" sentence="11" t_id="256">full</token>
<token number="256" sentence="11" t_id="257">screen</token>
<token number="257" sentence="11" t_id="258">applications</token>
<token number="258" sentence="11" t_id="259">,</token>
<token number="259" sentence="11" t_id="260">iOS-style</token>
<token number="260" sentence="11" t_id="261">app</token>
<token number="261" sentence="11" t_id="262">icon</token>
<token number="262" sentence="11" t_id="263">lists</token>
<token number="263" sentence="11" t_id="264">called</token>
<token number="264" sentence="11" t_id="265">Launchpad</token>
<token number="265" sentence="11" t_id="266">,</token>
<token number="266" sentence="11" t_id="267">and</token>
<token number="267" sentence="11" t_id="268">other</token>
<token number="268" sentence="11" t_id="269">iOS-like</token>
<token number="269" sentence="11" t_id="270">features</token>
<token number="270" sentence="11" t_id="271">including</token>
<token number="271" sentence="11" t_id="272">a</token>
<token number="272" sentence="11" t_id="273">revamped</token>
<token number="273" sentence="11" t_id="274">Mail</token>
<token number="274" sentence="11" t_id="275">and</token>
<token number="275" sentence="11" t_id="276">Auto</token>
<token number="276" sentence="11" t_id="277">Save</token>
<token number="277" sentence="11" t_id="278">among</token>
<token number="278" sentence="11" t_id="279">others</token>
<token number="279" sentence="11" t_id="280">.</token>
<token number="280" sentence="12" t_id="281">Mac</token>
<token number="281" sentence="12" t_id="282">OS</token>
<token number="282" sentence="12" t_id="283">X</token>
<token number="283" sentence="12" t_id="284">Lion</token>
<token number="284" sentence="12" t_id="285">was</token>
<token number="285" sentence="12" t_id="286">announced</token>
<token number="286" sentence="12" t_id="287">at</token>
<token number="287" sentence="12" t_id="288">a</token>
<token number="288" sentence="12" t_id="289">different</token>
<token number="289" sentence="12" t_id="290">Apple</token>
<token number="290" sentence="12" t_id="291">event</token>
<token number="291" sentence="12" t_id="292">several</token>
<token number="292" sentence="12" t_id="293">months</token>
<token number="293" sentence="12" t_id="294">ago</token>
<token number="294" sentence="12" t_id="295">and</token>
<token number="295" sentence="12" t_id="296">will</token>
<token number="296" sentence="12" t_id="297">replace</token>
<token number="297" sentence="12" t_id="298">Mac</token>
<token number="298" sentence="12" t_id="299">OS</token>
<token number="299" sentence="12" t_id="300">X</token>
<token number="300" sentence="12" t_id="301">Snow</token>
<token number="301" sentence="12" t_id="302">Leopard</token>
<token number="302" sentence="12" t_id="303">,</token>
<token number="303" sentence="12" t_id="304">which</token>
<token number="304" sentence="12" t_id="305">was</token>
<token number="305" sentence="12" t_id="306">released</token>
<token number="306" sentence="12" t_id="307">in</token>
<token number="307" sentence="12" t_id="308">2009</token>
<token number="308" sentence="12" t_id="309">.</token>
<token number="309" sentence="13" t_id="310">Soon</token>
<token number="310" sentence="13" t_id="311">after</token>
<token number="311" sentence="13" t_id="312">,</token>
<token number="312" sentence="13" t_id="313">the</token>
<token number="313" sentence="13" t_id="314">company</token>
<token number="314" sentence="13" t_id="315">also</token>
<token number="315" sentence="13" t_id="316">introduced</token>
<token number="316" sentence="13" t_id="317">the</token>
<token number="317" sentence="13" t_id="318">latest</token>
<token number="318" sentence="13" t_id="319">installment</token>
<token number="319" sentence="13" t_id="320">in</token>
<token number="320" sentence="13" t_id="321">its</token>
<token number="321" sentence="13" t_id="322">popular</token>
<token number="322" sentence="13" t_id="323">mobile</token>
<token number="323" sentence="13" t_id="324">operating</token>
<token number="324" sentence="13" t_id="325">system</token>
<token number="325" sentence="13" t_id="326">iOS</token>
<token number="326" sentence="13" t_id="327">.</token>
<token number="327" sentence="14" t_id="328">The</token>
<token number="328" sentence="14" t_id="329">fifth</token>
<token number="329" sentence="14" t_id="330">version</token>
<token number="330" sentence="14" t_id="331">(</token>
<token number="331" sentence="14" t_id="332">iOS</token>
<token number="332" sentence="14" t_id="333">5</token>
<token number="333" sentence="14" t_id="334">)</token>
<token number="334" sentence="14" t_id="335">introduces</token>
<token number="335" sentence="14" t_id="336">around</token>
<token number="336" sentence="14" t_id="337">200</token>
<token number="337" sentence="14" t_id="338">new</token>
<token number="338" sentence="14" t_id="339">features</token>
<token number="339" sentence="14" t_id="340">,</token>
<token number="340" sentence="14" t_id="341">including</token>
<token number="341" sentence="14" t_id="342">a</token>
<token number="342" sentence="14" t_id="343">revamped</token>
<token number="343" sentence="14" t_id="344">notification</token>
<token number="344" sentence="14" t_id="345">system</token>
<token number="345" sentence="14" t_id="346">,</token>
<token number="346" sentence="14" t_id="347">which</token>
<token number="347" sentence="14" t_id="348">combines</token>
<token number="348" sentence="14" t_id="349">messages</token>
<token number="349" sentence="14" t_id="350">and</token>
<token number="350" sentence="14" t_id="351">notifications</token>
<token number="351" sentence="14" t_id="352">from</token>
<token number="352" sentence="14" t_id="353">all</token>
<token number="353" sentence="14" t_id="354">applications</token>
<token number="354" sentence="14" t_id="355">installed</token>
<token number="355" sentence="14" t_id="356">on</token>
<token number="356" sentence="14" t_id="357">the</token>
<token number="357" sentence="14" t_id="358">user</token>
<token number="358" sentence="14" t_id="359">'s</token>
<token number="359" sentence="14" t_id="360">device</token>
<token number="360" sentence="14" t_id="361">.</token>
<token number="361" sentence="15" t_id="362">Scott</token>
<token number="362" sentence="15" t_id="363">Forestall</token>
<token number="363" sentence="15" t_id="364">,</token>
<token number="364" sentence="15" t_id="365">an</token>
<token number="365" sentence="15" t_id="366">Apple</token>
<token number="366" sentence="15" t_id="367">employee</token>
<token number="367" sentence="15" t_id="368">,</token>
<token number="368" sentence="15" t_id="369">also</token>
<token number="369" sentence="15" t_id="370">revealed</token>
<token number="370" sentence="15" t_id="371">that</token>
<token number="371" sentence="15" t_id="372">iOS</token>
<token number="372" sentence="15" t_id="373">devices</token>
<token number="373" sentence="15" t_id="374">would</token>
<token number="374" sentence="15" t_id="375">no</token>
<token number="375" sentence="15" t_id="376">longer</token>
<token number="376" sentence="15" t_id="377">require</token>
<token number="377" sentence="15" t_id="378">a</token>
<token number="378" sentence="15" t_id="379">computer</token>
<token number="379" sentence="15" t_id="380">for</token>
<token number="380" sentence="15" t_id="381">setup</token>
<token number="381" sentence="15" t_id="382">,</token>
<token number="382" sentence="15" t_id="383">allowing</token>
<token number="383" sentence="15" t_id="384">users</token>
<token number="384" sentence="15" t_id="385">to</token>
<token number="385" sentence="15" t_id="386">`</token>
<token number="386" sentence="15" t_id="387">cut</token>
<token number="387" sentence="15" t_id="388">the</token>
<token number="388" sentence="15" t_id="389">cord</token>
<token number="389" sentence="15" t_id="390">'</token>
<token number="390" sentence="15" t_id="391">between</token>
<token number="391" sentence="15" t_id="392">their</token>
<token number="392" sentence="15" t_id="393">devices</token>
<token number="393" sentence="15" t_id="394">and</token>
<token number="394" sentence="15" t_id="395">PCs</token>
<token number="395" sentence="15" t_id="396">.</token>
<token number="396" sentence="16" t_id="397">Magazines</token>
<token number="397" sentence="16" t_id="398">and</token>
<token number="398" sentence="16" t_id="399">newspapers</token>
<token number="399" sentence="16" t_id="400">also</token>
<token number="400" sentence="16" t_id="401">have</token>
<token number="401" sentence="16" t_id="402">a</token>
<token number="402" sentence="16" t_id="403">new</token>
<token number="403" sentence="16" t_id="404">folder</token>
<token number="404" sentence="16" t_id="405">interface</token>
<token number="405" sentence="16" t_id="406">;</token>
<token number="406" sentence="16" t_id="407">the</token>
<token number="407" sentence="16" t_id="408">Twitter</token>
<token number="408" sentence="16" t_id="409">social</token>
<token number="409" sentence="16" t_id="410">network</token>
<token number="410" sentence="16" t_id="411">is</token>
<token number="411" sentence="16" t_id="412">now</token>
<token number="412" sentence="16" t_id="413">integrated</token>
<token number="413" sentence="16" t_id="414">significantly</token>
<token number="414" sentence="16" t_id="415">into</token>
<token number="415" sentence="16" t_id="416">iOS</token>
<token number="416" sentence="16" t_id="417">devices</token>
<token number="417" sentence="16" t_id="418">.</token>
<token number="418" sentence="17" t_id="419">Improvements</token>
<token number="419" sentence="17" t_id="420">to</token>
<token number="420" sentence="17" t_id="421">the</token>
<token number="421" sentence="17" t_id="422">mobile</token>
<token number="422" sentence="17" t_id="423">Safari</token>
<token number="423" sentence="17" t_id="424">browser</token>
<token number="424" sentence="17" t_id="425">were</token>
<token number="425" sentence="17" t_id="426">also</token>
<token number="426" sentence="17" t_id="427">announced</token>
<token number="427" sentence="17" t_id="428">;</token>
<token number="428" sentence="17" t_id="429">tabbed</token>
<token number="429" sentence="17" t_id="430">browsing</token>
<token number="430" sentence="17" t_id="431">and</token>
<token number="431" sentence="17" t_id="432">a</token>
<token number="432" sentence="17" t_id="433">Reader</token>
<token number="433" sentence="17" t_id="434">feature</token>
<token number="434" sentence="17" t_id="435">introduce</token>
<token number="435" sentence="17" t_id="436">desktop-like</token>
<token number="436" sentence="17" t_id="437">functionality</token>
<token number="437" sentence="17" t_id="438">.</token>
<token number="438" sentence="18" t_id="439">Finally</token>
<token number="439" sentence="18" t_id="440">,</token>
<token number="440" sentence="18" t_id="441">new</token>
<token number="441" sentence="18" t_id="442">camera</token>
<token number="442" sentence="18" t_id="443">features</token>
<token number="443" sentence="18" t_id="444">are</token>
<token number="444" sentence="18" t_id="445">built</token>
<token number="445" sentence="18" t_id="446">in</token>
<token number="446" sentence="18" t_id="447">,</token>
<token number="447" sentence="18" t_id="448">including</token>
<token number="448" sentence="18" t_id="449">the</token>
<token number="449" sentence="18" t_id="450">ability</token>
<token number="450" sentence="18" t_id="451">to</token>
<token number="451" sentence="18" t_id="452">take</token>
<token number="452" sentence="18" t_id="453">snapshots</token>
<token number="453" sentence="18" t_id="454">from</token>
<token number="454" sentence="18" t_id="455">the</token>
<token number="455" sentence="18" t_id="456">lock</token>
<token number="456" sentence="18" t_id="457">screen</token>
<token number="457" sentence="18" t_id="458">,</token>
<token number="458" sentence="18" t_id="459">as</token>
<token number="459" sentence="18" t_id="460">well</token>
<token number="460" sentence="18" t_id="461">as</token>
<token number="461" sentence="18" t_id="462">iMessages</token>
<token number="462" sentence="18" t_id="463">,</token>
<token number="463" sentence="18" t_id="464">a</token>
<token number="464" sentence="18" t_id="465">new</token>
<token number="465" sentence="18" t_id="466">messaging</token>
<token number="466" sentence="18" t_id="467">platform</token>
<token number="467" sentence="18" t_id="468">for</token>
<token number="468" sentence="18" t_id="469">iPhones</token>
<token number="469" sentence="18" t_id="470">and</token>
<token number="470" sentence="18" t_id="471">iPads</token>
<token number="471" sentence="18" t_id="472">.</token>
<token number="472" sentence="19" t_id="473">CEO</token>
<token number="473" sentence="19" t_id="474">Steve</token>
<token number="474" sentence="19" t_id="475">Jobs</token>
<token number="475" sentence="19" t_id="476">returned</token>
<token number="476" sentence="19" t_id="477">to</token>
<token number="477" sentence="19" t_id="478">the</token>
<token number="478" sentence="19" t_id="479">stage</token>
<token number="479" sentence="19" t_id="480">to</token>
<token number="480" sentence="19" t_id="481">reveal</token>
<token number="481" sentence="19" t_id="482">Apple</token>
<token number="482" sentence="19" t_id="483">'s</token>
<token number="483" sentence="19" t_id="484">new</token>
<token number="484" sentence="19" t_id="485">cloud</token>
<token number="485" sentence="19" t_id="486">services</token>
<token number="486" sentence="19" t_id="487">offering</token>
<token number="487" sentence="19" t_id="488">,</token>
<token number="488" sentence="19" t_id="489">iCloud</token>
<token number="489" sentence="19" t_id="490">.</token>
<token number="490" sentence="20" t_id="491">The</token>
<token number="491" sentence="20" t_id="492">service</token>
<token number="492" sentence="20" t_id="493">integrates</token>
<token number="493" sentence="20" t_id="494">with</token>
<token number="494" sentence="20" t_id="495">Lion</token>
<token number="495" sentence="20" t_id="496">and</token>
<token number="496" sentence="20" t_id="497">iOS</token>
<token number="497" sentence="20" t_id="498">applications</token>
<token number="498" sentence="20" t_id="499">and</token>
<token number="499" sentence="20" t_id="500">syncs</token>
<token number="500" sentence="20" t_id="501">data</token>
<token number="501" sentence="20" t_id="502">between</token>
<token number="502" sentence="20" t_id="503">a</token>
<token number="503" sentence="20" t_id="504">user</token>
<token number="504" sentence="20" t_id="505">'s</token>
<token number="505" sentence="20" t_id="506">iOS</token>
<token number="506" sentence="20" t_id="507">devices</token>
<token number="507" sentence="20" t_id="508">.</token>
<token number="508" sentence="21" t_id="509">For</token>
<token number="509" sentence="21" t_id="510">example</token>
<token number="510" sentence="21" t_id="511">,</token>
<token number="511" sentence="21" t_id="512">calendar</token>
<token number="512" sentence="21" t_id="513">events</token>
<token number="513" sentence="21" t_id="514">created</token>
<token number="514" sentence="21" t_id="515">on</token>
<token number="515" sentence="21" t_id="516">a</token>
<token number="516" sentence="21" t_id="517">user</token>
<token number="517" sentence="21" t_id="518">'s</token>
<token number="518" sentence="21" t_id="519">laptop</token>
<token number="519" sentence="21" t_id="520">would</token>
<token number="520" sentence="21" t_id="521">be</token>
<token number="521" sentence="21" t_id="522">sent</token>
<token number="522" sentence="21" t_id="523">to</token>
<token number="523" sentence="21" t_id="524">their</token>
<token number="524" sentence="21" t_id="525">iPhone</token>
<token number="525" sentence="21" t_id="526">through</token>
<token number="526" sentence="21" t_id="527">iCloud</token>
<token number="527" sentence="21" t_id="528">.</token>
<token number="528" sentence="22" t_id="529">Apps</token>
<token number="529" sentence="22" t_id="530">,</token>
<token number="530" sentence="22" t_id="531">books</token>
<token number="531" sentence="22" t_id="532">,</token>
<token number="532" sentence="22" t_id="533">documents</token>
<token number="533" sentence="22" t_id="534">,</token>
<token number="534" sentence="22" t_id="535">photos</token>
<token number="535" sentence="22" t_id="536">,</token>
<token number="536" sentence="22" t_id="537">and</token>
<token number="537" sentence="22" t_id="538">more</token>
<token number="538" sentence="22" t_id="539">purchased</token>
<token number="539" sentence="22" t_id="540">or</token>
<token number="540" sentence="22" t_id="541">created</token>
<token number="541" sentence="22" t_id="542">on</token>
<token number="542" sentence="22" t_id="543">one</token>
<token number="543" sentence="22" t_id="544">device</token>
<token number="544" sentence="22" t_id="545">will</token>
<token number="545" sentence="22" t_id="546">be</token>
<token number="546" sentence="22" t_id="547">shared</token>
<token number="547" sentence="22" t_id="548">with</token>
<token number="548" sentence="22" t_id="549">others</token>
<token number="549" sentence="22" t_id="550">.</token>
<token number="550" sentence="23" t_id="551">The</token>
<token number="551" sentence="23" t_id="552">service</token>
<token number="552" sentence="23" t_id="553">is</token>
<token number="553" sentence="23" t_id="554">intended</token>
<token number="554" sentence="23" t_id="555">to</token>
<token number="555" sentence="23" t_id="556">launch</token>
<token number="556" sentence="23" t_id="557">in</token>
<token number="557" sentence="23" t_id="558">the</token>
<token number="558" sentence="23" t_id="559">fall</token>
<token number="559" sentence="23" t_id="560">of</token>
<token number="560" sentence="23" t_id="561">2011</token>
<token number="561" sentence="23" t_id="562">alongside</token>
<token number="562" sentence="23" t_id="563">iOS</token>
<token number="563" sentence="23" t_id="564">5</token>
<token number="564" sentence="23" t_id="565">and</token>
<token number="565" sentence="23" t_id="566">will</token>
<token number="566" sentence="23" t_id="567">be</token>
<token number="567" sentence="23" t_id="568">available</token>
<token number="568" sentence="23" t_id="569">with</token>
<token number="569" sentence="23" t_id="570">5</token>
<token number="570" sentence="23" t_id="571">gigabytes</token>
<token number="571" sentence="23" t_id="572">(</token>
<token number="572" sentence="23" t_id="573">GB</token>
<token number="573" sentence="23" t_id="574">)</token>
<token number="574" sentence="23" t_id="575">of</token>
<token number="575" sentence="23" t_id="576">storage</token>
<token number="576" sentence="23" t_id="577">for</token>
<token number="577" sentence="23" t_id="578">10</token>
<token number="578" sentence="23" t_id="579">devices</token>
<token number="579" sentence="23" t_id="580">for</token>
<token number="580" sentence="23" t_id="581">free</token>
<token number="581" sentence="23" t_id="582">.</token>
<token number="582" sentence="24" t_id="583">Earlier</token>
<token number="583" sentence="24" t_id="584">this</token>
<token number="584" sentence="24" t_id="585">year</token>
<token number="585" sentence="24" t_id="586">,</token>
<token number="586" sentence="24" t_id="587">Apple</token>
<token number="587" sentence="24" t_id="588">opened</token>
<token number="588" sentence="24" t_id="589">a</token>
<token number="589" sentence="24" t_id="590">500,000</token>
<token number="590" sentence="24" t_id="591">square</token>
<token number="591" sentence="24" t_id="592">foot</token>
<token number="592" sentence="24" t_id="593">data</token>
<token number="593" sentence="24" t_id="594">center</token>
<token number="594" sentence="24" t_id="595">in</token>
<token number="595" sentence="24" t_id="596">North</token>
<token number="596" sentence="24" t_id="597">Carolina</token>
<token number="597" sentence="24" t_id="598">intended</token>
<token number="598" sentence="24" t_id="599">to</token>
<token number="599" sentence="24" t_id="600">facilitate</token>
<token number="600" sentence="24" t_id="601">this</token>
<token number="601" sentence="24" t_id="602">new</token>
<token number="602" sentence="24" t_id="603">service</token>
<token number="603" sentence="24" t_id="604">.</token>
<token number="604" sentence="25" t_id="605">Jobs</token>
<token number="605" sentence="25" t_id="606">rounded</token>
<token number="606" sentence="25" t_id="607">the</token>
<token number="607" sentence="25" t_id="608">services</token>
<token number="608" sentence="25" t_id="609">off</token>
<token number="609" sentence="25" t_id="610">by</token>
<token number="610" sentence="25" t_id="611">unveiling</token>
<token number="611" sentence="25" t_id="612">a</token>
<token number="612" sentence="25" t_id="613">new</token>
<token number="613" sentence="25" t_id="614">iTunes</token>
<token number="614" sentence="25" t_id="615">feature</token>
<token number="615" sentence="25" t_id="616">that</token>
<token number="616" sentence="25" t_id="617">mirrors</token>
<token number="617" sentence="25" t_id="618">a</token>
<token number="618" sentence="25" t_id="619">user</token>
<token number="619" sentence="25" t_id="620">'s</token>
<token number="620" sentence="25" t_id="621">library</token>
<token number="621" sentence="25" t_id="622">in</token>
<token number="622" sentence="25" t_id="623">the</token>
<token number="623" sentence="25" t_id="624">cloud</token>
<token number="624" sentence="25" t_id="625">,</token>
<token number="625" sentence="25" t_id="626">allowing</token>
<token number="626" sentence="25" t_id="627">them</token>
<token number="627" sentence="25" t_id="628">to</token>
<token number="628" sentence="25" t_id="629">listen</token>
<token number="629" sentence="25" t_id="630">and</token>
<token number="630" sentence="25" t_id="631">download</token>
<token number="631" sentence="25" t_id="632">music</token>
<token number="632" sentence="25" t_id="633">to</token>
<token number="633" sentence="25" t_id="634">authorized</token>
<token number="634" sentence="25" t_id="635">devices</token>
<token number="635" sentence="25" t_id="636">.</token>
<token number="636" sentence="26" t_id="637">``</token>
<token number="637" sentence="26" t_id="638">We</token>
<token number="638" sentence="26" t_id="639">are</token>
<token number="639" sentence="26" t_id="640">going</token>
<token number="640" sentence="26" t_id="641">to</token>
<token number="641" sentence="26" t_id="642">demote</token>
<token number="642" sentence="26" t_id="643">the</token>
<token number="643" sentence="26" t_id="644">PC</token>
<token number="644" sentence="26" t_id="645">to</token>
<token number="645" sentence="26" t_id="646">just</token>
<token number="646" sentence="26" t_id="647">be</token>
<token number="647" sentence="26" t_id="648">a</token>
<token number="648" sentence="26" t_id="649">device</token>
<token number="649" sentence="26" t_id="650">.</token>
<token number="650" sentence="27" t_id="651">We</token>
<token number="651" sentence="27" t_id="652">are</token>
<token number="652" sentence="27" t_id="653">going</token>
<token number="653" sentence="27" t_id="654">to</token>
<token number="654" sentence="27" t_id="655">move</token>
<token number="655" sentence="27" t_id="656">the</token>
<token number="656" sentence="27" t_id="657">digital</token>
<token number="657" sentence="27" t_id="658">hub</token>
<token number="658" sentence="27" t_id="659">,</token>
<token number="659" sentence="27" t_id="660">the</token>
<token number="660" sentence="27" t_id="661">center</token>
<token number="661" sentence="27" t_id="662">of</token>
<token number="662" sentence="27" t_id="663">your</token>
<token number="663" sentence="27" t_id="664">digital</token>
<token number="664" sentence="27" t_id="665">life</token>
<token number="665" sentence="27" t_id="666">,</token>
<token number="666" sentence="27" t_id="667">into</token>
<token number="667" sentence="27" t_id="668">the</token>
<token number="668" sentence="27" t_id="669">cloud</token>
<token number="669" sentence="27" t_id="670">,</token>
<token number="670" sentence="27" t_id="671">''</token>
<token number="671" sentence="27" t_id="672">said</token>
<token number="672" sentence="27" t_id="673">Steve</token>
<token number="673" sentence="27" t_id="674">Jobs</token>
<token number="674" sentence="27" t_id="675">during</token>
<token number="675" sentence="27" t_id="676">the</token>
<token number="676" sentence="27" t_id="677">keynote</token>
<token number="677" sentence="27" t_id="678">.</token>
<token number="678" sentence="28" t_id="679">iCloud</token>
<token number="679" sentence="28" t_id="680">and</token>
<token number="680" sentence="28" t_id="681">iOS</token>
<token number="681" sentence="28" t_id="682">5</token>
<token number="682" sentence="28" t_id="683">will</token>
<token number="683" sentence="28" t_id="684">be</token>
<token number="684" sentence="28" t_id="685">released</token>
<token number="685" sentence="28" t_id="686">in</token>
<token number="686" sentence="28" t_id="687">the</token>
<token number="687" sentence="28" t_id="688">fall</token>
<token number="688" sentence="28" t_id="689">of</token>
<token number="689" sentence="28" t_id="690">2011</token>
<token number="690" sentence="28" t_id="691">;</token>
<token number="691" sentence="28" t_id="692">Apple</token>
<token number="692" sentence="28" t_id="693">announced</token>
<token number="693" sentence="28" t_id="694">no</token>
<token number="694" sentence="28" t_id="695">new</token>
<token number="695" sentence="28" t_id="696">hardware</token>
<token number="696" sentence="28" t_id="697">products</token>
<token number="697" sentence="28" t_id="698">.</token>
<Markables>
<ENTITY_MENTION comment="" head="data" m_id="1" syntactic_type="NOM">
<token_anchor t_id="115"/>
</ENTITY_MENTION>
<ENTITY_MENTION comment="" head="devices" m_id="2" syntactic_type="NOM">
<token_anchor t_id="117"/>
<token_anchor t_id="118"/>
</ENTITY_MENTION>
<ENTITY_MENTION comment="" head="company" m_id="3" syntactic_type="NOM">
<token_anchor t_id="18"/>
<token_anchor t_id="19"/>
</ENTITY_MENTION>
<ENTITY_MENTION comment="" head="" m_id="4" syntactic_type="PRO">
<token_anchor t_id="71"/>
</ENTITY_MENTION>
<ENTITY_MENTION comment="" head="" m_id="5" syntactic_type="NAM">
<token_anchor t_id="30"/>
<token_anchor t_id="31"/>
<token_anchor t_id="32"/>
<token_anchor t_id="33"/>
<token_anchor t_id="34"/>
<token_anchor t_id="35"/>
<token_anchor t_id="36"/>
</ENTITY_MENTION>
<ENTITY_MENTION comment="" head="" m_id="6" syntactic_type="APP">
<token_anchor t_id="38"/>
<token_anchor t_id="39"/>
<token_anchor t_id="40"/>
<token_anchor t_id="41"/>
</ENTITY_MENTION>
<ENTITY_MENTION comment="" head="" m_id="7" syntactic_type="NOM">
<token_anchor t_id="43"/>
<token_anchor t_id="44"/>
<token_anchor t_id="45"/>
<token_anchor t_id="46"/>
<token_anchor t_id="47"/>
<token_anchor t_id="48"/>
<token_anchor t_id="49"/>
<token_anchor t_id="50"/>
</ENTITY_MENTION>
<ENTITY_MENTION comment="" head="" m_id="8" syntactic_type="NAM">
<token_anchor t_id="50"/>
</ENTITY_MENTION>
<ENTITY_MENTION comment="" head="" m_id="9" syntactic_type="NAM">
<token_anchor t_id="52"/>
</ENTITY_MENTION>
<ENTITY_MENTION comment="" head="" m_id="10" syntactic_type="NAM">
<token_anchor t_id="54"/>
</ENTITY_MENTION>
<ENTITY_MENTION comment="" head="" m_id="64" syntactic_type="NAM">
<token_anchor t_id="40"/>
<token_anchor t_id="41"/>
</ENTITY_MENTION>
<ENTITY_MENTION comment="" head="" m_id="11" syntactic_type="NAM">
<token_anchor t_id="1"/>
</ENTITY_MENTION>
<ENTITY_MENTION comment="" head="" m_id="65" syntactic_type="NOM">
<token_anchor t_id="38"/>
<token_anchor t_id="39"/>
</ENTITY_MENTION>
<ENTITY_MENTION comment="" head="" m_id="12" syntactic_type="NAM">
<token_anchor t_id="3"/>
<token_anchor t_id="4"/>
<token_anchor t_id="5"/>
<token_anchor t_id="6"/>
</ENTITY_MENTION>
<ENTITY_MENTION comment="" head="" m_id="66" syntactic_type="ARC">
<token_anchor t_id="54"/>
<token_anchor t_id="55"/>
<token_anchor t_id="56"/>
<token_anchor t_id="57"/>
<token_anchor t_id="58"/>
<token_anchor t_id="59"/>
<token_anchor t_id="60"/>
<token_anchor t_id="61"/>
<token_anchor t_id="62"/>
<token_anchor t_id="63"/>
<token_anchor t_id="64"/>
<token_anchor t_id="65"/>
<token_anchor t_id="66"/>
<token_anchor t_id="67"/>
<token_anchor t_id="68"/>
<token_anchor t_id="69"/>
<token_anchor t_id="70"/>
<token_anchor t_id="71"/>
<token_anchor t_id="72"/>
<token_anchor t_id="73"/>
<token_anchor t_id="74"/>
<token_anchor t_id="75"/>
<token_anchor t_id="76"/>
<token_anchor t_id="77"/>
</ENTITY_MENTION>
<ENTITY_MENTION comment="" head="" m_id="13" syntactic_type="NAM">
<token_anchor t_id="8"/>
<token_anchor t_id="9"/>
</ENTITY_MENTION>
<ENTITY_MENTION comment="" head="" m_id="14" syntactic_type="NAM">
<token_anchor t_id="12"/>
</ENTITY_MENTION>
<ENTITY_MENTION comment="" head="version" m_id="15" syntactic_type="NOM">
<token_anchor t_id="56"/>
<token_anchor t_id="57"/>
<token_anchor t_id="58"/>
<token_anchor t_id="59"/>
<token_anchor t_id="60"/>
<token_anchor t_id="61"/>
<token_anchor t_id="62"/>
<token_anchor t_id="63"/>
<token_anchor t_id="64"/>
<token_anchor t_id="65"/>
<token_anchor t_id="66"/>
<token_anchor t_id="67"/>
<token_anchor t_id="68"/>
<token_anchor t_id="69"/>
<token_anchor t_id="70"/>
</ENTITY_MENTION>
<ENTITY_MENTION comment="" head="" m_id="16" syntactic_type="CONJ">
<token_anchor t_id="3"/>
<token_anchor t_id="4"/>
<token_anchor t_id="5"/>
<token_anchor t_id="6"/>
<token_anchor t_id="7"/>
<token_anchor t_id="8"/>
<token_anchor t_id="9"/>
<token_anchor t_id="10"/>
<token_anchor t_id="11"/>
<token_anchor t_id="12"/>
</ENTITY_MENTION>
<ENTITY_MENTION comment="" head="features" m_id="17" syntactic_type="NOM">
<token_anchor t_id="73"/>
<token_anchor t_id="74"/>
</ENTITY_MENTION>
<ENTITY_MENTION comment="" head="software" m_id="18" syntactic_type="NOM">
<token_anchor t_id="76"/>
<token_anchor t_id="77"/>
</ENTITY_MENTION>
<ENTITY_MENTION comment="" head="" m_id="19" syntactic_type="NAM">
<token_anchor t_id="82"/>
<token_anchor t_id="83"/>
</ENTITY_MENTION>
<ENTITY_MENTION comment="" head="" m_id="20" syntactic_type="PRO">
<token_anchor t_id="21"/>
</ENTITY_MENTION>
<ENTITY_MENTION comment="" head="" m_id="21" syntactic_type="PRO">
<token_anchor t_id="79"/>
</ENTITY_MENTION>
<ENTITY_MENTION comment="" head="" m_id="22" syntactic_type="PRE.NAM">
<token_anchor t_id="38"/>
</ENTITY_MENTION>
<ENTITY_MENTION comment="" head="version" m_id="23" syntactic_type="NOM">
<token_anchor t_id="85"/>
<token_anchor t_id="86"/>
<token_anchor t_id="87"/>
<token_anchor t_id="88"/>
<token_anchor t_id="89"/>
<token_anchor t_id="90"/>
<token_anchor t_id="91"/>
<token_anchor t_id="92"/>
<token_anchor t_id="93"/>
<token_anchor t_id="94"/>
<token_anchor t_id="95"/>
<token_anchor t_id="96"/>
<token_anchor t_id="97"/>
<token_anchor t_id="98"/>
<token_anchor t_id="99"/>
<token_anchor t_id="100"/>
</ENTITY_MENTION>
<ENTITY_MENTION comment="" head="" m_id="24" syntactic_type="PRO">
<token_anchor t_id="60"/>
</ENTITY_MENTION>
<ENTITY_MENTION comment="" head="" m_id="25" syntactic_type="NAM">
<token_anchor t_id="106"/>
</ENTITY_MENTION>
<ENTITY_MENTION comment="" head="" m_id="26" syntactic_type="APP">
<token_anchor t_id="82"/>
<token_anchor t_id="83"/>
<token_anchor t_id="84"/>
<token_anchor t_id="85"/>
<token_anchor t_id="86"/>
<token_anchor t_id="87"/>
<token_anchor t_id="88"/>
<token_anchor t_id="89"/>
<token_anchor t_id="90"/>
<token_anchor t_id="91"/>
<token_anchor t_id="92"/>
<token_anchor t_id="93"/>
<token_anchor t_id="94"/>
<token_anchor t_id="95"/>
<token_anchor t_id="96"/>
<token_anchor t_id="97"/>
<token_anchor t_id="98"/>
<token_anchor t_id="99"/>
<token_anchor t_id="100"/>
</ENTITY_MENTION>
<ENTITY_MENTION comment="" head="service" m_id="27" syntactic_type="NOM">
<token_anchor t_id="109"/>
<token_anchor t_id="110"/>
<token_anchor t_id="111"/>
<token_anchor t_id="112"/>
</ENTITY_MENTION>
<ENTITY_MENTION comment="" head="" m_id="28" syntactic_type="NAM">
<token_anchor t_id="35"/>
<token_anchor t_id="36"/>
</ENTITY_MENTION>
<EVENT_MENTION aspect="NONE" certainty="CERTAIN" comment="" m_id="29" modality="" polarity="POS" pos="NOUN" pred="keynote" special_cases="NONE" tense="NONE" time="NON_FUTURE">
<token_anchor t_id="28"/>
</EVENT_MENTION>
<EVENT_MENTION aspect="NONE" certainty="CERTAIN" comment="" m_id="30" modality="" polarity="POS" pos="VERB" pred="introduce" special_cases="NONE" tense="PAST" time="NON_FUTURE">
<token_anchor t_id="42"/>
</EVENT_MENTION>
<EVENT_MENTION aspect="NONE" certainty="CERTAIN" comment="" m_id="31" modality="" polarity="POS" pos="VERB" pred="unveil" special_cases="NONE" tense="PAST" time="NON_FUTURE">
<token_anchor t_id="53"/>
</EVENT_MENTION>
<EVENT_MENTION aspect="NONE" certainty="CERTAIN" comment="" m_id="32" modality="" polarity="POS" pos="VERB" pred="bring" special_cases="GEN" tense="PRESENT" time="NON_FUTURE">
<token_anchor t_id="72"/>
</EVENT_MENTION>
<EVENT_MENTION aspect="NONE" certainty="CERTAIN" comment="" m_id="33" modality="" polarity="POS" pos="VERB" pred="demonstrate" special_cases="NONE" tense="PAST" time="NON_FUTURE">
<token_anchor t_id="81"/>
</EVENT_MENTION>
<EVENT_MENTION aspect="NONE" certainty="CERTAIN" comment="" m_id="34" modality="" polarity="POS" pos="NOUN" pred="announcement" special_cases="NONE" tense="NONE" time="NON_FUTURE">
<token_anchor t_id="104"/>
</EVENT_MENTION>
<EVENT_MENTION aspect="NONE" certainty="CERTAIN" comment="" m_id="35" modality="" polarity="POS" pos="VERB" pred="announce" special_cases="NONE" tense="PAST" time="NON_FUTURE">
<token_anchor t_id="108"/>
</EVENT_MENTION>
<EVENT_MENTION aspect="NONE" certainty="CERTAIN" comment="" m_id="36" modality="" polarity="POS" pos="VERB" pred="sync" special_cases="NONE" tense="INFINITIVE" time="UNDERSPECIFIED">
<token_anchor t_id="114"/>
</EVENT_MENTION>
<EVENT_MENTION aspect="NONE" certainty="CERTAIN" comment="" m_id="37" modality="" polarity="POS" pos="VERB" pred="announce" special_cases="NONE" tense="PRESENT" time="NON_FUTURE">
<token_anchor t_id="2"/>
</EVENT_MENTION>
<EVENT_MENTION aspect="" certainty="CERTAIN" comment="" m_id="38" modality="" polarity="POS" pos="NOUN" pred="" special_cases="NONE" tense="" time="NON_FUTURE">
<token_anchor t_id="24"/>
</EVENT_MENTION>
<EVENT_MENTION aspect="" certainty="CERTAIN" comment="" m_id="63" modality="" polarity="POS" pos="" pred="" special_cases="NONE" tense="" time="NON_FUTURE">
<token_anchor t_id="26"/>
</EVENT_MENTION>
<SIGNAL comment="" m_id="39">
<token_anchor t_id="17"/>
</SIGNAL>
<TIMEX3 anchorTimeID="" beginPoint="" comment="" endPoint="" functionInDocument="CREATION_TIME" m_id="40" type="DATE" value="2011-06-07">
<token_anchor t_id="13"/>
<token_anchor t_id="14"/>
<token_anchor t_id="15"/>
<token_anchor t_id="16"/>
</TIMEX3>
<EVENT TAG_DESCRIPTOR="sync" class="OTHER" comment="" external_ref="" m_id="52"/>
<EVENT TAG_DESCRIPTOR="demonstrated" class="OTHER" comment="" external_ref="" m_id="54"/>
<EVENT TAG_DESCRIPTOR="brings" class="OTHER" comment="" external_ref="" m_id="55"/>
<EVENT TAG_DESCRIPTOR="unveiled" class="OTHER" comment="" external_ref="" m_id="56"/>
<EVENT TAG_DESCRIPTOR="keynote" class="OTHER" comment="" external_ref="" m_id="58"/>
<EVENT TAG_DESCRIPTOR="announces" class="SPEECH_COGNITIVE" comment="" external_ref="" m_id="59"/>
<EVENT TAG_DESCRIPTOR="announcements" class="SPEECH_COGNITIVE" comment="" external_ref="" m_id="60"/>
<EVENT TAG_DESCRIPTOR="WWDC" class="OTHER" comment="" external_ref="" m_id="61"/>
<ENTITY TAG_DESCRIPTOR="Steve Jobs" ent_type="PER" external_ref="http://dbpedia.org/resource/Steve_Jobs " instance_id="PER19274271332322852" m_id="91"/>
<EVENT TAG_DESCRIPTOR="introduced-SE - (Steve Jobs)" class="OTHER" external_ref="introduce.02" instance_id="OTH57383130061226341" m_id="93"/><EVENT TAG_DESCRIPTOR="announced-SE - (Steve Jobs)" class="SPEECH_COGNITIVE" external_ref="announce.01" instance_id="SPE57383224153733128" m_id="94"/>
<ENTITY TAG_DESCRIPTOR="Mac OS X Lion" ent_type="PRO" external_ref="http://dbpedia.org/resource/Mac_OS_X_Lion" instance_id="PRO47185660263368344" m_id="98"/><ENTITY TAG_DESCRIPTOR="San Francisco" ent_type="LOC" external_ref="http://dbpedia.org/resource/San_Francisco" instance_id="LOC44511261974483951" m_id="108"/>
<ENTITY TAG_DESCRIPTOR="MWCC" ent_type="LOC" external_ref="http://dbpedia.org/resource/Moscone_Center" instance_id="LOC46916036707383716" m_id="109"/><ENTITY TAG_DESCRIPTOR="iCloud" ent_type="PRO" external_ref="http://dbpedia.org/resource/ICloud" instance_id="PRO47186000272966579" m_id="111"/>
<ENTITY TAG_DESCRIPTOR="data" ent_type="PRO" instance_id="PRO55731958369465525" m_id="113"/><ENTITY TAG_DESCRIPTOR="APPLE" ent_type="ORG" external_ref="http://dbpedia.org/resource/Apple_Inc." instance_id="ORG19274271187160719" m_id="114"/>
<ENTITY TAG_DESCRIPTOR="all devices of Apple" ent_type="PRO" instance_id="PRO47186241900628688" m_id="115"/><ENTITY TAG_DESCRIPTOR="Mac OS X" ent_type="PRO" external_ref="http://dbpedia.org/resource/OS_X" instance_id="PRO47185698076592168" m_id="116"/>
<ENTITY TAG_DESCRIPTOR="new features added to Mac OS X" ent_type="PRO" instance_id="PRO47186328014864900" m_id="117"/><ENTITY TAG_DESCRIPTOR="iOS 5" ent_type="PRO" external_ref="http://dbpedia.org/resource/IOS_5" instance_id="PRO47185980076065811" m_id="118"/>
<ENTITY TAG_DESCRIPTOR="Mac OS X Lion, iOS 5 and iCloud" ent_type="PRO" instance_id="PRO47186052778586394" m_id="119"/><EVENT_MENTION m_id="120">
  <token_anchor t_id="672"/>
</EVENT_MENTION>
<EVENT_MENTION m_id="121">
  <token_anchor t_id="476"/>
</EVENT_MENTION>
<EVENT_MENTION m_id="122">
  <token_anchor t_id="611"/>
</EVENT_MENTION>
<EVENT_MENTION m_id="123">
  <token_anchor t_id="481"/>
</EVENT_MENTION>
<EVENT_MENTION m_id="124">
  <token_anchor t_id="606"/>
  <token_anchor t_id="609"/>
</EVENT_MENTION>
<ENTITY_MENTION m_id="125">
  <token_anchor t_id="473"/>
</ENTITY_MENTION>
<ENTITY_MENTION m_id="126">
  <token_anchor t_id="474"/>
  <token_anchor t_id="475"/>
</ENTITY_MENTION>
<ENTITY_MENTION m_id="127">
  <token_anchor t_id="673"/>
  <token_anchor t_id="674"/>
</ENTITY_MENTION>
<ENTITY_MENTION m_id="128">
  <token_anchor t_id="614"/>
</ENTITY_MENTION>
<ENTITY_MENTION m_id="129">
  <token_anchor t_id="605"/>
</ENTITY_MENTION>
<ENTITY_MENTION m_id="130">
  <token_anchor t_id="473"/>
  <token_anchor t_id="474"/>
  <token_anchor t_id="475"/>
</ENTITY_MENTION>
<EVENT TAG_DESCRIPTOR="returned S19-SE - (Steve Jobs)" class="OTHER" instance_id="OTH57383309887481712" m_id="131"/><EVENT TAG_DESCRIPTOR="said S27-SE - (Steve Jobs)" class="SPEECH_COGNITIVE" external_ref="say.01" instance_id="SPE57384148051561770" m_id="132"/>
<EVENT TAG_DESCRIPTOR="rounded off S25-SE - (Steve Jobs)" class="OTHER" external_ref="round.04" instance_id="OTH57383518407250368" m_id="133"/><EVENT TAG_DESCRIPTOR="unveilling S25-SE - (Steve Jobs)" class="OTHER" instance_id="OTH57384051282765368" m_id="134"/>
<EVENT TAG_DESCRIPTOR="reveal S19-SE - (Steve Jobs)" class="OTHER" external_ref="reveal.01" instance_id="OTH57383428565670330" m_id="135"/><ENTITY TAG_DESCRIPTOR="iTunes music store" ent_type="PRO" external_ref="http://dbpedia.org/resource/ITunes_Store" instance_id="PRO19274271475601598" m_id="136"/></Markables>
<Relations>






<HAS_PARTICIPANT comment="" r_id="362325" sem_role="Argm-LOC" sem_role_framework="PROPBANK">
<source m_id="29"/>
<target m_id="5"/>
</HAS_PARTICIPANT>
<HAS_PARTICIPANT comment="" r_id="362326" sem_role="Arg0" sem_role_framework="PROPBANK">
<source m_id="29"/>
<target m_id="6"/>
</HAS_PARTICIPANT>
<HAS_PARTICIPANT comment="" r_id="362327" sem_role="Arg0" sem_role_framework="PROPBANK">
<source m_id="30"/>
<target m_id="6"/>
</HAS_PARTICIPANT>
<HAS_PARTICIPANT comment="" r_id="362328" sem_role="Arg1" sem_role_framework="PROPBANK">
<source m_id="30"/>
<target m_id="7"/>
</HAS_PARTICIPANT>
<HAS_PARTICIPANT comment="" r_id="362329" sem_role="Arg0" sem_role_framework="PROPBANK">
<source m_id="31"/>
<target m_id="9"/>
</HAS_PARTICIPANT>
<HAS_PARTICIPANT comment="" r_id="362330" sem_role="Arg1" sem_role_framework="PROPBANK">
<source m_id="31"/>
<target m_id="10"/>
</HAS_PARTICIPANT>
<HAS_PARTICIPANT comment="" r_id="362331" sem_role="Arg1" sem_role_framework="PROPBANK">
<source m_id="32"/>
<target m_id="17"/>
</HAS_PARTICIPANT>
<HAS_PARTICIPANT comment="" r_id="362332" sem_role="Arg0" sem_role_framework="PROPBANK">
<source m_id="32"/>
<target m_id="4"/>
</HAS_PARTICIPANT>
<HAS_PARTICIPANT comment="" r_id="362334" sem_role="Arg2" sem_role_framework="PROPBANK">
<source m_id="32"/>
<target m_id="18"/>
</HAS_PARTICIPANT>
<HAS_PARTICIPANT comment="" r_id="362335" sem_role="Arg0" sem_role_framework="PROPBANK">
<source m_id="33"/>
<target m_id="21"/>
</HAS_PARTICIPANT>
<HAS_PARTICIPANT comment="" r_id="362336" sem_role="Arg1" sem_role_framework="PROPBANK">
<source m_id="33"/>
<target m_id="19"/>
</HAS_PARTICIPANT>
<HAS_PARTICIPANT comment="" r_id="362337" sem_role="Arg0" sem_role_framework="PROPBANK">
<source m_id="35"/>
<target m_id="25"/>
</HAS_PARTICIPANT>
<HAS_PARTICIPANT comment="" r_id="362338" sem_role="Arg1" sem_role_framework="PROPBANK">
<source m_id="35"/>
<target m_id="27"/>
</HAS_PARTICIPANT>
<HAS_PARTICIPANT comment="" r_id="362339" sem_role="Arg1" sem_role_framework="PROPBANK">
<source m_id="36"/>
<target m_id="1"/>
</HAS_PARTICIPANT>
<HAS_PARTICIPANT comment="" r_id="362340" sem_role="Arg2" sem_role_framework="PROPBANK">
<source m_id="36"/>
<target m_id="2"/>
</HAS_PARTICIPANT>
<TLINK comment="" r_id="362346" reltype="BEFORE" signalID="">
<source m_id="31"/>
<target m_id="32"/>
</TLINK>
<TLINK comment="" r_id="362348" reltype="BEFORE" signalID="">
<source m_id="35"/>
<target m_id="36"/>
</TLINK>

<HAS_PARTICIPANT comment="" r_id="362355" sem_role="Arg0" sem_role_framework="PROPBANK">
<source m_id="37"/>
<target m_id="11"/>
</HAS_PARTICIPANT>
<HAS_PARTICIPANT comment="" r_id="362356" sem_role="Arg1" sem_role_framework="PROPBANK">
<source m_id="37"/>
<target m_id="16"/>
</HAS_PARTICIPANT>

<TLINK comment="" r_id="362359" reltype="IS_INCLUDED" signalID="">
<source m_id="29"/>
<target m_id="38"/>
</TLINK>
<SLINK r_id="362499">
<source m_id="35"/>
<target m_id="36"/>
</SLINK>
<TLINK comment="" r_id="366567" reltype="AFTER" signalID="">
<source m_id="40"/>
<target m_id="30"/>
</TLINK>
<TLINK comment="" r_id="366568" reltype="AFTER" signalID="">
<source m_id="40"/>
<target m_id="31"/>
</TLINK>
<TLINK comment="" r_id="366569" reltype="AFTER" signalID="">
<source m_id="40"/>
<target m_id="33"/>
</TLINK>
<TLINK comment="" r_id="366570" reltype="AFTER" signalID="">
<source m_id="40"/>
<target m_id="35"/>
</TLINK>
<TLINK comment="" r_id="366571" reltype="SIMULTANEOUS" signalID="">
<source m_id="30"/>
<target m_id="31"/>
</TLINK>
<TLINK comment="" r_id="366572" reltype="SIMULTANEOUS" signalID="">
<source m_id="31"/>
<target m_id="33"/>
</TLINK>
<TLINK comment="" r_id="366573" reltype="SIMULTANEOUS" signalID="">
<source m_id="33"/>
<target m_id="35"/>
</TLINK>
<TLINK comment="" r_id="366589" reltype="INCLUDES" signalID="">
<source m_id="29"/>
<target m_id="30"/>
</TLINK>



















<REFERS_TO r_id="366613">
<source m_id="123"/>
<target m_id="135"/>
</REFERS_TO>
<REFERS_TO r_id="366614">
<source m_id="2"/>
<target m_id="115"/>
</REFERS_TO>
<REFERS_TO r_id="366615">
<source m_id="3"/>
<source m_id="8"/>
<source m_id="9"/>
<source m_id="11"/>
<source m_id="20"/>
<source m_id="21"/>
<source m_id="22"/>
<source m_id="24"/>
<target m_id="114"/>
</REFERS_TO>
<REFERS_TO r_id="366616">
<source m_id="17"/>
<target m_id="117"/>
</REFERS_TO>
<REFERS_TO r_id="366617">
<source m_id="18"/>
<target m_id="116"/>
</REFERS_TO>
<REFERS_TO r_id="366618">
<source m_id="14"/>
<source m_id="27"/>
<target m_id="111"/>
</REFERS_TO>
<REFERS_TO r_id="366619">
<source m_id="128"/>
<target m_id="136"/>
</REFERS_TO>
<REFERS_TO r_id="366620">
<source m_id="1"/>
<target m_id="113"/>
</REFERS_TO>
<REFERS_TO r_id="366621">
<source m_id="122"/>
<target m_id="134"/>
</REFERS_TO>
<REFERS_TO r_id="366622">
<source m_id="7"/>
<source m_id="16"/>
<target m_id="119"/>
</REFERS_TO>
<REFERS_TO r_id="366623">
<source m_id="13"/>
<source m_id="19"/>
<source m_id="23"/>
<source m_id="26"/>
<target m_id="118"/>
</REFERS_TO>
<REFERS_TO r_id="366624">
<source m_id="124"/>
<target m_id="133"/>
</REFERS_TO>
<REFERS_TO r_id="366625">
<source m_id="4"/>
<source m_id="10"/>
<source m_id="12"/>
<source m_id="66"/>
<source m_id="15"/>
<target m_id="98"/>
</REFERS_TO>
<REFERS_TO r_id="366626">
<source m_id="28"/>
<target m_id="108"/>
</REFERS_TO>
<REFERS_TO r_id="366627">
<source m_id="5"/>
<target m_id="109"/>
</REFERS_TO>
<REFERS_TO r_id="366628">
<source m_id="120"/>
<target m_id="132"/>
</REFERS_TO>
<REFERS_TO r_id="366629">
<source m_id="6"/>
<source m_id="64"/>
<source m_id="65"/>
<source m_id="25"/>
<source m_id="129"/>
<source m_id="126"/>
<source m_id="125"/>
<source m_id="130"/>
<source m_id="127"/>
<target m_id="91"/>
</REFERS_TO>
<REFERS_TO r_id="366630">
<source m_id="30"/>
<target m_id="93"/>
</REFERS_TO>
<REFERS_TO r_id="366631">
<source m_id="35"/>
<target m_id="94"/>
</REFERS_TO>
<REFERS_TO r_id="366632">
<source m_id="34"/>
<target m_id="60"/>
</REFERS_TO>
<REFERS_TO r_id="366633">
<source m_id="37"/>
<target m_id="59"/>
</REFERS_TO>
<REFERS_TO r_id="366634">
<source m_id="29"/>
<target m_id="58"/>
</REFERS_TO>
<REFERS_TO r_id="366635">
<source m_id="38"/>
<source m_id="63"/>
<target m_id="61"/>
</REFERS_TO>
<REFERS_TO r_id="366636">
<source m_id="32"/>
<target m_id="55"/>
</REFERS_TO>
<REFERS_TO r_id="366637">
<source m_id="33"/>
<target m_id="54"/>
</REFERS_TO>
<REFERS_TO r_id="366638">
<source m_id="31"/>
<target m_id="56"/>
</REFERS_TO>
<REFERS_TO r_id="366639">
<source m_id="121"/>
<target m_id="131"/>
</REFERS_TO>
<REFERS_TO r_id="366640">
<source m_id="36"/>
<target m_id="52"/>
</REFERS_TO>
</Relations>
</Document>