<?xml version="1.0" ?><Document doc_id="30414" doc_name="30414_Apple_unveils_new_Intel-based_Mac" lang="en" url="http://en.wikinews.org/wiki/Apple_unveils_new_Intel-based_Mac">
<token number="0" sentence="0" t_id="1">Apple</token>
<token number="1" sentence="0" t_id="2">unveils</token>
<token number="2" sentence="0" t_id="3">new</token>
<token number="3" sentence="0" t_id="4">Intel-based</token>
<token number="4" sentence="0" t_id="5">Mac</token>
<token number="5" sentence="1" t_id="6">January</token>
<token number="6" sentence="1" t_id="7">11</token>
<token number="7" sentence="1" t_id="8">,</token>
<token number="8" sentence="1" t_id="9">2006</token>
<token number="9" sentence="2" t_id="10">Apple</token>
<token number="10" sentence="2" t_id="11">Computer</token>
<token number="11" sentence="2" t_id="12">announced</token>
<token number="12" sentence="2" t_id="13">on</token>
<token number="13" sentence="2" t_id="14">Tuesday</token>
<token number="14" sentence="2" t_id="15">the</token>
<token number="15" sentence="2" t_id="16">first</token>
<token number="16" sentence="2" t_id="17">generation</token>
<token number="17" sentence="2" t_id="18">of</token>
<token number="18" sentence="2" t_id="19">their</token>
<token number="19" sentence="2" t_id="20">products</token>
<token number="20" sentence="2" t_id="21">to</token>
<token number="21" sentence="2" t_id="22">use</token>
<token number="22" sentence="2" t_id="23">Intel</token>
<token number="23" sentence="2" t_id="24">processors</token>
<token number="24" sentence="2" t_id="25">.</token>
<token number="25" sentence="3" t_id="26">The</token>
<token number="26" sentence="3" t_id="27">iMac</token>
<token number="27" sentence="3" t_id="28">and</token>
<token number="28" sentence="3" t_id="29">the</token>
<token number="29" sentence="3" t_id="30">new</token>
<token number="30" sentence="3" t_id="31">MacBook</token>
<token number="31" sentence="3" t_id="32">Pro</token>
<token number="32" sentence="3" t_id="33">-</token>
<token number="33" sentence="3" t_id="34">a</token>
<token number="34" sentence="3" t_id="35">notebook</token>
<token number="35" sentence="3" t_id="36">computer</token>
<token number="36" sentence="3" t_id="37">replacing</token>
<token number="37" sentence="3" t_id="38">the</token>
<token number="38" sentence="3" t_id="39">PowerBook</token>
<token number="39" sentence="3" t_id="40">-</token>
<token number="40" sentence="3" t_id="41">are</token>
<token number="41" sentence="3" t_id="42">said</token>
<token number="42" sentence="3" t_id="43">to</token>
<token number="43" sentence="3" t_id="44">be</token>
<token number="44" sentence="3" t_id="45">up</token>
<token number="45" sentence="3" t_id="46">to</token>
<token number="46" sentence="3" t_id="47">four</token>
<token number="47" sentence="3" t_id="48">times</token>
<token number="48" sentence="3" t_id="49">faster</token>
<token number="49" sentence="3" t_id="50">than</token>
<token number="50" sentence="3" t_id="51">their</token>
<token number="51" sentence="3" t_id="52">predecessors</token>
<token number="52" sentence="3" t_id="53">(</token>
<token number="53" sentence="3" t_id="54">up</token>
<token number="54" sentence="3" t_id="55">to</token>
<token number="55" sentence="3" t_id="56">two</token>
<token number="56" sentence="3" t_id="57">times</token>
<token number="57" sentence="3" t_id="58">faster</token>
<token number="58" sentence="3" t_id="59">in</token>
<token number="59" sentence="3" t_id="60">the</token>
<token number="60" sentence="3" t_id="61">iMac</token>
<token number="61" sentence="3" t_id="62">,</token>
<token number="62" sentence="3" t_id="63">four</token>
<token number="63" sentence="3" t_id="64">times</token>
<token number="64" sentence="3" t_id="65">for</token>
<token number="65" sentence="3" t_id="66">the</token>
<token number="66" sentence="3" t_id="67">MacBook</token>
<token number="67" sentence="3" t_id="68">.</token>
<token number="68" sentence="3" t_id="69">)</token>
<token number="69" sentence="4" t_id="70">These</token>
<token number="70" sentence="4" t_id="71">new</token>
<token number="71" sentence="4" t_id="72">lines</token>
<token number="72" sentence="4" t_id="73">of</token>
<token number="73" sentence="4" t_id="74">computers</token>
<token number="74" sentence="4" t_id="75">have</token>
<token number="75" sentence="4" t_id="76">been</token>
<token number="76" sentence="4" t_id="77">set</token>
<token number="77" sentence="4" t_id="78">up</token>
<token number="78" sentence="4" t_id="79">to</token>
<token number="79" sentence="4" t_id="80">support</token>
<token number="80" sentence="4" t_id="81">the</token>
<token number="81" sentence="4" t_id="82">newest</token>
<token number="82" sentence="4" t_id="83">collection</token>
<token number="83" sentence="4" t_id="84">of</token>
<token number="84" sentence="4" t_id="85">Mac</token>
<token number="85" sentence="4" t_id="86">software</token>
<token number="86" sentence="4" t_id="87">entitled</token>
<token number="87" sentence="4" t_id="88">iLife</token>
<token number="88" sentence="4" t_id="89">,</token>
<token number="89" sentence="4" t_id="90">which</token>
<token number="90" sentence="4" t_id="91">has</token>
<token number="91" sentence="4" t_id="92">added</token>
<token number="92" sentence="4" t_id="93">internet</token>
<token number="93" sentence="4" t_id="94">publication</token>
<token number="94" sentence="4" t_id="95">software</token>
<token number="95" sentence="4" t_id="96">to</token>
<token number="96" sentence="4" t_id="97">its</token>
<token number="97" sentence="4" t_id="98">high-end</token>
<token number="98" sentence="4" t_id="99">graphics</token>
<token number="99" sentence="4" t_id="100">,</token>
<token number="100" sentence="4" t_id="101">video</token>
<token number="101" sentence="4" t_id="102">,</token>
<token number="102" sentence="4" t_id="103">and</token>
<token number="103" sentence="4" t_id="104">sound</token>
<token number="104" sentence="4" t_id="105">tools</token>
<token number="105" sentence="4" t_id="106">.</token>
<Markables>
<ENTITY_MENTION comment="" head="computer" m_id="1" syntactic_type="NOM">
<token_anchor t_id="34"/>
<token_anchor t_id="35"/>
<token_anchor t_id="36"/>
<token_anchor t_id="37"/>
<token_anchor t_id="38"/>
<token_anchor t_id="39"/>
</ENTITY_MENTION>
<ENTITY_MENTION comment="" head="tools" m_id="2" syntactic_type="NOM">
<token_anchor t_id="104"/>
<token_anchor t_id="105"/>
</ENTITY_MENTION>
<ENTITY_MENTION comment="" head="" m_id="3" syntactic_type="APP">
<token_anchor t_id="29"/>
<token_anchor t_id="30"/>
<token_anchor t_id="31"/>
<token_anchor t_id="32"/>
<token_anchor t_id="33"/>
<token_anchor t_id="34"/>
<token_anchor t_id="35"/>
<token_anchor t_id="36"/>
<token_anchor t_id="37"/>
<token_anchor t_id="38"/>
<token_anchor t_id="39"/>
</ENTITY_MENTION>
<ENTITY_MENTION comment="" head="" m_id="4" syntactic_type="NAM">
<token_anchor t_id="1"/>
</ENTITY_MENTION>
<ENTITY_MENTION comment="" head="collection" m_id="5" syntactic_type="NOM">
<token_anchor t_id="81"/>
<token_anchor t_id="82"/>
<token_anchor t_id="83"/>
<token_anchor t_id="84"/>
<token_anchor t_id="85"/>
<token_anchor t_id="86"/>
</ENTITY_MENTION>
<ENTITY_MENTION comment="" head="" m_id="6" syntactic_type="NAM">
<token_anchor t_id="3"/>
<token_anchor t_id="4"/>
<token_anchor t_id="5"/>
</ENTITY_MENTION>
<ENTITY_MENTION comment="" head="" m_id="7" syntactic_type="NAM">
<token_anchor t_id="38"/>
<token_anchor t_id="39"/>
</ENTITY_MENTION>
<ENTITY_MENTION comment="" head="iLife" m_id="8" syntactic_type="NAM">
<token_anchor t_id="88"/>
</ENTITY_MENTION>
<ENTITY_MENTION comment="" head="" m_id="9" syntactic_type="PRE.NAM">
<token_anchor t_id="4"/>
</ENTITY_MENTION>
<ENTITY_MENTION comment="" head="predecessors" m_id="10" syntactic_type="NOM">
<token_anchor t_id="51"/>
<token_anchor t_id="52"/>
</ENTITY_MENTION>
<ENTITY_MENTION comment="" head="" m_id="11" syntactic_type="PRO">
<token_anchor t_id="51"/>
</ENTITY_MENTION>
<ENTITY_MENTION comment="" head="" m_id="12" syntactic_type="NAM">
<token_anchor t_id="60"/>
<token_anchor t_id="61"/>
</ENTITY_MENTION>
<ENTITY_MENTION comment="" head="" m_id="13" syntactic_type="NAM">
<token_anchor t_id="66"/>
<token_anchor t_id="67"/>
</ENTITY_MENTION>
<ENTITY_MENTION comment="" head="lines" m_id="14" syntactic_type="NOM">
<token_anchor t_id="70"/>
<token_anchor t_id="71"/>
<token_anchor t_id="72"/>
<token_anchor t_id="73"/>
<token_anchor t_id="74"/>
</ENTITY_MENTION>
<ENTITY_MENTION comment="" head="" m_id="15" syntactic_type="CONJ">
<token_anchor t_id="26"/>
<token_anchor t_id="27"/>
<token_anchor t_id="28"/>
<token_anchor t_id="29"/>
<token_anchor t_id="30"/>
<token_anchor t_id="31"/>
<token_anchor t_id="32"/>
<token_anchor t_id="33"/>
<token_anchor t_id="34"/>
<token_anchor t_id="35"/>
<token_anchor t_id="36"/>
<token_anchor t_id="37"/>
<token_anchor t_id="38"/>
<token_anchor t_id="39"/>
</ENTITY_MENTION>
<ENTITY_MENTION comment="" head="collection" m_id="73" syntactic_type="NOM">
<token_anchor t_id="81"/>
<token_anchor t_id="82"/>
<token_anchor t_id="83"/>
<token_anchor t_id="84"/>
<token_anchor t_id="85"/>
<token_anchor t_id="86"/>
<token_anchor t_id="87"/>
<token_anchor t_id="88"/>
<token_anchor t_id="89"/>
<token_anchor t_id="90"/>
<token_anchor t_id="91"/>
<token_anchor t_id="92"/>
<token_anchor t_id="93"/>
<token_anchor t_id="94"/>
<token_anchor t_id="95"/>
<token_anchor t_id="96"/>
<token_anchor t_id="97"/>
<token_anchor t_id="98"/>
<token_anchor t_id="99"/>
<token_anchor t_id="100"/>
<token_anchor t_id="101"/>
<token_anchor t_id="102"/>
<token_anchor t_id="103"/>
<token_anchor t_id="104"/>
<token_anchor t_id="105"/>
</ENTITY_MENTION>
<ENTITY_MENTION comment="" head="" m_id="16" syntactic_type="NAM">
<token_anchor t_id="10"/>
<token_anchor t_id="11"/>
</ENTITY_MENTION>
<ENTITY_MENTION comment="" head="which" m_id="17" syntactic_type="PRO">
<token_anchor t_id="90"/>
</ENTITY_MENTION>
<ENTITY_MENTION comment="" head="generation" m_id="18" syntactic_type="NOM">
<token_anchor t_id="15"/>
<token_anchor t_id="16"/>
<token_anchor t_id="17"/>
<token_anchor t_id="18"/>
<token_anchor t_id="19"/>
<token_anchor t_id="20"/>
<token_anchor t_id="21"/>
<token_anchor t_id="22"/>
<token_anchor t_id="23"/>
<token_anchor t_id="24"/>
</ENTITY_MENTION>
<ENTITY_MENTION comment="" head="" m_id="19" syntactic_type="NAM">
<token_anchor t_id="23"/>
<token_anchor t_id="24"/>
</ENTITY_MENTION>
<ENTITY_MENTION comment="" head="software" m_id="20" syntactic_type="NOM">
<token_anchor t_id="93"/>
<token_anchor t_id="94"/>
<token_anchor t_id="95"/>
</ENTITY_MENTION>
<ENTITY_MENTION comment="" head="" m_id="21" syntactic_type="PRE.NAM">
<token_anchor t_id="23"/>
</ENTITY_MENTION>
<ENTITY_MENTION comment="" head="" m_id="22" syntactic_type="CONJ">
<token_anchor t_id="97"/>
<token_anchor t_id="98"/>
<token_anchor t_id="99"/>
<token_anchor t_id="100"/>
<token_anchor t_id="101"/>
<token_anchor t_id="102"/>
<token_anchor t_id="103"/>
<token_anchor t_id="104"/>
<token_anchor t_id="105"/>
</ENTITY_MENTION>
<ENTITY_MENTION comment="" head="" m_id="23" syntactic_type="PRO">
<token_anchor t_id="19"/>
</ENTITY_MENTION>
<ENTITY_MENTION comment="" head="its" m_id="24" syntactic_type="PRO">
<token_anchor t_id="97"/>
</ENTITY_MENTION>
<ENTITY_MENTION comment="" head="" m_id="25" syntactic_type="NAM">
<token_anchor t_id="26"/>
<token_anchor t_id="27"/>
</ENTITY_MENTION>
<ENTITY_MENTION comment="" head="" m_id="27" syntactic_type="NAM">
<token_anchor t_id="29"/>
<token_anchor t_id="30"/>
<token_anchor t_id="31"/>
<token_anchor t_id="32"/>
</ENTITY_MENTION>
<ENTITY_MENTION comment="" head="video" m_id="28" syntactic_type="NOM">
<token_anchor t_id="101"/>
</ENTITY_MENTION>
<EVENT_MENTION aspect="NONE" certainty="CERTAIN" comment="" m_id="29" modality="" polarity="POS" pos="VERB" pred="unveil" special_cases="NONE" tense="PRESENT" time="NON_FUTURE">
<token_anchor t_id="2"/>
</EVENT_MENTION>
<EVENT_MENTION aspect="" certainty="" comment="" m_id="30" modality="" polarity="" pos="" pred="" special_cases="" tense="" time="">
<token_anchor t_id="49"/>
</EVENT_MENTION>
<EVENT_MENTION aspect="" certainty="" comment="" m_id="31" modality="" polarity="" pos="" pred="" special_cases="" tense="" time="">
<token_anchor t_id="42"/>
</EVENT_MENTION>
<EVENT_MENTION aspect="NONE" certainty="CERTAIN" comment="" m_id="32" modality="" polarity="POS" pos="VERB" pred="announce" special_cases="NONE" tense="PAST" time="NON_FUTURE">
<token_anchor t_id="12"/>
</EVENT_MENTION>
<EVENT_MENTION aspect="NONE" certainty="CERTAIN" comment="" m_id="33" modality="" polarity="POS" pos="VERB" pred="use" special_cases="NONE" tense="INFINITIVE" time="NON_FUTURE">
<token_anchor t_id="22"/>
</EVENT_MENTION>
<EVENT_MENTION aspect="NONE" certainty="CERTAIN" comment="" m_id="34" modality="" polarity="POS" pos="VERB" pred="replace" special_cases="NONE" tense="PRESPART" time="NON_FUTURE">
<token_anchor t_id="37"/>
</EVENT_MENTION>
<EVENT_MENTION aspect="NONE" certainty="POSSIBLE" comment="" m_id="35" modality="" polarity="POS" pos="VERB" pred="be" special_cases="GEN" tense="INFINITIVE" time="NON_FUTURE">
<token_anchor t_id="44"/>
</EVENT_MENTION>
<EVENT_MENTION aspect="" certainty="" comment="" m_id="36" modality="" polarity="" pos="" pred="" special_cases="" tense="" time="">
<token_anchor t_id="58"/>
</EVENT_MENTION>
<EVENT_MENTION aspect="PERFECTIVE" certainty="CERTAIN" comment="" m_id="37" modality="" polarity="POS" pos="VERB" pred="set up" special_cases="NONE" tense="PRESENT" time="NON_FUTURE">
<token_anchor t_id="77"/>
<token_anchor t_id="78"/>
</EVENT_MENTION>
<EVENT_MENTION aspect="NONE" certainty="CERTAIN" comment="" m_id="38" modality="" polarity="POS" pos="VERB" pred="support" special_cases="NONE" tense="INFINITIVE" time="FUTURE">
<token_anchor t_id="80"/>
</EVENT_MENTION>
<EVENT_MENTION aspect="NONE" certainty="CERTAIN" comment="" m_id="39" modality="" polarity="POS" pos="VERB" pred="entitle" special_cases="GEN" tense="PASTPART" time="NON_FUTURE">
<token_anchor t_id="87"/>
</EVENT_MENTION>
<EVENT_MENTION aspect="PERFECTIVE" certainty="CERTAIN" comment="" m_id="40" modality="" polarity="POS" pos="VERB" pred="add" special_cases="NONE" tense="PRESENT" time="NON_FUTURE">
<token_anchor t_id="92"/>
</EVENT_MENTION>
<SIGNAL comment="" m_id="41">
<token_anchor t_id="13"/>
</SIGNAL>
<TIMEX3 anchorTimeID="" beginPoint="" comment="" endPoint="" functionInDocument="CREATION_TIME" m_id="42" type="DATE" value="2006-01-11">
<token_anchor t_id="6"/>
<token_anchor t_id="7"/>
<token_anchor t_id="8"/>
<token_anchor t_id="9"/>
</TIMEX3>
<TIMEX3 anchorTimeID="42" beginPoint="" comment="" endPoint="" functionInDocument="NONE" m_id="43" type="DATE" value="2006-01-10">
<token_anchor t_id="14"/>
</TIMEX3>
<VALUE comment="" m_id="44" type="QUANTITY">
<token_anchor t_id="56"/>
</VALUE>
<VALUE comment="" m_id="45" type="QUANTITY">
<token_anchor t_id="63"/>
</VALUE>
<VALUE comment="" m_id="46" type="QUANTITY">
<token_anchor t_id="47"/>
</VALUE>
<EVENT TAG_DESCRIPTOR="replace" class="OTHER" comment="" external_ref="" m_id="55"/>
<EVENT TAG_DESCRIPTOR="fast" class="OTHER" comment="" external_ref="" m_id="56"/>
<EVENT TAG_DESCRIPTOR="be" class="GRAMMATICAL" comment="" external_ref="" m_id="57"/>
<EVENT TAG_DESCRIPTOR="use" class="OTHER" comment="" external_ref="" m_id="58"/>
<EVENT TAG_DESCRIPTOR="announce" class="SPEECH_COGNITIVE" comment="" external_ref="" m_id="59"/>
<EVENT TAG_DESCRIPTOR="said" class="SPEECH_COGNITIVE" comment="" external_ref="" m_id="60"/>
<EVENT TAG_DESCRIPTOR="set up" class="OTHER" comment="" external_ref="" m_id="61"/>
<EVENT TAG_DESCRIPTOR="support" class="OTHER" comment="" external_ref="" m_id="62"/>
<EVENT TAG_DESCRIPTOR="add" class="OTHER" comment="" external_ref="" m_id="65"/>
<EVENT TAG_DESCRIPTOR="entitled" class="OTHER" comment="" external_ref="" m_id="70"/>
<EVENT TAG_DESCRIPTOR="unveil" class="OTHER" comment="" external_ref="" m_id="72"/>
<ENTITY TAG_DESCRIPTOR="iMac" ent_type="PRO" external_ref="http://dbpedia.org/resource/IMac" instance_id="PRO47184158209107352" m_id="115"/>
<ENTITY TAG_DESCRIPTOR="Macbook pro" ent_type="PRO" external_ref="http://dbpedia.org/resource/MacBook_Pro" instance_id="PRO47182979062909041" m_id="116"/><ENTITY TAG_DESCRIPTOR="iLife" ent_type="PRO" external_ref="http://dbpedia.org/resource/ILife" instance_id="PRO47184617051989699" m_id="117"/>
<ENTITY TAG_DESCRIPTOR="video tool" ent_type="PRO" instance_id="PRO47184660097499838" m_id="118"/><ENTITY TAG_DESCRIPTOR="Intel processors" ent_type="PRO" external_ref="http://dbpedia.org/resource/List_of_Intel_microprocessors" instance_id="PRO47083985639508399" m_id="119"/>
<ENTITY TAG_DESCRIPTOR="predecessor" ent_type="PRO" instance_id="PRO47184345966677594" m_id="120"/><ENTITY TAG_DESCRIPTOR="PowerBook" ent_type="PRO" external_ref="http://dbpedia.org/resource/PowerBook" instance_id="PRO47184274957934148" m_id="121"/>
<ENTITY TAG_DESCRIPTOR="sound tool" ent_type="PRO" instance_id="PRO47184715195821221" m_id="122"/><ENTITY TAG_DESCRIPTOR="first Apple products to use Intel processors" ent_type="PRO" instance_id="PRO47184074069458114" m_id="123"/>
<ENTITY TAG_DESCRIPTOR="APPLE" ent_type="ORG" external_ref="http://dbpedia.org/resource/Apple_Inc." instance_id="ORG19274271187160719" m_id="124"/><ENTITY TAG_DESCRIPTOR="internet pulblication software" ent_type="PRO" instance_id="PRO47184730394367165" m_id="125"/>
<ENTITY TAG_DESCRIPTOR="high-end graphics, video and sound tools" ent_type="PRO" instance_id="PRO47184899208275124" m_id="126"/><ENTITY TAG_DESCRIPTOR="Intel Inc." ent_type="ORG" external_ref="http://dbpedia.org/resource/Intel" instance_id="ORG47083917085614844" m_id="127"/></Markables>
<Relations>
<HAS_PARTICIPANT comment="" r_id="360882" sem_role="Arg0" sem_role_framework="PROPBANK">
<source m_id="32"/>
<target m_id="16"/>
</HAS_PARTICIPANT>
<HAS_PARTICIPANT comment="" r_id="360883" sem_role="Arg0" sem_role_framework="PROPBANK">
<source m_id="33"/>
<target m_id="18"/>
</HAS_PARTICIPANT>
<HAS_PARTICIPANT comment="" r_id="360884" sem_role="Arg1" sem_role_framework="PROPBANK">
<source m_id="33"/>
<target m_id="19"/>
</HAS_PARTICIPANT>
<SLINK comment="" r_id="360885">
<source m_id="32"/>
<target m_id="33"/>
</SLINK>
<HAS_PARTICIPANT comment="" r_id="360886" sem_role="Arg1" sem_role_framework="PROPBANK">
<source m_id="31"/>
<target m_id="15"/>
</HAS_PARTICIPANT>
<HAS_PARTICIPANT comment="" r_id="360887" sem_role="Arg1" sem_role_framework="PROPBANK">
<source m_id="35"/>
<target m_id="15"/>
</HAS_PARTICIPANT>
<HAS_PARTICIPANT comment="" r_id="360888" sem_role="Arg2" sem_role_framework="PROPBANK">
<source m_id="35"/>
<target m_id="10"/>
</HAS_PARTICIPANT>
<HAS_PARTICIPANT comment="" r_id="360889" sem_role="Arg2" sem_role_framework="PROPBANK">
<source m_id="35"/>
<target m_id="12"/>
</HAS_PARTICIPANT>
<HAS_PARTICIPANT comment="" r_id="360890" sem_role="Arg2" sem_role_framework="PROPBANK">
<source m_id="35"/>
<target m_id="13"/>
</HAS_PARTICIPANT>
<SLINK comment="" r_id="360891">
<source m_id="31"/>
<target m_id="35"/>
</SLINK>
<GLINK comment="" r_id="360893">
<source m_id="35"/>
<target m_id="30"/>
</GLINK>
<TLINK comment="" r_id="360894" reltype="BEFORE" signalID="">
<source m_id="32"/>
<target m_id="42"/>
</TLINK>
<TLINK comment="" r_id="360895" reltype="IS_INCLUDED" signalID="">
<source m_id="32"/>
<target m_id="31"/>
</TLINK>
<TLINK comment="" r_id="360896" reltype="IS_INCLUDED" signalID="41">
<source m_id="32"/>
<target m_id="43"/>
</TLINK>





<TLINK comment="" r_id="360910" reltype="IS_INCLUDED" signalID="">
<source m_id="32"/>
<target m_id="33"/>
</TLINK>
<TLINK comment="" r_id="360911" reltype="SIMULTANEOUS" signalID="">
<source m_id="35"/>
<target m_id="34"/>
</TLINK>




<HAS_PARTICIPANT comment="" r_id="360922" sem_role="Arg1" sem_role_framework="PROPBANK">
<source m_id="37"/>
<target m_id="14"/>
</HAS_PARTICIPANT>
<HAS_PARTICIPANT comment="" r_id="360923" sem_role="Arg1" sem_role_framework="PROPBANK">
<source m_id="38"/>
<target m_id="73"/>
</HAS_PARTICIPANT>
<HAS_PARTICIPANT comment="" r_id="360924" sem_role="Arg1" sem_role_framework="PROPBANK">
<source m_id="39"/>
<target m_id="5"/>
</HAS_PARTICIPANT>
<HAS_PARTICIPANT comment="" r_id="360925" sem_role="Arg1" sem_role_framework="PROPBANK">
<source m_id="39"/>
<target m_id="8"/>
</HAS_PARTICIPANT>
<HAS_PARTICIPANT comment="" r_id="360926" sem_role="Arg0" sem_role_framework="PROPBANK">
<source m_id="40"/>
<target m_id="17"/>
</HAS_PARTICIPANT>
<HAS_PARTICIPANT comment="" r_id="360927" sem_role="Arg1" sem_role_framework="PROPBANK">
<source m_id="40"/>
<target m_id="20"/>
</HAS_PARTICIPANT>
<HAS_PARTICIPANT comment="" r_id="360928" sem_role="Arg2" sem_role_framework="PROPBANK">
<source m_id="40"/>
<target m_id="22"/>
</HAS_PARTICIPANT>
<TLINK comment="" r_id="360929" reltype="IS_INCLUDED" signalID="">
<source m_id="31"/>
<target m_id="37"/>
</TLINK>

<HAS_PARTICIPANT comment="" r_id="360931" sem_role="Arg0" sem_role_framework="PROPBANK">
<source m_id="29"/>
<target m_id="4"/>
</HAS_PARTICIPANT>
<HAS_PARTICIPANT comment="" r_id="360932" sem_role="Arg1" sem_role_framework="PROPBANK">
<source m_id="29"/>
<target m_id="6"/>
</HAS_PARTICIPANT>
<GLINK comment="" r_id="360934">
<source m_id="35"/>
<target m_id="36"/>
</GLINK>

<TLINK comment="" r_id="366565" reltype="BEFORE" signalID="">
<source m_id="42"/>
<target m_id="37"/>
</TLINK>












<REFERS_TO r_id="366578">
<source m_id="21"/>
<target m_id="127"/>
</REFERS_TO>
<REFERS_TO r_id="366579">
<source m_id="12"/>
<source m_id="25"/>
<target m_id="115"/>
</REFERS_TO>
<REFERS_TO r_id="366580">
<source m_id="37"/>
<target m_id="61"/>
</REFERS_TO>
<REFERS_TO r_id="366581">
<source m_id="5"/>
<source m_id="8"/>
<source m_id="73"/>
<source m_id="17"/>
<source m_id="24"/>
<target m_id="117"/>
</REFERS_TO>
<REFERS_TO r_id="366582">
<source m_id="1"/>
<source m_id="3"/>
<source m_id="13"/>
<source m_id="27"/>
<target m_id="116"/>
</REFERS_TO>
<REFERS_TO r_id="366583">
<source m_id="40"/>
<target m_id="65"/>
</REFERS_TO>
<REFERS_TO r_id="366584">
<source m_id="9"/>
<source m_id="19"/>
<target m_id="119"/>
</REFERS_TO>
<REFERS_TO r_id="366585">
<source m_id="28"/>
<target m_id="118"/>
</REFERS_TO>
<REFERS_TO r_id="366586">
<source m_id="10"/>
<target m_id="120"/>
</REFERS_TO>
<REFERS_TO r_id="366587">
<source m_id="7"/>
<target m_id="121"/>
</REFERS_TO>
<REFERS_TO r_id="366588">
<source m_id="2"/>
<target m_id="122"/>
</REFERS_TO>
<REFERS_TO r_id="366589">
<source m_id="6"/>
<source m_id="11"/>
<source m_id="14"/>
<source m_id="15"/>
<source m_id="18"/>
<target m_id="123"/>
</REFERS_TO>
<REFERS_TO r_id="366590">
<source m_id="4"/>
<source m_id="16"/>
<source m_id="23"/>
<target m_id="124"/>
</REFERS_TO>
<REFERS_TO r_id="366591">
<source m_id="20"/>
<target m_id="125"/>
</REFERS_TO>
<REFERS_TO r_id="366592">
<source m_id="22"/>
<target m_id="126"/>
</REFERS_TO>
<REFERS_TO r_id="366593">
<source m_id="39"/>
<target m_id="70"/>
</REFERS_TO>
<REFERS_TO r_id="366594">
<source m_id="31"/>
<target m_id="60"/>
</REFERS_TO>
<REFERS_TO r_id="366595">
<source m_id="32"/>
<target m_id="59"/>
</REFERS_TO>
<REFERS_TO r_id="366596">
<source m_id="33"/>
<target m_id="58"/>
</REFERS_TO>
<REFERS_TO r_id="366597">
<source m_id="34"/>
<target m_id="55"/>
</REFERS_TO>
<REFERS_TO r_id="366598">
<source m_id="35"/>
<target m_id="57"/>
</REFERS_TO>
<REFERS_TO r_id="366599">
<source m_id="36"/>
<source m_id="30"/>
<target m_id="56"/>
</REFERS_TO>
<REFERS_TO r_id="366600">
<source m_id="38"/>
<target m_id="62"/>
</REFERS_TO>
<REFERS_TO r_id="366601">
<source m_id="29"/>
<target m_id="72"/>
</REFERS_TO>
</Relations>
</Document>