<?xml version="1.0" ?><Document doc_id="37313" doc_name="37313_Beatles_Apple_Corps" lang="en" url="http://en.wikinews.org/wiki/Beatles'_Apple_Corps_sues_Apple_Computer">
<token number="0" sentence="0" t_id="1">Beatles</token>
<token number="1" sentence="0" t_id="2">'</token>
<token number="2" sentence="0" t_id="3">Apple</token>
<token number="3" sentence="0" t_id="4">Corps</token>
<token number="4" sentence="0" t_id="5">sues</token>
<token number="5" sentence="0" t_id="6">Apple</token>
<token number="6" sentence="0" t_id="7">Computer</token>
<token number="7" sentence="1" t_id="8">March</token>
<token number="8" sentence="1" t_id="9">28</token>
<token number="9" sentence="1" t_id="10">,</token>
<token number="10" sentence="1" t_id="11">2006</token>
<token number="11" sentence="2" t_id="12">The</token>
<token number="12" sentence="2" t_id="13">Beatles</token>
<token number="13" sentence="2" t_id="14">'</token>
<token number="14" sentence="2" t_id="15">Apple</token>
<token number="15" sentence="2" t_id="16">Corps</token>
<token number="16" sentence="2" t_id="17">has</token>
<token number="17" sentence="2" t_id="18">filed</token>
<token number="18" sentence="2" t_id="19">a</token>
<token number="19" sentence="2" t_id="20">lawsuit</token>
<token number="20" sentence="2" t_id="21">against</token>
<token number="21" sentence="2" t_id="22">computer</token>
<token number="22" sentence="2" t_id="23">and</token>
<token number="23" sentence="2" t_id="24">electronics</token>
<token number="24" sentence="2" t_id="25">maker</token>
<token number="25" sentence="2" t_id="26">Apple</token>
<token number="26" sentence="2" t_id="27">Computer</token>
<token number="27" sentence="2" t_id="28">in</token>
<token number="28" sentence="2" t_id="29">a</token>
<token number="29" sentence="2" t_id="30">London</token>
<token number="30" sentence="2" t_id="31">court</token>
<token number="31" sentence="2" t_id="32">this</token>
<token number="32" sentence="2" t_id="33">week</token>
<token number="33" sentence="2" t_id="34">,</token>
<token number="34" sentence="2" t_id="35">the</token>
<token number="35" sentence="2" t_id="36">third</token>
<token number="36" sentence="2" t_id="37">such</token>
<token number="37" sentence="2" t_id="38">lawsuit</token>
<token number="38" sentence="2" t_id="39">in</token>
<token number="39" sentence="2" t_id="40">a</token>
<token number="40" sentence="2" t_id="41">long</token>
<token number="41" sentence="2" t_id="42">running</token>
<token number="42" sentence="2" t_id="43">trademark</token>
<token number="43" sentence="2" t_id="44">dispute</token>
<token number="44" sentence="2" t_id="45">between</token>
<token number="45" sentence="2" t_id="46">the</token>
<token number="46" sentence="2" t_id="47">two</token>
<token number="47" sentence="2" t_id="48">companies</token>
<token number="48" sentence="2" t_id="49">.</token>
<token number="49" sentence="3" t_id="50">Apple</token>
<token number="50" sentence="3" t_id="51">Corps</token>
<token number="51" sentence="3" t_id="52">claims</token>
<token number="52" sentence="3" t_id="53">that</token>
<token number="53" sentence="3" t_id="54">Apple</token>
<token number="54" sentence="3" t_id="55">Computer</token>
<token number="55" sentence="3" t_id="56">'s</token>
<token number="56" sentence="3" t_id="57">iTunes</token>
<token number="57" sentence="3" t_id="58">Music</token>
<token number="58" sentence="3" t_id="59">Store</token>
<token number="59" sentence="3" t_id="60">violates</token>
<token number="60" sentence="3" t_id="61">an</token>
<token number="61" sentence="3" t_id="62">agreement</token>
<token number="62" sentence="3" t_id="63">reached</token>
<token number="63" sentence="3" t_id="64">between</token>
<token number="64" sentence="3" t_id="65">the</token>
<token number="65" sentence="3" t_id="66">two</token>
<token number="66" sentence="3" t_id="67">companies</token>
<token number="67" sentence="3" t_id="68">in</token>
<token number="68" sentence="3" t_id="69">1991</token>
<token number="69" sentence="3" t_id="70">,</token>
<token number="70" sentence="3" t_id="71">which</token>
<token number="71" sentence="3" t_id="72">barred</token>
<token number="72" sentence="3" t_id="73">Apple</token>
<token number="73" sentence="3" t_id="74">Computer</token>
<token number="74" sentence="3" t_id="75">from</token>
<token number="75" sentence="3" t_id="76">using</token>
<token number="76" sentence="3" t_id="77">the</token>
<token number="77" sentence="3" t_id="78">&quot;</token>
<token number="78" sentence="3" t_id="79">Apple</token>
<token number="79" sentence="3" t_id="80">&quot;</token>
<token number="80" sentence="3" t_id="81">brand</token>
<token number="81" sentence="3" t_id="82">in</token>
<token number="82" sentence="3" t_id="83">certain</token>
<token number="83" sentence="3" t_id="84">uses</token>
<token number="84" sentence="3" t_id="85">in</token>
<token number="85" sentence="3" t_id="86">the</token>
<token number="86" sentence="3" t_id="87">music</token>
<token number="87" sentence="3" t_id="88">business</token>
<token number="88" sentence="3" t_id="89">.</token>
<token number="89" sentence="4" t_id="90">The</token>
<token number="90" sentence="4" t_id="91">trial</token>
<token number="91" sentence="4" t_id="92">is</token>
<token number="92" sentence="4" t_id="93">set</token>
<token number="93" sentence="4" t_id="94">to</token>
<token number="94" sentence="4" t_id="95">begin</token>
<token number="95" sentence="4" t_id="96">on</token>
<token number="96" sentence="4" t_id="97">Wednesday</token>
<token number="97" sentence="4" t_id="98">in</token>
<token number="98" sentence="4" t_id="99">the</token>
<token number="99" sentence="4" t_id="100">Royal</token>
<token number="100" sentence="4" t_id="101">Courts</token>
<token number="101" sentence="4" t_id="102">of</token>
<token number="102" sentence="4" t_id="103">Justice</token>
<token number="103" sentence="4" t_id="104">,</token>
<token number="104" sentence="4" t_id="105">located</token>
<token number="105" sentence="4" t_id="106">in</token>
<token number="106" sentence="4" t_id="107">central</token>
<token number="107" sentence="4" t_id="108">London</token>
<token number="108" sentence="4" t_id="109">.</token>
<token number="109" sentence="5" t_id="110">Presiding</token>
<token number="110" sentence="5" t_id="111">Judge</token>
<token number="111" sentence="5" t_id="112">Martin</token>
<token number="112" sentence="5" t_id="113">Mann</token>
<token number="113" sentence="5" t_id="114">has</token>
<token number="114" sentence="5" t_id="115">stated</token>
<token number="115" sentence="5" t_id="116">that</token>
<token number="116" sentence="5" t_id="117">he</token>
<token number="117" sentence="5" t_id="118">owns</token>
<token number="118" sentence="5" t_id="119">an</token>
<token number="119" sentence="5" t_id="120">iPod</token>
<token number="120" sentence="5" t_id="121">portable</token>
<token number="121" sentence="5" t_id="122">music</token>
<token number="122" sentence="5" t_id="123">player</token>
<token number="123" sentence="5" t_id="124">,</token>
<token number="124" sentence="5" t_id="125">which</token>
<token number="125" sentence="5" t_id="126">is</token>
<token number="126" sentence="5" t_id="127">made</token>
<token number="127" sentence="5" t_id="128">by</token>
<token number="128" sentence="5" t_id="129">Apple</token>
<token number="129" sentence="5" t_id="130">Computer</token>
<token number="130" sentence="5" t_id="131">and</token>
<token number="131" sentence="5" t_id="132">marketed</token>
<token number="132" sentence="5" t_id="133">alongside</token>
<token number="133" sentence="5" t_id="134">the</token>
<token number="134" sentence="5" t_id="135">iTunes</token>
<token number="135" sentence="5" t_id="136">Music</token>
<token number="136" sentence="5" t_id="137">Store</token>
<token number="137" sentence="5" t_id="138">.</token>
<token number="138" sentence="6" t_id="139">Apple</token>
<token number="139" sentence="6" t_id="140">Corps</token>
<token number="140" sentence="6" t_id="141">has</token>
<token number="141" sentence="6" t_id="142">twice</token>
<token number="142" sentence="6" t_id="143">before</token>
<token number="143" sentence="6" t_id="144">sued</token>
<token number="144" sentence="6" t_id="145">Apple</token>
<token number="145" sentence="6" t_id="146">Computer</token>
<token number="146" sentence="6" t_id="147">over</token>
<token number="147" sentence="6" t_id="148">its</token>
<token number="148" sentence="6" t_id="149">use</token>
<token number="149" sentence="6" t_id="150">of</token>
<token number="150" sentence="6" t_id="151">the</token>
<token number="151" sentence="6" t_id="152">&quot;</token>
<token number="152" sentence="6" t_id="153">Apple</token>
<token number="153" sentence="6" t_id="154">&quot;</token>
<token number="154" sentence="6" t_id="155">name</token>
<token number="155" sentence="6" t_id="156">.</token>
<token number="156" sentence="7" t_id="157">The</token>
<token number="157" sentence="7" t_id="158">first</token>
<token number="158" sentence="7" t_id="159">lawsuit</token>
<token number="159" sentence="7" t_id="160">was</token>
<token number="160" sentence="7" t_id="161">settled</token>
<token number="161" sentence="7" t_id="162">out</token>
<token number="162" sentence="7" t_id="163">of</token>
<token number="163" sentence="7" t_id="164">court</token>
<token number="164" sentence="7" t_id="165">in</token>
<token number="165" sentence="7" t_id="166">1981</token>
<token number="166" sentence="7" t_id="167">,</token>
<token number="167" sentence="7" t_id="168">with</token>
<token number="168" sentence="7" t_id="169">the</token>
<token number="169" sentence="7" t_id="170">young</token>
<token number="170" sentence="7" t_id="171">computer</token>
<token number="171" sentence="7" t_id="172">maker</token>
<token number="172" sentence="7" t_id="173">paying</token>
<token number="173" sentence="7" t_id="174">$</token>
<token number="174" sentence="7" t_id="175">80,000</token>
<token number="175" sentence="7" t_id="176">and</token>
<token number="176" sentence="7" t_id="177">agreeing</token>
<token number="177" sentence="7" t_id="178">to</token>
<token number="178" sentence="7" t_id="179">stay</token>
<token number="179" sentence="7" t_id="180">out</token>
<token number="180" sentence="7" t_id="181">of</token>
<token number="181" sentence="7" t_id="182">the</token>
<token number="182" sentence="7" t_id="183">music</token>
<token number="183" sentence="7" t_id="184">business</token>
<token number="184" sentence="7" t_id="185">.</token>
<token number="185" sentence="8" t_id="186">In</token>
<token number="186" sentence="8" t_id="187">the</token>
<token number="187" sentence="8" t_id="188">late</token>
<token number="188" sentence="8" t_id="189">1980</token>
<token number="189" sentence="8" t_id="190">'s</token>
<token number="190" sentence="8" t_id="191">Apple</token>
<token number="191" sentence="8" t_id="192">Computer</token>
<token number="192" sentence="8" t_id="193">added</token>
<token number="193" sentence="8" t_id="194">audio</token>
<token number="194" sentence="8" t_id="195">recording</token>
<token number="195" sentence="8" t_id="196">abilities</token>
<token number="196" sentence="8" t_id="197">to</token>
<token number="197" sentence="8" t_id="198">its</token>
<token number="198" sentence="8" t_id="199">Macintosh</token>
<token number="199" sentence="8" t_id="200">computers</token>
<token number="200" sentence="8" t_id="201">,</token>
<token number="201" sentence="8" t_id="202">prompting</token>
<token number="202" sentence="8" t_id="203">Apple</token>
<token number="203" sentence="8" t_id="204">Corps</token>
<token number="204" sentence="8" t_id="205">to</token>
<token number="205" sentence="8" t_id="206">file</token>
<token number="206" sentence="8" t_id="207">suit</token>
<token number="207" sentence="8" t_id="208">again</token>
<token number="208" sentence="8" t_id="209">in</token>
<token number="209" sentence="8" t_id="210">1989</token>
<token number="210" sentence="8" t_id="211">.</token>
<token number="211" sentence="9" t_id="212">That</token>
<token number="212" sentence="9" t_id="213">lawsuit</token>
<token number="213" sentence="9" t_id="214">was</token>
<token number="214" sentence="9" t_id="215">settled</token>
<token number="215" sentence="9" t_id="216">in</token>
<token number="216" sentence="9" t_id="217">1991</token>
<token number="217" sentence="9" t_id="218">,</token>
<token number="218" sentence="9" t_id="219">also</token>
<token number="219" sentence="9" t_id="220">out</token>
<token number="220" sentence="9" t_id="221">of</token>
<token number="221" sentence="9" t_id="222">court</token>
<token number="222" sentence="9" t_id="223">,</token>
<token number="223" sentence="9" t_id="224">with</token>
<token number="224" sentence="9" t_id="225">Apple</token>
<token number="225" sentence="9" t_id="226">paying</token>
<token number="226" sentence="9" t_id="227">$</token>
<token number="227" sentence="9" t_id="228">26.5</token>
<token number="228" sentence="9" t_id="229">million</token>
<token number="229" sentence="9" t_id="230">.</token>
<token number="230" sentence="10" t_id="231">The</token>
<token number="231" sentence="10" t_id="232">settlement</token>
<token number="232" sentence="10" t_id="233">included</token>
<token number="233" sentence="10" t_id="234">a</token>
<token number="234" sentence="10" t_id="235">more</token>
<token number="235" sentence="10" t_id="236">specific</token>
<token number="236" sentence="10" t_id="237">agreement</token>
<token number="237" sentence="10" t_id="238">over</token>
<token number="238" sentence="10" t_id="239">the</token>
<token number="239" sentence="10" t_id="240">boundaries</token>
<token number="240" sentence="10" t_id="241">between</token>
<token number="241" sentence="10" t_id="242">the</token>
<token number="242" sentence="10" t_id="243">two</token>
<token number="243" sentence="10" t_id="244">brands</token>
<token number="244" sentence="10" t_id="245">:</token>
<token number="245" sentence="10" t_id="246">Apple</token>
<token number="246" sentence="10" t_id="247">Computer</token>
<token number="247" sentence="10" t_id="248">was</token>
<token number="248" sentence="10" t_id="249">allowed</token>
<token number="249" sentence="10" t_id="250">to</token>
<token number="250" sentence="10" t_id="251">use</token>
<token number="251" sentence="10" t_id="252">its</token>
<token number="252" sentence="10" t_id="253">name</token>
<token number="253" sentence="10" t_id="254">to</token>
<token number="254" sentence="10" t_id="255">market</token>
<token number="255" sentence="10" t_id="256">&quot;</token>
<token number="256" sentence="10" t_id="257">goods</token>
<token number="257" sentence="10" t_id="258">or</token>
<token number="258" sentence="10" t_id="259">services</token>
<token number="259" sentence="10" t_id="260">...</token>
<token number="260" sentence="10" t_id="261">used</token>
<token number="261" sentence="10" t_id="262">to</token>
<token number="262" sentence="10" t_id="263">reproduce</token>
<token number="263" sentence="10" t_id="264">,</token>
<token number="264" sentence="10" t_id="265">run</token>
<token number="265" sentence="10" t_id="266">,</token>
<token number="266" sentence="10" t_id="267">play</token>
<token number="267" sentence="10" t_id="268">or</token>
<token number="268" sentence="10" t_id="269">otherwise</token>
<token number="269" sentence="10" t_id="270">deliver</token>
<token number="270" sentence="10" t_id="271">such</token>
<token number="271" sentence="10" t_id="272">[</token>
<token number="272" sentence="10" t_id="273">music</token>
<token number="273" sentence="10" t_id="274">]</token>
<token number="274" sentence="10" t_id="275">content</token>
<token number="275" sentence="10" t_id="276">,</token>
<token number="276" sentence="10" t_id="277">&quot;</token>
<token number="277" sentence="10" t_id="278">but</token>
<token number="278" sentence="10" t_id="279">barred</token>
<token number="279" sentence="10" t_id="280">from</token>
<token number="280" sentence="10" t_id="281">distributing</token>
<token number="281" sentence="10" t_id="282">music</token>
<token number="282" sentence="10" t_id="283">on</token>
<token number="283" sentence="10" t_id="284">a</token>
<token number="284" sentence="10" t_id="285">physical</token>
<token number="285" sentence="10" t_id="286">medium</token>
<token number="286" sentence="10" t_id="287">such</token>
<token number="287" sentence="10" t_id="288">as</token>
<token number="288" sentence="10" t_id="289">CD</token>
<token number="289" sentence="10" t_id="290">or</token>
<token number="290" sentence="10" t_id="291">cassette</token>
<token number="291" sentence="10" t_id="292">.</token>
<token number="292" sentence="11" t_id="293">Apple</token>
<token number="293" sentence="11" t_id="294">Corps</token>
<token number="294" sentence="11" t_id="295">'</token>
<token number="295" sentence="11" t_id="296">latest</token>
<token number="296" sentence="11" t_id="297">suit</token>
<token number="297" sentence="11" t_id="298">,</token>
<token number="298" sentence="11" t_id="299">filed</token>
<token number="299" sentence="11" t_id="300">in</token>
<token number="300" sentence="11" t_id="301">September</token>
<token number="301" sentence="11" t_id="302">2003</token>
<token number="302" sentence="11" t_id="303">,</token>
<token number="303" sentence="11" t_id="304">claims</token>
<token number="304" sentence="11" t_id="305">that</token>
<token number="305" sentence="11" t_id="306">the</token>
<token number="306" sentence="11" t_id="307">computer</token>
<token number="307" sentence="11" t_id="308">company</token>
<token number="308" sentence="11" t_id="309">violated</token>
<token number="309" sentence="11" t_id="310">the</token>
<token number="310" sentence="11" t_id="311">1991</token>
<token number="311" sentence="11" t_id="312">agreement</token>
<token number="312" sentence="11" t_id="313">with</token>
<token number="313" sentence="11" t_id="314">its</token>
<token number="314" sentence="11" t_id="315">iTunes</token>
<token number="315" sentence="11" t_id="316">Music</token>
<token number="316" sentence="11" t_id="317">Store</token>
<token number="317" sentence="11" t_id="318">,</token>
<token number="318" sentence="11" t_id="319">which</token>
<token number="319" sentence="11" t_id="320">sells</token>
<token number="320" sentence="11" t_id="321">digital</token>
<token number="321" sentence="11" t_id="322">music</token>
<token number="322" sentence="11" t_id="323">that</token>
<token number="323" sentence="11" t_id="324">can</token>
<token number="324" sentence="11" t_id="325">be</token>
<token number="325" sentence="11" t_id="326">downloaded</token>
<token number="326" sentence="11" t_id="327">to</token>
<token number="327" sentence="11" t_id="328">personal</token>
<token number="328" sentence="11" t_id="329">computers</token>
<token number="329" sentence="11" t_id="330">.</token>
<token number="330" sentence="12" t_id="331">A</token>
<token number="331" sentence="12" t_id="332">statement</token>
<token number="332" sentence="12" t_id="333">from</token>
<token number="333" sentence="12" t_id="334">Apple</token>
<token number="334" sentence="12" t_id="335">Computer</token>
<token number="335" sentence="12" t_id="336">stated</token>
<token number="336" sentence="12" t_id="337">that</token>
<token number="337" sentence="12" t_id="338">&quot;</token>
<token number="338" sentence="12" t_id="339">Apple</token>
<token number="339" sentence="12" t_id="340">and</token>
<token number="340" sentence="12" t_id="341">Apple</token>
<token number="341" sentence="12" t_id="342">Corps</token>
<token number="342" sentence="12" t_id="343">now</token>
<token number="343" sentence="12" t_id="344">have</token>
<token number="344" sentence="12" t_id="345">differing</token>
<token number="345" sentence="12" t_id="346">interpretations</token>
<token number="346" sentence="12" t_id="347">of</token>
<token number="347" sentence="12" t_id="348">this</token>
<token number="348" sentence="12" t_id="349">agreement</token>
<token number="349" sentence="12" t_id="350">and</token>
<token number="350" sentence="12" t_id="351">will</token>
<token number="351" sentence="12" t_id="352">need</token>
<token number="352" sentence="12" t_id="353">to</token>
<token number="353" sentence="12" t_id="354">ask</token>
<token number="354" sentence="12" t_id="355">a</token>
<token number="355" sentence="12" t_id="356">court</token>
<token number="356" sentence="12" t_id="357">to</token>
<token number="357" sentence="12" t_id="358">resolve</token>
<token number="358" sentence="12" t_id="359">this</token>
<token number="359" sentence="12" t_id="360">dispute</token>
<token number="360" sentence="12" t_id="361">.</token>
<token number="361" sentence="12" t_id="362">&quot;</token>
<token number="362" sentence="13" t_id="363">Some</token>
<token number="363" sentence="13" t_id="364">observers</token>
<token number="364" sentence="13" t_id="365">have</token>
<token number="365" sentence="13" t_id="366">suggested</token>
<token number="366" sentence="13" t_id="367">that</token>
<token number="367" sentence="13" t_id="368">the</token>
<token number="368" sentence="13" t_id="369">wording</token>
<token number="369" sentence="13" t_id="370">of</token>
<token number="370" sentence="13" t_id="371">the</token>
<token number="371" sentence="13" t_id="372">1991</token>
<token number="372" sentence="13" t_id="373">agreement</token>
<token number="373" sentence="13" t_id="374">,</token>
<token number="374" sentence="13" t_id="375">which</token>
<token number="375" sentence="13" t_id="376">did</token>
<token number="376" sentence="13" t_id="377">not</token>
<token number="377" sentence="13" t_id="378">explicitly</token>
<token number="378" sentence="13" t_id="379">bar</token>
<token number="379" sentence="13" t_id="380">digital</token>
<token number="380" sentence="13" t_id="381">music</token>
<token number="381" sentence="13" t_id="382">distribution</token>
<token number="382" sentence="13" t_id="383">,</token>
<token number="383" sentence="13" t_id="384">could</token>
<token number="384" sentence="13" t_id="385">be</token>
<token number="385" sentence="13" t_id="386">to</token>
<token number="386" sentence="13" t_id="387">Apple</token>
<token number="387" sentence="13" t_id="388">Computer</token>
<token number="388" sentence="13" t_id="389">'s</token>
<token number="389" sentence="13" t_id="390">advantage</token>
<token number="390" sentence="13" t_id="391">.</token>
<token number="391" sentence="14" t_id="392">A</token>
<token number="392" sentence="14" t_id="393">similar</token>
<token number="393" sentence="14" t_id="394">suit</token>
<token number="394" sentence="14" t_id="395">was</token>
<token number="395" sentence="14" t_id="396">filed</token>
<token number="396" sentence="14" t_id="397">simultaneously</token>
<token number="397" sentence="14" t_id="398">in</token>
<token number="398" sentence="14" t_id="399">California</token>
<token number="399" sentence="14" t_id="400">,</token>
<token number="400" sentence="14" t_id="401">Apple</token>
<token number="401" sentence="14" t_id="402">Computer</token>
<token number="402" sentence="14" t_id="403">'s</token>
<token number="403" sentence="14" t_id="404">home</token>
<token number="404" sentence="14" t_id="405">state</token>
<token number="405" sentence="14" t_id="406">,</token>
<token number="406" sentence="14" t_id="407">but</token>
<token number="407" sentence="14" t_id="408">on</token>
<token number="408" sentence="14" t_id="409">September</token>
<token number="409" sentence="14" t_id="410">21</token>
<token number="410" sentence="14" t_id="411">,</token>
<token number="411" sentence="14" t_id="412">2004</token>
<token number="412" sentence="14" t_id="413">the</token>
<token number="413" sentence="14" t_id="414">parties</token>
<token number="414" sentence="14" t_id="415">agreed</token>
<token number="415" sentence="14" t_id="416">to</token>
<token number="416" sentence="14" t_id="417">have</token>
<token number="417" sentence="14" t_id="418">the</token>
<token number="418" sentence="14" t_id="419">case</token>
<token number="419" sentence="14" t_id="420">heard</token>
<token number="420" sentence="14" t_id="421">by</token>
<token number="421" sentence="14" t_id="422">the</token>
<token number="422" sentence="14" t_id="423">UK</token>
<token number="423" sentence="14" t_id="424">court</token>
<token number="424" sentence="14" t_id="425">.</token>
<token number="425" sentence="15" t_id="426">Beatles</token>
<token number="426" sentence="15" t_id="427">songs</token>
<token number="427" sentence="15" t_id="428">have</token>
<token number="428" sentence="15" t_id="429">not</token>
<token number="429" sentence="15" t_id="430">been</token>
<token number="430" sentence="15" t_id="431">licensed</token>
<token number="431" sentence="15" t_id="432">for</token>
<token number="432" sentence="15" t_id="433">digital</token>
<token number="433" sentence="15" t_id="434">download</token>
<token number="434" sentence="15" t_id="435">on</token>
<token number="435" sentence="15" t_id="436">any</token>
<token number="436" sentence="15" t_id="437">of</token>
<token number="437" sentence="15" t_id="438">the</token>
<token number="438" sentence="15" t_id="439">online</token>
<token number="439" sentence="15" t_id="440">music</token>
<token number="440" sentence="15" t_id="441">services</token>
<token number="441" sentence="15" t_id="442">.</token>
<token number="442" sentence="16" t_id="443">Apple</token>
<token number="443" sentence="16" t_id="444">Corps</token>
<token number="444" sentence="16" t_id="445">was</token>
<token number="445" sentence="16" t_id="446">founded</token>
<token number="446" sentence="16" t_id="447">by</token>
<token number="447" sentence="16" t_id="448">the</token>
<token number="448" sentence="16" t_id="449">Beatles</token>
<token number="449" sentence="16" t_id="450">in</token>
<token number="450" sentence="16" t_id="451">1968</token>
<token number="451" sentence="16" t_id="452">.</token>
<token number="452" sentence="17" t_id="453">Apple</token>
<token number="453" sentence="17" t_id="454">Computer</token>
<token number="454" sentence="17" t_id="455">was</token>
<token number="455" sentence="17" t_id="456">started</token>
<token number="456" sentence="17" t_id="457">by</token>
<token number="457" sentence="17" t_id="458">Steve</token>
<token number="458" sentence="17" t_id="459">Jobs</token>
<token number="459" sentence="17" t_id="460">and</token>
<token number="460" sentence="17" t_id="461">Steve</token>
<token number="461" sentence="17" t_id="462">Wozniak</token>
<token number="462" sentence="17" t_id="463">in</token>
<token number="463" sentence="17" t_id="464">1976</token>
<token number="464" sentence="17" t_id="465">,</token>
<token number="465" sentence="17" t_id="466">and</token>
<token number="466" sentence="17" t_id="467">launched</token>
<token number="467" sentence="17" t_id="468">the</token>
<token number="468" sentence="17" t_id="469">iTunes</token>
<token number="469" sentence="17" t_id="470">Music</token>
<token number="470" sentence="17" t_id="471">Store</token>
<token number="471" sentence="17" t_id="472">in</token>
<token number="472" sentence="17" t_id="473">2003</token>
<token number="473" sentence="17" t_id="474">.</token>
<Markables>
<ENTITY_MENTION comment="" head="trademark" m_id="29" syntactic_type="NOM">
<token_anchor t_id="43"/>
</ENTITY_MENTION>
<ENTITY_MENTION comment="" head="" m_id="30" syntactic_type="NAM">
<token_anchor t_id="73"/>
<token_anchor t_id="74"/>
</ENTITY_MENTION>
<ENTITY_MENTION comment="" head="brand" m_id="31" syntactic_type="NOM">
<token_anchor t_id="77"/>
<token_anchor t_id="78"/>
<token_anchor t_id="79"/>
<token_anchor t_id="80"/>
<token_anchor t_id="81"/>
</ENTITY_MENTION>
<ENTITY_MENTION comment="" head="" m_id="32" syntactic_type="PRE.NAM">
<token_anchor t_id="79"/>
</ENTITY_MENTION>
<ENTITY_MENTION comment="" head="" m_id="33" syntactic_type="PRO">
<token_anchor t_id="117"/>
</ENTITY_MENTION>
<ENTITY_MENTION comment="" head="" m_id="1" syntactic_type="NAM">
<token_anchor t_id="108"/>
</ENTITY_MENTION>
<ENTITY_MENTION comment="" head="court" m_id="2" syntactic_type="NOM">
<token_anchor t_id="29"/>
<token_anchor t_id="30"/>
<token_anchor t_id="31"/>
</ENTITY_MENTION>
<ENTITY_MENTION comment="" head="business" m_id="3" syntactic_type="NOM">
<token_anchor t_id="86"/>
<token_anchor t_id="87"/>
<token_anchor t_id="88"/>
</ENTITY_MENTION>
<ENTITY_MENTION comment="" head="" m_id="4" syntactic_type="NAM">
<token_anchor t_id="99"/>
<token_anchor t_id="100"/>
<token_anchor t_id="101"/>
<token_anchor t_id="102"/>
<token_anchor t_id="103"/>
<token_anchor t_id="104"/>
<token_anchor t_id="105"/>
<token_anchor t_id="106"/>
<token_anchor t_id="107"/>
<token_anchor t_id="108"/>
</ENTITY_MENTION>
<ENTITY_MENTION comment="" head="" m_id="5" syntactic_type="NAM">
<token_anchor t_id="107"/>
<token_anchor t_id="108"/>
</ENTITY_MENTION>
<ENTITY_MENTION comment="" head="" m_id="6" syntactic_type="NAM">
<token_anchor t_id="110"/>
<token_anchor t_id="111"/>
<token_anchor t_id="112"/>
<token_anchor t_id="113"/>
</ENTITY_MENTION>
<ENTITY_MENTION comment="" head="" m_id="7" syntactic_type="NAM">
<token_anchor t_id="112"/>
<token_anchor t_id="113"/>
</ENTITY_MENTION>
<ENTITY_MENTION comment="" head="" m_id="8" syntactic_type="ARC">
<token_anchor t_id="119"/>
<token_anchor t_id="120"/>
<token_anchor t_id="121"/>
<token_anchor t_id="122"/>
<token_anchor t_id="123"/>
<token_anchor t_id="124"/>
<token_anchor t_id="125"/>
<token_anchor t_id="126"/>
<token_anchor t_id="127"/>
<token_anchor t_id="128"/>
<token_anchor t_id="129"/>
<token_anchor t_id="130"/>
<token_anchor t_id="131"/>
<token_anchor t_id="132"/>
<token_anchor t_id="133"/>
<token_anchor t_id="134"/>
<token_anchor t_id="135"/>
<token_anchor t_id="136"/>
<token_anchor t_id="137"/>
</ENTITY_MENTION>
<ENTITY_MENTION comment="" head="" m_id="9" syntactic_type="NAM">
<token_anchor t_id="129"/>
<token_anchor t_id="130"/>
</ENTITY_MENTION>
<ENTITY_MENTION comment="" head="" m_id="10" syntactic_type="NAM">
<token_anchor t_id="12"/>
<token_anchor t_id="13"/>
<token_anchor t_id="14"/>
<token_anchor t_id="15"/>
<token_anchor t_id="16"/>
</ENTITY_MENTION>
<ENTITY_MENTION comment="" head="" m_id="11" syntactic_type="NAM">
<token_anchor t_id="134"/>
<token_anchor t_id="135"/>
<token_anchor t_id="136"/>
<token_anchor t_id="137"/>
</ENTITY_MENTION>
<ENTITY_MENTION comment="" head="" m_id="12" syntactic_type="NAM">
<token_anchor t_id="22"/>
<token_anchor t_id="23"/>
<token_anchor t_id="24"/>
<token_anchor t_id="25"/>
<token_anchor t_id="26"/>
<token_anchor t_id="27"/>
</ENTITY_MENTION>
<ENTITY_MENTION comment="" head="" m_id="13" syntactic_type="PRE.NAM">
<token_anchor t_id="119"/>
<token_anchor t_id="120"/>
</ENTITY_MENTION>
<ENTITY_MENTION comment="" head="" m_id="14" syntactic_type="CONJ">
<token_anchor t_id="22"/>
<token_anchor t_id="23"/>
<token_anchor t_id="24"/>
<token_anchor t_id="25"/>
</ENTITY_MENTION>
<ENTITY_MENTION comment="" head="player" m_id="15" syntactic_type="NOM">
<token_anchor t_id="121"/>
<token_anchor t_id="122"/>
<token_anchor t_id="123"/>
</ENTITY_MENTION>
<ENTITY_MENTION comment="" head="" m_id="16" syntactic_type="NAM">
<token_anchor t_id="6"/>
<token_anchor t_id="7"/>
</ENTITY_MENTION>
<ENTITY_MENTION comment="" head="" m_id="17" syntactic_type="NAM">
<token_anchor t_id="26"/>
<token_anchor t_id="27"/>
</ENTITY_MENTION>
<ENTITY_MENTION comment="" head="" m_id="18" syntactic_type="NAM">
<token_anchor t_id="1"/>
<token_anchor t_id="2"/>
<token_anchor t_id="3"/>
<token_anchor t_id="4"/>
</ENTITY_MENTION>
<ENTITY_MENTION comment="" head="" m_id="19" syntactic_type="PRO">
<token_anchor t_id="125"/>
</ENTITY_MENTION>
<ENTITY_MENTION comment="" head="" m_id="20" syntactic_type="NAM">
<token_anchor t_id="1"/>
</ENTITY_MENTION>
<ENTITY_MENTION comment="" head="" m_id="21" syntactic_type="NAM">
<token_anchor t_id="30"/>
</ENTITY_MENTION>
<ENTITY_MENTION comment="" head="companies" m_id="22" syntactic_type="NOM">
<token_anchor t_id="46"/>
<token_anchor t_id="47"/>
<token_anchor t_id="48"/>
</ENTITY_MENTION>
<ENTITY_MENTION comment="" head="" m_id="23" syntactic_type="NAM">
<token_anchor t_id="50"/>
<token_anchor t_id="51"/>
</ENTITY_MENTION>
<ENTITY_MENTION comment="" head="" m_id="24" syntactic_type="NAM">
<token_anchor t_id="12"/>
<token_anchor t_id="13"/>
</ENTITY_MENTION>
<ENTITY_MENTION comment="" head="" m_id="25" syntactic_type="NAM">
<token_anchor t_id="54"/>
<token_anchor t_id="55"/>
</ENTITY_MENTION>
<ENTITY_MENTION comment="" head="" m_id="26" syntactic_type="NAM">
<token_anchor t_id="54"/>
<token_anchor t_id="55"/>
<token_anchor t_id="56"/>
<token_anchor t_id="57"/>
<token_anchor t_id="58"/>
<token_anchor t_id="59"/>
</ENTITY_MENTION>
<ENTITY_MENTION comment="" head="" m_id="27" syntactic_type="NAM">
<token_anchor t_id="57"/>
<token_anchor t_id="58"/>
<token_anchor t_id="59"/>
</ENTITY_MENTION>
<ENTITY_MENTION comment="" head="companies" m_id="28" syntactic_type="NOM">
<token_anchor t_id="65"/>
<token_anchor t_id="66"/>
<token_anchor t_id="67"/>
</ENTITY_MENTION>
<EVENT_MENTION aspect="NONE" certainty="CERTAIN" comment="" m_id="34" modality="" polarity="POS" pos="VERB" pred="bar" special_cases="NONE" tense="PAST" time="NON_FUTURE">
<token_anchor t_id="72"/>
</EVENT_MENTION>
<EVENT_MENTION aspect="" certainty="" comment="" m_id="35" modality="" polarity="" pos="" pred="" special_cases="" tense="" time="">
<token_anchor t_id="76"/>
</EVENT_MENTION>
<EVENT_MENTION aspect="NONE" certainty="CERTAIN" comment="" m_id="36" modality="" polarity="POS" pos="NOUN" pred="trial" special_cases="NONE" tense="NONE" time="FUTURE">
<token_anchor t_id="91"/>
</EVENT_MENTION>
<EVENT_MENTION aspect="" certainty="" comment="" m_id="37" modality="" polarity="" pos="" pred="" special_cases="" tense="" time="">
<token_anchor t_id="84"/>
</EVENT_MENTION>
<EVENT_MENTION aspect="NONE" certainty="CERTAIN" comment="" m_id="38" modality="" polarity="POS" pos="VERB" pred="begin" special_cases="NONE" tense="INFINITIVE" time="FUTURE">
<token_anchor t_id="95"/>
</EVENT_MENTION>
<EVENT_MENTION aspect="NONE" certainty="CERTAIN" comment="" m_id="39" modality="" polarity="POS" pos="VERB" pred="locate" special_cases="GEN" tense="PASTPART" time="NON_FUTURE">
<token_anchor t_id="105"/>
</EVENT_MENTION>
<EVENT_MENTION aspect="PERFECTIVE" certainty="CERTAIN" comment="" m_id="40" modality="" polarity="POS" pos="VERB" pred="state" special_cases="NONE" tense="PRESENT" time="NON_FUTURE">
<token_anchor t_id="115"/>
</EVENT_MENTION>
<EVENT_MENTION aspect="NONE" certainty="CERTAIN" comment="" m_id="41" modality="" polarity="POS" pos="VERB" pred="own" special_cases="NONE" tense="PRESENT" time="NON_FUTURE">
<token_anchor t_id="118"/>
</EVENT_MENTION>
<EVENT_MENTION aspect="NONE" certainty="CERTAIN" comment="" m_id="42" modality="" polarity="POS" pos="VERB" pred="sue" special_cases="NONE" tense="PRESENT" time="NON_FUTURE">
<token_anchor t_id="5"/>
</EVENT_MENTION>
<EVENT_MENTION aspect="NONE" certainty="CERTAIN" comment="" m_id="43" modality="" polarity="POS" pos="VERB" pred="set" special_cases="NONE" tense="PRESENT" time="NON_FUTURE">
<token_anchor t_id="93"/>
</EVENT_MENTION>
<EVENT_MENTION aspect="NONE" certainty="CERTAIN" comment="" m_id="44" modality="" polarity="POS" pos="VERB" pred="make" special_cases="GEN" tense="PRESENT" time="NON_FUTURE">
<token_anchor t_id="127"/>
</EVENT_MENTION>
<EVENT_MENTION aspect="NONE" certainty="CERTAIN" comment="" m_id="45" modality="" polarity="POS" pos="VERB" pred="market" special_cases="GEN" tense="PRESENT" time="NON_FUTURE">
<token_anchor t_id="132"/>
</EVENT_MENTION>
<EVENT_MENTION aspect="PERFECTIVE" certainty="CERTAIN" comment="" m_id="46" modality="" polarity="POS" pos="VERB" pred="file" special_cases="NONE" tense="PRESENT" time="NON_FUTURE">
<token_anchor t_id="18"/>
</EVENT_MENTION>
<EVENT_MENTION aspect="NONE" certainty="CERTAIN" comment="" m_id="47" modality="" polarity="POS" pos="NOUN" pred="lawsuit" special_cases="NONE" tense="NONE" time="NON_FUTURE">
<token_anchor t_id="20"/>
</EVENT_MENTION>
<EVENT_MENTION aspect="NONE" certainty="CERTAIN" comment="" m_id="48" modality="" polarity="POS" pos="NOUN" pred="lawsuit" special_cases="NONE" tense="NONE" time="NON_FUTURE">
<token_anchor t_id="38"/>
</EVENT_MENTION>
<EVENT_MENTION aspect="NONE" certainty="CERTAIN" comment="" m_id="49" modality="" polarity="POS" pos="NOUN" pred="which" special_cases="NONE" tense="NONE" time="NON_FUTURE">
<token_anchor t_id="71"/>
</EVENT_MENTION>
<EVENT_MENTION aspect="NONE" certainty="CERTAIN" comment="" m_id="50" modality="" polarity="POS" pos="NOUN" pred="dispute" special_cases="NONE" tense="NONE" time="NON_FUTURE">
<token_anchor t_id="44"/>
</EVENT_MENTION>
<EVENT_MENTION aspect="NONE" certainty="CERTAIN" comment="" m_id="51" modality="" polarity="POS" pos="VERB" pred="claim" special_cases="NONE" tense="PRESENT" time="NON_FUTURE">
<token_anchor t_id="52"/>
</EVENT_MENTION>
<EVENT_MENTION aspect="NONE" certainty="CERTAIN" comment="" m_id="52" modality="" polarity="POS" pos="VERB" pred="violate" special_cases="NONE" tense="PRESENT" time="NON_FUTURE">
<token_anchor t_id="60"/>
</EVENT_MENTION>
<EVENT_MENTION aspect="NONE" certainty="CERTAIN" comment="" m_id="53" modality="" polarity="POS" pos="NOUN" pred="agreement" special_cases="NONE" tense="NONE" time="NON_FUTURE">
<token_anchor t_id="62"/>
</EVENT_MENTION>
<EVENT_MENTION aspect="NONE" certainty="CERTAIN" comment="" m_id="54" modality="" polarity="POS" pos="VERB" pred="reach" special_cases="NONE" tense="PASTPART" time="NON_FUTURE">
<token_anchor t_id="63"/>
</EVENT_MENTION>
<SIGNAL comment="" m_id="55">
<token_anchor t_id="96"/>
</SIGNAL>
<SIGNAL comment="" m_id="56">
<token_anchor t_id="68"/>
</SIGNAL>
<TIMEX3 anchorTimeID="" beginPoint="" comment="" endPoint="" functionInDocument="NONE" m_id="57" type="DATE" value="2006-W14">
<token_anchor t_id="32"/>
<token_anchor t_id="33"/>
</TIMEX3>
<TIMEX3 anchorTimeID="" beginPoint="" comment="" endPoint="" functionInDocument="CREATION_TIME" m_id="58" type="DATE" value="2006-03-28">
<token_anchor t_id="8"/>
<token_anchor t_id="9"/>
<token_anchor t_id="10"/>
<token_anchor t_id="11"/>
</TIMEX3>
<TIMEX3 anchorTimeID="" beginPoint="" comment="" endPoint="" functionInDocument="NONE" m_id="59" type="DATE" value="1991">
<token_anchor t_id="69"/>
</TIMEX3>
<TIMEX3 anchorTimeID="" beginPoint="" comment="" endPoint="" functionInDocument="NONE" m_id="60" type="DATE" value="2006-03-29">
<token_anchor t_id="97"/>
</TIMEX3>
<EVENT TAG_DESCRIPTOR="filed" class="OTHER" comment="" external_ref="" m_id="73"/>
<EVENT TAG_DESCRIPTOR="dispute" class="OTHER" comment="" external_ref="" m_id="75"/>
<EVENT TAG_DESCRIPTOR="violates" class="OTHER" comment="" external_ref="" m_id="77"/>
<EVENT TAG_DESCRIPTOR="agreement" class="OTHER" comment="" external_ref="" m_id="78"/>
<EVENT TAG_DESCRIPTOR="reached" class="OTHER" comment="" external_ref="" m_id="79"/>
<EVENT TAG_DESCRIPTOR="barred" class="OTHER" comment="" external_ref="" m_id="80"/>
<EVENT TAG_DESCRIPTOR="using" class="OTHER" comment="" external_ref="" m_id="81"/>
<EVENT TAG_DESCRIPTOR="uses" class="OTHER" comment="" external_ref="" m_id="82"/>
<EVENT TAG_DESCRIPTOR="begin" class="GRAMMATICAL" comment="" external_ref="" m_id="83"/>
<EVENT TAG_DESCRIPTOR="located" class="OTHER" comment="" external_ref="" m_id="84"/>
<EVENT TAG_DESCRIPTOR="stated" class="SPEECH_COGNITIVE" comment="" external_ref="" m_id="85"/>
<EVENT TAG_DESCRIPTOR="trial" class="OTHER" comment="" external_ref="" m_id="89"/>
<EVENT TAG_DESCRIPTOR="set" class="GRAMMATICAL" comment="" external_ref="" m_id="91"/>
<EVENT TAG_DESCRIPTOR="lawsuit-SE - (Beatles Apple Corps)" class="OTHER" external_ref="sue.01;lawsuit.04" instance_id="OTH57445510523163357" m_id="146"/>
<EVENT TAG_DESCRIPTOR="marketed-SE - (iPod)" class="OTHER" external_ref="market.01" instance_id="OTH57192925920334989" m_id="150"/><ENTITY TAG_DESCRIPTOR="IPOD" ent_type="PRO" external_ref="http://dbpedia.org/resource/IPod" instance_id="PRO19274272200451092" m_id="151"/>
<ENTITY TAG_DESCRIPTOR="BEATLES APPLE CORPS" ent_type="ORG" external_ref="http://dbpedia.org/resource/Apple_Corps" instance_id="ORG19274272335363621" m_id="152"/><EVENT TAG_DESCRIPTOR="owns-SE - (iPod)" class="OTHER" external_ref="own.01" instance_id="OTH57194254916887796" m_id="153"/>
<EVENT TAG_DESCRIPTOR="made-SE - (iPod)" class="OTHER" external_ref="make.01" instance_id="OTH57192397933545096" m_id="154"/><EVENT TAG_DESCRIPTOR="claims-SE (Beatles Apple Corps)" class="SPEECH_COGNITIVE" external_ref="claim.01" instance_id="SPE57126132603795090" m_id="155"/>
<ENTITY TAG_DESCRIPTOR="iTunes music store" ent_type="PRO" external_ref="http://dbpedia.org/resource/ITunes_Store" instance_id="PRO19274271475601598" m_id="156"/><ENTITY TAG_DESCRIPTOR="Beatles" ent_type="ORG" external_ref="http://dbpedia.org/resource/The_Beatles" instance_id="ORG26441204318782210" m_id="157"/>
<ENTITY TAG_DESCRIPTOR="music buisness" ent_type="FIN" external_ref="http://dbpedia.org/resource/Music_industry" instance_id="FIN47026148851416382" m_id="158"/><ENTITY TAG_DESCRIPTOR="trademark" ent_type="PRO" external_ref="http://dbpedia.org/resource/Trademark" instance_id="PRO56093056729844537" m_id="159"/>
<ENTITY TAG_DESCRIPTOR="London, UK" ent_type="LOC" external_ref="http://dbpedia.org/resource/London" instance_id="LOC27738494504153473" m_id="160"/><ENTITY TAG_DESCRIPTOR="Martin Mann" ent_type="PER" instance_id="PER47026018255815296" m_id="161"/>
<ENTITY TAG_DESCRIPTOR="Beatles Apple Corps and Apple Computer" ent_type="ORG" instance_id="ORG47025863678468231" m_id="162"/><ENTITY TAG_DESCRIPTOR="Royal Courts of Justice" ent_type="ORG" external_ref="http://dbpedia.org/resource/Royal_Courts_of_Justice" instance_id="ORG47025782305814023" m_id="163"/>
<ENTITY TAG_DESCRIPTOR="Apple brand" ent_type="PRO" instance_id="PRO47026238810201852" m_id="164"/><ENTITY TAG_DESCRIPTOR="APPLE" ent_type="ORG" external_ref="http://dbpedia.org/resource/Apple_Inc." instance_id="ORG19274271187160719" m_id="165"/>
<EVENT_MENTION m_id="166">
  <token_anchor t_id="144"/>
</EVENT_MENTION>
<EVENT_MENTION m_id="167">
  <token_anchor t_id="206"/>
</EVENT_MENTION>
<EVENT_MENTION m_id="168">
  <token_anchor t_id="320"/>
</EVENT_MENTION>
<EVENT_MENTION m_id="169">
  <token_anchor t_id="207"/>
</EVENT_MENTION>
<EVENT_MENTION m_id="170">
  <token_anchor t_id="446"/>
</EVENT_MENTION>
<EVENT_MENTION m_id="171">
  <token_anchor t_id="297"/>
</EVENT_MENTION>
<EVENT_MENTION m_id="172">
  <token_anchor t_id="467"/>
</EVENT_MENTION>
<ENTITY_MENTION m_id="173">
  <token_anchor t_id="293"/>
  <token_anchor t_id="294"/>
</ENTITY_MENTION>
<ENTITY_MENTION m_id="174">
  <token_anchor t_id="319"/>
</ENTITY_MENTION>
<ENTITY_MENTION m_id="175">
  <token_anchor t_id="314"/>
  <token_anchor t_id="315"/>
  <token_anchor t_id="316"/>
  <token_anchor t_id="317"/>
</ENTITY_MENTION>
<ENTITY_MENTION m_id="176">
  <token_anchor t_id="443"/>
  <token_anchor t_id="444"/>
</ENTITY_MENTION>
<ENTITY_MENTION m_id="177">
  <token_anchor t_id="203"/>
  <token_anchor t_id="204"/>
</ENTITY_MENTION>
<ENTITY_MENTION m_id="178">
  <token_anchor t_id="139"/>
  <token_anchor t_id="140"/>
</ENTITY_MENTION>
<ENTITY_MENTION m_id="179">
  <token_anchor t_id="341"/>
  <token_anchor t_id="342"/>
</ENTITY_MENTION>
<ENTITY_MENTION m_id="180">
  <token_anchor t_id="458"/>
  <token_anchor t_id="459"/>
</ENTITY_MENTION>
<ENTITY_MENTION m_id="181">
  <token_anchor t_id="468"/>
  <token_anchor t_id="469"/>
  <token_anchor t_id="470"/>
  <token_anchor t_id="471"/>
</ENTITY_MENTION>
<ENTITY TAG_DESCRIPTOR="Steve Jobs" ent_type="PER" external_ref="http://dbpedia.org/resource/Steve_Jobs " instance_id="PER19274271332322852" m_id="182"/><EVENT TAG_DESCRIPTOR="sued S6-SE (twice Apple Computer)" class="OTHER" external_ref="sue.01" instance_id="OTH57124736096180264" m_id="183"/>
<EVENT TAG_DESCRIPTOR="launch (iTunes store)" class="OTHER" external_ref="launch.01" instance_id="OTH57180939930115798" m_id="184"/><EVENT TAG_DESCRIPTOR="fill S8-SE (Beatle Apple Corps)" class="OTHER" external_ref="file.01" instance_id="OTH57125519577225642" m_id="185"/>
<EVENT TAG_DESCRIPTOR="sells S11-SE - (iTunes Music Store)" class="OTHER" external_ref="sell.01" instance_id="OTH57463760018200207" m_id="186"/><EVENT TAG_DESCRIPTOR="suit S8-SE (Beatle Apple Corpus to file suit)" class="OTHER" external_ref="suit.02" instance_id="OTH57125834821158820" m_id="187"/>
<EVENT TAG_DESCRIPTOR="founded S16-SE (Apple Corps by Beatles)" class="OTHER" external_ref="found.01" instance_id="OTH57125097980805701" m_id="188"/><EVENT TAG_DESCRIPTOR="suit SE - Beatles Apple Corp" class="OTHER" external_ref="suit.02" instance_id="OTH57445848259039178" m_id="189"/></Markables>
<Relations>
<HAS_PARTICIPANT comment="" r_id="360935" sem_role="Arg0" sem_role_framework="PROPBANK">
<source m_id="52"/>
<target m_id="26"/>
</HAS_PARTICIPANT>
<HAS_PARTICIPANT comment="" r_id="360936" sem_role="Arg0" sem_role_framework="PROPBANK">
<source m_id="51"/>
<target m_id="23"/>
</HAS_PARTICIPANT>
<HAS_PARTICIPANT comment="" r_id="360937" sem_role="Arg2" sem_role_framework="PROPBANK">
<source m_id="50"/>
<target m_id="29"/>
</HAS_PARTICIPANT>
<HAS_PARTICIPANT comment="" r_id="360938" sem_role="Arg0" sem_role_framework="PROPBANK">
<source m_id="50"/>
<target m_id="22"/>
</HAS_PARTICIPANT>
<HAS_PARTICIPANT comment="" r_id="360939" sem_role="Arg2" sem_role_framework="PROPBANK">
<source m_id="46"/>
<target m_id="2"/>
</HAS_PARTICIPANT>
<HAS_PARTICIPANT comment="" r_id="360940" sem_role="Arg3" sem_role_framework="PROPBANK">
<source m_id="46"/>
<target m_id="12"/>
</HAS_PARTICIPANT>
<HAS_PARTICIPANT comment="" r_id="360941" sem_role="Arg3" sem_role_framework="PROPBANK">
<source m_id="46"/>
<target m_id="10"/>
</HAS_PARTICIPANT>
<HAS_PARTICIPANT comment="" r_id="360942" sem_role="Arg0" sem_role_framework="PROPBANK">
<source m_id="54"/>
<target m_id="28"/>
</HAS_PARTICIPANT>
<HAS_PARTICIPANT comment="" r_id="360943" sem_role="Arg1" sem_role_framework="PROPBANK">
<source m_id="34"/>
<target m_id="30"/>
</HAS_PARTICIPANT>
<HAS_PARTICIPANT comment="" r_id="360944" sem_role="Arg1" sem_role_framework="PROPBANK">
<source m_id="35"/>
<target m_id="31"/>
</HAS_PARTICIPANT>
<HAS_PARTICIPANT comment="" r_id="360945" sem_role="Arg0" sem_role_framework="PROPBANK">
<source m_id="35"/>
<target m_id="30"/>
</HAS_PARTICIPANT>
<HAS_PARTICIPANT comment="" r_id="360946" sem_role="Arg2" sem_role_framework="PROPBANK">
<source m_id="35"/>
<target m_id="3"/>
</HAS_PARTICIPANT>
<HAS_PARTICIPANT comment="" r_id="360947" sem_role="Argm-LOC" sem_role_framework="PROPBANK">
<source m_id="38"/>
<target m_id="4"/>
</HAS_PARTICIPANT>
<SLINK comment="" r_id="360948">
<source m_id="40"/>
<target m_id="41"/>
</SLINK>
<SLINK r_id="360949">
<source m_id="51"/>
<target m_id="52"/>
</SLINK>
<HAS_PARTICIPANT comment="" r_id="360950" sem_role="Arg0" sem_role_framework="PROPBANK">
<source m_id="40"/>
<target m_id="6"/>
</HAS_PARTICIPANT>
<HAS_PARTICIPANT comment="" r_id="360951" sem_role="Arg0" sem_role_framework="PROPBANK">
<source m_id="41"/>
<target m_id="33"/>
</HAS_PARTICIPANT>
<HAS_PARTICIPANT comment="" r_id="360952" sem_role="Arg1" sem_role_framework="PROPBANK">
<source m_id="41"/>
<target m_id="8"/>
</HAS_PARTICIPANT>
<HAS_PARTICIPANT comment="" r_id="360953" sem_role="Arg1" sem_role_framework="PROPBANK">
<source m_id="44"/>
<target m_id="19"/>
</HAS_PARTICIPANT>
<HAS_PARTICIPANT comment="" r_id="360954" sem_role="Arg0" sem_role_framework="PROPBANK">
<source m_id="44"/>
<target m_id="9"/>
</HAS_PARTICIPANT>
<HAS_PARTICIPANT comment="" r_id="360955" sem_role="Arg1" sem_role_framework="PROPBANK">
<source m_id="45"/>
<target m_id="19"/>
</HAS_PARTICIPANT>











<TLINK comment="" r_id="360984" reltype="BEFORE" signalID="">
<source m_id="46"/>
<target m_id="58"/>
</TLINK>
<TLINK comment="" r_id="360985" reltype="SIMULTANEOUS" signalID="">
<source m_id="51"/>
<target m_id="43"/>
</TLINK>
<TLINK comment="" r_id="360986" reltype="BEFORE" signalID="">
<source m_id="46"/>
<target m_id="51"/>
</TLINK>
<TLINK comment="" r_id="360988" reltype="BEFORE" signalID="">
<source m_id="40"/>
<target m_id="58"/>
</TLINK>
<TLINK comment="" r_id="360989" reltype="AFTER" signalID="">
<source m_id="51"/>
<target m_id="52"/>
</TLINK>
<TLINK comment="" r_id="360990" reltype="INCLUDES" signalID="">
<source m_id="51"/>
<target m_id="58"/>
</TLINK>

<CLINK c-signalID="" comment="" r_id="360993">
<source m_id="49"/>
<target m_id="35"/>
</CLINK>
<TLINK comment="" r_id="360995" reltype="AFTER" signalID="">
<source m_id="51"/>
<target m_id="54"/>
</TLINK>
<TLINK comment="" r_id="360996" reltype="IS_INCLUDED" signalID="">
<source m_id="40"/>
<target m_id="41"/>
</TLINK>
<TLINK comment="" r_id="360997" reltype="IS_INCLUDED" signalID="">
<source m_id="46"/>
<target m_id="57"/>
</TLINK>
<TLINK comment="" r_id="360998" reltype="IS_INCLUDED" signalID="56">
<source m_id="53"/>
<target m_id="59"/>
</TLINK>
<TLINK comment="" r_id="360999" reltype="BEGINS" signalID="55">
<source m_id="36"/>
<target m_id="60"/>
</TLINK>
<HAS_PARTICIPANT comment="" r_id="361000" sem_role="Arg0" sem_role_framework="PROPBANK">
<source m_id="42"/>
<target m_id="18"/>
</HAS_PARTICIPANT>
<HAS_PARTICIPANT comment="" r_id="361001" sem_role="Arg1" sem_role_framework="PROPBANK">
<source m_id="42"/>
<target m_id="16"/>
</HAS_PARTICIPANT>

<GLINK comment="" r_id="361003">
<source m_id="43"/>
<target m_id="38"/>
</GLINK>
<GLINK r_id="366549">
<source m_id="38"/>
<target m_id="36"/>
</GLINK>
<TLINK comment="" r_id="366564" reltype="INCLUDES" signalID="">
<source m_id="58"/>
<target m_id="43"/>
</TLINK>
























<REFERS_TO r_id="366597">
<source m_id="19"/>
<source m_id="8"/>
<source m_id="13"/>
<source m_id="15"/>
<target m_id="151"/>
</REFERS_TO>
<REFERS_TO r_id="366598">
<source m_id="45"/>
<target m_id="150"/>
</REFERS_TO>
<REFERS_TO r_id="366599">
<source m_id="41"/>
<target m_id="153"/>
</REFERS_TO>
<REFERS_TO r_id="366600">
<source m_id="10"/>
<source m_id="18"/>
<source m_id="23"/>
<source m_id="179"/>
<source m_id="177"/>
<source m_id="176"/>
<source m_id="178"/>
<source m_id="173"/>
<target m_id="152"/>
</REFERS_TO>
<REFERS_TO r_id="366601">
<source m_id="51"/>
<target m_id="155"/>
</REFERS_TO>
<REFERS_TO r_id="366602">
<source m_id="44"/>
<target m_id="154"/>
</REFERS_TO>
<REFERS_TO r_id="366603">
<source m_id="20"/>
<source m_id="24"/>
<target m_id="157"/>
</REFERS_TO>
<REFERS_TO r_id="366604">
<source m_id="11"/>
<source m_id="26"/>
<source m_id="27"/>
<source m_id="174"/>
<source m_id="181"/>
<source m_id="175"/>
<target m_id="156"/>
</REFERS_TO>
<REFERS_TO r_id="366605">
<source m_id="29"/>
<target m_id="159"/>
</REFERS_TO>
<REFERS_TO r_id="366606">
<source m_id="3"/>
<target m_id="158"/>
</REFERS_TO>
<REFERS_TO r_id="366607">
<source m_id="31"/>
<target m_id="164"/>
</REFERS_TO>
<REFERS_TO r_id="366608">
<source m_id="36"/>
<target m_id="89"/>
</REFERS_TO>
<REFERS_TO r_id="366609">
<source m_id="37"/>
<target m_id="82"/>
</REFERS_TO>
<REFERS_TO r_id="366610">
<source m_id="38"/>
<target m_id="83"/>
</REFERS_TO>
<REFERS_TO r_id="366611">
<source m_id="34"/>
<target m_id="80"/>
</REFERS_TO>
<REFERS_TO r_id="366612">
<source m_id="35"/>
<target m_id="81"/>
</REFERS_TO>
<REFERS_TO r_id="366613">
<source m_id="39"/>
<target m_id="84"/>
</REFERS_TO>
<REFERS_TO r_id="366614">
<source m_id="40"/>
<target m_id="85"/>
</REFERS_TO>
<REFERS_TO r_id="366615">
<source m_id="180"/>
<target m_id="182"/>
</REFERS_TO>
<REFERS_TO r_id="366616">
<source m_id="166"/>
<target m_id="183"/>
</REFERS_TO>
<REFERS_TO r_id="366617">
<source m_id="168"/>
<target m_id="186"/>
</REFERS_TO>
<REFERS_TO r_id="366618">
<source m_id="22"/>
<source m_id="28"/>
<target m_id="162"/>
</REFERS_TO>
<REFERS_TO r_id="366619">
<source m_id="172"/>
<target m_id="184"/>
</REFERS_TO>
<REFERS_TO r_id="366620">
<source m_id="167"/>
<target m_id="185"/>
</REFERS_TO>
<REFERS_TO r_id="366621">
<source m_id="170"/>
<target m_id="188"/>
</REFERS_TO>
<REFERS_TO r_id="366622">
<source m_id="2"/>
<source m_id="4"/>
<target m_id="163"/>
</REFERS_TO>
<REFERS_TO r_id="366623">
<source m_id="169"/>
<target m_id="187"/>
</REFERS_TO>
<REFERS_TO r_id="366624">
<source m_id="42"/>
<source m_id="47"/>
<source m_id="48"/>
<target m_id="146"/>
</REFERS_TO>
<REFERS_TO r_id="366625">
<source m_id="52"/>
<target m_id="77"/>
</REFERS_TO>
<REFERS_TO r_id="366626">
<source m_id="50"/>
<target m_id="75"/>
</REFERS_TO>
<REFERS_TO r_id="366627">
<source m_id="46"/>
<target m_id="73"/>
</REFERS_TO>
<REFERS_TO r_id="366628">
<source m_id="43"/>
<target m_id="91"/>
</REFERS_TO>
<REFERS_TO r_id="366629">
<source m_id="30"/>
<source m_id="32"/>
<source m_id="9"/>
<source m_id="12"/>
<source m_id="14"/>
<source m_id="16"/>
<source m_id="17"/>
<source m_id="25"/>
<target m_id="165"/>
</REFERS_TO>
<REFERS_TO r_id="366630">
<source m_id="1"/>
<source m_id="5"/>
<source m_id="21"/>
<target m_id="160"/>
</REFERS_TO>
<REFERS_TO r_id="366631">
<source m_id="33"/>
<source m_id="6"/>
<source m_id="7"/>
<target m_id="161"/>
</REFERS_TO>
<REFERS_TO r_id="366632">
<source m_id="54"/>
<target m_id="79"/>
</REFERS_TO>
<REFERS_TO r_id="366633">
<source m_id="49"/>
<source m_id="53"/>
<target m_id="78"/>
</REFERS_TO>
<REFERS_TO r_id="366634">
<source m_id="171"/>
<target m_id="189"/>
</REFERS_TO>
</Relations>
</Document>