<?xml version="1.0" ?><Document doc_id="40203" doc_name="40203_Apple_Corps_loses" lang="en" url="http://en.wikinews.org/wiki/Apple_Corps_loses_court_case_against_Apple_Computer">
<token number="0" sentence="0" t_id="1">Apple</token>
<token number="1" sentence="0" t_id="2">Corps</token>
<token number="2" sentence="0" t_id="3">loses</token>
<token number="3" sentence="0" t_id="4">court</token>
<token number="4" sentence="0" t_id="5">case</token>
<token number="5" sentence="0" t_id="6">against</token>
<token number="6" sentence="0" t_id="7">Apple</token>
<token number="7" sentence="0" t_id="8">Computer</token>
<token number="8" sentence="1" t_id="9">May</token>
<token number="9" sentence="1" t_id="10">8</token>
<token number="10" sentence="1" t_id="11">,</token>
<token number="11" sentence="1" t_id="12">2006</token>
<token number="12" sentence="2" t_id="13">The</token>
<token number="13" sentence="2" t_id="14">Beatles</token>
<token number="14" sentence="2" t_id="15">'</token>
<token number="15" sentence="2" t_id="16">label</token>
<token number="16" sentence="2" t_id="17">Apple</token>
<token number="17" sentence="2" t_id="18">Corps</token>
<token number="18" sentence="2" t_id="19">lost</token>
<token number="19" sentence="2" t_id="20">its</token>
<token number="20" sentence="2" t_id="21">court</token>
<token number="21" sentence="2" t_id="22">case</token>
<token number="22" sentence="2" t_id="23">against</token>
<token number="23" sentence="2" t_id="24">Apple</token>
<token number="24" sentence="2" t_id="25">Computer</token>
<token number="25" sentence="2" t_id="26">today</token>
<token number="26" sentence="2" t_id="27">in</token>
<token number="27" sentence="2" t_id="28">the</token>
<token number="28" sentence="2" t_id="29">High</token>
<token number="29" sentence="2" t_id="30">Court</token>
<token number="30" sentence="2" t_id="31">.</token>
<token number="31" sentence="3" t_id="32">Apple</token>
<token number="32" sentence="3" t_id="33">Corps</token>
<token number="33" sentence="3" t_id="34">argued</token>
<token number="34" sentence="3" t_id="35">that</token>
<token number="35" sentence="3" t_id="36">the</token>
<token number="36" sentence="3" t_id="37">iTunes</token>
<token number="37" sentence="3" t_id="38">Music</token>
<token number="38" sentence="3" t_id="39">Store</token>
<token number="39" sentence="3" t_id="40">was</token>
<token number="40" sentence="3" t_id="41">a</token>
<token number="41" sentence="3" t_id="42">breach</token>
<token number="42" sentence="3" t_id="43">of</token>
<token number="43" sentence="3" t_id="44">the</token>
<token number="44" sentence="3" t_id="45">1991</token>
<token number="45" sentence="3" t_id="46">settlement</token>
<token number="46" sentence="3" t_id="47">reached</token>
<token number="47" sentence="3" t_id="48">between</token>
<token number="48" sentence="3" t_id="49">the</token>
<token number="49" sentence="3" t_id="50">two</token>
<token number="50" sentence="3" t_id="51">parties</token>
<token number="51" sentence="3" t_id="52">.</token>
<token number="52" sentence="4" t_id="53">The</token>
<token number="53" sentence="4" t_id="54">1991</token>
<token number="54" sentence="4" t_id="55">agreement</token>
<token number="55" sentence="4" t_id="56">was</token>
<token number="56" sentence="4" t_id="57">that</token>
<token number="57" sentence="4" t_id="58">Apple</token>
<token number="58" sentence="4" t_id="59">Computer</token>
<token number="59" sentence="4" t_id="60">would</token>
<token number="60" sentence="4" t_id="61">not</token>
<token number="61" sentence="4" t_id="62">sell</token>
<token number="62" sentence="4" t_id="63">music</token>
<token number="63" sentence="4" t_id="64">branded</token>
<token number="64" sentence="4" t_id="65">with</token>
<token number="65" sentence="4" t_id="66">an</token>
<token number="66" sentence="4" t_id="67">apple</token>
<token number="67" sentence="4" t_id="68">.</token>
<token number="68" sentence="5" t_id="69">Mr</token>
<token number="69" sentence="5" t_id="70">Justice</token>
<token number="70" sentence="5" t_id="71">Anthony</token>
<token number="71" sentence="5" t_id="72">Mann</token>
<token number="72" sentence="5" t_id="73">agreed</token>
<token number="73" sentence="5" t_id="74">with</token>
<token number="74" sentence="5" t_id="75">Apple</token>
<token number="75" sentence="5" t_id="76">Computer</token>
<token number="76" sentence="5" t_id="77">'s</token>
<token number="77" sentence="5" t_id="78">defence</token>
<token number="78" sentence="5" t_id="79">that</token>
<token number="79" sentence="5" t_id="80">,</token>
<token number="80" sentence="5" t_id="81">while</token>
<token number="81" sentence="5" t_id="82">the</token>
<token number="82" sentence="5" t_id="83">iTunes</token>
<token number="83" sentence="5" t_id="84">Music</token>
<token number="84" sentence="5" t_id="85">Store</token>
<token number="85" sentence="5" t_id="86">is</token>
<token number="86" sentence="5" t_id="87">branded</token>
<token number="87" sentence="5" t_id="88">,</token>
<token number="88" sentence="5" t_id="89">the</token>
<token number="89" sentence="5" t_id="90">music</token>
<token number="90" sentence="5" t_id="91">it</token>
<token number="91" sentence="5" t_id="92">sells</token>
<token number="92" sentence="5" t_id="93">is</token>
<token number="93" sentence="5" t_id="94">not</token>
<token number="94" sentence="5" t_id="95">-</token>
<token number="95" sentence="5" t_id="96">&quot;</token>
<token number="96" sentence="5" t_id="97">I</token>
<token number="97" sentence="5" t_id="98">conclude</token>
<token number="98" sentence="5" t_id="99">that</token>
<token number="99" sentence="5" t_id="100">the</token>
<token number="100" sentence="5" t_id="101">use</token>
<token number="101" sentence="5" t_id="102">of</token>
<token number="102" sentence="5" t_id="103">the</token>
<token number="103" sentence="5" t_id="104">Apple</token>
<token number="104" sentence="5" t_id="105">logo</token>
<token number="105" sentence="5" t_id="106">...</token>
<token number="106" sentence="5" t_id="107">does</token>
<token number="107" sentence="5" t_id="108">not</token>
<token number="108" sentence="5" t_id="109">suggest</token>
<token number="109" sentence="5" t_id="110">a</token>
<token number="110" sentence="5" t_id="111">relevant</token>
<token number="111" sentence="5" t_id="112">connection</token>
<token number="112" sentence="5" t_id="113">with</token>
<token number="113" sentence="5" t_id="114">the</token>
<token number="114" sentence="5" t_id="115">creative</token>
<token number="115" sentence="5" t_id="116">work</token>
<token number="116" sentence="5" t_id="117">.</token>
<token number="117" sentence="5" t_id="118">&quot;</token>
<token number="118" sentence="6" t_id="119">During</token>
<token number="119" sentence="6" t_id="120">the</token>
<token number="120" sentence="6" t_id="121">case</token>
<token number="121" sentence="6" t_id="122">Apple</token>
<token number="122" sentence="6" t_id="123">Corps</token>
<token number="123" sentence="6" t_id="124">showed</token>
<token number="124" sentence="6" t_id="125">the</token>
<token number="125" sentence="6" t_id="126">court</token>
<token number="126" sentence="6" t_id="127">just</token>
<token number="127" sentence="6" t_id="128">how</token>
<token number="128" sentence="6" t_id="129">many</token>
<token number="129" sentence="6" t_id="130">times</token>
<token number="130" sentence="6" t_id="131">the</token>
<token number="131" sentence="6" t_id="132">Apple</token>
<token number="132" sentence="6" t_id="133">Computer</token>
<token number="133" sentence="6" t_id="134">logo</token>
<token number="134" sentence="6" t_id="135">appeared</token>
<token number="135" sentence="6" t_id="136">during</token>
<token number="136" sentence="6" t_id="137">a</token>
<token number="137" sentence="6" t_id="138">typical</token>
<token number="138" sentence="6" t_id="139">download</token>
<token number="139" sentence="6" t_id="140">.</token>
<token number="140" sentence="7" t_id="141">The</token>
<token number="141" sentence="7" t_id="142">song</token>
<token number="142" sentence="7" t_id="143">purchased</token>
<token number="143" sentence="7" t_id="144">during</token>
<token number="144" sentence="7" t_id="145">the</token>
<token number="145" sentence="7" t_id="146">demonstration</token>
<token number="146" sentence="7" t_id="147">was</token>
<token number="147" sentence="7" t_id="148">Le</token>
<token number="148" sentence="7" t_id="149">Freak</token>
<token number="149" sentence="7" t_id="150">by</token>
<token number="150" sentence="7" t_id="151">Chic</token>
<token number="151" sentence="7" t_id="152">.</token>
<token number="152" sentence="8" t_id="153">After</token>
<token number="153" sentence="8" t_id="154">the</token>
<token number="154" sentence="8" t_id="155">case</token>
<token number="155" sentence="8" t_id="156">closed</token>
<token number="156" sentence="8" t_id="157">Apple</token>
<token number="157" sentence="8" t_id="158">Computer</token>
<token number="158" sentence="8" t_id="159">CEO</token>
<token number="159" sentence="8" t_id="160">Steve</token>
<token number="160" sentence="8" t_id="161">Jobs</token>
<token number="161" sentence="8" t_id="162">extended</token>
<token number="162" sentence="8" t_id="163">an</token>
<token number="163" sentence="8" t_id="164">invitation</token>
<token number="164" sentence="8" t_id="165">to</token>
<token number="165" sentence="8" t_id="166">the</token>
<token number="166" sentence="8" t_id="167">record</token>
<token number="167" sentence="8" t_id="168">label</token>
<token number="168" sentence="8" t_id="169">,</token>
<token number="169" sentence="8" t_id="170">&quot;</token>
<token number="170" sentence="8" t_id="171">we</token>
<token number="171" sentence="8" t_id="172">have</token>
<token number="172" sentence="8" t_id="173">always</token>
<token number="173" sentence="8" t_id="174">loved</token>
<token number="174" sentence="8" t_id="175">the</token>
<token number="175" sentence="8" t_id="176">Beatles</token>
<token number="176" sentence="8" t_id="177">,</token>
<token number="177" sentence="8" t_id="178">and</token>
<token number="178" sentence="8" t_id="179">hopefully</token>
<token number="179" sentence="8" t_id="180">we</token>
<token number="180" sentence="8" t_id="181">can</token>
<token number="181" sentence="8" t_id="182">now</token>
<token number="182" sentence="8" t_id="183">work</token>
<token number="183" sentence="8" t_id="184">together</token>
<token number="184" sentence="8" t_id="185">to</token>
<token number="185" sentence="8" t_id="186">get</token>
<token number="186" sentence="8" t_id="187">them</token>
<token number="187" sentence="8" t_id="188">on</token>
<token number="188" sentence="8" t_id="189">the</token>
<token number="189" sentence="8" t_id="190">iTunes</token>
<token number="190" sentence="8" t_id="191">Music</token>
<token number="191" sentence="8" t_id="192">Store</token>
<token number="192" sentence="8" t_id="193">&quot;</token>
<token number="193" sentence="8" t_id="194">.</token>
<token number="194" sentence="9" t_id="195">Apple</token>
<token number="195" sentence="9" t_id="196">Corps</token>
<token number="196" sentence="9" t_id="197">have</token>
<token number="197" sentence="9" t_id="198">decided</token>
<token number="198" sentence="9" t_id="199">to</token>
<token number="199" sentence="9" t_id="200">take</token>
<token number="200" sentence="9" t_id="201">the</token>
<token number="201" sentence="9" t_id="202">case</token>
<token number="202" sentence="9" t_id="203">to</token>
<token number="203" sentence="9" t_id="204">the</token>
<token number="204" sentence="9" t_id="205">Court</token>
<token number="205" sentence="9" t_id="206">of</token>
<token number="206" sentence="9" t_id="207">Appeal</token>
<token number="207" sentence="9" t_id="208">.</token>
<token number="208" sentence="10" t_id="209">Speaking</token>
<token number="209" sentence="10" t_id="210">for</token>
<token number="210" sentence="10" t_id="211">Apple</token>
<token number="211" sentence="10" t_id="212">Corps</token>
<token number="212" sentence="10" t_id="213">,</token>
<token number="213" sentence="10" t_id="214">manager</token>
<token number="214" sentence="10" t_id="215">Neil</token>
<token number="215" sentence="10" t_id="216">Aspinall</token>
<token number="216" sentence="10" t_id="217">said</token>
<token number="217" sentence="10" t_id="218">,</token>
<token number="218" sentence="10" t_id="219">&quot;</token>
<token number="219" sentence="10" t_id="220">with</token>
<token number="220" sentence="10" t_id="221">great</token>
<token number="221" sentence="10" t_id="222">respect</token>
<token number="222" sentence="10" t_id="223">to</token>
<token number="223" sentence="10" t_id="224">the</token>
<token number="224" sentence="10" t_id="225">trial</token>
<token number="225" sentence="10" t_id="226">judge</token>
<token number="226" sentence="10" t_id="227">,</token>
<token number="227" sentence="10" t_id="228">we</token>
<token number="228" sentence="10" t_id="229">consider</token>
<token number="229" sentence="10" t_id="230">he</token>
<token number="230" sentence="10" t_id="231">has</token>
<token number="231" sentence="10" t_id="232">reached</token>
<token number="232" sentence="10" t_id="233">the</token>
<token number="233" sentence="10" t_id="234">wrong</token>
<token number="234" sentence="10" t_id="235">conclusion</token>
<token number="235" sentence="10" t_id="236">.</token>
<token number="236" sentence="10" t_id="237">&quot;</token>
<Markables>
<ENTITY_MENTION comment="" head="" m_id="1" syntactic_type="NAM">
<token_anchor t_id="17"/>
<token_anchor t_id="18"/>
</ENTITY_MENTION>
<ENTITY_MENTION comment="" head="" m_id="2" syntactic_type="NAM">
<token_anchor t_id="58"/>
<token_anchor t_id="59"/>
</ENTITY_MENTION>
<ENTITY_MENTION comment="" head="music" m_id="3" syntactic_type="NOM">
<token_anchor t_id="63"/>
<token_anchor t_id="64"/>
<token_anchor t_id="65"/>
<token_anchor t_id="66"/>
<token_anchor t_id="67"/>
</ENTITY_MENTION>
<ENTITY_MENTION comment="" head="music" m_id="4" syntactic_type="NOM">
<token_anchor t_id="63"/>
</ENTITY_MENTION>
<ENTITY_MENTION comment="" head="" m_id="5" syntactic_type="PRE.NAM">
<token_anchor t_id="69"/>
<token_anchor t_id="70"/>
</ENTITY_MENTION>
<ENTITY_MENTION comment="" head="" m_id="6" syntactic_type="NAM">
<token_anchor t_id="71"/>
<token_anchor t_id="72"/>
</ENTITY_MENTION>
<ENTITY_MENTION comment="" head="" m_id="7" syntactic_type="NAM">
<token_anchor t_id="69"/>
<token_anchor t_id="70"/>
<token_anchor t_id="71"/>
<token_anchor t_id="72"/>
</ENTITY_MENTION>
<ENTITY_MENTION comment="" head="" m_id="8" syntactic_type="APP">
<token_anchor t_id="13"/>
<token_anchor t_id="14"/>
<token_anchor t_id="15"/>
<token_anchor t_id="16"/>
<token_anchor t_id="17"/>
<token_anchor t_id="18"/>
</ENTITY_MENTION>
<ENTITY_MENTION comment="" head="" m_id="9" syntactic_type="NAM">
<token_anchor t_id="75"/>
<token_anchor t_id="76"/>
</ENTITY_MENTION>
<ENTITY_MENTION comment="" head="label" m_id="10" syntactic_type="NOM">
<token_anchor t_id="13"/>
<token_anchor t_id="14"/>
<token_anchor t_id="15"/>
<token_anchor t_id="16"/>
</ENTITY_MENTION>
<ENTITY_MENTION comment="" head="defence" m_id="11" syntactic_type="NOM">
<token_anchor t_id="75"/>
<token_anchor t_id="76"/>
<token_anchor t_id="77"/>
<token_anchor t_id="78"/>
</ENTITY_MENTION>
<ENTITY_MENTION comment="" head="" m_id="12" syntactic_type="NAM">
<token_anchor t_id="13"/>
<token_anchor t_id="14"/>
</ENTITY_MENTION>
<ENTITY_MENTION comment="" head="" m_id="13" syntactic_type="NAM">
<token_anchor t_id="1"/>
<token_anchor t_id="2"/>
</ENTITY_MENTION>
<ENTITY_MENTION comment="" head="" m_id="14" syntactic_type="NAM">
<token_anchor t_id="82"/>
<token_anchor t_id="83"/>
<token_anchor t_id="84"/>
<token_anchor t_id="85"/>
</ENTITY_MENTION>
<ENTITY_MENTION comment="" head="" m_id="15" syntactic_type="NAM">
<token_anchor t_id="7"/>
<token_anchor t_id="8"/>
</ENTITY_MENTION>
<ENTITY_MENTION comment="" head="" m_id="16" syntactic_type="PRO">
<token_anchor t_id="20"/>
</ENTITY_MENTION>
<ENTITY_MENTION comment="" head="" m_id="17" syntactic_type="NAM">
<token_anchor t_id="24"/>
<token_anchor t_id="25"/>
</ENTITY_MENTION>
<ENTITY_MENTION comment="" head="" m_id="18" syntactic_type="NAM">
<token_anchor t_id="28"/>
<token_anchor t_id="29"/>
<token_anchor t_id="30"/>
</ENTITY_MENTION>
<ENTITY_MENTION comment="" head="music" m_id="19" syntactic_type="NOM">
<token_anchor t_id="89"/>
<token_anchor t_id="90"/>
</ENTITY_MENTION>
<ENTITY_MENTION comment="" head="" m_id="20" syntactic_type="PRO">
<token_anchor t_id="91"/>
</ENTITY_MENTION>
<ENTITY_MENTION comment="" head="" m_id="21" syntactic_type="PRO">
<token_anchor t_id="97"/>
</ENTITY_MENTION>
<ENTITY_MENTION comment="" head="logo" m_id="22" syntactic_type="NOM">
<token_anchor t_id="103"/>
<token_anchor t_id="104"/>
<token_anchor t_id="105"/>
</ENTITY_MENTION>
<ENTITY_MENTION comment="" head="" m_id="23" syntactic_type="PRE.NAM">
<token_anchor t_id="104"/>
</ENTITY_MENTION>
<ENTITY_MENTION comment="" head="" m_id="24" syntactic_type="NAM">
<token_anchor t_id="32"/>
<token_anchor t_id="33"/>
</ENTITY_MENTION>
<ENTITY_MENTION comment="" head="" m_id="25" syntactic_type="NAM">
<token_anchor t_id="36"/>
<token_anchor t_id="37"/>
<token_anchor t_id="38"/>
<token_anchor t_id="39"/>
</ENTITY_MENTION>
<ENTITY_MENTION comment="" head="parties" m_id="26" syntactic_type="NOM">
<token_anchor t_id="49"/>
<token_anchor t_id="50"/>
<token_anchor t_id="51"/>
</ENTITY_MENTION>
<ENTITY_MENTION comment="" head="music" m_id="27" syntactic_type="NOM">
<token_anchor t_id="89"/>
<token_anchor t_id="90"/>
<token_anchor t_id="91"/>
<token_anchor t_id="92"/>
</ENTITY_MENTION>
<EVENT_MENTION aspect="NONE" certainty="CERTAIN" comment="" m_id="29" modality="" polarity="POS" pos="VERB" pred="reach" special_cases="NONE" tense="PASTPART" time="NON_FUTURE">
<token_anchor t_id="47"/>
</EVENT_MENTION>
<EVENT_MENTION aspect="" certainty="" comment="" m_id="30" modality="" polarity="" pos="" pred="" special_cases="" tense="" time="">
<token_anchor t_id="112"/>
</EVENT_MENTION>
<EVENT_MENTION aspect="" certainty="" comment="" m_id="31" modality="" polarity="" pos="" pred="" special_cases="" tense="" time="">
<token_anchor t_id="116"/>
</EVENT_MENTION>
<EVENT_MENTION aspect="NONE" certainty="CERTAIN" comment="" m_id="32" modality="" polarity="POS" pos="VERB" pred="be" special_cases="GEN" tense="PRESENT" time="NON_FUTURE">
<token_anchor t_id="86"/>
</EVENT_MENTION>
<EVENT_MENTION aspect="NONE" certainty="CERTAIN" comment="" m_id="33" modality="" polarity="POS" pos="NOUN" pred="agreement" special_cases="NONE" tense="NONE" time="NON_FUTURE">
<token_anchor t_id="55"/>
</EVENT_MENTION>
<EVENT_MENTION aspect="NONE" certainty="CERTAIN" comment="" m_id="34" modality="" polarity="POS" pos="VERB" pred="be" special_cases="NONE" tense="PAST" time="NON_FUTURE">
<token_anchor t_id="56"/>
</EVENT_MENTION>
<EVENT_MENTION aspect="NONE" certainty="CERTAIN" comment="" m_id="35" modality="" polarity="POS" pos="VERB" pred="sell" special_cases="NONE" tense="FUTURE" time="FUTURE">
<token_anchor t_id="62"/>
</EVENT_MENTION>
<EVENT_MENTION aspect="NONE" certainty="CERTAIN" comment="" m_id="36" modality="" polarity="POS" pos="VERB" pred="lose" special_cases="NONE" tense="PAST" time="NON_FUTURE">
<token_anchor t_id="19"/>
</EVENT_MENTION>
<EVENT_MENTION aspect="NONE" certainty="CERTAIN" comment="" m_id="37" modality="" polarity="POS" pos="NOUN" pred="court case" special_cases="NONE" tense="NONE" time="NON_FUTURE">
<token_anchor t_id="4"/>
<token_anchor t_id="5"/>
</EVENT_MENTION>
<EVENT_MENTION aspect="NONE" certainty="CERTAIN" comment="" m_id="38" modality="" polarity="POS" pos="VERB" pred="lose" special_cases="NONE" tense="PRESENT" time="NON_FUTURE">
<token_anchor t_id="3"/>
</EVENT_MENTION>
<EVENT_MENTION aspect="NONE" certainty="CERTAIN" comment="" m_id="39" modality="" polarity="POS" pos="NOUN" pred="court case" special_cases="NONE" tense="NONE" time="NON_FUTURE">
<token_anchor t_id="21"/>
<token_anchor t_id="22"/>
</EVENT_MENTION>
<EVENT_MENTION aspect="NONE" certainty="CERTAIN" comment="" m_id="40" modality="" polarity="POS" pos="VERB" pred="agree" special_cases="NONE" tense="PAST" time="NON_FUTURE">
<token_anchor t_id="73"/>
</EVENT_MENTION>
<EVENT_MENTION aspect="NONE" certainty="CERTAIN" comment="" m_id="41" modality="" polarity="POS" pos="VERB" pred="be" special_cases="GEN" tense="PRESENT" time="NON_FUTURE">
<token_anchor t_id="93"/>
</EVENT_MENTION>
<EVENT_MENTION aspect="NONE" certainty="CERTAIN" comment="" m_id="42" modality="" polarity="POS" pos="VERB" pred="argue" special_cases="NONE" tense="PAST" time="NON_FUTURE">
<token_anchor t_id="34"/>
</EVENT_MENTION>
<EVENT_MENTION aspect="NONE" certainty="CERTAIN" comment="" m_id="43" modality="" polarity="POS" pos="VERB" pred="sell" special_cases="NONE" tense="PRESENT" time="NON_FUTURE">
<token_anchor t_id="92"/>
</EVENT_MENTION>
<EVENT_MENTION aspect="NONE" certainty="CERTAIN" comment="" m_id="44" modality="" polarity="POS" pos="VERB" pred="be" special_cases="NONE" tense="PAST" time="NON_FUTURE">
<token_anchor t_id="40"/>
</EVENT_MENTION>
<EVENT_MENTION aspect="NONE" certainty="CERTAIN" comment="" m_id="45" modality="" polarity="POS" pos="VERB" pred="conclude" special_cases="NONE" tense="PRESENT" time="NON_FUTURE">
<token_anchor t_id="98"/>
</EVENT_MENTION>
<EVENT_MENTION aspect="NONE" certainty="CERTAIN" comment="" m_id="46" modality="" polarity="POS" pos="NOUN" pred="breach" special_cases="NONE" tense="NONE" time="NON_FUTURE">
<token_anchor t_id="42"/>
</EVENT_MENTION>
<EVENT_MENTION aspect="" certainty="" comment="" m_id="47" modality="" polarity="" pos="" pred="" special_cases="" tense="" time="">
<token_anchor t_id="101"/>
</EVENT_MENTION>
<EVENT_MENTION aspect="NONE" certainty="CERTAIN" comment="" m_id="48" modality="" polarity="POS" pos="NOUN" pred="settlement" special_cases="NONE" tense="NONE" time="NON_FUTURE">
<token_anchor t_id="46"/>
</EVENT_MENTION>
<EVENT_MENTION aspect="NONE" certainty="CERTAIN" comment="" m_id="28" modality="" polarity="NEG" pos="VERB" pred="suggest" special_cases="NONE" tense="PRESENT" time="NON_FUTURE">
<token_anchor t_id="109"/>
</EVENT_MENTION>
<TIMEX3 anchorTimeID="52" beginPoint="" comment="" endPoint="" functionInDocument="NONE" m_id="49" type="DATE" value="2006-05-08">
<token_anchor t_id="26"/>
</TIMEX3>
<TIMEX3 anchorTimeID="" beginPoint="" comment="" endPoint="" functionInDocument="NONE" m_id="50" type="DATE" value="1991">
<token_anchor t_id="45"/>
</TIMEX3>
<TIMEX3 anchorTimeID="" beginPoint="" comment="" endPoint="" functionInDocument="NONE" m_id="51" type="DATE" value="1991">
<token_anchor t_id="54"/>
</TIMEX3>
<TIMEX3 anchorTimeID="" beginPoint="" comment="" endPoint="" functionInDocument="CREATION_TIME" m_id="52" type="DATE" value="2006-05-08">
<token_anchor t_id="9"/>
<token_anchor t_id="10"/>
<token_anchor t_id="11"/>
<token_anchor t_id="12"/>
</TIMEX3>
<EVENT TAG_DESCRIPTOR="be" class="GRAMMATICAL" comment="" external_ref="" m_id="66"/>
<EVENT TAG_DESCRIPTOR="settlement" class="OTHER" comment="" external_ref="" m_id="68"/>
<EVENT TAG_DESCRIPTOR="reach" class="OTHER" comment="" external_ref="" m_id="69"/>
<EVENT TAG_DESCRIPTOR="sell" class="OTHER" comment="" external_ref="" m_id="70"/>
<EVENT TAG_DESCRIPTOR="agree" class="SPEECH_COGNITIVE" comment="" external_ref="" m_id="71"/>
<EVENT TAG_DESCRIPTOR="conclude" class="SPEECH_COGNITIVE" comment="" external_ref="" m_id="72"/>
<EVENT TAG_DESCRIPTOR="use" class="OTHER" comment="" external_ref="" m_id="73"/>
<EVENT TAG_DESCRIPTOR="suggest" class="SPEECH_COGNITIVE" comment="" external_ref="" m_id="74"/>
<EVENT TAG_DESCRIPTOR="connection" class="OTHER" comment="" external_ref="" m_id="75"/>
<EVENT TAG_DESCRIPTOR="work" class="OTHER" comment="" external_ref="" m_id="76"/>
<EVENT TAG_DESCRIPTOR="is" class="GRAMMATICAL" comment="" external_ref="" m_id="77"/>
<EVENT TAG_DESCRIPTOR="breach (of a settlement)" class="OTHER" external_ref="breach.01" instance_id="OTH57180077482019595" m_id="114"/>
<EVENT TAG_DESCRIPTOR="argue-SE (Beatles Apple Corps)" class="SPEECH_COGNITIVE" external_ref="argue.01" instance_id="SPE57126464767324594" m_id="115"/><EVENT TAG_DESCRIPTOR="court_case SE - Beatles Apple Corps" class="OTHER" instance_id="OTH57151703903477275" m_id="121"/>
<ENTITY TAG_DESCRIPTOR="iTunes music store" ent_type="PRO" external_ref="http://dbpedia.org/resource/ITunes_Store" instance_id="PRO19274271475601598" m_id="122"/><ENTITY TAG_DESCRIPTOR="BEATLES APPLE CORPS" ent_type="ORG" external_ref="http://dbpedia.org/resource/Apple_Corps" instance_id="ORG19274272335363621" m_id="123"/>
<EVENT TAG_DESCRIPTOR="lost SE - (a court case - Beatles Apple Corps)" class="OTHER" external_ref="lose.02" instance_id="OTH57151659575680383" m_id="124"/><EVENT TAG_DESCRIPTOR="sells (music)" class="OTHER" instance_id="OTH57180529697087435" m_id="125"/>
<ENTITY TAG_DESCRIPTOR="Apple logo" ent_type="PRO" instance_id="PRO55735156504893551" m_id="126"/><ENTITY TAG_DESCRIPTOR="Beatles Apple Corps and Apple Computer" ent_type="ORG" instance_id="ORG47025863678468231" m_id="127"/>
<ENTITY TAG_DESCRIPTOR="Apple Inc defence" ent_type="PER" instance_id="PER56156697017822717" m_id="128"/><ENTITY TAG_DESCRIPTOR="music branded with an Apple product" ent_type="PRO" instance_id="PRO55737213508897838" m_id="129"/>
<ENTITY TAG_DESCRIPTOR="music sell by Apple but not branded" ent_type="PRO" instance_id="PRO55737223817565056" m_id="130"/><ENTITY TAG_DESCRIPTOR="Mr Justice Anthony Mann" ent_type="PER" external_ref="http://dbpedia.org/resource/George_Mann_(judge)" instance_id="PER55736945439156701" m_id="131"/>
<ENTITY TAG_DESCRIPTOR="the High Court of Justice" ent_type="ORG" external_ref="http://dbpedia.org/resource/High_Court_of_Justice" instance_id="ORG55737092308106648" m_id="132"/><ENTITY TAG_DESCRIPTOR="APPLE" ent_type="ORG" external_ref="http://dbpedia.org/resource/Apple_Inc." instance_id="ORG19274271187160719" m_id="133"/>
<ENTITY TAG_DESCRIPTOR="Beatles" ent_type="ORG" external_ref="http://dbpedia.org/resource/The_Beatles" instance_id="ORG26441204318782210" m_id="134"/><EVENT_MENTION m_id="135">
  <token_anchor t_id="124"/>
</EVENT_MENTION>
<EVENT_MENTION m_id="136">
  <token_anchor t_id="164"/>
</EVENT_MENTION>
<ENTITY_MENTION m_id="137">
  <token_anchor t_id="122"/>
  <token_anchor t_id="123"/>
</ENTITY_MENTION>
<ENTITY_MENTION m_id="138">
  <token_anchor t_id="157"/>
  <token_anchor t_id="158"/>
  <token_anchor t_id="159"/>
</ENTITY_MENTION>
<ENTITY_MENTION m_id="139">
  <token_anchor t_id="195"/>
  <token_anchor t_id="196"/>
</ENTITY_MENTION>
<ENTITY_MENTION m_id="140">
  <token_anchor t_id="211"/>
  <token_anchor t_id="212"/>
</ENTITY_MENTION>
<ENTITY_MENTION m_id="141">
  <token_anchor t_id="166"/>
  <token_anchor t_id="167"/>
  <token_anchor t_id="168"/>
</ENTITY_MENTION>
<ENTITY_MENTION m_id="142">
  <token_anchor t_id="228"/>
</ENTITY_MENTION>
<ENTITY_MENTION m_id="143">
  <token_anchor t_id="189"/>
  <token_anchor t_id="190"/>
  <token_anchor t_id="191"/>
  <token_anchor t_id="192"/>
</ENTITY_MENTION>
<ENTITY_MENTION m_id="144">
  <token_anchor t_id="157"/>
  <token_anchor t_id="158"/>
  <token_anchor t_id="159"/>
  <token_anchor t_id="160"/>
  <token_anchor t_id="161"/>
</ENTITY_MENTION>
<ENTITY_MENTION m_id="145">
  <token_anchor t_id="160"/>
  <token_anchor t_id="161"/>
</ENTITY_MENTION>
<ENTITY TAG_DESCRIPTOR="Steve Jobs" ent_type="PER" external_ref="http://dbpedia.org/resource/Steve_Jobs " instance_id="PER19274271332322852" m_id="146"/><EVENT TAG_DESCRIPTOR="invitation S8-SE (Steve Jobs to Beatles Apple Corps)" class="OTHER" external_ref="invitation.01" instance_id="OTH57126804269586754" m_id="147"/>
<EVENT TAG_DESCRIPTOR="showed S6-SE (Beatles Apple Corps)" class="OTHER" external_ref="show.01" instance_id="OTH57126606815841646" m_id="148"/></Markables>
<Relations>
<HAS_PARTICIPANT comment="" r_id="361059" sem_role="Arg0" sem_role_framework="PROPBANK">
<source m_id="36"/>
<target m_id="8"/>
</HAS_PARTICIPANT>
<HAS_PARTICIPANT comment="" r_id="361060" sem_role="Arg0" sem_role_framework="PROPBANK">
<source m_id="39"/>
<target m_id="16"/>
</HAS_PARTICIPANT>
<HAS_PARTICIPANT comment="" r_id="361061" sem_role="Arg2" sem_role_framework="PROPBANK">
<source m_id="36"/>
<target m_id="17"/>
</HAS_PARTICIPANT>
<HAS_PARTICIPANT comment="" r_id="361062" sem_role="Argm-OTHER" sem_role_framework="PROPBANK">
<source m_id="36"/>
<target m_id="18"/>
</HAS_PARTICIPANT>
<HAS_PARTICIPANT comment="" r_id="361063" sem_role="Arg0" sem_role_framework="PROPBANK">
<source m_id="42"/>
<target m_id="24"/>
</HAS_PARTICIPANT>
<HAS_PARTICIPANT comment="" r_id="361064" sem_role="Arg1" sem_role_framework="PROPBANK">
<source m_id="44"/>
<target m_id="25"/>
</HAS_PARTICIPANT>
<HAS_PARTICIPANT comment="" r_id="361065" sem_role="Arg0" sem_role_framework="PROPBANK">
<source m_id="29"/>
<target m_id="26"/>
</HAS_PARTICIPANT>
<HAS_PARTICIPANT comment="" r_id="361066" sem_role="Arg0" sem_role_framework="PROPBANK">
<source m_id="35"/>
<target m_id="2"/>
</HAS_PARTICIPANT>
<HAS_PARTICIPANT comment="" r_id="361067" sem_role="Arg1" sem_role_framework="PROPBANK">
<source m_id="35"/>
<target m_id="3"/>
</HAS_PARTICIPANT>
<SLINK comment="" r_id="361068">
<source m_id="42"/>
<target m_id="44"/>
</SLINK>
<HAS_PARTICIPANT comment="" r_id="361069" sem_role="Arg0" sem_role_framework="PROPBANK">
<source m_id="40"/>
<target m_id="7"/>
</HAS_PARTICIPANT>
<HAS_PARTICIPANT comment="" r_id="361070" sem_role="Arg2" sem_role_framework="PROPBANK">
<source m_id="40"/>
<target m_id="11"/>
</HAS_PARTICIPANT>
<HAS_PARTICIPANT comment="" r_id="361071" sem_role="Arg1" sem_role_framework="PROPBANK">
<source m_id="43"/>
<target m_id="19"/>
</HAS_PARTICIPANT>
<HAS_PARTICIPANT comment="" r_id="361072" sem_role="Arg0" sem_role_framework="PROPBANK">
<source m_id="43"/>
<target m_id="20"/>
</HAS_PARTICIPANT>
<HAS_PARTICIPANT comment="" r_id="361073" sem_role="Arg0" sem_role_framework="PROPBANK">
<source m_id="45"/>
<target m_id="21"/>
</HAS_PARTICIPANT>
<HAS_PARTICIPANT comment="" r_id="361074" sem_role="Arg1" sem_role_framework="PROPBANK">
<source m_id="47"/>
<target m_id="22"/>
</HAS_PARTICIPANT>
<SLINK comment="" r_id="361075">
<source m_id="45"/>
<target m_id="28"/>
</SLINK>
<TLINK comment="" r_id="361076" reltype="IS_INCLUDED" signalID="">
<source m_id="36"/>
<target m_id="52"/>
</TLINK>
<TLINK comment="" r_id="361077" reltype="IS_INCLUDED" signalID="">
<source m_id="42"/>
<target m_id="52"/>
</TLINK>
<TLINK comment="" r_id="361078" reltype="BEFORE" signalID="">
<source m_id="44"/>
<target m_id="52"/>
</TLINK>
<TLINK comment="" r_id="361079" reltype="BEFORE" signalID="">
<source m_id="29"/>
<target m_id="52"/>
</TLINK>
<TLINK comment="" r_id="361080" reltype="BEFORE" signalID="">
<source m_id="34"/>
<target m_id="52"/>
</TLINK>
<TLINK comment="" r_id="361081" reltype="BEFORE" signalID="">
<source m_id="35"/>
<target m_id="52"/>
</TLINK>
<TLINK comment="" r_id="361082" reltype="IS_INCLUDED" signalID="">
<source m_id="40"/>
<target m_id="52"/>
</TLINK>
<TLINK comment="" r_id="361083" reltype="IS_INCLUDED" signalID="">
<source m_id="43"/>
<target m_id="52"/>
</TLINK>
<TLINK comment="" r_id="361084" reltype="IS_INCLUDED" signalID="">
<source m_id="41"/>
<target m_id="52"/>
</TLINK>
<TLINK comment="" r_id="361085" reltype="IS_INCLUDED" signalID="">
<source m_id="45"/>
<target m_id="52"/>
</TLINK>
<TLINK comment="" r_id="361086" reltype="IS_INCLUDED" signalID="">
<source m_id="28"/>
<target m_id="52"/>
</TLINK>
<TLINK comment="" r_id="361087" reltype="AFTER" signalID="">
<source m_id="36"/>
<target m_id="42"/>
</TLINK>
<TLINK comment="" r_id="361088" reltype="AFTER" signalID="">
<source m_id="42"/>
<target m_id="34"/>
</TLINK>
<TLINK comment="" r_id="361089" reltype="BEFORE" signalID="">
<source m_id="34"/>
<target m_id="40"/>
</TLINK>
<TLINK comment="" r_id="361090" reltype="AFTER" signalID="">
<source m_id="42"/>
<target m_id="44"/>
</TLINK>
<TLINK comment="" r_id="361091" reltype="AFTER" signalID="">
<source m_id="42"/>
<target m_id="29"/>
</TLINK>
<TLINK comment="" r_id="361092" reltype="BEFORE" signalID="">
<source m_id="34"/>
<target m_id="35"/>
</TLINK>
<TLINK comment="" r_id="361093" reltype="BEFORE" signalID="">
<source m_id="40"/>
<target m_id="52"/>
</TLINK>
<TLINK comment="" r_id="361094" reltype="SIMULTANEOUS" signalID="">
<source m_id="40"/>
<target m_id="43"/>
</TLINK>
<TLINK comment="" r_id="361095" reltype="SIMULTANEOUS" signalID="">
<source m_id="40"/>
<target m_id="41"/>
</TLINK>
<TLINK comment="" r_id="361096" reltype="SIMULTANEOUS" signalID="">
<source m_id="45"/>
<target m_id="28"/>
</TLINK>
<TLINK comment="" r_id="361097" reltype="IS_INCLUDED" signalID="">
<source m_id="36"/>
<target m_id="49"/>
</TLINK>
<TLINK comment="" r_id="361098" reltype="IS_INCLUDED" signalID="">
<source m_id="33"/>
<target m_id="51"/>
</TLINK>
<TLINK comment="" r_id="361099" reltype="IS_INCLUDED" signalID="">
<source m_id="48"/>
<target m_id="50"/>
</TLINK>











<HAS_PARTICIPANT comment="" r_id="361125" sem_role="Arg0" sem_role_framework="PROPBANK">
<source m_id="38"/>
<target m_id="13"/>
</HAS_PARTICIPANT>


















<REFERS_TO r_id="387058">
<source m_id="18"/>
<target m_id="132"/>
</REFERS_TO>
<REFERS_TO r_id="387059">
<source m_id="22"/>
<target m_id="126"/>
</REFERS_TO>
<REFERS_TO r_id="387060">
<source m_id="35"/>
<target m_id="70"/>
</REFERS_TO>
<REFERS_TO r_id="387061">
<source m_id="42"/>
<target m_id="115"/>
</REFERS_TO>
<REFERS_TO r_id="387062">
<source m_id="46"/>
<target m_id="114"/>
</REFERS_TO>
<REFERS_TO r_id="387063">
<source m_id="5"/>
<source m_id="6"/>
<source m_id="7"/>
<source m_id="21"/>
<target m_id="131"/>
</REFERS_TO>
<REFERS_TO r_id="387064">
<source m_id="19"/>
<source m_id="27"/>
<target m_id="130"/>
</REFERS_TO>
<REFERS_TO r_id="387065">
<source m_id="34"/>
<source m_id="44"/>
<target m_id="66"/>
</REFERS_TO>
<REFERS_TO r_id="387066">
<source m_id="12"/>
<target m_id="134"/>
</REFERS_TO>
<REFERS_TO r_id="387067">
<source m_id="33"/>
<source m_id="48"/>
<target m_id="68"/>
</REFERS_TO>
<REFERS_TO r_id="387068">
<source m_id="29"/>
<target m_id="69"/>
</REFERS_TO>
<REFERS_TO r_id="387069">
<source m_id="144"/>
<source m_id="145"/>
<source m_id="138"/>
<target m_id="146"/>
</REFERS_TO>
<REFERS_TO r_id="387070">
<source m_id="136"/>
<target m_id="147"/>
</REFERS_TO>
<REFERS_TO r_id="387071">
<source m_id="135"/>
<target m_id="148"/>
</REFERS_TO>
<REFERS_TO r_id="387072">
<source m_id="32"/>
<source m_id="41"/>
<target m_id="77"/>
</REFERS_TO>
<REFERS_TO r_id="387073">
<source m_id="37"/>
<source m_id="39"/>
<target m_id="121"/>
</REFERS_TO>
<REFERS_TO r_id="387074">
<source m_id="14"/>
<source m_id="25"/>
<source m_id="20"/>
<source m_id="143"/>
<target m_id="122"/>
</REFERS_TO>
<REFERS_TO r_id="387075">
<source m_id="8"/>
<source m_id="13"/>
<source m_id="16"/>
<source m_id="24"/>
<source m_id="1"/>
<source m_id="10"/>
<source m_id="141"/>
<source m_id="142"/>
<source m_id="137"/>
<source m_id="139"/>
<source m_id="140"/>
<target m_id="123"/>
</REFERS_TO>
<REFERS_TO r_id="387076">
<source m_id="36"/>
<source m_id="38"/>
<target m_id="124"/>
</REFERS_TO>
<REFERS_TO r_id="387077">
<source m_id="45"/>
<target m_id="72"/>
</REFERS_TO>
<REFERS_TO r_id="387078">
<source m_id="40"/>
<target m_id="71"/>
</REFERS_TO>
<REFERS_TO r_id="387079">
<source m_id="26"/>
<target m_id="127"/>
</REFERS_TO>
<REFERS_TO r_id="387080">
<source m_id="11"/>
<target m_id="128"/>
</REFERS_TO>
<REFERS_TO r_id="387081">
<source m_id="3"/>
<source m_id="4"/>
<target m_id="129"/>
</REFERS_TO>
<REFERS_TO r_id="387082">
<source m_id="2"/>
<source m_id="9"/>
<source m_id="15"/>
<source m_id="17"/>
<source m_id="23"/>
<target m_id="133"/>
</REFERS_TO>
<REFERS_TO r_id="387083">
<source m_id="31"/>
<target m_id="76"/>
</REFERS_TO>
<REFERS_TO r_id="387084">
<source m_id="30"/>
<target m_id="75"/>
</REFERS_TO>
<REFERS_TO r_id="387085">
<source m_id="28"/>
<target m_id="74"/>
</REFERS_TO>
<REFERS_TO r_id="387086">
<source m_id="47"/>
<target m_id="73"/>
</REFERS_TO>
<REFERS_TO r_id="387087">
<source m_id="43"/>
<target m_id="125"/>
</REFERS_TO>
</Relations>
</Document>