<?xml version="1.0" ?><Document doc_id="43503" doc_name="43503_Apple_plans_to_sell" lang="en" url="http://en.wikinews.org/wiki/Apple_plans_to_sell_movies_on_iTunes">
<token number="0" sentence="0" t_id="1">Apple</token>
<token number="1" sentence="0" t_id="2">plans</token>
<token number="2" sentence="0" t_id="3">to</token>
<token number="3" sentence="0" t_id="4">sell</token>
<token number="4" sentence="0" t_id="5">movies</token>
<token number="5" sentence="0" t_id="6">on</token>
<token number="6" sentence="0" t_id="7">iTunes</token>
<token number="7" sentence="1" t_id="8">June</token>
<token number="8" sentence="1" t_id="9">20</token>
<token number="9" sentence="1" t_id="10">,</token>
<token number="10" sentence="1" t_id="11">2006</token>
<token number="11" sentence="2" t_id="12">Apple</token>
<token number="12" sentence="2" t_id="13">Computer</token>
<token number="13" sentence="2" t_id="14">is</token>
<token number="14" sentence="2" t_id="15">planning</token>
<token number="15" sentence="2" t_id="16">to</token>
<token number="16" sentence="2" t_id="17">sell</token>
<token number="17" sentence="2" t_id="18">full-length</token>
<token number="18" sentence="2" t_id="19">feature</token>
<token number="19" sentence="2" t_id="20">films</token>
<token number="20" sentence="2" t_id="21">for</token>
<token number="21" sentence="2" t_id="22">download</token>
<token number="22" sentence="2" t_id="23">via</token>
<token number="23" sentence="2" t_id="24">the</token>
<token number="24" sentence="2" t_id="25">online</token>
<token number="25" sentence="2" t_id="26">iTunes</token>
<token number="26" sentence="2" t_id="27">Music</token>
<token number="27" sentence="2" t_id="28">Store</token>
<token number="28" sentence="2" t_id="29">.</token>
<token number="29" sentence="3" t_id="30">The</token>
<token number="30" sentence="3" t_id="31">store</token>
<token number="31" sentence="3" t_id="32">currently</token>
<token number="32" sentence="3" t_id="33">sells</token>
<token number="33" sentence="3" t_id="34">digital</token>
<token number="34" sentence="3" t_id="35">music</token>
<token number="35" sentence="3" t_id="36">tracks</token>
<token number="36" sentence="3" t_id="37">,</token>
<token number="37" sentence="3" t_id="38">and</token>
<token number="38" sentence="3" t_id="39">more</token>
<token number="39" sentence="3" t_id="40">recently</token>
<token number="40" sentence="3" t_id="41">has</token>
<token number="41" sentence="3" t_id="42">begun</token>
<token number="42" sentence="3" t_id="43">to</token>
<token number="43" sentence="3" t_id="44">sell</token>
<token number="44" sentence="3" t_id="45">TV</token>
<token number="45" sentence="3" t_id="46">episodes</token>
<token number="46" sentence="3" t_id="47">.</token>
<token number="47" sentence="4" t_id="48">Apple</token>
<token number="48" sentence="4" t_id="49">executives</token>
<token number="49" sentence="4" t_id="50">are</token>
<token number="50" sentence="4" t_id="51">in</token>
<token number="51" sentence="4" t_id="52">negotiations</token>
<token number="52" sentence="4" t_id="53">with</token>
<token number="53" sentence="4" t_id="54">film</token>
<token number="54" sentence="4" t_id="55">studios</token>
<token number="55" sentence="4" t_id="56">to</token>
<token number="56" sentence="4" t_id="57">arrange</token>
<token number="57" sentence="4" t_id="58">the</token>
<token number="58" sentence="4" t_id="59">deal</token>
<token number="59" sentence="4" t_id="60">and</token>
<token number="60" sentence="4" t_id="61">settle</token>
<token number="61" sentence="4" t_id="62">on</token>
<token number="62" sentence="4" t_id="63">pricing</token>
<token number="63" sentence="4" t_id="64">structures</token>
<token number="64" sentence="4" t_id="65">.</token>
<token number="65" sentence="5" t_id="66">It</token>
<token number="66" sentence="5" t_id="67">is</token>
<token number="67" sentence="5" t_id="68">expected</token>
<token number="68" sentence="5" t_id="69">that</token>
<token number="69" sentence="5" t_id="70">films</token>
<token number="70" sentence="5" t_id="71">will</token>
<token number="71" sentence="5" t_id="72">retail</token>
<token number="72" sentence="5" t_id="73">for</token>
<token number="73" sentence="5" t_id="74">around</token>
<token number="74" sentence="5" t_id="75">$</token>
<token number="75" sentence="5" t_id="76">9.99</token>
<token number="76" sentence="5" t_id="77">US</token>
<token number="77" sentence="5" t_id="78">dollars</token>
<token number="78" sentence="5" t_id="79">,</token>
<token number="79" sentence="5" t_id="80">although</token>
<token number="80" sentence="5" t_id="81">some</token>
<token number="81" sentence="5" t_id="82">studios</token>
<token number="82" sentence="5" t_id="83">are</token>
<token number="83" sentence="5" t_id="84">reported</token>
<token number="84" sentence="5" t_id="85">to</token>
<token number="85" sentence="5" t_id="86">want</token>
<token number="86" sentence="5" t_id="87">to</token>
<token number="87" sentence="5" t_id="88">set</token>
<token number="88" sentence="5" t_id="89">a</token>
<token number="89" sentence="5" t_id="90">higher</token>
<token number="90" sentence="5" t_id="91">price</token>
<token number="91" sentence="5" t_id="92">.</token>
<token number="92" sentence="6" t_id="93">iTunes</token>
<token number="93" sentence="6" t_id="94">is</token>
<token number="94" sentence="6" t_id="95">currently</token>
<token number="95" sentence="6" t_id="96">by</token>
<token number="96" sentence="6" t_id="97">the</token>
<token number="97" sentence="6" t_id="98">biggest</token>
<token number="98" sentence="6" t_id="99">online</token>
<token number="99" sentence="6" t_id="100">retailer</token>
<token number="100" sentence="6" t_id="101">of</token>
<token number="101" sentence="6" t_id="102">digital</token>
<token number="102" sentence="6" t_id="103">music</token>
<token number="103" sentence="6" t_id="104">,</token>
<token number="104" sentence="6" t_id="105">with</token>
<token number="105" sentence="6" t_id="106">its</token>
<token number="106" sentence="6" t_id="107">software</token>
<token number="107" sentence="6" t_id="108">tightly</token>
<token number="108" sentence="6" t_id="109">integrated</token>
<token number="109" sentence="6" t_id="110">with</token>
<token number="110" sentence="6" t_id="111">the</token>
<token number="111" sentence="6" t_id="112">popular</token>
<token number="112" sentence="6" t_id="113">iPod</token>
<token number="113" sentence="6" t_id="114">line</token>
<token number="114" sentence="6" t_id="115">of</token>
<token number="115" sentence="6" t_id="116">products</token>
<token number="116" sentence="6" t_id="117">.</token>
<token number="117" sentence="7" t_id="118">Newer</token>
<token number="118" sentence="7" t_id="119">versions</token>
<token number="119" sentence="7" t_id="120">of</token>
<token number="120" sentence="7" t_id="121">the</token>
<token number="121" sentence="7" t_id="122">iPod</token>
<token number="122" sentence="7" t_id="123">include</token>
<token number="123" sentence="7" t_id="124">a</token>
<token number="124" sentence="7" t_id="125">colour</token>
<token number="125" sentence="7" t_id="126">screen</token>
<token number="126" sentence="7" t_id="127">capable</token>
<token number="127" sentence="7" t_id="128">of</token>
<token number="128" sentence="7" t_id="129">displaying</token>
<token number="129" sentence="7" t_id="130">videos</token>
<token number="130" sentence="7" t_id="131">,</token>
<token number="131" sentence="7" t_id="132">and</token>
<token number="132" sentence="7" t_id="133">so</token>
<token number="133" sentence="7" t_id="134">consumers</token>
<token number="134" sentence="7" t_id="135">could</token>
<token number="135" sentence="7" t_id="136">watch</token>
<token number="136" sentence="7" t_id="137">the</token>
<token number="137" sentence="7" t_id="138">films</token>
<token number="138" sentence="7" t_id="139">on</token>
<token number="139" sentence="7" t_id="140">the</token>
<token number="140" sentence="7" t_id="141">devices</token>
<token number="141" sentence="7" t_id="142">,</token>
<token number="142" sentence="7" t_id="143">but</token>
<token number="143" sentence="7" t_id="144">it</token>
<token number="144" sentence="7" t_id="145">is</token>
<token number="145" sentence="7" t_id="146">not</token>
<token number="146" sentence="7" t_id="147">yet</token>
<token number="147" sentence="7" t_id="148">clear</token>
<token number="148" sentence="7" t_id="149">how</token>
<token number="149" sentence="7" t_id="150">many</token>
<token number="150" sentence="7" t_id="151">people</token>
<token number="151" sentence="7" t_id="152">will</token>
<token number="152" sentence="7" t_id="153">want</token>
<token number="153" sentence="7" t_id="154">to</token>
<token number="154" sentence="7" t_id="155">do</token>
<token number="155" sentence="7" t_id="156">this</token>
<token number="156" sentence="7" t_id="157">.</token>
<token number="157" sentence="8" t_id="158">Apple</token>
<token number="158" sentence="8" t_id="159">CEO</token>
<token number="159" sentence="8" t_id="160">Steve</token>
<token number="160" sentence="8" t_id="161">Jobs</token>
<token number="161" sentence="8" t_id="162">is</token>
<token number="162" sentence="8" t_id="163">also</token>
<token number="163" sentence="8" t_id="164">the</token>
<token number="164" sentence="8" t_id="165">largest</token>
<token number="165" sentence="8" t_id="166">single</token>
<token number="166" sentence="8" t_id="167">shareholder</token>
<token number="167" sentence="8" t_id="168">of</token>
<token number="168" sentence="8" t_id="169">Disney</token>
<token number="169" sentence="8" t_id="170">,</token>
<token number="170" sentence="8" t_id="171">which</token>
<token number="171" sentence="8" t_id="172">now</token>
<token number="172" sentence="8" t_id="173">owns</token>
<token number="173" sentence="8" t_id="174">animation</token>
<token number="174" sentence="8" t_id="175">studio</token>
<token number="175" sentence="8" t_id="176">Pixar</token>
<token number="176" sentence="8" t_id="177">,</token>
<token number="177" sentence="8" t_id="178">however</token>
<token number="178" sentence="8" t_id="179">he</token>
<token number="179" sentence="8" t_id="180">could</token>
<token number="180" sentence="8" t_id="181">end</token>
<token number="181" sentence="8" t_id="182">up</token>
<token number="182" sentence="8" t_id="183">playing</token>
<token number="183" sentence="8" t_id="184">a</token>
<token number="184" sentence="8" t_id="185">wider</token>
<token number="185" sentence="8" t_id="186">role</token>
<token number="186" sentence="8" t_id="187">within</token>
<token number="187" sentence="8" t_id="188">the</token>
<token number="188" sentence="8" t_id="189">film</token>
<token number="189" sentence="8" t_id="190">industry</token>
<token number="190" sentence="8" t_id="191">if</token>
<token number="191" sentence="8" t_id="192">iTunes</token>
<token number="192" sentence="8" t_id="193">becomes</token>
<token number="193" sentence="8" t_id="194">the</token>
<token number="194" sentence="8" t_id="195">dominant</token>
<token number="195" sentence="8" t_id="196">online</token>
<token number="196" sentence="8" t_id="197">distributor</token>
<token number="197" sentence="8" t_id="198">.</token>
<token number="198" sentence="9" t_id="199">A</token>
<token number="199" sentence="9" t_id="200">full-length</token>
<token number="200" sentence="9" t_id="201">TV</token>
<token number="201" sentence="9" t_id="202">movie</token>
<token number="202" sentence="9" t_id="203">,</token>
<token number="203" sentence="9" t_id="204">'</token>
<token number="204" sentence="9" t_id="205">High</token>
<token number="205" sentence="9" t_id="206">School</token>
<token number="206" sentence="9" t_id="207">Musical</token>
<token number="207" sentence="9" t_id="208">Sources</token>
<token number="208" sentence="9" t_id="209">'</token>
<token number="209" sentence="9" t_id="210">from</token>
<token number="210" sentence="9" t_id="211">Disney</token>
<token number="211" sentence="9" t_id="212">,</token>
<token number="212" sentence="9" t_id="213">is</token>
<token number="213" sentence="9" t_id="214">already</token>
<token number="214" sentence="9" t_id="215">available</token>
<token number="215" sentence="9" t_id="216">on</token>
<token number="216" sentence="9" t_id="217">iTunes</token>
<token number="217" sentence="9" t_id="218">,</token>
<token number="218" sentence="9" t_id="219">suggesting</token>
<token number="219" sentence="9" t_id="220">that</token>
<token number="220" sentence="9" t_id="221">the</token>
<token number="221" sentence="9" t_id="222">technical</token>
<token number="222" sentence="9" t_id="223">infrastructure</token>
<token number="223" sentence="9" t_id="224">is</token>
<token number="224" sentence="9" t_id="225">already</token>
<token number="225" sentence="9" t_id="226">in</token>
<token number="226" sentence="9" t_id="227">place</token>
<token number="227" sentence="9" t_id="228">.</token>
<Markables>
<ENTITY_MENTION comment="" head="some" m_id="1" syntactic_type="PTV">
<token_anchor t_id="81"/>
<token_anchor t_id="82"/>
</ENTITY_MENTION>
<ENTITY_MENTION comment="" head="price" m_id="2" syntactic_type="NOM">
<token_anchor t_id="89"/>
<token_anchor t_id="90"/>
<token_anchor t_id="91"/>
</ENTITY_MENTION>
<ENTITY_MENTION comment="" head="" m_id="3" syntactic_type="NAM">
<token_anchor t_id="12"/>
<token_anchor t_id="13"/>
</ENTITY_MENTION>
<ENTITY_MENTION comment="" head="films" m_id="4" syntactic_type="NOM">
<token_anchor t_id="18"/>
<token_anchor t_id="19"/>
<token_anchor t_id="20"/>
</ENTITY_MENTION>
<ENTITY_MENTION comment="" head="" m_id="5" syntactic_type="NAM">
<token_anchor t_id="24"/>
<token_anchor t_id="25"/>
<token_anchor t_id="26"/>
<token_anchor t_id="27"/>
<token_anchor t_id="28"/>
</ENTITY_MENTION>
<ENTITY_MENTION comment="" head="store" m_id="6" syntactic_type="NOM">
<token_anchor t_id="30"/>
<token_anchor t_id="31"/>
</ENTITY_MENTION>
<ENTITY_MENTION comment="" head="tracks" m_id="7" syntactic_type="NOM">
<token_anchor t_id="34"/>
<token_anchor t_id="35"/>
<token_anchor t_id="36"/>
</ENTITY_MENTION>
<ENTITY_MENTION comment="" head="episodes" m_id="8" syntactic_type="NOM">
<token_anchor t_id="45"/>
<token_anchor t_id="46"/>
</ENTITY_MENTION>
<ENTITY_MENTION comment="" head="" m_id="9" syntactic_type="PRE.NAM">
<token_anchor t_id="48"/>
</ENTITY_MENTION>
<ENTITY_MENTION comment="" head="executives" m_id="10" syntactic_type="NOM">
<token_anchor t_id="48"/>
<token_anchor t_id="49"/>
</ENTITY_MENTION>
<ENTITY_MENTION comment="" head="" m_id="11" syntactic_type="NAM">
<token_anchor t_id="1"/>
</ENTITY_MENTION>
<ENTITY_MENTION comment="" head="studios" m_id="12" syntactic_type="NOM">
<token_anchor t_id="54"/>
<token_anchor t_id="55"/>
</ENTITY_MENTION>
<ENTITY_MENTION comment="" head="movies" m_id="13" syntactic_type="NOM">
<token_anchor t_id="5"/>
</ENTITY_MENTION>
<ENTITY_MENTION comment="" head="structures" m_id="14" syntactic_type="NOM">
<token_anchor t_id="63"/>
<token_anchor t_id="64"/>
</ENTITY_MENTION>
<ENTITY_MENTION comment="" head="" m_id="15" syntactic_type="NAM">
<token_anchor t_id="7"/>
</ENTITY_MENTION>
<ENTITY_MENTION comment="" head="films" m_id="16" syntactic_type="NOM">
<token_anchor t_id="70"/>
</ENTITY_MENTION>
<EVENT_MENTION aspect="NONE" certainty="POSSIBLE" comment="" m_id="29" modality="" polarity="POS" pos="VERB" pred="retail" special_cases="NONE" tense="PRESENT" time="FUTURE">
<token_anchor t_id="72"/>
</EVENT_MENTION>
<EVENT_MENTION aspect="NONE" certainty="CERTAIN" comment="" m_id="30" modality="" polarity="POS" pos="VERB" pred="report" special_cases="NONE" tense="PRESENT" time="NON_FUTURE">
<token_anchor t_id="84"/>
</EVENT_MENTION>
<EVENT_MENTION aspect="NONE" certainty="CERTAIN" comment="" m_id="31" modality="" polarity="POS" pos="VERB" pred="want" special_cases="NONE" tense="PRESENT" time="NON_FUTURE">
<token_anchor t_id="86"/>
</EVENT_MENTION>
<EVENT_MENTION aspect="NONE" certainty="CERTAIN" comment="" m_id="32" modality="" polarity="POS" pos="VERB" pred="set" special_cases="NONE" tense="INFINITIVE" time="FUTURE">
<token_anchor t_id="88"/>
</EVENT_MENTION>
<EVENT_MENTION aspect="PROGRESSIVE" certainty="CERTAIN" comment="" m_id="33" modality="" polarity="POS" pos="VERB" pred="plan" special_cases="NONE" tense="PRESENT" time="NON_FUTURE">
<token_anchor t_id="15"/>
</EVENT_MENTION>
<EVENT_MENTION aspect="NONE" certainty="CERTAIN" comment="" m_id="34" modality="" polarity="POS" pos="VERB" pred="sell" special_cases="NONE" tense="INFINITIVE" time="FUTURE">
<token_anchor t_id="17"/>
</EVENT_MENTION>
<EVENT_MENTION aspect="NONE" certainty="CERTAIN" comment="" m_id="35" modality="" polarity="POS" pos="VERB" pred="plan" special_cases="NONE" tense="PRESENT" time="NON_FUTURE">
<token_anchor t_id="2"/>
</EVENT_MENTION>
<EVENT_MENTION aspect="" certainty="" comment="" m_id="63" modality="" polarity="" pos="" pred="" special_cases="" tense="" time="">
<token_anchor t_id="33"/>
<token_anchor t_id="42"/>
</EVENT_MENTION>
<EVENT_MENTION aspect="NONE" certainty="CERTAIN" comment="" m_id="17" modality="" polarity="POS" pos="VERB" pred="sell" special_cases="NONE" tense="INFINITIVE" time="FUTURE">
<token_anchor t_id="4"/>
</EVENT_MENTION>
<EVENT_MENTION aspect="NONE" certainty="CERTAIN" comment="" m_id="18" modality="" polarity="POS" pos="NOUN" pred="download" special_cases="NONE" tense="NONE" time="FUTURE">
<token_anchor t_id="22"/>
</EVENT_MENTION>
<EVENT_MENTION aspect="NONE" certainty="CERTAIN" comment="" m_id="19" modality="" polarity="POS" pos="VERB" pred="sell" special_cases="NONE" tense="PRESENT" time="NON_FUTURE">
<token_anchor t_id="33"/>
</EVENT_MENTION>
<EVENT_MENTION aspect="PERFECTIVE" certainty="CERTAIN" comment="" m_id="20" modality="" polarity="POS" pos="VERB" pred="begin" special_cases="NONE" tense="PRESENT" time="NON_FUTURE">
<token_anchor t_id="42"/>
</EVENT_MENTION>
<EVENT_MENTION aspect="NONE" certainty="CERTAIN" comment="" m_id="21" modality="" polarity="POS" pos="VERB" pred="sell" special_cases="NONE" tense="INFINITIVE" time="NON_FUTURE">
<token_anchor t_id="44"/>
</EVENT_MENTION>
<EVENT_MENTION aspect="NONE" certainty="CERTAIN" comment="" m_id="22" modality="" polarity="POS" pos="NOUN" pred="negotiation" special_cases="NONE" tense="NONE" time="NON_FUTURE">
<token_anchor t_id="52"/>
</EVENT_MENTION>
<EVENT_MENTION aspect="NONE" certainty="CERTAIN" comment="" m_id="23" modality="" polarity="POS" pos="VERB" pred="be" special_cases="NONE" tense="PRESENT" time="NON_FUTURE">
<token_anchor t_id="50"/>
</EVENT_MENTION>
<EVENT_MENTION aspect="NONE" certainty="CERTAIN" comment="" m_id="24" modality="" polarity="POS" pos="VERB" pred="arrange" special_cases="NONE" tense="INFINITIVE" time="FUTURE">
<token_anchor t_id="57"/>
</EVENT_MENTION>
<EVENT_MENTION aspect="NONE" certainty="CERTAIN" comment="" m_id="25" modality="" polarity="POS" pos="NOUN" pred="deal" special_cases="NONE" tense="NONE" time="FUTURE">
<token_anchor t_id="59"/>
</EVENT_MENTION>
<EVENT_MENTION aspect="NONE" certainty="CERTAIN" comment="" m_id="26" modality="" polarity="POS" pos="VERB" pred="settle" special_cases="NONE" tense="INFINITIVE" time="FUTURE">
<token_anchor t_id="61"/>
</EVENT_MENTION>
<EVENT_MENTION aspect="NONE" certainty="CERTAIN" comment="" m_id="27" modality="" polarity="POS" pos="VERB" pred="" special_cases="NONE" tense="INFINITIVE" time="FUTURE">
<token_anchor t_id="57"/>
<token_anchor t_id="61"/>
</EVENT_MENTION>
<EVENT_MENTION aspect="NONE" certainty="CERTAIN" comment="" m_id="28" modality="" polarity="POS" pos="VERB" pred="expect" special_cases="NONE" tense="PRESENT" time="NON_FUTURE">
<token_anchor t_id="68"/>
</EVENT_MENTION>
<TIMEX3 anchorTimeID="38" beginPoint="" comment="" endPoint="" functionInDocument="NONE" m_id="36" type="DATE" value="PRESENT_REF">
<token_anchor t_id="32"/>
</TIMEX3>
<TIMEX3 anchorTimeID="38" beginPoint="" comment="" endPoint="" functionInDocument="NONE" m_id="37" type="DATE" value="PAST_REF">
<token_anchor t_id="39"/>
<token_anchor t_id="40"/>
</TIMEX3>
<TIMEX3 anchorTimeID="" beginPoint="" comment="" endPoint="" functionInDocument="CREATION_TIME" m_id="38" type="DATE" value="2006-06-20">
<token_anchor t_id="8"/>
<token_anchor t_id="9"/>
<token_anchor t_id="10"/>
<token_anchor t_id="11"/>
</TIMEX3>
<VALUE comment="" m_id="39" type="MONEY">
<token_anchor t_id="74"/>
<token_anchor t_id="75"/>
<token_anchor t_id="76"/>
<token_anchor t_id="77"/>
<token_anchor t_id="78"/>
</VALUE>
<EVENT TAG_DESCRIPTOR="plan" class="GRAMMATICAL" comment="" external_ref="" m_id="49"/>
<EVENT TAG_DESCRIPTOR="sell" class="OTHER" comment="" external_ref="" m_id="50"/>
<EVENT TAG_DESCRIPTOR="download" class="OTHER" comment="" external_ref="" m_id="51"/>
<EVENT TAG_DESCRIPTOR="begin" class="GRAMMATICAL" comment="" external_ref="" m_id="52"/>
<EVENT TAG_DESCRIPTOR="be" class="GRAMMATICAL" comment="" external_ref="" m_id="53"/>
<EVENT TAG_DESCRIPTOR="negotiations" class="OTHER" comment="" external_ref="" m_id="54"/>
<EVENT TAG_DESCRIPTOR="arrange" class="GRAMMATICAL" comment="" external_ref="" m_id="55"/>
<EVENT TAG_DESCRIPTOR="deal" class="OTHER" comment="" external_ref="" m_id="56"/>
<EVENT TAG_DESCRIPTOR="settle" class="OTHER" comment="" external_ref="" m_id="57"/>
<EVENT TAG_DESCRIPTOR="arrange+settle" class="OTHER" comment="" external_ref="" m_id="58"/>
<EVENT TAG_DESCRIPTOR="expect" class="SPEECH_COGNITIVE" comment="" external_ref="" m_id="59"/>
<EVENT TAG_DESCRIPTOR="report" class="SPEECH_COGNITIVE" comment="" external_ref="" m_id="60"/>
<EVENT TAG_DESCRIPTOR="want" class="GRAMMATICAL" comment="" external_ref="" m_id="61"/>
<EVENT TAG_DESCRIPTOR="set" class="OTHER" comment="" external_ref="" m_id="62"/>
<EVENT TAG_DESCRIPTOR="sells and begun" class="MIX" comment="" external_ref="" m_id="64"/>
<ENTITY TAG_DESCRIPTOR="iTunes music store" ent_type="PRO" external_ref="http://dbpedia.org/resource/ITunes_Store" instance_id="PRO19274271475601598" m_id="88"/>
<EVENT TAG_DESCRIPTOR="sell digital music tracks-SE - (iTunes Music Store)" class="OTHER" external_ref="sell.01" instance_id="OTH57463866044355704" m_id="89"/><EVENT TAG_DESCRIPTOR="sell TV episodes-SE - iTunes Music Stores" class="OTHER" external_ref="sell.01" instance_id="OTH57464019564915945" m_id="90"/>
<ENTITY TAG_DESCRIPTOR="TV episodes" ent_type="PRO" instance_id="PRO55895161082229789" m_id="91"/><ENTITY TAG_DESCRIPTOR="digital music tracks" ent_type="PRO" instance_id="PRO55895197548378117" m_id="92"/>
<ENTITY TAG_DESCRIPTOR="films" ent_type="PRO" instance_id="PRO55895049792195585" m_id="93"/><ENTITY TAG_DESCRIPTOR="films price" ent_type="FIN" instance_id="FIN55895409053689066" m_id="94"/>
<ENTITY TAG_DESCRIPTOR="Apple executives" ent_type="PER" instance_id="PER56154654431469039" m_id="95"/><ENTITY TAG_DESCRIPTOR="APPLE" ent_type="ORG" external_ref="http://dbpedia.org/resource/Apple_Inc." instance_id="ORG19274271187160719" m_id="96"/>
<ENTITY TAG_DESCRIPTOR="pricing structures" ent_type="FIN" instance_id="FIN55895364482390762" m_id="97"/><ENTITY TAG_DESCRIPTOR="film studios" ent_type="ORG" external_ref="http://dbpedia.org/resource/Film_studio" instance_id="ORG55895173473659360" m_id="98"/>
<ENTITY_MENTION m_id="99">
  <token_anchor t_id="140"/>
  <token_anchor t_id="141"/>
</ENTITY_MENTION>
<ENTITY_MENTION m_id="100">
  <token_anchor t_id="97"/>
  <token_anchor t_id="98"/>
  <token_anchor t_id="99"/>
  <token_anchor t_id="100"/>
  <token_anchor t_id="101"/>
  <token_anchor t_id="102"/>
  <token_anchor t_id="103"/>
</ENTITY_MENTION>
<ENTITY_MENTION m_id="101">
  <token_anchor t_id="113"/>
</ENTITY_MENTION>
<ENTITY_MENTION m_id="102">
  <token_anchor t_id="93"/>
</ENTITY_MENTION>
<ENTITY_MENTION m_id="103">
  <token_anchor t_id="121"/>
  <token_anchor t_id="122"/>
</ENTITY_MENTION>
<ENTITY_MENTION m_id="104">
  <token_anchor t_id="179"/>
</ENTITY_MENTION>
<ENTITY_MENTION m_id="105">
  <token_anchor t_id="217"/>
</ENTITY_MENTION>
<ENTITY_MENTION m_id="106">
  <token_anchor t_id="158"/>
  <token_anchor t_id="159"/>
  <token_anchor t_id="160"/>
  <token_anchor t_id="161"/>
</ENTITY_MENTION>
<ENTITY_MENTION m_id="107">
  <token_anchor t_id="192"/>
</ENTITY_MENTION>
<ENTITY_MENTION m_id="108">
  <token_anchor t_id="158"/>
  <token_anchor t_id="159"/>
</ENTITY_MENTION>
<ENTITY_MENTION m_id="109">
  <token_anchor t_id="160"/>
  <token_anchor t_id="161"/>
</ENTITY_MENTION>
<ENTITY_MENTION m_id="110">
  <token_anchor t_id="106"/>
</ENTITY_MENTION>
<ENTITY_MENTION m_id="111">
  <token_anchor t_id="164"/>
  <token_anchor t_id="165"/>
  <token_anchor t_id="166"/>
  <token_anchor t_id="167"/>
  <token_anchor t_id="168"/>
  <token_anchor t_id="169"/>
</ENTITY_MENTION>
<ENTITY TAG_DESCRIPTOR="IPOD" ent_type="PRO" external_ref="http://dbpedia.org/resource/IPod" instance_id="PRO19274272200451092" m_id="112"/><ENTITY TAG_DESCRIPTOR="Steve Jobs" ent_type="PER" external_ref="http://dbpedia.org/resource/Steve_Jobs " instance_id="PER19274271332322852" m_id="113"/></Markables>
<Relations>
<HAS_PARTICIPANT comment="" r_id="361184" sem_role="Arg0" sem_role_framework="PROPBANK">
<source m_id="33"/>
<target m_id="3"/>
</HAS_PARTICIPANT>
<HAS_PARTICIPANT comment="" r_id="361185" sem_role="Arg0" sem_role_framework="PROPBANK">
<source m_id="34"/>
<target m_id="3"/>
</HAS_PARTICIPANT>
<HAS_PARTICIPANT comment="" r_id="361186" sem_role="Arg1" sem_role_framework="PROPBANK">
<source m_id="34"/>
<target m_id="4"/>
</HAS_PARTICIPANT>
<HAS_PARTICIPANT comment="" r_id="361187" sem_role="Arg1" sem_role_framework="PROPBANK">
<source m_id="18"/>
<target m_id="4"/>
</HAS_PARTICIPANT>
<HAS_PARTICIPANT comment="" r_id="361188" sem_role="Argm-OTHER" sem_role_framework="PROPBANK">
<source m_id="18"/>
<target m_id="5"/>
</HAS_PARTICIPANT>
<GLINK comment="" r_id="361189">
<source m_id="33"/>
<target m_id="34"/>
</GLINK>
<HAS_PARTICIPANT comment="" r_id="361190" sem_role="Arg0" sem_role_framework="PROPBANK">
<source m_id="19"/>
<target m_id="6"/>
</HAS_PARTICIPANT>
<HAS_PARTICIPANT comment="" r_id="361191" sem_role="Arg1" sem_role_framework="PROPBANK">
<source m_id="19"/>
<target m_id="7"/>
</HAS_PARTICIPANT>
<HAS_PARTICIPANT comment="" r_id="361192" sem_role="Arg0" sem_role_framework="PROPBANK">
<source m_id="20"/>
<target m_id="6"/>
</HAS_PARTICIPANT>
<HAS_PARTICIPANT comment="" r_id="361193" sem_role="Arg0" sem_role_framework="PROPBANK">
<source m_id="21"/>
<target m_id="6"/>
</HAS_PARTICIPANT>
<HAS_PARTICIPANT comment="" r_id="361194" sem_role="Arg1" sem_role_framework="PROPBANK">
<source m_id="21"/>
<target m_id="8"/>
</HAS_PARTICIPANT>
<GLINK comment="" r_id="361195">
<source m_id="20"/>
<target m_id="21"/>
</GLINK>
<HAS_PARTICIPANT comment="" r_id="361196" sem_role="Arg1" sem_role_framework="PROPBANK">
<source m_id="23"/>
<target m_id="10"/>
</HAS_PARTICIPANT>
<HAS_PARTICIPANT comment="" r_id="361197" sem_role="Arg0" sem_role_framework="PROPBANK">
<source m_id="22"/>
<target m_id="10"/>
</HAS_PARTICIPANT>
<HAS_PARTICIPANT comment="" r_id="361198" sem_role="Arg1" sem_role_framework="PROPBANK">
<source m_id="22"/>
<target m_id="12"/>
</HAS_PARTICIPANT>
<HAS_PARTICIPANT comment="" r_id="361199" sem_role="Arg0" sem_role_framework="PROPBANK">
<source m_id="24"/>
<target m_id="10"/>
</HAS_PARTICIPANT>
<HAS_PARTICIPANT comment="" r_id="361200" sem_role="Arg0" sem_role_framework="PROPBANK">
<source m_id="26"/>
<target m_id="10"/>
</HAS_PARTICIPANT>
<HAS_PARTICIPANT comment="" r_id="361201" sem_role="Arg1" sem_role_framework="PROPBANK">
<source m_id="26"/>
<target m_id="14"/>
</HAS_PARTICIPANT>
<GLINK comment="" r_id="361202">
<source m_id="23"/>
<target m_id="22"/>
</GLINK>
<GLINK comment="" r_id="361203">
<source m_id="24"/>
<target m_id="25"/>
</GLINK>
<HAS_PARTICIPANT comment="" r_id="361204" sem_role="Arg1" sem_role_framework="PROPBANK">
<source m_id="29"/>
<target m_id="16"/>
</HAS_PARTICIPANT>
<HAS_PARTICIPANT comment="" r_id="361205" sem_role="Arg3" sem_role_framework="PROPBANK">
<source m_id="29"/>
<target m_id="39"/>
</HAS_PARTICIPANT>
<HAS_PARTICIPANT comment="" r_id="361206" sem_role="Arg0" sem_role_framework="PROPBANK">
<source m_id="31"/>
<target m_id="1"/>
</HAS_PARTICIPANT>
<HAS_PARTICIPANT comment="" r_id="361207" sem_role="Arg0" sem_role_framework="PROPBANK">
<source m_id="32"/>
<target m_id="1"/>
</HAS_PARTICIPANT>
<HAS_PARTICIPANT comment="" r_id="361208" sem_role="Arg1" sem_role_framework="PROPBANK">
<source m_id="32"/>
<target m_id="2"/>
</HAS_PARTICIPANT>
<SLINK comment="" r_id="361209">
<source m_id="30"/>
<target m_id="31"/>
</SLINK>
<SLINK comment="" r_id="361210">
<source m_id="28"/>
<target m_id="29"/>
</SLINK>
<GLINK comment="" r_id="361211">
<source m_id="31"/>
<target m_id="32"/>
</GLINK>
<TLINK comment="" r_id="361212" reltype="IS_INCLUDED" signalID="">
<source m_id="33"/>
<target m_id="38"/>
</TLINK>
<TLINK comment="" r_id="361213" reltype="IS_INCLUDED" signalID="">
<source m_id="19"/>
<target m_id="38"/>
</TLINK>
<TLINK comment="" r_id="361214" reltype="BEFORE" signalID="">
<source m_id="20"/>
<target m_id="38"/>
</TLINK>
<TLINK comment="" r_id="361215" reltype="IS_INCLUDED" signalID="">
<source m_id="23"/>
<target m_id="38"/>
</TLINK>
<TLINK comment="" r_id="361216" reltype="IS_INCLUDED" signalID="">
<source m_id="28"/>
<target m_id="38"/>
</TLINK>
<TLINK comment="" r_id="361217" reltype="AFTER" signalID="">
<source m_id="29"/>
<target m_id="38"/>
</TLINK>
<TLINK comment="" r_id="361218" reltype="IS_INCLUDED" signalID="">
<source m_id="30"/>
<target m_id="38"/>
</TLINK>
<TLINK comment="" r_id="361219" reltype="AFTER" signalID="">
<source m_id="33"/>
<target m_id="19"/>
</TLINK>
<TLINK comment="" r_id="361220" reltype="SIMULTANEOUS" signalID="">
<source m_id="19"/>
<target m_id="23"/>
</TLINK>
<TLINK comment="" r_id="361221" reltype="SIMULTANEOUS" signalID="">
<source m_id="23"/>
<target m_id="28"/>
</TLINK>
<TLINK comment="" r_id="361222" reltype="BEFORE" signalID="">
<source m_id="33"/>
<target m_id="34"/>
</TLINK>
<TLINK comment="" r_id="361223" reltype="BEFORE" signalID="">
<source m_id="33"/>
<target m_id="18"/>
</TLINK>
<TLINK comment="" r_id="361224" reltype="AFTER" signalID="">
<source m_id="19"/>
<target m_id="20"/>
</TLINK>
<TLINK comment="" r_id="361225" reltype="BEGINS" signalID="">
<source m_id="20"/>
<target m_id="21"/>
</TLINK>
<TLINK comment="" r_id="361226" reltype="BEFORE" signalID="">
<source m_id="28"/>
<target m_id="29"/>
</TLINK>
<TLINK comment="" r_id="361227" reltype="SIMULTANEOUS" signalID="">
<source m_id="28"/>
<target m_id="30"/>
</TLINK>
<TLINK comment="" r_id="361228" reltype="BEFORE" signalID="">
<source m_id="30"/>
<target m_id="31"/>
</TLINK>
<TLINK comment="" r_id="361229" reltype="BEFORE" signalID="">
<source m_id="31"/>
<target m_id="32"/>
</TLINK>
<TLINK comment="" r_id="361230" reltype="IS_INCLUDED" signalID="">
<source m_id="19"/>
<target m_id="36"/>
</TLINK>
<TLINK comment="" r_id="361231" reltype="IS_INCLUDED" signalID="">
<source m_id="20"/>
<target m_id="37"/>
</TLINK>
<TLINK comment="" r_id="361232" reltype="INCLUDES" signalID="">
<source m_id="36"/>
<target m_id="38"/>
</TLINK>
<TLINK comment="" r_id="361233" reltype="BEFORE" signalID="">
<source m_id="37"/>
<target m_id="38"/>
</TLINK>














<GLINK comment="" r_id="361257">
<source m_id="35"/>
<target m_id="17"/>
</GLINK>
<HAS_PARTICIPANT comment="" r_id="361258" sem_role="Arg0" sem_role_framework="PROPBANK">
<source m_id="35"/>
<target m_id="11"/>
</HAS_PARTICIPANT>
<HAS_PARTICIPANT comment="" r_id="361259" sem_role="Arg1" sem_role_framework="PROPBANK">
<source m_id="17"/>
<target m_id="13"/>
</HAS_PARTICIPANT>
<HAS_PARTICIPANT comment="" r_id="361260" sem_role="Arg1" sem_role_framework="PROPBANK">
<source m_id="17"/>
<target m_id="11"/>
</HAS_PARTICIPANT>













<REFERS_TO r_id="366611">
<source m_id="30"/>
<target m_id="60"/>
</REFERS_TO>
<REFERS_TO r_id="366612">
<source m_id="31"/>
<target m_id="61"/>
</REFERS_TO>
<REFERS_TO r_id="366613">
<source m_id="32"/>
<target m_id="62"/>
</REFERS_TO>
<REFERS_TO r_id="366614">
<source m_id="19"/>
<target m_id="89"/>
</REFERS_TO>
<REFERS_TO r_id="366615">
<source m_id="63"/>
<target m_id="64"/>
</REFERS_TO>
<REFERS_TO r_id="366616">
<source m_id="111"/>
<source m_id="106"/>
<source m_id="109"/>
<source m_id="104"/>
<source m_id="108"/>
<target m_id="113"/>
</REFERS_TO>
<REFERS_TO r_id="366617">
<source m_id="99"/>
<source m_id="103"/>
<source m_id="101"/>
<target m_id="112"/>
</REFERS_TO>
<REFERS_TO r_id="366618">
<source m_id="33"/>
<source m_id="35"/>
<target m_id="49"/>
</REFERS_TO>
<REFERS_TO r_id="366619">
<source m_id="1"/>
<source m_id="12"/>
<target m_id="98"/>
</REFERS_TO>
<REFERS_TO r_id="366620">
<source m_id="8"/>
<target m_id="91"/>
</REFERS_TO>
<REFERS_TO r_id="366621">
<source m_id="21"/>
<target m_id="90"/>
</REFERS_TO>
<REFERS_TO r_id="366622">
<source m_id="4"/>
<source m_id="13"/>
<source m_id="16"/>
<target m_id="93"/>
</REFERS_TO>
<REFERS_TO r_id="366623">
<source m_id="7"/>
<target m_id="92"/>
</REFERS_TO>
<REFERS_TO r_id="366624">
<source m_id="10"/>
<target m_id="95"/>
</REFERS_TO>
<REFERS_TO r_id="366625">
<source m_id="2"/>
<target m_id="94"/>
</REFERS_TO>
<REFERS_TO r_id="366626">
<source m_id="14"/>
<target m_id="97"/>
</REFERS_TO>
<REFERS_TO r_id="366627">
<source m_id="3"/>
<source m_id="9"/>
<source m_id="11"/>
<target m_id="96"/>
</REFERS_TO>
<REFERS_TO r_id="366628">
<source m_id="28"/>
<target m_id="59"/>
</REFERS_TO>
<REFERS_TO r_id="366629">
<source m_id="27"/>
<target m_id="58"/>
</REFERS_TO>
<REFERS_TO r_id="366630">
<source m_id="24"/>
<target m_id="55"/>
</REFERS_TO>
<REFERS_TO r_id="366631">
<source m_id="22"/>
<target m_id="54"/>
</REFERS_TO>
<REFERS_TO r_id="366632">
<source m_id="26"/>
<target m_id="57"/>
</REFERS_TO>
<REFERS_TO r_id="366633">
<source m_id="25"/>
<target m_id="56"/>
</REFERS_TO>
<REFERS_TO r_id="366634">
<source m_id="18"/>
<target m_id="51"/>
</REFERS_TO>
<REFERS_TO r_id="366635">
<source m_id="17"/>
<source m_id="29"/>
<source m_id="34"/>
<target m_id="50"/>
</REFERS_TO>
<REFERS_TO r_id="366636">
<source m_id="23"/>
<target m_id="53"/>
</REFERS_TO>
<REFERS_TO r_id="366637">
<source m_id="20"/>
<target m_id="52"/>
</REFERS_TO>
<REFERS_TO r_id="366638">
<source m_id="5"/>
<source m_id="6"/>
<source m_id="15"/>
<source m_id="105"/>
<source m_id="102"/>
<source m_id="100"/>
<source m_id="110"/>
<source m_id="107"/>
<target m_id="88"/>
</REFERS_TO>
</Relations>
</Document>