<?xml version="1.0" ?><Document doc_id="58383" doc_name="58383_Cisco_sues_Apple" lang="en" url="http://en.wikinews.org/wiki/Cisco_sues_Apple_for_iPhone_trademark">
<token number="0" sentence="0" t_id="1">Cisco</token>
<token number="1" sentence="0" t_id="2">sues</token>
<token number="2" sentence="0" t_id="3">Apple</token>
<token number="3" sentence="0" t_id="4">for</token>
<token number="4" sentence="0" t_id="5">iPhone</token>
<token number="5" sentence="0" t_id="6">trademark</token>
<token number="6" sentence="1" t_id="7">January</token>
<token number="7" sentence="1" t_id="8">12</token>
<token number="8" sentence="1" t_id="9">,</token>
<token number="9" sentence="1" t_id="10">2007</token>
<token number="10" sentence="2" t_id="11">The</token>
<token number="11" sentence="2" t_id="12">iPhone</token>
<token number="12" sentence="2" t_id="13">only</token>
<token number="13" sentence="2" t_id="14">made</token>
<token number="14" sentence="2" t_id="15">its</token>
<token number="15" sentence="2" t_id="16">appearance</token>
<token number="16" sentence="2" t_id="17">as</token>
<token number="17" sentence="2" t_id="18">a</token>
<token number="18" sentence="2" t_id="19">prototype</token>
<token number="19" sentence="2" t_id="20">and</token>
<token number="20" sentence="2" t_id="21">there</token>
<token number="21" sentence="2" t_id="22">have</token>
<token number="22" sentence="2" t_id="23">been</token>
<token number="23" sentence="2" t_id="24">controversies</token>
<token number="24" sentence="2" t_id="25">aroused</token>
<token number="25" sentence="2" t_id="26">.</token>
<token number="26" sentence="3" t_id="27">The</token>
<token number="27" sentence="3" t_id="28">dispute</token>
<token number="28" sentence="3" t_id="29">has</token>
<token number="29" sentence="3" t_id="30">come</token>
<token number="30" sentence="3" t_id="31">up</token>
<token number="31" sentence="3" t_id="32">between</token>
<token number="32" sentence="3" t_id="33">the</token>
<token number="33" sentence="3" t_id="34">manufacturer</token>
<token number="34" sentence="3" t_id="35">of</token>
<token number="35" sentence="3" t_id="36">the</token>
<token number="36" sentence="3" t_id="37">iPhone</token>
<token number="37" sentence="3" t_id="38">(</token>
<token number="38" sentence="3" t_id="39">which</token>
<token number="39" sentence="3" t_id="40">was</token>
<token number="40" sentence="3" t_id="41">resented</token>
<token number="41" sentence="3" t_id="42">on</token>
<token number="42" sentence="3" t_id="43">Wednesday</token>
<token number="43" sentence="3" t_id="44">for</token>
<token number="44" sentence="3" t_id="45">the</token>
<token number="45" sentence="3" t_id="46">first</token>
<token number="46" sentence="3" t_id="47">time</token>
<token number="47" sentence="3" t_id="48">)</token>
<token number="48" sentence="3" t_id="49">-</token>
<token number="49" sentence="3" t_id="50">Apple</token>
<token number="50" sentence="3" t_id="51">Inc.</token>
<token number="51" sentence="3" t_id="52">-</token>
<token number="52" sentence="3" t_id="53">and</token>
<token number="53" sentence="3" t_id="54">a</token>
<token number="54" sentence="3" t_id="55">leader</token>
<token number="55" sentence="3" t_id="56">in</token>
<token number="56" sentence="3" t_id="57">network</token>
<token number="57" sentence="3" t_id="58">and</token>
<token number="58" sentence="3" t_id="59">communication</token>
<token number="59" sentence="3" t_id="60">systems</token>
<token number="60" sentence="3" t_id="61">,</token>
<token number="61" sentence="3" t_id="62">based</token>
<token number="62" sentence="3" t_id="63">in</token>
<token number="63" sentence="3" t_id="64">San</token>
<token number="64" sentence="3" t_id="65">Jose</token>
<token number="65" sentence="3" t_id="66">-</token>
<token number="66" sentence="3" t_id="67">Cisco</token>
<token number="67" sentence="3" t_id="68">.</token>
<token number="68" sentence="4" t_id="69">The</token>
<token number="69" sentence="4" t_id="70">company</token>
<token number="70" sentence="4" t_id="71">claims</token>
<token number="71" sentence="4" t_id="72">to</token>
<token number="72" sentence="4" t_id="73">possess</token>
<token number="73" sentence="4" t_id="74">the</token>
<token number="74" sentence="4" t_id="75">trademark</token>
<token number="75" sentence="4" t_id="76">for</token>
<token number="76" sentence="4" t_id="77">iPhone</token>
<token number="77" sentence="4" t_id="78">,</token>
<token number="78" sentence="4" t_id="79">and</token>
<token number="79" sentence="4" t_id="80">moreover</token>
<token number="80" sentence="4" t_id="81">,</token>
<token number="81" sentence="4" t_id="82">that</token>
<token number="82" sentence="4" t_id="83">it</token>
<token number="83" sentence="4" t_id="84">sells</token>
<token number="84" sentence="4" t_id="85">devices</token>
<token number="85" sentence="4" t_id="86">under</token>
<token number="86" sentence="4" t_id="87">the</token>
<token number="87" sentence="4" t_id="88">same</token>
<token number="88" sentence="4" t_id="89">brand</token>
<token number="89" sentence="4" t_id="90">through</token>
<token number="90" sentence="4" t_id="91">one</token>
<token number="91" sentence="4" t_id="92">of</token>
<token number="92" sentence="4" t_id="93">its</token>
<token number="93" sentence="4" t_id="94">divisions</token>
<token number="94" sentence="4" t_id="95">.</token>
<token number="95" sentence="5" t_id="96">This</token>
<token number="96" sentence="5" t_id="97">became</token>
<token number="97" sentence="5" t_id="98">the</token>
<token number="98" sentence="5" t_id="99">reason</token>
<token number="99" sentence="5" t_id="100">for</token>
<token number="100" sentence="5" t_id="101">Cisco</token>
<token number="101" sentence="5" t_id="102">to</token>
<token number="102" sentence="5" t_id="103">file</token>
<token number="103" sentence="5" t_id="104">a</token>
<token number="104" sentence="5" t_id="105">lawsuit</token>
<token number="105" sentence="5" t_id="106">against</token>
<token number="106" sentence="5" t_id="107">Apple</token>
<token number="107" sentence="5" t_id="108">Inc.</token>
<token number="108" sentence="5" t_id="109">so</token>
<token number="109" sentence="5" t_id="110">that</token>
<token number="110" sentence="5" t_id="111">the</token>
<token number="111" sentence="5" t_id="112">latter</token>
<token number="112" sentence="5" t_id="113">would</token>
<token number="113" sentence="5" t_id="114">stop</token>
<token number="114" sentence="5" t_id="115">selling</token>
<token number="115" sentence="5" t_id="116">the</token>
<token number="116" sentence="5" t_id="117">device</token>
<token number="117" sentence="5" t_id="118">.</token>
<token number="118" sentence="6" t_id="119">Cisco</token>
<token number="119" sentence="6" t_id="120">states</token>
<token number="120" sentence="6" t_id="121">that</token>
<token number="121" sentence="6" t_id="122">it</token>
<token number="122" sentence="6" t_id="123">has</token>
<token number="123" sentence="6" t_id="124">received</token>
<token number="124" sentence="6" t_id="125">the</token>
<token number="125" sentence="6" t_id="126">trademark</token>
<token number="126" sentence="6" t_id="127">in</token>
<token number="127" sentence="6" t_id="128">2000</token>
<token number="128" sentence="6" t_id="129">,</token>
<token number="129" sentence="6" t_id="130">when</token>
<token number="130" sentence="6" t_id="131">the</token>
<token number="131" sentence="6" t_id="132">company</token>
<token number="132" sentence="6" t_id="133">overtook</token>
<token number="133" sentence="6" t_id="134">Infogear</token>
<token number="134" sentence="6" t_id="135">Technology</token>
<token number="135" sentence="6" t_id="136">Corp.,</token>
<token number="136" sentence="6" t_id="137">which</token>
<token number="137" sentence="6" t_id="138">took</token>
<token number="138" sentence="6" t_id="139">place</token>
<token number="139" sentence="6" t_id="140">in</token>
<token number="140" sentence="6" t_id="141">1996</token>
<token number="141" sentence="6" t_id="142">.</token>
<token number="142" sentence="7" t_id="143">The</token>
<token number="143" sentence="7" t_id="144">Vice</token>
<token number="144" sentence="7" t_id="145">President</token>
<token number="145" sentence="7" t_id="146">and</token>
<token number="146" sentence="7" t_id="147">general</token>
<token number="147" sentence="7" t_id="148">counsel</token>
<token number="148" sentence="7" t_id="149">of</token>
<token number="149" sentence="7" t_id="150">the</token>
<token number="150" sentence="7" t_id="151">company</token>
<token number="151" sentence="7" t_id="152">,</token>
<token number="152" sentence="7" t_id="153">Mark</token>
<token number="153" sentence="7" t_id="154">Chandler</token>
<token number="154" sentence="7" t_id="155">,</token>
<token number="155" sentence="7" t_id="156">explained</token>
<token number="156" sentence="7" t_id="157">that</token>
<token number="157" sentence="7" t_id="158">there</token>
<token number="158" sentence="7" t_id="159">was</token>
<token number="159" sentence="7" t_id="160">no</token>
<token number="160" sentence="7" t_id="161">doubt</token>
<token number="161" sentence="7" t_id="162">about</token>
<token number="162" sentence="7" t_id="163">the</token>
<token number="163" sentence="7" t_id="164">excitement</token>
<token number="164" sentence="7" t_id="165">of</token>
<token number="165" sentence="7" t_id="166">the</token>
<token number="166" sentence="7" t_id="167">new</token>
<token number="167" sentence="7" t_id="168">device</token>
<token number="168" sentence="7" t_id="169">from</token>
<token number="169" sentence="7" t_id="170">Apple</token>
<token number="170" sentence="7" t_id="171">,</token>
<token number="171" sentence="7" t_id="172">but</token>
<token number="172" sentence="7" t_id="173">they</token>
<token number="173" sentence="7" t_id="174">should</token>
<token number="174" sentence="7" t_id="175">not</token>
<token number="175" sentence="7" t_id="176">use</token>
<token number="176" sentence="7" t_id="177">a</token>
<token number="177" sentence="7" t_id="178">trademark</token>
<token number="178" sentence="7" t_id="179">,</token>
<token number="179" sentence="7" t_id="180">which</token>
<token number="180" sentence="7" t_id="181">belongs</token>
<token number="181" sentence="7" t_id="182">to</token>
<token number="182" sentence="7" t_id="183">Cisco</token>
<token number="183" sentence="7" t_id="184">.</token>
<token number="184" sentence="8" t_id="185">The</token>
<token number="185" sentence="8" t_id="186">iPhone</token>
<token number="186" sentence="8" t_id="187">developed</token>
<token number="187" sentence="8" t_id="188">by</token>
<token number="188" sentence="8" t_id="189">Cisco</token>
<token number="189" sentence="8" t_id="190">is</token>
<token number="190" sentence="8" t_id="191">a</token>
<token number="191" sentence="8" t_id="192">device</token>
<token number="192" sentence="8" t_id="193">which</token>
<token number="193" sentence="8" t_id="194">allows</token>
<token number="194" sentence="8" t_id="195">users</token>
<token number="195" sentence="8" t_id="196">to</token>
<token number="196" sentence="8" t_id="197">make</token>
<token number="197" sentence="8" t_id="198">phone</token>
<token number="198" sentence="8" t_id="199">calls</token>
<token number="199" sentence="8" t_id="200">over</token>
<token number="200" sentence="8" t_id="201">the</token>
<token number="201" sentence="8" t_id="202">voice</token>
<token number="202" sentence="8" t_id="203">over</token>
<token number="203" sentence="8" t_id="204">Internet</token>
<token number="204" sentence="8" t_id="205">protocol</token>
<token number="205" sentence="8" t_id="206">(</token>
<token number="206" sentence="8" t_id="207">VoIP</token>
<token number="207" sentence="8" t_id="208">)</token>
<token number="208" sentence="8" t_id="209">.</token>
<Markables>
<C-SIGNAL comment="" m_id="1">
<token_anchor t_id="109"/>
<token_anchor t_id="110"/>
</C-SIGNAL>
<C-SIGNAL comment="" m_id="2">
<token_anchor t_id="98"/>
<token_anchor t_id="99"/>
</C-SIGNAL>
<ENTITY_MENTION comment="" head="" m_id="29" syntactic_type="PRO">
<token_anchor t_id="39"/>
</ENTITY_MENTION>
<ENTITY_MENTION comment="" head="company" m_id="3" syntactic_type="NOM">
<token_anchor t_id="69"/>
<token_anchor t_id="70"/>
</ENTITY_MENTION>
<ENTITY_MENTION comment="" head="trademark" m_id="4" syntactic_type="NOM">
<token_anchor t_id="74"/>
<token_anchor t_id="75"/>
<token_anchor t_id="76"/>
<token_anchor t_id="77"/>
</ENTITY_MENTION>
<ENTITY_MENTION comment="" head="iPhone" m_id="5" syntactic_type="NAM">
<token_anchor t_id="77"/>
</ENTITY_MENTION>
<ENTITY_MENTION comment="" head="" m_id="6" syntactic_type="PRO">
<token_anchor t_id="83"/>
</ENTITY_MENTION>
<ENTITY_MENTION comment="" head="Cisco" m_id="7" syntactic_type="NAM">
<token_anchor t_id="1"/>
</ENTITY_MENTION>
<ENTITY_MENTION comment="" head="devices" m_id="8" syntactic_type="NOM">
<token_anchor t_id="85"/>
</ENTITY_MENTION>
<ENTITY_MENTION comment="" head="Apple" m_id="9" syntactic_type="NAM">
<token_anchor t_id="3"/>
</ENTITY_MENTION>
<ENTITY_MENTION comment="" head="brand" m_id="10" syntactic_type="NOM">
<token_anchor t_id="87"/>
<token_anchor t_id="88"/>
<token_anchor t_id="89"/>
</ENTITY_MENTION>
<ENTITY_MENTION comment="" head="trademark" m_id="11" syntactic_type="NOM">
<token_anchor t_id="5"/>
<token_anchor t_id="6"/>
</ENTITY_MENTION>
<ENTITY_MENTION comment="" head="one" m_id="12" syntactic_type="PTV">
<token_anchor t_id="91"/>
<token_anchor t_id="92"/>
<token_anchor t_id="93"/>
<token_anchor t_id="94"/>
</ENTITY_MENTION>
<ENTITY_MENTION comment="" head="its" m_id="13" syntactic_type="PRO">
<token_anchor t_id="93"/>
</ENTITY_MENTION>
<ENTITY_MENTION comment="" head="iPhone" m_id="14" syntactic_type="PRE.NAM">
<token_anchor t_id="5"/>
</ENTITY_MENTION>
<ENTITY_MENTION comment="" head="iPhone" m_id="15" syntactic_type="NAM">
<token_anchor t_id="11"/>
<token_anchor t_id="12"/>
</ENTITY_MENTION>
<ENTITY_MENTION comment="" head="" m_id="16" syntactic_type="PRO">
<token_anchor t_id="15"/>
</ENTITY_MENTION>
<ENTITY_MENTION comment="" head="prototype" m_id="17" syntactic_type="NOM">
<token_anchor t_id="18"/>
<token_anchor t_id="19"/>
</ENTITY_MENTION>
<ENTITY_MENTION comment="" head="Cisco" m_id="18" syntactic_type="NAM">
<token_anchor t_id="101"/>
</ENTITY_MENTION>
<ENTITY_MENTION comment="" head="Apple Inc." m_id="19" syntactic_type="NAM">
<token_anchor t_id="107"/>
<token_anchor t_id="108"/>
</ENTITY_MENTION>
<ENTITY_MENTION comment="" head="" m_id="20" syntactic_type="HLS">
<token_anchor t_id="111"/>
<token_anchor t_id="112"/>
</ENTITY_MENTION>
<ENTITY_MENTION comment="" head="" m_id="75" syntactic_type="CONJ">
<token_anchor t_id="33"/>
<token_anchor t_id="34"/>
<token_anchor t_id="35"/>
<token_anchor t_id="36"/>
<token_anchor t_id="37"/>
<token_anchor t_id="38"/>
<token_anchor t_id="39"/>
<token_anchor t_id="40"/>
<token_anchor t_id="41"/>
<token_anchor t_id="42"/>
<token_anchor t_id="43"/>
<token_anchor t_id="44"/>
<token_anchor t_id="45"/>
<token_anchor t_id="46"/>
<token_anchor t_id="47"/>
<token_anchor t_id="48"/>
<token_anchor t_id="49"/>
<token_anchor t_id="50"/>
<token_anchor t_id="51"/>
<token_anchor t_id="52"/>
<token_anchor t_id="53"/>
<token_anchor t_id="54"/>
<token_anchor t_id="55"/>
<token_anchor t_id="56"/>
<token_anchor t_id="57"/>
<token_anchor t_id="58"/>
<token_anchor t_id="59"/>
<token_anchor t_id="60"/>
<token_anchor t_id="61"/>
<token_anchor t_id="62"/>
<token_anchor t_id="63"/>
<token_anchor t_id="64"/>
<token_anchor t_id="65"/>
<token_anchor t_id="66"/>
<token_anchor t_id="67"/>
</ENTITY_MENTION>
<ENTITY_MENTION comment="" head="device" m_id="21" syntactic_type="NOM">
<token_anchor t_id="116"/>
<token_anchor t_id="117"/>
</ENTITY_MENTION>
<ENTITY_MENTION comment="" head="divisions" m_id="76" syntactic_type="NOM">
<token_anchor t_id="93"/>
<token_anchor t_id="94"/>
</ENTITY_MENTION>
<ENTITY_MENTION comment="" head="manufacturer" m_id="22" syntactic_type="NOM">
<token_anchor t_id="33"/>
<token_anchor t_id="34"/>
<token_anchor t_id="35"/>
<token_anchor t_id="36"/>
<token_anchor t_id="37"/>
</ENTITY_MENTION>
<ENTITY_MENTION comment="" head="iPhone" m_id="23" syntactic_type="NAM">
<token_anchor t_id="36"/>
<token_anchor t_id="37"/>
</ENTITY_MENTION>
<ENTITY_MENTION comment="" head="Apple Inc." m_id="24" syntactic_type="NAM">
<token_anchor t_id="50"/>
<token_anchor t_id="51"/>
</ENTITY_MENTION>
<ENTITY_MENTION comment="" head="leader" m_id="25" syntactic_type="NOM">
<token_anchor t_id="54"/>
<token_anchor t_id="55"/>
<token_anchor t_id="56"/>
<token_anchor t_id="57"/>
<token_anchor t_id="58"/>
<token_anchor t_id="59"/>
<token_anchor t_id="60"/>
<token_anchor t_id="61"/>
<token_anchor t_id="62"/>
<token_anchor t_id="63"/>
<token_anchor t_id="64"/>
<token_anchor t_id="65"/>
</ENTITY_MENTION>
<ENTITY_MENTION comment="" head="Cisco" m_id="26" syntactic_type="NAM">
<token_anchor t_id="67"/>
</ENTITY_MENTION>
<ENTITY_MENTION comment="" head="San Jose" m_id="27" syntactic_type="NAM">
<token_anchor t_id="64"/>
<token_anchor t_id="65"/>
</ENTITY_MENTION>
<ENTITY_MENTION comment="" head="" m_id="28" syntactic_type="CONJ">
<token_anchor t_id="57"/>
<token_anchor t_id="58"/>
<token_anchor t_id="59"/>
<token_anchor t_id="60"/>
</ENTITY_MENTION>
<EVENT_MENTION aspect="NONE" certainty="CERTAIN" comment="" m_id="30" modality="" polarity="POS" pos="VERB" pred="sue" special_cases="NONE" tense="PRESENT" time="NON_FUTURE">
<token_anchor t_id="2"/>
</EVENT_MENTION>
<EVENT_MENTION aspect="NONE" certainty="CERTAIN" comment="" m_id="31" modality="" polarity="POS" pos="NOUN" pred="dispute" special_cases="NONE" tense="NONE" time="NON_FUTURE">
<token_anchor t_id="28"/>
</EVENT_MENTION>
<EVENT_MENTION aspect="PERFECTIVE" certainty="CERTAIN" comment="" m_id="32" modality="" polarity="POS" pos="VERB" pred="come up" special_cases="NONE" tense="PRESENT" time="NON_FUTURE">
<token_anchor t_id="30"/>
<token_anchor t_id="31"/>
</EVENT_MENTION>
<EVENT_MENTION aspect="" certainty="CERTAIN" comment="" m_id="33" modality="" polarity="POS" pos="OTHER" pred="this" special_cases="NONE" tense="" time="NON_FUTURE">
<token_anchor t_id="96"/>
</EVENT_MENTION>
<EVENT_MENTION aspect="NONE" certainty="CERTAIN" comment="" m_id="34" modality="" polarity="POS" pos="VERB" pred="resend" special_cases="NONE" tense="PAST" time="NON_FUTURE">
<token_anchor t_id="41"/>
</EVENT_MENTION>
<EVENT_MENTION aspect="NONE" certainty="CERTAIN" comment="" m_id="35" modality="" polarity="POS" pos="VERB" pred="become" special_cases="NONE" tense="PAST" time="NON_FUTURE">
<token_anchor t_id="97"/>
</EVENT_MENTION>
<EVENT_MENTION aspect="" certainty="CERTAIN" comment="" m_id="36" modality="" polarity="POS" pos="" pred="" special_cases="GEN" tense="" time="NON_FUTURE">
<token_anchor t_id="62"/>
</EVENT_MENTION>
<EVENT_MENTION aspect="NONE" certainty="CERTAIN" comment="" m_id="37" modality="" polarity="POS" pos="VERB" pred="file" special_cases="NONE" tense="INFINITIVE" time="FUTURE">
<token_anchor t_id="103"/>
</EVENT_MENTION>
<EVENT_MENTION aspect="NONE" certainty="CERTAIN" comment="" m_id="38" modality="" polarity="POS" pos="NOUN" pred="lawsuit" special_cases="NONE" tense="NONE" time="FUTURE">
<token_anchor t_id="105"/>
</EVENT_MENTION>
<EVENT_MENTION aspect="NONE" certainty="POSSIBLE" comment="" m_id="39" modality="" polarity="POS" pos="VERB" pred="stop" special_cases="NONE" tense="NONE" time="FUTURE">
<token_anchor t_id="114"/>
</EVENT_MENTION>
<EVENT_MENTION aspect="NONE" certainty="CERTAIN" comment="" m_id="40" modality="" polarity="NEG" pos="VERB" pred="sell" special_cases="NONE" tense="PRESPART" time="FUTURE">
<token_anchor t_id="115"/>
</EVENT_MENTION>
<EVENT_MENTION aspect="NONE" certainty="CERTAIN" comment="" m_id="41" modality="" polarity="POS" pos="VERB" pred="claim" special_cases="NONE" tense="PRESENT" time="NON_FUTURE">
<token_anchor t_id="71"/>
</EVENT_MENTION>
<EVENT_MENTION aspect="NONE" certainty="CERTAIN" comment="" m_id="42" modality="" polarity="POS" pos="VERB" pred="possess" special_cases="NONE" tense="INFINITIVE" time="NON_FUTURE">
<token_anchor t_id="73"/>
</EVENT_MENTION>
<EVENT_MENTION aspect="NONE" certainty="CERTAIN" comment="" m_id="43" modality="" polarity="POS" pos="VERB" pred="sell" special_cases="NONE" tense="PRESENT" time="NON_FUTURE">
<token_anchor t_id="84"/>
</EVENT_MENTION>
<EVENT_MENTION aspect="NONE" certainty="CERTAIN" comment="" m_id="44" modality="" polarity="POS" pos="VERB" pred="make" special_cases="GEN" tense="PAST" time="NON_FUTURE">
<token_anchor t_id="14"/>
</EVENT_MENTION>
<EVENT_MENTION aspect="" certainty="CERTAIN" comment="" m_id="45" modality="" polarity="POS" pos="" pred="" special_cases="NONE" tense="" time="NON_FUTURE">
<token_anchor t_id="73"/>
<token_anchor t_id="84"/>
</EVENT_MENTION>
<EVENT_MENTION aspect="NONE" certainty="CERTAIN" comment="" m_id="46" modality="" polarity="POS" pos="NOUN" pred="appearance" special_cases="GEN" tense="NONE" time="NON_FUTURE">
<token_anchor t_id="16"/>
</EVENT_MENTION>
<EVENT_MENTION aspect="NONE" certainty="CERTAIN" comment="" m_id="47" modality="" polarity="POS" pos="VERB" pred="arise" special_cases="NONE" tense="PASTPART" time="NON_FUTURE">
<token_anchor t_id="25"/>
</EVENT_MENTION>
<EVENT_MENTION aspect="NONE" certainty="CERTAIN" comment="" m_id="48" modality="" polarity="POS" pos="NOUN" pred="controversy" special_cases="NONE" tense="NONE" time="NON_FUTURE">
<token_anchor t_id="24"/>
</EVENT_MENTION>
<SIGNAL comment="" m_id="49">
<token_anchor t_id="42"/>
</SIGNAL>
<TIMEX3 anchorTimeID="51" beginPoint="" comment="" endPoint="" functionInDocument="NONE" m_id="50" type="DATE" value="2007-01-10">
<token_anchor t_id="43"/>
</TIMEX3>
<TIMEX3 anchorTimeID="" beginPoint="" comment="" endPoint="" functionInDocument="CREATION_TIME" m_id="51" type="DATE" value="2007-01-12">
<token_anchor t_id="7"/>
<token_anchor t_id="8"/>
<token_anchor t_id="9"/>
<token_anchor t_id="10"/>
</TIMEX3>
<EVENT TAG_DESCRIPTOR="make" class="OTHER" comment="" external_ref="" m_id="59"/>
<EVENT TAG_DESCRIPTOR="appearance" class="OTHER" comment="" external_ref="" m_id="60"/>
<EVENT TAG_DESCRIPTOR="controversy" class="OTHER" comment="" external_ref="" m_id="61"/>
<EVENT TAG_DESCRIPTOR="arise" class="OTHER" comment="" external_ref="" m_id="62"/>
<EVENT TAG_DESCRIPTOR="resent" class="SPEECH_COGNITIVE" comment="" external_ref="" m_id="63"/>
<EVENT TAG_DESCRIPTOR="base" class="OTHER" comment="" external_ref="" m_id="64"/>
<EVENT TAG_DESCRIPTOR="claim" class="SPEECH_COGNITIVE" comment="" external_ref="" m_id="65"/>
<EVENT TAG_DESCRIPTOR="possess" class="OTHER" comment="" external_ref="" m_id="66"/>
<EVENT TAG_DESCRIPTOR="sell" class="OTHER" comment="" external_ref="" m_id="67"/>
<EVENT TAG_DESCRIPTOR="become" class="GRAMMATICAL" comment="" external_ref="" m_id="68"/>
<EVENT TAG_DESCRIPTOR="file" class="OTHER" comment="" external_ref="" m_id="69"/>
<EVENT TAG_DESCRIPTOR="lawsuit" class="OTHER" comment="" external_ref="" m_id="70"/>
<EVENT TAG_DESCRIPTOR="stop" class="GRAMMATICAL" comment="" external_ref="" m_id="71"/>
<EVENT TAG_DESCRIPTOR="posses+sell" class="MIX" comment="" external_ref="" m_id="72"/>
<EVENT TAG_DESCRIPTOR="sue" class="OTHER" comment="" external_ref="" m_id="73"/>
<ENTITY TAG_DESCRIPTOR="IPHONE (GENERIC)" ent_type="PRO" external_ref="http://dbpedia.org/resource/IPhone" instance_id="PRO19274272065484084" m_id="115"/>
<ENTITY TAG_DESCRIPTOR="Cisco and Apple Inc." ent_type="ORG" instance_id="ORG56093443932553403" m_id="116"/><ENTITY TAG_DESCRIPTOR="APPLE" ent_type="ORG" external_ref="http://dbpedia.org/resource/Apple_Inc." instance_id="ORG19274271187160719" m_id="117"/>
<ENTITY TAG_DESCRIPTOR="network and communication systems" ent_type="PRO" instance_id="PRO55896086605021050" m_id="118"/><ENTITY TAG_DESCRIPTOR="Apple divisions" ent_type="ORG" instance_id="ORG56154020520343270" m_id="119"/>
<ENTITY TAG_DESCRIPTOR="Apple division" ent_type="ORG" instance_id="ORG55895983009005716" m_id="120"/><ENTITY TAG_DESCRIPTOR="San Jose, California" ent_type="LOC" external_ref="http://dbpedia.org/resource/San_Jose,_California" instance_id="LOC46995716452946714" m_id="121"/>
<ENTITY TAG_DESCRIPTOR="iPhone prototype" ent_type="PRO" instance_id="PRO55896052217421650" m_id="122"/><ENTITY TAG_DESCRIPTOR="Cisco" ent_type="ORG" external_ref="http://dbpedia.org/resource/Cisco" instance_id="ORG55895763006788784" m_id="123"/>
<ENTITY TAG_DESCRIPTOR="iPhone trademark" ent_type="PRO" instance_id="PRO55895867905093419" m_id="124"/></Markables>
<Relations>
<HAS_PARTICIPANT comment="" r_id="361322" sem_role="Arg0" sem_role_framework="PROPBANK">
<source m_id="44"/>
<target m_id="15"/>
</HAS_PARTICIPANT>
<HAS_PARTICIPANT comment="" r_id="361323" sem_role="Arg1" sem_role_framework="PROPBANK">
<source m_id="46"/>
<target m_id="16"/>
</HAS_PARTICIPANT>
<HAS_PARTICIPANT comment="" r_id="361324" sem_role="Argm-OTHER" sem_role_framework="PROPBANK">
<source m_id="44"/>
<target m_id="17"/>
</HAS_PARTICIPANT>
<HAS_PARTICIPANT comment="" r_id="361325" sem_role="Arg0" sem_role_framework="PROPBANK">
<source m_id="31"/>
<target m_id="75"/>
</HAS_PARTICIPANT>
<HAS_PARTICIPANT comment="" r_id="361327" sem_role="Arg1" sem_role_framework="PROPBANK">
<source m_id="34"/>
<target m_id="29"/>
</HAS_PARTICIPANT>
<HAS_PARTICIPANT comment="" r_id="361328" sem_role="Argm-LOC" sem_role_framework="PROPBANK">
<source m_id="36"/>
<target m_id="27"/>
</HAS_PARTICIPANT>
<HAS_PARTICIPANT comment="" r_id="361329" sem_role="Arg0" sem_role_framework="PROPBANK">
<source m_id="41"/>
<target m_id="3"/>
</HAS_PARTICIPANT>
<HAS_PARTICIPANT comment="" r_id="361330" sem_role="Arg1" sem_role_framework="PROPBANK">
<source m_id="42"/>
<target m_id="4"/>
</HAS_PARTICIPANT>
<HAS_PARTICIPANT comment="" r_id="361331" sem_role="Arg0" sem_role_framework="PROPBANK">
<source m_id="43"/>
<target m_id="6"/>
</HAS_PARTICIPANT>
<HAS_PARTICIPANT comment="" r_id="361332" sem_role="Arg0" sem_role_framework="PROPBANK">
<source m_id="43"/>
<target m_id="8"/>
</HAS_PARTICIPANT>
<HAS_PARTICIPANT comment="" r_id="361333" sem_role="Argm-OTHER" sem_role_framework="PROPBANK">
<source m_id="43"/>
<target m_id="10"/>
</HAS_PARTICIPANT>
<HAS_PARTICIPANT comment="" r_id="361334" sem_role="Argm-OTHER" sem_role_framework="PROPBANK">
<source m_id="43"/>
<target m_id="12"/>
</HAS_PARTICIPANT>
<HAS_PARTICIPANT comment="" r_id="361335" sem_role="Argm-OTHER" sem_role_framework="PROPBANK">
<source m_id="35"/>
<target m_id="18"/>
</HAS_PARTICIPANT>
<HAS_PARTICIPANT comment="" r_id="361336" sem_role="Arg0" sem_role_framework="PROPBANK">
<source m_id="37"/>
<target m_id="18"/>
</HAS_PARTICIPANT>
<HAS_PARTICIPANT comment="" r_id="361337" sem_role="Arg3" sem_role_framework="PROPBANK">
<source m_id="37"/>
<target m_id="19"/>
</HAS_PARTICIPANT>
<HAS_PARTICIPANT comment="" r_id="361338" sem_role="Arg0" sem_role_framework="PROPBANK">
<source m_id="39"/>
<target m_id="20"/>
</HAS_PARTICIPANT>
<HAS_PARTICIPANT comment="" r_id="361339" sem_role="Arg1" sem_role_framework="PROPBANK">
<source m_id="40"/>
<target m_id="21"/>
</HAS_PARTICIPANT>
<SLINK comment="" r_id="361340">
<source m_id="41"/>
<target m_id="45"/>
</SLINK>
<CLINK c-signalID="2" comment="" r_id="361341">
<source m_id="33"/>
<target m_id="37"/>
</CLINK>
<CLINK c-signalID="1" comment="" r_id="361342">
<source m_id="37"/>
<target m_id="39"/>
</CLINK>
<TLINK comment="" r_id="361343" reltype="BEFORE" signalID="">
<source m_id="44"/>
<target m_id="51"/>
</TLINK>
<TLINK comment="" r_id="361344" reltype="BEFORE" signalID="">
<source m_id="47"/>
<target m_id="51"/>
</TLINK>
<TLINK comment="" r_id="361345" reltype="BEFORE" signalID="">
<source m_id="32"/>
<target m_id="51"/>
</TLINK>
<TLINK comment="" r_id="361346" reltype="BEFORE" signalID="">
<source m_id="34"/>
<target m_id="51"/>
</TLINK>
<TLINK comment="" r_id="361347" reltype="IS_INCLUDED" signalID="">
<source m_id="41"/>
<target m_id="51"/>
</TLINK>
<TLINK comment="" r_id="361348" reltype="IS_INCLUDED" signalID="">
<source m_id="43"/>
<target m_id="51"/>
</TLINK>
<TLINK comment="" r_id="361349" reltype="BEFORE" signalID="">
<source m_id="35"/>
<target m_id="51"/>
</TLINK>
<TLINK comment="" r_id="361350" reltype="BEFORE" signalID="">
<source m_id="39"/>
<target m_id="51"/>
</TLINK>
<TLINK comment="" r_id="361351" reltype="BEFORE" signalID="">
<source m_id="44"/>
<target m_id="32"/>
</TLINK>
<TLINK comment="" r_id="361352" reltype="SIMULTANEOUS" signalID="">
<source m_id="32"/>
<target m_id="41"/>
</TLINK>
<TLINK comment="" r_id="361353" reltype="BEFORE" signalID="">
<source m_id="41"/>
<target m_id="35"/>
</TLINK>
<TLINK comment="" r_id="361354" reltype="BEFORE" signalID="">
<source m_id="44"/>
<target m_id="47"/>
</TLINK>
<TLINK comment="" r_id="361355" reltype="SIMULTANEOUS" signalID="">
<source m_id="41"/>
<target m_id="42"/>
</TLINK>
<TLINK comment="" r_id="361356" reltype="SIMULTANEOUS" signalID="">
<source m_id="41"/>
<target m_id="43"/>
</TLINK>
<TLINK comment="" r_id="361357" reltype="SIMULTANEOUS" signalID="">
<source m_id="35"/>
<target m_id="37"/>
</TLINK>
<TLINK comment="" r_id="361358" reltype="BEFORE" signalID="">
<source m_id="37"/>
<target m_id="39"/>
</TLINK>
<GLINK comment="" r_id="361359">
<source m_id="39"/>
<target m_id="40"/>
</GLINK>
<TLINK comment="" r_id="361360" reltype="IS_INCLUDED" signalID="49">
<source m_id="34"/>
<target m_id="50"/>
</TLINK>















<HAS_PARTICIPANT comment="" r_id="361383" sem_role="Arg0" sem_role_framework="PROPBANK">
<source m_id="30"/>
<target m_id="7"/>
</HAS_PARTICIPANT>
<HAS_PARTICIPANT comment="" r_id="361384" sem_role="Arg1" sem_role_framework="PROPBANK">
<source m_id="30"/>
<target m_id="9"/>
</HAS_PARTICIPANT>
<HAS_PARTICIPANT comment="" r_id="361385" sem_role="Arg2" sem_role_framework="PROPBANK">
<source m_id="30"/>
<target m_id="11"/>
</HAS_PARTICIPANT>









<REFERS_TO r_id="366561">
<source m_id="29"/>
<source m_id="5"/>
<source m_id="8"/>
<source m_id="14"/>
<source m_id="15"/>
<source m_id="16"/>
<source m_id="21"/>
<source m_id="23"/>
<target m_id="115"/>
</REFERS_TO>
<REFERS_TO r_id="366562">
<source m_id="31"/>
<source m_id="48"/>
<target m_id="61"/>
</REFERS_TO>
<REFERS_TO r_id="366563">
<source m_id="3"/>
<source m_id="6"/>
<source m_id="9"/>
<source m_id="13"/>
<source m_id="19"/>
<source m_id="20"/>
<source m_id="22"/>
<source m_id="24"/>
<target m_id="117"/>
</REFERS_TO>
<REFERS_TO r_id="366564">
<source m_id="75"/>
<target m_id="116"/>
</REFERS_TO>
<REFERS_TO r_id="366565">
<source m_id="36"/>
<target m_id="64"/>
</REFERS_TO>
<REFERS_TO r_id="366566">
<source m_id="41"/>
<target m_id="65"/>
</REFERS_TO>
<REFERS_TO r_id="366567">
<source m_id="42"/>
<target m_id="66"/>
</REFERS_TO>
<REFERS_TO r_id="366568">
<source m_id="40"/>
<source m_id="43"/>
<target m_id="67"/>
</REFERS_TO>
<REFERS_TO r_id="366569">
<source m_id="35"/>
<target m_id="68"/>
</REFERS_TO>
<REFERS_TO r_id="366570">
<source m_id="37"/>
<target m_id="69"/>
</REFERS_TO>
<REFERS_TO r_id="366571">
<source m_id="76"/>
<target m_id="119"/>
</REFERS_TO>
<REFERS_TO r_id="366572">
<source m_id="28"/>
<target m_id="118"/>
</REFERS_TO>
<REFERS_TO r_id="366573">
<source m_id="12"/>
<target m_id="120"/>
</REFERS_TO>
<REFERS_TO r_id="366574">
<source m_id="27"/>
<target m_id="121"/>
</REFERS_TO>
<REFERS_TO r_id="366575">
<source m_id="17"/>
<target m_id="122"/>
</REFERS_TO>
<REFERS_TO r_id="366576">
<source m_id="7"/>
<source m_id="18"/>
<source m_id="25"/>
<source m_id="26"/>
<target m_id="123"/>
</REFERS_TO>
<REFERS_TO r_id="366577">
<source m_id="30"/>
<target m_id="73"/>
</REFERS_TO>
<REFERS_TO r_id="366578">
<source m_id="33"/>
<source m_id="45"/>
<target m_id="72"/>
</REFERS_TO>
<REFERS_TO r_id="366579">
<source m_id="39"/>
<target m_id="71"/>
</REFERS_TO>
<REFERS_TO r_id="366580">
<source m_id="38"/>
<target m_id="70"/>
</REFERS_TO>
<REFERS_TO r_id="366581">
<source m_id="46"/>
<target m_id="60"/>
</REFERS_TO>
<REFERS_TO r_id="366582">
<source m_id="44"/>
<target m_id="59"/>
</REFERS_TO>
<REFERS_TO r_id="366583">
<source m_id="32"/>
<source m_id="47"/>
<target m_id="62"/>
</REFERS_TO>
<REFERS_TO r_id="366584">
<source m_id="34"/>
<target m_id="63"/>
</REFERS_TO>
<REFERS_TO r_id="366585">
<source m_id="4"/>
<source m_id="10"/>
<source m_id="11"/>
<target m_id="124"/>
</REFERS_TO>
</Relations>
</Document>