<?xml version="1.0" ?><Document doc_id="58772" doc_name="58772_Apple_Inc_doubled" lang="en" url="http://en.wikinews.org/wiki/Apple_Inc._doubled_its_profits">
<token number="0" sentence="0" t_id="1">Apple</token>
<token number="1" sentence="0" t_id="2">Inc.</token>
<token number="2" sentence="0" t_id="3">doubled</token>
<token number="3" sentence="0" t_id="4">its</token>
<token number="4" sentence="0" t_id="5">profits</token>
<token number="5" sentence="1" t_id="6">January</token>
<token number="6" sentence="1" t_id="7">18</token>
<token number="7" sentence="1" t_id="8">,</token>
<token number="8" sentence="1" t_id="9">2007</token>
<token number="9" sentence="2" t_id="10">The</token>
<token number="10" sentence="2" t_id="11">American</token>
<token number="11" sentence="2" t_id="12">computer</token>
<token number="12" sentence="2" t_id="13">company</token>
<token number="13" sentence="2" t_id="14">Apple</token>
<token number="14" sentence="2" t_id="15">has</token>
<token number="15" sentence="2" t_id="16">reached</token>
<token number="16" sentence="2" t_id="17">78</token>
<token number="17" sentence="2" t_id="18">percent</token>
<token number="18" sentence="2" t_id="19">increase</token>
<token number="19" sentence="2" t_id="20">in</token>
<token number="20" sentence="2" t_id="21">its</token>
<token number="21" sentence="2" t_id="22">profits</token>
<token number="22" sentence="2" t_id="23">during</token>
<token number="23" sentence="2" t_id="24">the</token>
<token number="24" sentence="2" t_id="25">last</token>
<token number="25" sentence="2" t_id="26">quarter</token>
<token number="26" sentence="2" t_id="27">,</token>
<token number="27" sentence="2" t_id="28">which</token>
<token number="28" sentence="2" t_id="29">ended</token>
<token number="29" sentence="2" t_id="30">December</token>
<token number="30" sentence="2" t_id="31">30</token>
<token number="31" sentence="2" t_id="32">,</token>
<token number="32" sentence="2" t_id="33">2006</token>
<token number="33" sentence="2" t_id="34">.</token>
<token number="34" sentence="3" t_id="35">This</token>
<token number="35" sentence="3" t_id="36">fact</token>
<token number="36" sentence="3" t_id="37">is</token>
<token number="37" sentence="3" t_id="38">explained</token>
<token number="38" sentence="3" t_id="39">by</token>
<token number="39" sentence="3" t_id="40">great</token>
<token number="40" sentence="3" t_id="41">demand</token>
<token number="41" sentence="3" t_id="42">enjoyed</token>
<token number="42" sentence="3" t_id="43">by</token>
<token number="43" sentence="3" t_id="44">Apple</token>
<token number="44" sentence="3" t_id="45">'s</token>
<token number="45" sentence="3" t_id="46">iPod</token>
<token number="46" sentence="3" t_id="47">digital</token>
<token number="47" sentence="3" t_id="48">music</token>
<token number="48" sentence="3" t_id="49">players</token>
<token number="49" sentence="3" t_id="50">during</token>
<token number="50" sentence="3" t_id="51">the</token>
<token number="51" sentence="3" t_id="52">Christmas</token>
<token number="52" sentence="3" t_id="53">and</token>
<token number="53" sentence="3" t_id="54">New</token>
<token number="54" sentence="3" t_id="55">Year</token>
<token number="55" sentence="3" t_id="56">sales</token>
<token number="56" sentence="3" t_id="57">period</token>
<token number="57" sentence="3" t_id="58">.</token>
<token number="58" sentence="4" t_id="59">As</token>
<token number="59" sentence="4" t_id="60">a</token>
<token number="60" sentence="4" t_id="61">result</token>
<token number="61" sentence="4" t_id="62">of</token>
<token number="62" sentence="4" t_id="63">successful</token>
<token number="63" sentence="4" t_id="64">Christmas</token>
<token number="64" sentence="4" t_id="65">sales</token>
<token number="65" sentence="4" t_id="66">,</token>
<token number="66" sentence="4" t_id="67">the</token>
<token number="67" sentence="4" t_id="68">very</token>
<token number="68" sentence="4" t_id="69">beginning</token>
<token number="69" sentence="4" t_id="70">of</token>
<token number="70" sentence="4" t_id="71">the</token>
<token number="71" sentence="4" t_id="72">financial</token>
<token number="72" sentence="4" t_id="73">year</token>
<token number="73" sentence="4" t_id="74">marked</token>
<token number="74" sentence="4" t_id="75">a</token>
<token number="75" sentence="4" t_id="76">double</token>
<token number="76" sentence="4" t_id="77">increase</token>
<token number="77" sentence="4" t_id="78">of</token>
<token number="78" sentence="4" t_id="79">the</token>
<token number="79" sentence="4" t_id="80">Apple</token>
<token number="80" sentence="4" t_id="81">'s</token>
<token number="81" sentence="4" t_id="82">sales</token>
<token number="82" sentence="4" t_id="83">if</token>
<token number="83" sentence="4" t_id="84">compared</token>
<token number="84" sentence="4" t_id="85">to</token>
<token number="85" sentence="4" t_id="86">the</token>
<token number="86" sentence="4" t_id="87">$</token>
<token number="87" sentence="4" t_id="88">565</token>
<token number="88" sentence="4" t_id="89">million</token>
<token number="89" sentence="4" t_id="90">profit</token>
<token number="90" sentence="4" t_id="91">reaped</token>
<token number="91" sentence="4" t_id="92">during</token>
<token number="92" sentence="4" t_id="93">the</token>
<token number="93" sentence="4" t_id="94">same</token>
<token number="94" sentence="4" t_id="95">period</token>
<token number="95" sentence="4" t_id="96">of</token>
<token number="96" sentence="4" t_id="97">the</token>
<token number="97" sentence="4" t_id="98">last</token>
<token number="98" sentence="4" t_id="99">year</token>
<token number="99" sentence="4" t_id="100">.</token>
<token number="100" sentence="5" t_id="101">The</token>
<token number="101" sentence="5" t_id="102">company</token>
<token number="102" sentence="5" t_id="103">gained</token>
<token number="103" sentence="5" t_id="104">the</token>
<token number="104" sentence="5" t_id="105">record-breaking</token>
<token number="105" sentence="5" t_id="106">$</token>
<token number="106" sentence="5" t_id="107">1</token>
<token number="107" sentence="5" t_id="108">billion</token>
<token number="108" sentence="5" t_id="109">.</token>
<token number="109" sentence="6" t_id="110">The</token>
<token number="110" sentence="6" t_id="111">overall</token>
<token number="111" sentence="6" t_id="112">annual</token>
<token number="112" sentence="6" t_id="113">revenue</token>
<token number="113" sentence="6" t_id="114">of</token>
<token number="114" sentence="6" t_id="115">the</token>
<token number="115" sentence="6" t_id="116">company</token>
<token number="116" sentence="6" t_id="117">made</token>
<token number="117" sentence="6" t_id="118">up</token>
<token number="118" sentence="6" t_id="119">$</token>
<token number="119" sentence="6" t_id="120">7.1</token>
<token number="120" sentence="6" t_id="121">billion</token>
<token number="121" sentence="6" t_id="122">in</token>
<token number="122" sentence="6" t_id="123">2006</token>
<token number="123" sentence="6" t_id="124">,</token>
<token number="124" sentence="6" t_id="125">having</token>
<token number="125" sentence="6" t_id="126">boosted</token>
<token number="126" sentence="6" t_id="127">from</token>
<token number="127" sentence="6" t_id="128">$</token>
<token number="128" sentence="6" t_id="129">5.8</token>
<token number="129" sentence="6" t_id="130">billion</token>
<token number="130" sentence="6" t_id="131">in</token>
<token number="131" sentence="6" t_id="132">2005</token>
<token number="132" sentence="6" t_id="133">.</token>
<token number="133" sentence="7" t_id="134">The</token>
<token number="134" sentence="7" t_id="135">company</token>
<token number="135" sentence="7" t_id="136">'s</token>
<token number="136" sentence="7" t_id="137">revenue</token>
<token number="137" sentence="7" t_id="138">growth</token>
<token number="138" sentence="7" t_id="139">is</token>
<token number="139" sentence="7" t_id="140">partially</token>
<token number="140" sentence="7" t_id="141">explained</token>
<token number="141" sentence="7" t_id="142">by</token>
<token number="142" sentence="7" t_id="143">the</token>
<token number="143" sentence="7" t_id="144">fact</token>
<token number="144" sentence="7" t_id="145">that</token>
<token number="145" sentence="7" t_id="146">the</token>
<token number="146" sentence="7" t_id="147">laptops</token>
<token number="147" sentence="7" t_id="148">produced</token>
<token number="148" sentence="7" t_id="149">by</token>
<token number="149" sentence="7" t_id="150">Apple</token>
<token number="150" sentence="7" t_id="151">are</token>
<token number="151" sentence="7" t_id="152">also</token>
<token number="152" sentence="7" t_id="153">found</token>
<token number="153" sentence="7" t_id="154">among</token>
<token number="154" sentence="7" t_id="155">the</token>
<token number="155" sentence="7" t_id="156">bestsellers</token>
<token number="156" sentence="7" t_id="157">.</token>
<token number="157" sentence="8" t_id="158">Even</token>
<token number="158" sentence="8" t_id="159">the</token>
<token number="159" sentence="8" t_id="160">Wall</token>
<token number="160" sentence="8" t_id="161">Street</token>
<token number="161" sentence="8" t_id="162">experts</token>
<token number="162" sentence="8" t_id="163">have</token>
<token number="163" sentence="8" t_id="164">not</token>
<token number="164" sentence="8" t_id="165">broadcasted</token>
<token number="165" sentence="8" t_id="166">such</token>
<token number="166" sentence="8" t_id="167">remarkable</token>
<token number="167" sentence="8" t_id="168">results</token>
<token number="168" sentence="8" t_id="169">for</token>
<token number="169" sentence="8" t_id="170">the</token>
<token number="170" sentence="8" t_id="171">Apple</token>
<token number="171" sentence="8" t_id="172">computer</token>
<token number="172" sentence="8" t_id="173">company</token>
<token number="173" sentence="8" t_id="174">.</token>
<token number="174" sentence="9" t_id="175">Apple</token>
<token number="175" sentence="9" t_id="176">'s</token>
<token number="176" sentence="9" t_id="177">results</token>
<token number="177" sentence="9" t_id="178">were</token>
<token number="178" sentence="9" t_id="179">way</token>
<token number="179" sentence="9" t_id="180">ahead</token>
<token number="180" sentence="9" t_id="181">of</token>
<token number="181" sentence="9" t_id="182">market</token>
<token number="182" sentence="9" t_id="183">expectations</token>
<token number="183" sentence="9" t_id="184">.</token>
<token number="184" sentence="10" t_id="185">Its</token>
<token number="185" sentence="10" t_id="186">net</token>
<token number="186" sentence="10" t_id="187">profit</token>
<token number="187" sentence="10" t_id="188">has</token>
<token number="188" sentence="10" t_id="189">made</token>
<token number="189" sentence="10" t_id="190">up</token>
<token number="190" sentence="10" t_id="191">$</token>
<token number="191" sentence="10" t_id="192">1.14</token>
<token number="192" sentence="10" t_id="193">per</token>
<token number="193" sentence="10" t_id="194">share</token>
<token number="194" sentence="10" t_id="195">,</token>
<token number="195" sentence="10" t_id="196">while</token>
<token number="196" sentence="10" t_id="197">Wall</token>
<token number="197" sentence="10" t_id="198">Street</token>
<token number="198" sentence="10" t_id="199">expected</token>
<token number="199" sentence="10" t_id="200">just</token>
<token number="200" sentence="10" t_id="201">77</token>
<token number="201" sentence="10" t_id="202">cents</token>
<token number="202" sentence="10" t_id="203">.</token>
<token number="203" sentence="11" t_id="204">During</token>
<token number="204" sentence="11" t_id="205">the</token>
<token number="205" sentence="11" t_id="206">first</token>
<token number="206" sentence="11" t_id="207">quarter</token>
<token number="207" sentence="11" t_id="208">of</token>
<token number="208" sentence="11" t_id="209">the</token>
<token number="209" sentence="11" t_id="210">financial</token>
<token number="210" sentence="11" t_id="211">year</token>
<token number="211" sentence="11" t_id="212">Apple</token>
<token number="212" sentence="11" t_id="213">Inc.</token>
<token number="213" sentence="11" t_id="214">sold</token>
<token number="214" sentence="11" t_id="215">more</token>
<token number="215" sentence="11" t_id="216">than</token>
<token number="216" sentence="11" t_id="217">21</token>
<token number="217" sentence="11" t_id="218">million</token>
<token number="218" sentence="11" t_id="219">iPod</token>
<token number="219" sentence="11" t_id="220">players</token>
<token number="220" sentence="11" t_id="221">and</token>
<token number="221" sentence="11" t_id="222">about</token>
<token number="222" sentence="11" t_id="223">1.6</token>
<token number="223" sentence="11" t_id="224">million</token>
<token number="224" sentence="11" t_id="225">computers</token>
<token number="225" sentence="11" t_id="226">-</token>
<token number="226" sentence="11" t_id="227">it</token>
<token number="227" sentence="11" t_id="228">implies</token>
<token number="228" sentence="11" t_id="229">the</token>
<token number="229" sentence="11" t_id="230">respective</token>
<token number="230" sentence="11" t_id="231">growth</token>
<token number="231" sentence="11" t_id="232">of</token>
<token number="232" sentence="11" t_id="233">28</token>
<token number="233" sentence="11" t_id="234">%</token>
<token number="234" sentence="11" t_id="235">and</token>
<token number="235" sentence="11" t_id="236">50</token>
<token number="236" sentence="11" t_id="237">%</token>
<token number="237" sentence="11" t_id="238">again</token>
<token number="238" sentence="11" t_id="239">compared</token>
<token number="239" sentence="11" t_id="240">to</token>
<token number="240" sentence="11" t_id="241">the</token>
<token number="241" sentence="11" t_id="242">previous</token>
<token number="242" sentence="11" t_id="243">year</token>
<token number="243" sentence="11" t_id="244">.</token>
<token number="244" sentence="12" t_id="245">As</token>
<token number="245" sentence="12" t_id="246">soon</token>
<token number="246" sentence="12" t_id="247">as</token>
<token number="247" sentence="12" t_id="248">the</token>
<token number="248" sentence="12" t_id="249">results</token>
<token number="249" sentence="12" t_id="250">were</token>
<token number="250" sentence="12" t_id="251">announced</token>
<token number="251" sentence="12" t_id="252">at</token>
<token number="252" sentence="12" t_id="253">the</token>
<token number="253" sentence="12" t_id="254">New</token>
<token number="254" sentence="12" t_id="255">York</token>
<token number="255" sentence="12" t_id="256">Stock</token>
<token number="256" sentence="12" t_id="257">Exchange</token>
<token number="257" sentence="12" t_id="258">,</token>
<token number="258" sentence="12" t_id="259">the</token>
<token number="259" sentence="12" t_id="260">shares</token>
<token number="260" sentence="12" t_id="261">of</token>
<token number="261" sentence="12" t_id="262">the</token>
<token number="262" sentence="12" t_id="263">American</token>
<token number="263" sentence="12" t_id="264">computer</token>
<token number="264" sentence="12" t_id="265">company</token>
<token number="265" sentence="12" t_id="266">increased</token>
<token number="266" sentence="12" t_id="267">by</token>
<token number="267" sentence="12" t_id="268">5</token>
<token number="268" sentence="12" t_id="269">percent</token>
<token number="269" sentence="12" t_id="270">.</token>
<token number="270" sentence="13" t_id="271">It</token>
<token number="271" sentence="13" t_id="272">should</token>
<token number="272" sentence="13" t_id="273">be</token>
<token number="273" sentence="13" t_id="274">mentioned</token>
<token number="274" sentence="13" t_id="275">that</token>
<token number="275" sentence="13" t_id="276">the</token>
<token number="276" sentence="13" t_id="277">stock</token>
<token number="277" sentence="13" t_id="278">capital</token>
<token number="278" sentence="13" t_id="279">of</token>
<token number="279" sentence="13" t_id="280">Apple</token>
<token number="280" sentence="13" t_id="281">Inc</token>
<token number="281" sentence="13" t_id="282">tripled</token>
<token number="282" sentence="13" t_id="283">in</token>
<token number="283" sentence="13" t_id="284">2004</token>
<token number="284" sentence="13" t_id="285">,</token>
<token number="285" sentence="13" t_id="286">doubled</token>
<token number="286" sentence="13" t_id="287">in</token>
<token number="287" sentence="13" t_id="288">2005</token>
<token number="288" sentence="13" t_id="289">and</token>
<token number="289" sentence="13" t_id="290">increased</token>
<token number="290" sentence="13" t_id="291">by</token>
<token number="291" sentence="13" t_id="292">16</token>
<token number="292" sentence="13" t_id="293">percent</token>
<token number="293" sentence="13" t_id="294">in</token>
<token number="294" sentence="13" t_id="295">2006</token>
<token number="295" sentence="13" t_id="296">.</token>
<token number="296" sentence="14" t_id="297">The</token>
<token number="297" sentence="14" t_id="298">steady</token>
<token number="298" sentence="14" t_id="299">growth</token>
<token number="299" sentence="14" t_id="300">is</token>
<token number="300" sentence="14" t_id="301">also</token>
<token number="301" sentence="14" t_id="302">due</token>
<token number="302" sentence="14" t_id="303">to</token>
<token number="303" sentence="14" t_id="304">considerable</token>
<token number="304" sentence="14" t_id="305">sales</token>
<token number="305" sentence="14" t_id="306">of</token>
<token number="306" sentence="14" t_id="307">its</token>
<token number="307" sentence="14" t_id="308">iPods</token>
<token number="308" sentence="14" t_id="309">and</token>
<token number="309" sentence="14" t_id="310">computers</token>
<token number="310" sentence="14" t_id="311">.</token>
<token number="311" sentence="15" t_id="312">Last</token>
<token number="312" sentence="15" t_id="313">week</token>
<token number="313" sentence="15" t_id="314">the</token>
<token number="314" sentence="15" t_id="315">company</token>
<token number="315" sentence="15" t_id="316">presented</token>
<token number="316" sentence="15" t_id="317">the</token>
<token number="317" sentence="15" t_id="318">iPhone</token>
<token number="318" sentence="15" t_id="319">.</token>
<Markables>
<C-SIGNAL comment="" m_id="1">
<token_anchor t_id="59"/>
<token_anchor t_id="60"/>
<token_anchor t_id="61"/>
</C-SIGNAL>
<ENTITY_MENTION comment="" head="Apple" m_id="2" syntactic_type="PRE.NAM">
<token_anchor t_id="44"/>
</ENTITY_MENTION>
<ENTITY_MENTION comment="" head="iPod digital music players" m_id="3" syntactic_type="NAM">
<token_anchor t_id="44"/>
<token_anchor t_id="45"/>
<token_anchor t_id="46"/>
<token_anchor t_id="47"/>
<token_anchor t_id="48"/>
<token_anchor t_id="49"/>
</ENTITY_MENTION>
<ENTITY_MENTION comment="" head="Apple" m_id="4" syntactic_type="NAM">
<token_anchor t_id="80"/>
</ENTITY_MENTION>
<ENTITY_MENTION comment="" head="profit" m_id="5" syntactic_type="NOM">
<token_anchor t_id="86"/>
<token_anchor t_id="87"/>
<token_anchor t_id="88"/>
<token_anchor t_id="89"/>
<token_anchor t_id="90"/>
</ENTITY_MENTION>
<ENTITY_MENTION comment="" head="Apple" m_id="6" syntactic_type="NAM">
<token_anchor t_id="10"/>
<token_anchor t_id="11"/>
<token_anchor t_id="12"/>
<token_anchor t_id="13"/>
<token_anchor t_id="14"/>
</ENTITY_MENTION>
<ENTITY_MENTION comment="" head="Apple Inc." m_id="7" syntactic_type="NAM">
<token_anchor t_id="1"/>
<token_anchor t_id="2"/>
</ENTITY_MENTION>
<ENTITY_MENTION comment="" head="its" m_id="8" syntactic_type="PRO">
<token_anchor t_id="21"/>
</ENTITY_MENTION>
<ENTITY_MENTION comment="" head="profits" m_id="9" syntactic_type="NOM">
<token_anchor t_id="4"/>
<token_anchor t_id="5"/>
</ENTITY_MENTION>
<ENTITY_MENTION comment="" head="company" m_id="10" syntactic_type="NOM">
<token_anchor t_id="101"/>
<token_anchor t_id="102"/>
</ENTITY_MENTION>
<ENTITY_MENTION comment="" head="its" m_id="11" syntactic_type="PRO">
<token_anchor t_id="4"/>
</ENTITY_MENTION>
<ENTITY_MENTION comment="" head="profits" m_id="12" syntactic_type="NOM">
<token_anchor t_id="21"/>
<token_anchor t_id="22"/>
</ENTITY_MENTION>
<EVENT_MENTION aspect="NONE" certainty="CERTAIN" comment="" m_id="13" modality="" polarity="POS" pos="VERB" pred="enjoy" special_cases="NONE" tense="PASTPART" time="NON_FUTURE">
<token_anchor t_id="42"/>
</EVENT_MENTION>
<EVENT_MENTION aspect="NONE" certainty="CERTAIN" comment="" m_id="14" modality="" polarity="POS" pos="NOUN" pred="sale" special_cases="NONE" tense="NONE" time="NON_FUTURE">
<token_anchor t_id="65"/>
</EVENT_MENTION>
<EVENT_MENTION aspect="NONE" certainty="CERTAIN" comment="" m_id="15" modality="" polarity="POS" pos="VERB" pred="mark" special_cases="NONE" tense="PAST" time="NON_FUTURE">
<token_anchor t_id="74"/>
</EVENT_MENTION>
<EVENT_MENTION aspect="NONE" certainty="CERTAIN" comment="" m_id="16" modality="" polarity="POS" pos="NOUN" pred="increase" special_cases="NONE" tense="NONE" time="NON_FUTURE">
<token_anchor t_id="77"/>
</EVENT_MENTION>
<EVENT_MENTION aspect="NONE" certainty="CERTAIN" comment="" m_id="17" modality="" polarity="POS" pos="NOUN" pred="sale" special_cases="NONE" tense="NONE" time="NON_FUTURE">
<token_anchor t_id="82"/>
</EVENT_MENTION>
<EVENT_MENTION aspect="NONE" certainty="CERTAIN" comment="" m_id="18" modality="" polarity="POS" pos="VERB" pred="compare" special_cases="NONE" tense="PAST" time="NON_FUTURE">
<token_anchor t_id="84"/>
</EVENT_MENTION>
<EVENT_MENTION aspect="NONE" certainty="CERTAIN" comment="" m_id="19" modality="" polarity="POS" pos="VERB" pred="reap" special_cases="NONE" tense="PASTPART" time="NON_FUTURE">
<token_anchor t_id="91"/>
</EVENT_MENTION>
<EVENT_MENTION aspect="NONE" certainty="CERTAIN" comment="" m_id="20" modality="" polarity="POS" pos="VERB" pred="gain" special_cases="NONE" tense="PAST" time="NON_FUTURE">
<token_anchor t_id="103"/>
</EVENT_MENTION>
<EVENT_MENTION aspect="PERFECTIVE" certainty="CERTAIN" comment="" m_id="21" modality="" polarity="POS" pos="VERB" pred="reach" special_cases="NONE" tense="PRESENT" time="NON_FUTURE">
<token_anchor t_id="16"/>
</EVENT_MENTION>
<EVENT_MENTION aspect="NONE" certainty="CERTAIN" comment="" m_id="22" modality="" polarity="POS" pos="VERB" pred="double" special_cases="NONE" tense="PAST" time="NON_FUTURE">
<token_anchor t_id="3"/>
</EVENT_MENTION>
<EVENT_MENTION aspect="" certainty="CERTAIN" comment="" m_id="23" modality="" polarity="POS" pos="" pred="increase" special_cases="NONE" tense="" time="NON_FUTURE">
<token_anchor t_id="19"/>
</EVENT_MENTION>
<EVENT_MENTION aspect="NONE" certainty="CERTAIN" comment="" m_id="24" modality="" polarity="POS" pos="VERB" pred="end" special_cases="NONE" tense="PAST" time="NON_FUTURE">
<token_anchor t_id="29"/>
</EVENT_MENTION>
<EVENT_MENTION aspect="NONE" certainty="CERTAIN" comment="" m_id="25" modality="" polarity="POS" pos="NOUN" pred="fact" special_cases="NONE" tense="NONE" time="NON_FUTURE">
<token_anchor t_id="36"/>
</EVENT_MENTION>
<EVENT_MENTION aspect="NONE" certainty="CERTAIN" comment="" m_id="26" modality="" polarity="POS" pos="VERB" pred="explain" special_cases="NONE" tense="PRESENT" time="NON_FUTURE">
<token_anchor t_id="38"/>
</EVENT_MENTION>
<EVENT_MENTION aspect="" certainty="CERTAIN" comment="" m_id="27" modality="" polarity="POS" pos="" pred="demand" special_cases="NONE" tense="" time="NON_FUTURE">
<token_anchor t_id="41"/>
</EVENT_MENTION>
<SIGNAL comment="" m_id="29">
<token_anchor t_id="50"/>
</SIGNAL>
<SIGNAL comment="" m_id="30">
<token_anchor t_id="92"/>
</SIGNAL>
<SIGNAL comment="" m_id="28">
<token_anchor t_id="23"/>
</SIGNAL>
<TIMEX3 anchorTimeID="34" beginPoint="" comment="" endPoint="" functionInDocument="NONE" m_id="31" type="DURATION" value="PXD">
<token_anchor t_id="52"/>
<token_anchor t_id="53"/>
<token_anchor t_id="54"/>
<token_anchor t_id="55"/>
<token_anchor t_id="56"/>
<token_anchor t_id="57"/>
</TIMEX3>
<TIMEX3 anchorTimeID="" beginPoint="" comment="" endPoint="" functionInDocument="NONE" m_id="32" type="DURATION" value="PXD">
<token_anchor t_id="64"/>
</TIMEX3>
<TIMEX3 anchorTimeID="34" beginPoint="" comment="" endPoint="" functionInDocument="NONE" m_id="33" type="DATE" value="FY2007">
<token_anchor t_id="67"/>
<token_anchor t_id="68"/>
<token_anchor t_id="69"/>
<token_anchor t_id="70"/>
<token_anchor t_id="71"/>
<token_anchor t_id="72"/>
<token_anchor t_id="73"/>
</TIMEX3>
<TIMEX3 anchorTimeID="" beginPoint="" comment="" endPoint="" functionInDocument="CREATION_TIME" m_id="34" type="DATE" value="2007-01-18">
<token_anchor t_id="6"/>
<token_anchor t_id="7"/>
<token_anchor t_id="8"/>
<token_anchor t_id="9"/>
</TIMEX3>
<TIMEX3 anchorTimeID="33" beginPoint="" comment="" endPoint="" functionInDocument="NONE" m_id="35" type="DATE" value="FY2006">
<token_anchor t_id="93"/>
<token_anchor t_id="94"/>
<token_anchor t_id="95"/>
<token_anchor t_id="96"/>
<token_anchor t_id="97"/>
<token_anchor t_id="98"/>
<token_anchor t_id="99"/>
</TIMEX3>
<TIMEX3 anchorTimeID="34" beginPoint="" comment="" endPoint="" functionInDocument="NONE" m_id="36" type="DATE" value="2006-Q4">
<token_anchor t_id="24"/>
<token_anchor t_id="25"/>
<token_anchor t_id="26"/>
</TIMEX3>
<TIMEX3 anchorTimeID="" beginPoint="" comment="" endPoint="" functionInDocument="NONE" m_id="37" type="DATE" value="2006-12-30">
<token_anchor t_id="30"/>
<token_anchor t_id="31"/>
<token_anchor t_id="32"/>
<token_anchor t_id="33"/>
</TIMEX3>
<TIMEX3 anchorTimeID="" beginPoint="" comment="" endPoint="37" functionInDocument="NONE" m_id="38" type="DATE" value="2006-Q4">
<token_anchor t_id="28"/>
</TIMEX3>
<VALUE comment="" m_id="39" type="PERCENT">
<token_anchor t_id="17"/>
<token_anchor t_id="18"/>
</VALUE>
<VALUE comment="" m_id="40" type="MONEY">
<token_anchor t_id="87"/>
<token_anchor t_id="88"/>
<token_anchor t_id="89"/>
</VALUE>
<VALUE comment="" m_id="41" type="MONEY">
<token_anchor t_id="106"/>
<token_anchor t_id="107"/>
<token_anchor t_id="108"/>
</VALUE>
<EVENT TAG_DESCRIPTOR="reach" class="OTHER" comment="" external_ref="" m_id="45"/>
<EVENT TAG_DESCRIPTOR="increase" class="OTHER" comment="" external_ref="" m_id="46"/>
<EVENT TAG_DESCRIPTOR="end" class="GRAMMATICAL" comment="" external_ref="" m_id="47"/>
<EVENT TAG_DESCRIPTOR="explain" class="SPEECH_COGNITIVE" comment="" external_ref="" m_id="48"/>
<EVENT TAG_DESCRIPTOR="enjoy" class="OTHER" comment="" external_ref="" m_id="50"/>
<EVENT TAG_DESCRIPTOR="sales" class="OTHER" comment="" external_ref="" m_id="51"/>
<EVENT TAG_DESCRIPTOR="mark" class="OTHER" comment="" external_ref="" m_id="52"/>
<EVENT TAG_DESCRIPTOR="compare" class="OTHER" comment="" external_ref="" m_id="53"/>
<EVENT TAG_DESCRIPTOR="reap" class="OTHER" comment="" external_ref="" m_id="54"/>
<EVENT TAG_DESCRIPTOR="gain" class="OTHER" comment="" external_ref="" m_id="55"/>
<EVENT TAG_DESCRIPTOR="sale" class="OTHER" comment="" external_ref="" m_id="56"/>
<EVENT TAG_DESCRIPTOR="double" class="OTHER" comment="" external_ref="" m_id="57"/>
<EVENT TAG_DESCRIPTOR="demand-SE - (iPod)" class="OTHER" external_ref="demand.01" instance_id="OTH57214715842324362" m_id="71"/>
<ENTITY TAG_DESCRIPTOR="profits" ent_type="FIN" instance_id="FIN55896206410543487" m_id="72"/><ENTITY TAG_DESCRIPTOR="IPOD" ent_type="PRO" external_ref="http://dbpedia.org/resource/IPod" instance_id="PRO19274272200451092" m_id="73"/>
<ENTITY TAG_DESCRIPTOR="APPLE" ent_type="ORG" external_ref="http://dbpedia.org/resource/Apple_Inc." instance_id="ORG19274271187160719" m_id="74"/><EVENT_MENTION m_id="75">
  <token_anchor t_id="214"/>
</EVENT_MENTION>
<EVENT_MENTION m_id="76">
  <token_anchor t_id="305"/>
</EVENT_MENTION>
<ENTITY_MENTION m_id="77">
  <token_anchor t_id="307"/>
  <token_anchor t_id="308"/>
</ENTITY_MENTION>
<ENTITY_MENTION m_id="78">
  <token_anchor t_id="217"/>
  <token_anchor t_id="218"/>
  <token_anchor t_id="219"/>
  <token_anchor t_id="220"/>
</ENTITY_MENTION>
<EVENT TAG_DESCRIPTOR="sold S11-SE - iPod" class="OTHER" external_ref="sell.01" instance_id="OTH56691331253792792" m_id="79"/><EVENT TAG_DESCRIPTOR="sales S14-SE - (iPod)" class="OTHER" external_ref="sale.01" instance_id="OTH57192181675973147" m_id="80"/></Markables>
<Relations>
<HAS_PARTICIPANT comment="" r_id="361387" sem_role="Arg0" sem_role_framework="PROPBANK">
<source m_id="21"/>
<target m_id="6"/>
</HAS_PARTICIPANT>
<HAS_PARTICIPANT comment="" r_id="361388" sem_role="Arg1" sem_role_framework="PROPBANK">
<source m_id="23"/>
<target m_id="12"/>
</HAS_PARTICIPANT>
<HAS_PARTICIPANT comment="" r_id="361389" sem_role="Arg0" sem_role_framework="PROPBANK">
<source m_id="13"/>
<target m_id="3"/>
</HAS_PARTICIPANT>
<HAS_PARTICIPANT comment="" r_id="361390" sem_role="Arg0" sem_role_framework="PROPBANK">
<source m_id="17"/>
<target m_id="4"/>
</HAS_PARTICIPANT>
<HAS_PARTICIPANT comment="" r_id="361391" sem_role="Arg2" sem_role_framework="PROPBANK">
<source m_id="18"/>
<target m_id="5"/>
</HAS_PARTICIPANT>
<HAS_PARTICIPANT comment="" r_id="361392" sem_role="Arg1" sem_role_framework="PROPBANK">
<source m_id="19"/>
<target m_id="5"/>
</HAS_PARTICIPANT>
<CLINK c-signalID="1" comment="" r_id="361393">
<source m_id="14"/>
<target m_id="16"/>
</CLINK>
<HAS_PARTICIPANT comment="" r_id="361394" sem_role="Arg0" sem_role_framework="PROPBANK">
<source m_id="20"/>
<target m_id="10"/>
</HAS_PARTICIPANT>
<HAS_PARTICIPANT comment="" r_id="361395" sem_role="Arg1" sem_role_framework="PROPBANK">
<source m_id="20"/>
<target m_id="41"/>
</HAS_PARTICIPANT>
<TLINK comment="" r_id="361396" reltype="BEFORE" signalID="">
<source m_id="21"/>
<target m_id="34"/>
</TLINK>
<TLINK comment="" r_id="361397" reltype="IS_INCLUDED" signalID="">
<source m_id="24"/>
<target m_id="34"/>
</TLINK>
<TLINK comment="" r_id="361398" reltype="IS_INCLUDED" signalID="">
<source m_id="26"/>
<target m_id="34"/>
</TLINK>
<TLINK comment="" r_id="361399" reltype="BEFORE" signalID="">
<source m_id="15"/>
<target m_id="34"/>
</TLINK>
<TLINK comment="" r_id="361400" reltype="BEFORE" signalID="">
<source m_id="20"/>
<target m_id="34"/>
</TLINK>
<TLINK comment="" r_id="361401" reltype="BEFORE" signalID="">
<source m_id="21"/>
<target m_id="26"/>
</TLINK>
<TLINK comment="" r_id="361402" reltype="AFTER" signalID="">
<source m_id="26"/>
<target m_id="15"/>
</TLINK>
<TLINK comment="" r_id="361403" reltype="BEFORE" signalID="">
<source m_id="15"/>
<target m_id="20"/>
</TLINK>
<TLINK comment="" r_id="361404" reltype="BEFORE" signalID="">
<source m_id="15"/>
<target m_id="18"/>
</TLINK>
<TLINK comment="" r_id="361405" reltype="IS_INCLUDED" signalID="28">
<source m_id="23"/>
<target m_id="36"/>
</TLINK>
<TLINK comment="" r_id="361406" reltype="IS_INCLUDED" signalID="">
<source m_id="24"/>
<target m_id="37"/>
</TLINK>
<TLINK comment="" r_id="361407" reltype="IS_INCLUDED" signalID="29">
<source m_id="13"/>
<target m_id="31"/>
</TLINK>
<TLINK comment="" r_id="361408" reltype="IS_INCLUDED" signalID="">
<source m_id="14"/>
<target m_id="32"/>
</TLINK>
<TLINK comment="" r_id="361409" reltype="BEFORE" signalID="30">
<source m_id="19"/>
<target m_id="35"/>
</TLINK>











<TLINK comment="" r_id="361425" reltype="ENDED_BY" signalID="">
<source m_id="36"/>
<target m_id="37"/>
</TLINK>
<TLINK comment="" r_id="361426" reltype="ENDED_BY" signalID="">
<source m_id="38"/>
<target m_id="37"/>
</TLINK>

<HAS_PARTICIPANT comment="" r_id="361428" sem_role="Arg0" sem_role_framework="PROPBANK">
<source m_id="22"/>
<target m_id="7"/>
</HAS_PARTICIPANT>
<HAS_PARTICIPANT comment="" r_id="361429" sem_role="Arg1" sem_role_framework="PROPBANK">
<source m_id="22"/>
<target m_id="9"/>
</HAS_PARTICIPANT>





<REFERS_TO r_id="361437">
<source m_id="17"/>
<target m_id="56"/>
</REFERS_TO>
<REFERS_TO r_id="361438">
<source m_id="26"/>
<target m_id="48"/>
</REFERS_TO>
<REFERS_TO r_id="361439">
<source m_id="16"/>
<source m_id="23"/>
<source m_id="25"/>
<target m_id="46"/>
</REFERS_TO>
<REFERS_TO r_id="361440">
<source m_id="24"/>
<target m_id="47"/>
</REFERS_TO>
<REFERS_TO r_id="361441">
<source m_id="22"/>
<target m_id="57"/>
</REFERS_TO>
<REFERS_TO r_id="361442">
<source m_id="21"/>
<target m_id="45"/>
</REFERS_TO>
<REFERS_TO r_id="361443">
<source m_id="14"/>
<target m_id="51"/>
</REFERS_TO>
<REFERS_TO r_id="361444">
<source m_id="13"/>
<target m_id="50"/>
</REFERS_TO>
<REFERS_TO r_id="361445">
<source m_id="18"/>
<target m_id="53"/>
</REFERS_TO>
<REFERS_TO r_id="361446">
<source m_id="15"/>
<target m_id="52"/>
</REFERS_TO>
<REFERS_TO r_id="361447">
<source m_id="20"/>
<target m_id="55"/>
</REFERS_TO>
<REFERS_TO r_id="361448">
<source m_id="2"/>
<source m_id="4"/>
<source m_id="6"/>
<source m_id="7"/>
<source m_id="8"/>
<source m_id="10"/>
<source m_id="11"/>
<target m_id="74"/>
</REFERS_TO>
<REFERS_TO r_id="361449">
<source m_id="3"/>
<source m_id="78"/>
<source m_id="77"/>
<target m_id="73"/>
</REFERS_TO>
<REFERS_TO r_id="361450">
<source m_id="5"/>
<source m_id="9"/>
<source m_id="12"/>
<target m_id="72"/>
</REFERS_TO>
<REFERS_TO r_id="361451">
<source m_id="27"/>
<target m_id="71"/>
</REFERS_TO>
<REFERS_TO r_id="361452">
<source m_id="19"/>
<target m_id="54"/>
</REFERS_TO>
<REFERS_TO r_id="361453">
<source m_id="76"/>
<target m_id="80"/>
</REFERS_TO>
<REFERS_TO r_id="361454">
<source m_id="75"/>
<target m_id="79"/>
</REFERS_TO>
</Relations>
</Document>