<?xml version="1.0" ?><Document doc_id="60083" doc_name="60083_Apple_Corps_resolve" lang="en" url="http://en.wikinews.org/wiki/Apple_Inc.,_Apple_Corps_resolve_trademark_dispute">
<token number="0" sentence="0" t_id="1">Apple</token>
<token number="1" sentence="0" t_id="2">Inc.,</token>
<token number="2" sentence="0" t_id="3">Apple</token>
<token number="3" sentence="0" t_id="4">Corps</token>
<token number="4" sentence="0" t_id="5">resolve</token>
<token number="5" sentence="0" t_id="6">trademark</token>
<token number="6" sentence="0" t_id="7">dispute</token>
<token number="7" sentence="1" t_id="8">February</token>
<token number="8" sentence="1" t_id="9">6</token>
<token number="9" sentence="1" t_id="10">,</token>
<token number="10" sentence="1" t_id="11">2007</token>
<token number="11" sentence="2" t_id="12">Apple</token>
<token number="12" sentence="2" t_id="13">Inc.</token>
<token number="13" sentence="2" t_id="14">announced</token>
<token number="14" sentence="2" t_id="15">Monday</token>
<token number="15" sentence="2" t_id="16">it</token>
<token number="16" sentence="2" t_id="17">has</token>
<token number="17" sentence="2" t_id="18">settled</token>
<token number="18" sentence="2" t_id="19">its</token>
<token number="19" sentence="2" t_id="20">decades-long</token>
<token number="20" sentence="2" t_id="21">trademark</token>
<token number="21" sentence="2" t_id="22">dispute</token>
<token number="22" sentence="2" t_id="23">with</token>
<token number="23" sentence="2" t_id="24">the</token>
<token number="24" sentence="2" t_id="25">Beatles</token>
<token number="25" sentence="2" t_id="26">'</token>
<token number="26" sentence="2" t_id="27">record</token>
<token number="27" sentence="2" t_id="28">company</token>
<token number="28" sentence="2" t_id="29">,</token>
<token number="29" sentence="2" t_id="30">Apple</token>
<token number="30" sentence="2" t_id="31">Corps</token>
<token number="31" sentence="2" t_id="32">.</token>
<token number="32" sentence="3" t_id="33">Under</token>
<token number="33" sentence="3" t_id="34">this</token>
<token number="34" sentence="3" t_id="35">new</token>
<token number="35" sentence="3" t_id="36">agreement</token>
<token number="36" sentence="3" t_id="37">,</token>
<token number="37" sentence="3" t_id="38">Apple</token>
<token number="38" sentence="3" t_id="39">Inc.</token>
<token number="39" sentence="3" t_id="40">will</token>
<token number="40" sentence="3" t_id="41">own</token>
<token number="41" sentence="3" t_id="42">all</token>
<token number="42" sentence="3" t_id="43">Apple</token>
<token number="43" sentence="3" t_id="44">trademarks</token>
<token number="44" sentence="3" t_id="45">and</token>
<token number="45" sentence="3" t_id="46">will</token>
<token number="46" sentence="3" t_id="47">license</token>
<token number="47" sentence="3" t_id="48">some</token>
<token number="48" sentence="3" t_id="49">to</token>
<token number="49" sentence="3" t_id="50">Apple</token>
<token number="50" sentence="3" t_id="51">Corps</token>
<token number="51" sentence="3" t_id="52">,</token>
<token number="52" sentence="3" t_id="53">and</token>
<token number="53" sentence="3" t_id="54">will</token>
<token number="54" sentence="3" t_id="55">continue</token>
<token number="55" sentence="3" t_id="56">to</token>
<token number="56" sentence="3" t_id="57">use</token>
<token number="57" sentence="3" t_id="58">its</token>
<token number="58" sentence="3" t_id="59">name</token>
<token number="59" sentence="3" t_id="60">and</token>
<token number="60" sentence="3" t_id="61">logo</token>
<token number="61" sentence="3" t_id="62">on</token>
<token number="62" sentence="3" t_id="63">its</token>
<token number="63" sentence="3" t_id="64">iTunes</token>
<token number="64" sentence="3" t_id="65">music</token>
<token number="65" sentence="3" t_id="66">service</token>
<token number="66" sentence="3" t_id="67">.</token>
<token number="67" sentence="4" t_id="68">This</token>
<token number="68" sentence="4" t_id="69">new</token>
<token number="69" sentence="4" t_id="70">settlement</token>
<token number="70" sentence="4" t_id="71">replaces</token>
<token number="71" sentence="4" t_id="72">the</token>
<token number="72" sentence="4" t_id="73">1991</token>
<token number="73" sentence="4" t_id="74">agreement</token>
<token number="74" sentence="4" t_id="75">between</token>
<token number="75" sentence="4" t_id="76">the</token>
<token number="76" sentence="4" t_id="77">two</token>
<token number="77" sentence="4" t_id="78">companies</token>
<token number="78" sentence="4" t_id="79">,</token>
<token number="79" sentence="4" t_id="80">which</token>
<token number="80" sentence="4" t_id="81">defined</token>
<token number="81" sentence="4" t_id="82">the</token>
<token number="82" sentence="4" t_id="83">context</token>
<token number="83" sentence="4" t_id="84">in</token>
<token number="84" sentence="4" t_id="85">which</token>
<token number="85" sentence="4" t_id="86">the</token>
<token number="86" sentence="4" t_id="87">two</token>
<token number="87" sentence="4" t_id="88">companies</token>
<token number="88" sentence="4" t_id="89">could</token>
<token number="89" sentence="4" t_id="90">use</token>
<token number="90" sentence="4" t_id="91">the</token>
<token number="91" sentence="4" t_id="92">Apple</token>
<token number="92" sentence="4" t_id="93">trademark</token>
<token number="93" sentence="4" t_id="94">.</token>
<token number="94" sentence="5" t_id="95">&quot;</token>
<token number="95" sentence="5" t_id="96">We</token>
<token number="96" sentence="5" t_id="97">love</token>
<token number="97" sentence="5" t_id="98">the</token>
<token number="98" sentence="5" t_id="99">Beatles</token>
<token number="99" sentence="5" t_id="100">,</token>
<token number="100" sentence="5" t_id="101">and</token>
<token number="101" sentence="5" t_id="102">it</token>
<token number="102" sentence="5" t_id="103">has</token>
<token number="103" sentence="5" t_id="104">been</token>
<token number="104" sentence="5" t_id="105">painful</token>
<token number="105" sentence="5" t_id="106">being</token>
<token number="106" sentence="5" t_id="107">at</token>
<token number="107" sentence="5" t_id="108">odds</token>
<token number="108" sentence="5" t_id="109">with</token>
<token number="109" sentence="5" t_id="110">them</token>
<token number="110" sentence="5" t_id="111">over</token>
<token number="111" sentence="5" t_id="112">these</token>
<token number="112" sentence="5" t_id="113">trademarks</token>
<token number="113" sentence="5" t_id="114">,</token>
<token number="114" sentence="5" t_id="115">&quot;</token>
<token number="115" sentence="5" t_id="116">said</token>
<token number="116" sentence="5" t_id="117">Apple</token>
<token number="117" sentence="5" t_id="118">Inc.</token>
<token number="118" sentence="5" t_id="119">CEO</token>
<token number="119" sentence="5" t_id="120">Steve</token>
<token number="120" sentence="5" t_id="121">Jobs</token>
<token number="121" sentence="5" t_id="122">.</token>
<token number="122" sentence="6" t_id="123">&quot;</token>
<token number="123" sentence="6" t_id="124">It</token>
<token number="124" sentence="6" t_id="125">feels</token>
<token number="125" sentence="6" t_id="126">great</token>
<token number="126" sentence="6" t_id="127">to</token>
<token number="127" sentence="6" t_id="128">resolve</token>
<token number="128" sentence="6" t_id="129">this</token>
<token number="129" sentence="6" t_id="130">in</token>
<token number="130" sentence="6" t_id="131">a</token>
<token number="131" sentence="6" t_id="132">positive</token>
<token number="132" sentence="6" t_id="133">manner</token>
<token number="133" sentence="6" t_id="134">,</token>
<token number="134" sentence="6" t_id="135">and</token>
<token number="135" sentence="6" t_id="136">in</token>
<token number="136" sentence="6" t_id="137">a</token>
<token number="137" sentence="6" t_id="138">way</token>
<token number="138" sentence="6" t_id="139">that</token>
<token number="139" sentence="6" t_id="140">should</token>
<token number="140" sentence="6" t_id="141">remove</token>
<token number="141" sentence="6" t_id="142">the</token>
<token number="142" sentence="6" t_id="143">potential</token>
<token number="143" sentence="6" t_id="144">of</token>
<token number="144" sentence="6" t_id="145">further</token>
<token number="145" sentence="6" t_id="146">disagreements</token>
<token number="146" sentence="6" t_id="147">in</token>
<token number="147" sentence="6" t_id="148">the</token>
<token number="148" sentence="6" t_id="149">future</token>
<token number="149" sentence="6" t_id="150">.</token>
<token number="150" sentence="6" t_id="151">&quot;</token>
<token number="151" sentence="7" t_id="152">&quot;</token>
<token number="152" sentence="7" t_id="153">The</token>
<token number="153" sentence="7" t_id="154">years</token>
<token number="154" sentence="7" t_id="155">ahead</token>
<token number="155" sentence="7" t_id="156">are</token>
<token number="156" sentence="7" t_id="157">going</token>
<token number="157" sentence="7" t_id="158">to</token>
<token number="158" sentence="7" t_id="159">be</token>
<token number="159" sentence="7" t_id="160">very</token>
<token number="160" sentence="7" t_id="161">exciting</token>
<token number="161" sentence="7" t_id="162">times</token>
<token number="162" sentence="7" t_id="163">for</token>
<token number="163" sentence="7" t_id="164">us</token>
<token number="164" sentence="7" t_id="165">,</token>
<token number="165" sentence="7" t_id="166">&quot;</token>
<token number="166" sentence="7" t_id="167">said</token>
<token number="167" sentence="7" t_id="168">Neil</token>
<token number="168" sentence="7" t_id="169">Aspinall</token>
<token number="169" sentence="7" t_id="170">,</token>
<token number="170" sentence="7" t_id="171">manager</token>
<token number="171" sentence="7" t_id="172">of</token>
<token number="172" sentence="7" t_id="173">Apple</token>
<token number="173" sentence="7" t_id="174">Corps</token>
<token number="174" sentence="7" t_id="175">.</token>
<token number="175" sentence="8" t_id="176">&quot;</token>
<token number="176" sentence="8" t_id="177">We</token>
<token number="177" sentence="8" t_id="178">wish</token>
<token number="178" sentence="8" t_id="179">Apple</token>
<token number="179" sentence="8" t_id="180">Inc.</token>
<token number="180" sentence="8" t_id="181">every</token>
<token number="181" sentence="8" t_id="182">success</token>
<token number="182" sentence="8" t_id="183">and</token>
<token number="183" sentence="8" t_id="184">look</token>
<token number="184" sentence="8" t_id="185">forward</token>
<token number="185" sentence="8" t_id="186">to</token>
<token number="186" sentence="8" t_id="187">many</token>
<token number="187" sentence="8" t_id="188">years</token>
<token number="188" sentence="8" t_id="189">of</token>
<token number="189" sentence="8" t_id="190">peaceful</token>
<token number="190" sentence="8" t_id="191">co-operation</token>
<token number="191" sentence="8" t_id="192">with</token>
<token number="192" sentence="8" t_id="193">them</token>
<token number="193" sentence="8" t_id="194">.</token>
<token number="194" sentence="8" t_id="195">&quot;</token>
<token number="195" sentence="9" t_id="196">It</token>
<token number="196" sentence="9" t_id="197">was</token>
<token number="197" sentence="9" t_id="198">not</token>
<token number="198" sentence="9" t_id="199">disclosed</token>
<token number="199" sentence="9" t_id="200">whether</token>
<token number="200" sentence="9" t_id="201">the</token>
<token number="201" sentence="9" t_id="202">Beatles</token>
<token number="202" sentence="9" t_id="203">'</token>
<token number="203" sentence="9" t_id="204">music</token>
<token number="204" sentence="9" t_id="205">catalog</token>
<token number="205" sentence="9" t_id="206">was</token>
<token number="206" sentence="9" t_id="207">part</token>
<token number="207" sentence="9" t_id="208">of</token>
<token number="208" sentence="9" t_id="209">the</token>
<token number="209" sentence="9" t_id="210">deal</token>
<token number="210" sentence="9" t_id="211">.</token>
<Markables>
<ENTITY_MENTION comment="" head="Steve Jobs" m_id="29" syntactic_type="NAM">
<token_anchor t_id="120"/>
<token_anchor t_id="121"/>
</ENTITY_MENTION>
<ENTITY_MENTION comment="" head="trademarks" m_id="30" syntactic_type="NOM">
<token_anchor t_id="42"/>
<token_anchor t_id="43"/>
<token_anchor t_id="44"/>
</ENTITY_MENTION>
<ENTITY_MENTION comment="" head="" m_id="86" syntactic_type="NOM">
<token_anchor t_id="58"/>
<token_anchor t_id="59"/>
</ENTITY_MENTION>
<ENTITY_MENTION comment="" head="" m_id="31" syntactic_type="APP">
<token_anchor t_id="117"/>
<token_anchor t_id="118"/>
<token_anchor t_id="119"/>
<token_anchor t_id="120"/>
<token_anchor t_id="121"/>
</ENTITY_MENTION>
<ENTITY_MENTION comment="" head="" m_id="87" syntactic_type="CONJ">
<token_anchor t_id="58"/>
<token_anchor t_id="59"/>
<token_anchor t_id="60"/>
<token_anchor t_id="61"/>
</ENTITY_MENTION>
<ENTITY_MENTION comment="" head="" m_id="32" syntactic_type="HLS">
<token_anchor t_id="48"/>
</ENTITY_MENTION>
<ENTITY_MENTION comment="" head="Apple Corps" m_id="33" syntactic_type="NAM">
<token_anchor t_id="50"/>
<token_anchor t_id="51"/>
</ENTITY_MENTION>
<ENTITY_MENTION comment="" head="its" m_id="1" syntactic_type="PRO">
<token_anchor t_id="58"/>
</ENTITY_MENTION>
<ENTITY_MENTION comment="" head="logo" m_id="2" syntactic_type="NOM">
<token_anchor t_id="61"/>
</ENTITY_MENTION>
<ENTITY_MENTION comment="" head="its" m_id="3" syntactic_type="PRO">
<token_anchor t_id="63"/>
</ENTITY_MENTION>
<ENTITY_MENTION comment="" head="service" m_id="4" syntactic_type="APP">
<token_anchor t_id="63"/>
<token_anchor t_id="64"/>
<token_anchor t_id="65"/>
<token_anchor t_id="66"/>
</ENTITY_MENTION>
<ENTITY_MENTION comment="" head="Apple Inc." m_id="5" syntactic_type="NAM">
<token_anchor t_id="12"/>
<token_anchor t_id="13"/>
</ENTITY_MENTION>
<ENTITY_MENTION comment="" head="it" m_id="6" syntactic_type="PRO">
<token_anchor t_id="16"/>
</ENTITY_MENTION>
<ENTITY_MENTION comment="" head="its" m_id="7" syntactic_type="PRO">
<token_anchor t_id="19"/>
</ENTITY_MENTION>
<ENTITY_MENTION comment="" head="Apple Inc." m_id="8" syntactic_type="NAM">
<token_anchor t_id="1"/>
<token_anchor t_id="2"/>
</ENTITY_MENTION>
<ENTITY_MENTION comment="" head="companies" m_id="9" syntactic_type="NOM">
<token_anchor t_id="76"/>
<token_anchor t_id="77"/>
<token_anchor t_id="78"/>
</ENTITY_MENTION>
<ENTITY_MENTION comment="" head="Apple Corps" m_id="10" syntactic_type="NAM">
<token_anchor t_id="3"/>
<token_anchor t_id="4"/>
</ENTITY_MENTION>
<ENTITY_MENTION comment="" head="trademark" m_id="11" syntactic_type="NOM">
<token_anchor t_id="21"/>
</ENTITY_MENTION>
<ENTITY_MENTION comment="" head="companies" m_id="12" syntactic_type="NOM">
<token_anchor t_id="86"/>
<token_anchor t_id="87"/>
<token_anchor t_id="88"/>
</ENTITY_MENTION>
<ENTITY_MENTION comment="" head="" m_id="13" syntactic_type="CONJ">
<token_anchor t_id="1"/>
<token_anchor t_id="2"/>
<token_anchor t_id="3"/>
<token_anchor t_id="4"/>
</ENTITY_MENTION>
<ENTITY_MENTION comment="" head="company" m_id="14" syntactic_type="NOM">
<token_anchor t_id="24"/>
<token_anchor t_id="25"/>
<token_anchor t_id="26"/>
<token_anchor t_id="27"/>
<token_anchor t_id="28"/>
</ENTITY_MENTION>
<ENTITY_MENTION comment="" head="trademark" m_id="15" syntactic_type="NOM">
<token_anchor t_id="6"/>
</ENTITY_MENTION>
<ENTITY_MENTION comment="" head="trademark" m_id="16" syntactic_type="NOM">
<token_anchor t_id="91"/>
<token_anchor t_id="92"/>
<token_anchor t_id="93"/>
</ENTITY_MENTION>
<ENTITY_MENTION comment="" head="Apple Corps" m_id="17" syntactic_type="NAM">
<token_anchor t_id="30"/>
<token_anchor t_id="31"/>
</ENTITY_MENTION>
<ENTITY_MENTION comment="" head="Apple" m_id="18" syntactic_type="PRE.NAM">
<token_anchor t_id="92"/>
</ENTITY_MENTION>
<ENTITY_MENTION comment="" head="Beatles" m_id="19" syntactic_type="PRE.NAM">
<token_anchor t_id="25"/>
</ENTITY_MENTION>
<ENTITY_MENTION comment="" head="We" m_id="20" syntactic_type="PRO">
<token_anchor t_id="96"/>
</ENTITY_MENTION>
<ENTITY_MENTION comment="" head="Beatles" m_id="21" syntactic_type="NAM">
<token_anchor t_id="98"/>
<token_anchor t_id="99"/>
</ENTITY_MENTION>
<ENTITY_MENTION comment="" head="them" m_id="22" syntactic_type="PRO">
<token_anchor t_id="110"/>
</ENTITY_MENTION>
<ENTITY_MENTION comment="" head="trademarks" m_id="23" syntactic_type="NOM">
<token_anchor t_id="112"/>
<token_anchor t_id="113"/>
</ENTITY_MENTION>
<ENTITY_MENTION comment="" head="" m_id="24" syntactic_type="APP">
<token_anchor t_id="24"/>
<token_anchor t_id="25"/>
<token_anchor t_id="26"/>
<token_anchor t_id="27"/>
<token_anchor t_id="28"/>
<token_anchor t_id="29"/>
<token_anchor t_id="30"/>
<token_anchor t_id="31"/>
</ENTITY_MENTION>
<ENTITY_MENTION comment="" head="Apple Inc." m_id="25" syntactic_type="PRE.NAM">
<token_anchor t_id="117"/>
<token_anchor t_id="118"/>
</ENTITY_MENTION>
<ENTITY_MENTION comment="" head="Apple Inc." m_id="26" syntactic_type="NAM">
<token_anchor t_id="38"/>
<token_anchor t_id="39"/>
</ENTITY_MENTION>
<ENTITY_MENTION comment="" head="CEO" m_id="27" syntactic_type="NOM">
<token_anchor t_id="117"/>
<token_anchor t_id="118"/>
<token_anchor t_id="119"/>
</ENTITY_MENTION>
<ENTITY_MENTION comment="" head="Apple" m_id="28" syntactic_type="PRE.NAM">
<token_anchor t_id="43"/>
</ENTITY_MENTION>
<ENTITY_MENTION comment="" head="service" m_id="84" syntactic_type="NOM">
<token_anchor t_id="65"/>
<token_anchor t_id="66"/>
</ENTITY_MENTION>
<EVENT_MENTION aspect="NONE" certainty="CERTAIN" comment="" m_id="34" modality="" polarity="POS" pos="VERB" pred="replace" special_cases="NONE" tense="PRESENT" time="NON_FUTURE">
<token_anchor t_id="71"/>
</EVENT_MENTION>
<EVENT_MENTION aspect="NONE" certainty="CERTAIN" comment="" m_id="35" modality="" polarity="POS" pos="NOUN" pred="agreement" special_cases="NONE" tense="NONE" time="NON_FUTURE">
<token_anchor t_id="74"/>
</EVENT_MENTION>
<EVENT_MENTION aspect="NONE" certainty="CERTAIN" comment="" m_id="36" modality="" polarity="POS" pos="VERB" pred="define" special_cases="NONE" tense="PAST" time="NON_FUTURE">
<token_anchor t_id="81"/>
</EVENT_MENTION>
<EVENT_MENTION aspect="NONE" certainty="POSSIBLE" comment="" m_id="37" modality="" polarity="POS" pos="VERB" pred="use" special_cases="NONE" tense="NONE" time="NON_FUTURE">
<token_anchor t_id="90"/>
</EVENT_MENTION>
<EVENT_MENTION aspect="NONE" certainty="CERTAIN" comment="" m_id="38" modality="" polarity="POS" pos="VERB" pred="resolve" special_cases="NONE" tense="PRESENT" time="NON_FUTURE">
<token_anchor t_id="5"/>
</EVENT_MENTION>
<EVENT_MENTION aspect="NONE" certainty="CERTAIN" comment="" m_id="39" modality="" polarity="POS" pos="NOUN" pred="dispute" special_cases="NONE" tense="NONE" time="NON_FUTURE">
<token_anchor t_id="7"/>
</EVENT_MENTION>
<EVENT_MENTION aspect="" certainty="CERTAIN" comment="" m_id="40" modality="" polarity="POS" pos="" pred="" special_cases="NONE" tense="" time="FUTURE">
<token_anchor t_id="41"/>
<token_anchor t_id="47"/>
<token_anchor t_id="55"/>
</EVENT_MENTION>
<EVENT_MENTION aspect="NONE" certainty="CERTAIN" comment="" m_id="41" modality="" polarity="POS" pos="VERB" pred="announce" special_cases="NONE" tense="PAST" time="NON_FUTURE">
<token_anchor t_id="14"/>
</EVENT_MENTION>
<EVENT_MENTION aspect="" certainty="CERTAIN" comment="" m_id="42" modality="" polarity="POS" pos="OTHER" pred="which" special_cases="NONE" tense="" time="NON_FUTURE">
<token_anchor t_id="80"/>
</EVENT_MENTION>
<EVENT_MENTION aspect="PERFECTIVE" certainty="CERTAIN" comment="" m_id="43" modality="" polarity="POS" pos="VERB" pred="settle" special_cases="NONE" tense="PAST" time="NON_FUTURE">
<token_anchor t_id="18"/>
</EVENT_MENTION>
<EVENT_MENTION aspect="NONE" certainty="CERTAIN" comment="" m_id="44" modality="" polarity="POS" pos="NOUN" pred="dispute" special_cases="NONE" tense="NONE" time="NON_FUTURE">
<token_anchor t_id="22"/>
</EVENT_MENTION>
<EVENT_MENTION aspect="NONE" certainty="CERTAIN" comment="" m_id="45" modality="" polarity="POS" pos="VERB" pred="love" special_cases="NONE" tense="PRESENT" time="NON_FUTURE">
<token_anchor t_id="97"/>
</EVENT_MENTION>
<EVENT_MENTION aspect="PERFECTIVE" certainty="CERTAIN" comment="" m_id="46" modality="" polarity="POS" pos="VERB" pred="be" special_cases="NONE" tense="PRESENT" time="NON_FUTURE">
<token_anchor t_id="104"/>
</EVENT_MENTION>
<EVENT_MENTION aspect="NONE" certainty="CERTAIN" comment="" m_id="47" modality="" polarity="POS" pos="VERB" pred="be" special_cases="NONE" tense="PRESPART" time="NON_FUTURE">
<token_anchor t_id="106"/>
</EVENT_MENTION>
<EVENT_MENTION aspect="NONE" certainty="CERTAIN" comment="" m_id="48" modality="" polarity="POS" pos="VERB" pred="say" special_cases="NONE" tense="PAST" time="NON_FUTURE">
<token_anchor t_id="116"/>
</EVENT_MENTION>
<EVENT_MENTION aspect="" certainty="CERTAIN" comment="" m_id="49" modality="" polarity="POS" pos="" pred="" special_cases="NONE" tense="" time="NON_FUTURE">
<token_anchor t_id="97"/>
<token_anchor t_id="104"/>
</EVENT_MENTION>
<EVENT_MENTION aspect="NONE" certainty="CERTAIN" comment="" m_id="50" modality="" polarity="POS" pos="NOUN" pred="agreement" special_cases="NONE" tense="NONE" time="NON_FUTURE">
<token_anchor t_id="36"/>
</EVENT_MENTION>
<EVENT_MENTION aspect="NONE" certainty="CERTAIN" comment="" m_id="51" modality="" polarity="POS" pos="VERB" pred="own" special_cases="NONE" tense="FUTURE" time="FUTURE">
<token_anchor t_id="41"/>
</EVENT_MENTION>
<EVENT_MENTION aspect="NONE" certainty="CERTAIN" comment="" m_id="52" modality="" polarity="POS" pos="VERB" pred="license" special_cases="NONE" tense="FUTURE" time="FUTURE">
<token_anchor t_id="47"/>
</EVENT_MENTION>
<EVENT_MENTION aspect="" certainty="CERTAIN" comment="" m_id="53" modality="" polarity="POS" pos="" pred="" special_cases="NONE" tense="" time="FUTURE">
<token_anchor t_id="55"/>
</EVENT_MENTION>
<EVENT_MENTION aspect="NONE" certainty="CERTAIN" comment="" m_id="54" modality="" polarity="POS" pos="VERB" pred="use" special_cases="NONE" tense="INFINITIVE" time="FUTURE">
<token_anchor t_id="57"/>
</EVENT_MENTION>
<EVENT_MENTION aspect="NONE" certainty="CERTAIN" comment="" m_id="55" modality="" polarity="POS" pos="NOUN" pred="settlement" special_cases="NONE" tense="NONE" time="NON_FUTURE">
<token_anchor t_id="70"/>
</EVENT_MENTION>
<TIMEX3 anchorTimeID="58" beginPoint="" comment="" endPoint="" functionInDocument="NONE" m_id="56" type="DATE" value="2007-02-05">
<token_anchor t_id="15"/>
</TIMEX3>
<TIMEX3 anchorTimeID="" beginPoint="" comment="" endPoint="56" functionInDocument="NONE" m_id="57" type="DURATION" value="PXY">
<token_anchor t_id="20"/>
</TIMEX3>
<TIMEX3 anchorTimeID="" beginPoint="" comment="" endPoint="" functionInDocument="CREATION_TIME" m_id="58" type="DATE" value="2007-02-06">
<token_anchor t_id="8"/>
<token_anchor t_id="9"/>
<token_anchor t_id="10"/>
<token_anchor t_id="11"/>
</TIMEX3>
<TIMEX3 anchorTimeID="58" beginPoint="" comment="" endPoint="" functionInDocument="NONE" m_id="59" type="DATE" value="1991">
<token_anchor t_id="73"/>
</TIMEX3>
<EVENT TAG_DESCRIPTOR="announce" class="SPEECH_COGNITIVE" comment="" external_ref="" m_id="67"/>
<EVENT TAG_DESCRIPTOR="settle" class="OTHER" comment="" external_ref="" m_id="68"/>
<EVENT TAG_DESCRIPTOR="agreement" class="OTHER" comment="" external_ref="" m_id="70"/>
<EVENT TAG_DESCRIPTOR="own" class="OTHER" comment="" external_ref="" m_id="71"/>
<EVENT TAG_DESCRIPTOR="license" class="OTHER" comment="" external_ref="" m_id="72"/>
<EVENT TAG_DESCRIPTOR="continue" class="GRAMMATICAL" comment="" external_ref="" m_id="73"/>
<EVENT TAG_DESCRIPTOR="use" class="OTHER" comment="" external_ref="" m_id="74"/>
<EVENT TAG_DESCRIPTOR="replace" class="OTHER" comment="" external_ref="" m_id="75"/>
<EVENT TAG_DESCRIPTOR="1991 agreement" class="OTHER" comment="" external_ref="" m_id="76"/>
<EVENT TAG_DESCRIPTOR="define" class="SPEECH_COGNITIVE" comment="" external_ref="" m_id="77"/>
<EVENT TAG_DESCRIPTOR="love" class="SPEECH_COGNITIVE" comment="" external_ref="" m_id="78"/>
<EVENT TAG_DESCRIPTOR="be" class="GRAMMATICAL" comment="" external_ref="" m_id="79"/>
<EVENT TAG_DESCRIPTOR="own license continue" class="MIX" comment="" external_ref="" m_id="82"/>
<EVENT TAG_DESCRIPTOR="love + be" class="MIX" comment="" external_ref="" m_id="83"/>
<EVENT TAG_DESCRIPTOR="say-SE - (Steve Jobs)" class="SPEECH_COGNITIVE" external_ref="say.01" instance_id="SPE57305746299764707" m_id="102"/>
<ENTITY TAG_DESCRIPTOR="iTunes music store" ent_type="PRO" external_ref="http://dbpedia.org/resource/ITunes_Store" instance_id="PRO19274271475601598" m_id="103"/><ENTITY TAG_DESCRIPTOR="Steve Jobs" ent_type="PER" external_ref="http://dbpedia.org/resource/Steve_Jobs " instance_id="PER19274271332322852" m_id="104"/>
<ENTITY TAG_DESCRIPTOR="BEATLES APPLE CORPS" ent_type="ORG" external_ref="http://dbpedia.org/resource/Apple_Corps" instance_id="ORG19274272335363621" m_id="105"/><EVENT TAG_DESCRIPTOR="dispute SE - (Beatles Apple Corps)" class="OTHER" external_ref="dispute.01" instance_id="OTH57152624339446019" m_id="106"/>
<ENTITY TAG_DESCRIPTOR="trademark" ent_type="PRO" external_ref="http://dbpedia.org/resource/Trademark" instance_id="PRO56093056729844537" m_id="132"/><ENTITY TAG_DESCRIPTOR="Apple logo" ent_type="PRO" instance_id="PRO55735156504893551" m_id="133"/>
<ENTITY TAG_DESCRIPTOR="name and logo of Apple Inc." ent_type="PRO" instance_id="PRO56148843147308191" m_id="134"/><ENTITY TAG_DESCRIPTOR="name (Apple)" ent_type="PRO" instance_id="PRO56148804851585842" m_id="135"/>
<ENTITY TAG_DESCRIPTOR="Beatles Apple Corps and Apple Computer" ent_type="ORG" instance_id="ORG47025863678468231" m_id="136"/><ENTITY TAG_DESCRIPTOR="Beatles" ent_type="ORG" external_ref="http://dbpedia.org/resource/The_Beatles" instance_id="ORG26441204318782210" m_id="137"/>
<ENTITY TAG_DESCRIPTOR="Apple TRADEMARK" ent_type="PRO" external_ref="http://dbpedia.org/resource/Trademark" instance_id="PRO19274272478568573" m_id="138"/><ENTITY TAG_DESCRIPTOR="some Apple trademarks" ent_type="PRO" instance_id="PRO56148581209521879" m_id="139"/>
<ENTITY TAG_DESCRIPTOR="APPLE" ent_type="ORG" external_ref="http://dbpedia.org/resource/Apple_Inc." instance_id="ORG19274271187160719" m_id="140"/><ENTITY_MENTION m_id="141">
  <token_anchor t_id="177"/>
</ENTITY_MENTION>
<ENTITY_MENTION m_id="142">
  <token_anchor t_id="173"/>
  <token_anchor t_id="174"/>
</ENTITY_MENTION>
<ENTITY_MENTION m_id="143">
  <token_anchor t_id="164"/>
</ENTITY_MENTION></Markables>
<Relations>
<HAS_PARTICIPANT comment="" r_id="361430" sem_role="Arg0" sem_role_framework="PROPBANK">
<source m_id="41"/>
<target m_id="5"/>
</HAS_PARTICIPANT>
<HAS_PARTICIPANT comment="" r_id="361431" sem_role="Arg0" sem_role_framework="PROPBANK">
<source m_id="43"/>
<target m_id="6"/>
</HAS_PARTICIPANT>
<HAS_PARTICIPANT comment="" r_id="361432" sem_role="Arg2" sem_role_framework="PROPBANK">
<source m_id="43"/>
<target m_id="24"/>
</HAS_PARTICIPANT>
<HAS_PARTICIPANT comment="" r_id="361433" sem_role="Arg2" sem_role_framework="PROPBANK">
<source m_id="44"/>
<target m_id="11"/>
</HAS_PARTICIPANT>
<HAS_PARTICIPANT comment="" r_id="361434" sem_role="Arg0" sem_role_framework="PROPBANK">
<source m_id="44"/>
<target m_id="7"/>
</HAS_PARTICIPANT>
<SLINK comment="" r_id="361435">
<source m_id="41"/>
<target m_id="43"/>
</SLINK>
<HAS_PARTICIPANT comment="" r_id="361436" sem_role="Arg0" sem_role_framework="PROPBANK">
<source m_id="51"/>
<target m_id="26"/>
</HAS_PARTICIPANT>
<HAS_PARTICIPANT comment="" r_id="361437" sem_role="Arg1" sem_role_framework="PROPBANK">
<source m_id="51"/>
<target m_id="30"/>
</HAS_PARTICIPANT>
<HAS_PARTICIPANT comment="" r_id="361438" sem_role="Arg0" sem_role_framework="PROPBANK">
<source m_id="52"/>
<target m_id="26"/>
</HAS_PARTICIPANT>
<HAS_PARTICIPANT comment="" r_id="361439" sem_role="Arg1" sem_role_framework="PROPBANK">
<source m_id="52"/>
<target m_id="32"/>
</HAS_PARTICIPANT>
<HAS_PARTICIPANT comment="" r_id="361440" sem_role="Arg2" sem_role_framework="PROPBANK">
<source m_id="52"/>
<target m_id="33"/>
</HAS_PARTICIPANT>
<HAS_PARTICIPANT comment="" r_id="361441" sem_role="Arg0" sem_role_framework="PROPBANK">
<source m_id="53"/>
<target m_id="26"/>
</HAS_PARTICIPANT>
<HAS_PARTICIPANT comment="" r_id="361442" sem_role="Arg0" sem_role_framework="PROPBANK">
<source m_id="54"/>
<target m_id="26"/>
</HAS_PARTICIPANT>
<HAS_PARTICIPANT comment="" r_id="361443" sem_role="Arg1" sem_role_framework="PROPBANK">
<source m_id="54"/>
<target m_id="87"/>
</HAS_PARTICIPANT>
<HAS_PARTICIPANT comment="" r_id="361444" sem_role="Argm-OTHER" sem_role_framework="PROPBANK">
<source m_id="54"/>
<target m_id="4"/>
</HAS_PARTICIPANT>
<GLINK r_id="361445">
<source m_id="53"/>
<target m_id="54"/>
</GLINK>
<HAS_PARTICIPANT comment="" r_id="361446" sem_role="Arg0" sem_role_framework="PROPBANK">
<source m_id="35"/>
<target m_id="9"/>
</HAS_PARTICIPANT>
<HAS_PARTICIPANT comment="" r_id="361447" sem_role="Arg0" sem_role_framework="PROPBANK">
<source m_id="37"/>
<target m_id="12"/>
</HAS_PARTICIPANT>
<HAS_PARTICIPANT comment="" r_id="361448" sem_role="Arg1" sem_role_framework="PROPBANK">
<source m_id="37"/>
<target m_id="16"/>
</HAS_PARTICIPANT>
<HAS_PARTICIPANT comment="" r_id="361449" sem_role="Arg0" sem_role_framework="PROPBANK">
<source m_id="45"/>
<target m_id="20"/>
</HAS_PARTICIPANT>
<HAS_PARTICIPANT comment="" r_id="361450" sem_role="Arg1" sem_role_framework="PROPBANK">
<source m_id="45"/>
<target m_id="21"/>
</HAS_PARTICIPANT>
<HAS_PARTICIPANT comment="" r_id="361451" sem_role="Argm-OTHER" sem_role_framework="PROPBANK">
<source m_id="47"/>
<target m_id="22"/>
</HAS_PARTICIPANT>
<HAS_PARTICIPANT comment="" r_id="361452" sem_role="Argm-OTHER" sem_role_framework="PROPBANK">
<source m_id="47"/>
<target m_id="23"/>
</HAS_PARTICIPANT>
<HAS_PARTICIPANT comment="" r_id="361453" sem_role="Arg0" sem_role_framework="PROPBANK">
<source m_id="48"/>
<target m_id="31"/>
</HAS_PARTICIPANT>
<SLINK comment="" r_id="361454">
<source m_id="48"/>
<target m_id="49"/>
</SLINK>
<TLINK comment="" r_id="361455" reltype="BEFORE" signalID="">
<source m_id="41"/>
<target m_id="58"/>
</TLINK>
<TLINK comment="" r_id="361456" reltype="BEFORE" signalID="">
<source m_id="43"/>
<target m_id="58"/>
</TLINK>
<TLINK comment="" r_id="361457" reltype="AFTER" signalID="">
<source m_id="51"/>
<target m_id="58"/>
</TLINK>
<TLINK comment="" r_id="361458" reltype="AFTER" signalID="">
<source m_id="52"/>
<target m_id="58"/>
</TLINK>
<TLINK comment="" r_id="361459" reltype="AFTER" signalID="">
<source m_id="53"/>
<target m_id="58"/>
</TLINK>
<TLINK comment="" r_id="361460" reltype="IS_INCLUDED" signalID="">
<source m_id="34"/>
<target m_id="58"/>
</TLINK>
<TLINK comment="" r_id="361461" reltype="BEFORE" signalID="">
<source m_id="36"/>
<target m_id="58"/>
</TLINK>
<TLINK comment="" r_id="361462" reltype="IS_INCLUDED" signalID="">
<source m_id="45"/>
<target m_id="58"/>
</TLINK>
<TLINK comment="" r_id="361463" reltype="BEFORE" signalID="">
<source m_id="46"/>
<target m_id="58"/>
</TLINK>
<TLINK comment="" r_id="361464" reltype="BEFORE" signalID="">
<source m_id="48"/>
<target m_id="58"/>
</TLINK>
<TLINK comment="" r_id="361465" reltype="BEFORE" signalID="">
<source m_id="41"/>
<target m_id="51"/>
</TLINK>
<TLINK comment="" r_id="361466" reltype="AFTER" signalID="">
<source m_id="51"/>
<target m_id="34"/>
</TLINK>
<TLINK comment="" r_id="361467" reltype="BEFORE" signalID="">
<source m_id="34"/>
<target m_id="48"/>
</TLINK>
<TLINK comment="" r_id="361468" reltype="AFTER" signalID="">
<source m_id="41"/>
<target m_id="43"/>
</TLINK>
<TLINK comment="" r_id="361469" reltype="AFTER" signalID="">
<source m_id="51"/>
<target m_id="50"/>
</TLINK>
<TLINK comment="" r_id="361470" reltype="SIMULTANEOUS" signalID="">
<source m_id="51"/>
<target m_id="52"/>
</TLINK>
<TLINK comment="" r_id="361471" reltype="SIMULTANEOUS" signalID="">
<source m_id="51"/>
<target m_id="53"/>
</TLINK>
<TLINK comment="" r_id="361472" reltype="AFTER" signalID="">
<source m_id="34"/>
<target m_id="35"/>
</TLINK>
<TLINK comment="" r_id="361473" reltype="SIMULTANEOUS" signalID="">
<source m_id="48"/>
<target m_id="45"/>
</TLINK>
<TLINK comment="" r_id="361474" reltype="ENDS" signalID="">
<source m_id="48"/>
<target m_id="46"/>
</TLINK>
<TLINK comment="" r_id="361475" reltype="IS_INCLUDED" signalID="">
<source m_id="41"/>
<target m_id="56"/>
</TLINK>
<TLINK comment="" r_id="361476" reltype="MEASURE" signalID="">
<source m_id="57"/>
<target m_id="44"/>
</TLINK>
<TLINK comment="" r_id="361477" reltype="IS_INCLUDED" signalID="">
<source m_id="35"/>
<target m_id="59"/>
</TLINK>












<HAS_PARTICIPANT comment="" r_id="361500" sem_role="Arg0" sem_role_framework="PROPBANK">
<source m_id="38"/>
<target m_id="13"/>
</HAS_PARTICIPANT>
<HAS_PARTICIPANT comment="" r_id="361501" sem_role="Arg1" sem_role_framework="PROPBANK">
<source m_id="38"/>
<target m_id="15"/>
</HAS_PARTICIPANT>
<HAS_PARTICIPANT comment="" r_id="361502" sem_role="Arg2" sem_role_framework="PROPBANK">
<source m_id="39"/>
<target m_id="15"/>
</HAS_PARTICIPANT>















<REFERS_TO r_id="366579">
<source m_id="41"/>
<target m_id="67"/>
</REFERS_TO>
<REFERS_TO r_id="366580">
<source m_id="2"/>
<target m_id="133"/>
</REFERS_TO>
<REFERS_TO r_id="366581">
<source m_id="11"/>
<source m_id="15"/>
<target m_id="132"/>
</REFERS_TO>
<REFERS_TO r_id="366582">
<source m_id="19"/>
<source m_id="21"/>
<target m_id="137"/>
</REFERS_TO>
<REFERS_TO r_id="366583">
<source m_id="9"/>
<source m_id="12"/>
<source m_id="13"/>
<source m_id="22"/>
<target m_id="136"/>
</REFERS_TO>
<REFERS_TO r_id="366584">
<source m_id="86"/>
<target m_id="135"/>
</REFERS_TO>
<REFERS_TO r_id="366585">
<source m_id="87"/>
<target m_id="134"/>
</REFERS_TO>
<REFERS_TO r_id="366586">
<source m_id="40"/>
<target m_id="82"/>
</REFERS_TO>
<REFERS_TO r_id="366587">
<source m_id="49"/>
<target m_id="83"/>
</REFERS_TO>
<REFERS_TO r_id="366588">
<source m_id="32"/>
<target m_id="139"/>
</REFERS_TO>
<REFERS_TO r_id="366589">
<source m_id="30"/>
<source m_id="16"/>
<source m_id="23"/>
<target m_id="138"/>
</REFERS_TO>
<REFERS_TO r_id="366590">
<source m_id="46"/>
<source m_id="47"/>
<target m_id="79"/>
</REFERS_TO>
<REFERS_TO r_id="366591">
<source m_id="45"/>
<target m_id="78"/>
</REFERS_TO>
<REFERS_TO r_id="366592">
<source m_id="38"/>
<source m_id="43"/>
<target m_id="68"/>
</REFERS_TO>
<REFERS_TO r_id="366593">
<source m_id="1"/>
<source m_id="3"/>
<source m_id="5"/>
<source m_id="6"/>
<source m_id="7"/>
<source m_id="8"/>
<source m_id="18"/>
<source m_id="20"/>
<source m_id="25"/>
<source m_id="26"/>
<source m_id="28"/>
<target m_id="140"/>
</REFERS_TO>
<REFERS_TO r_id="366594">
<source m_id="36"/>
<target m_id="77"/>
</REFERS_TO>
<REFERS_TO r_id="366595">
<source m_id="35"/>
<source m_id="42"/>
<target m_id="76"/>
</REFERS_TO>
<REFERS_TO r_id="366596">
<source m_id="34"/>
<target m_id="75"/>
</REFERS_TO>
<REFERS_TO r_id="366597">
<source m_id="37"/>
<source m_id="54"/>
<target m_id="74"/>
</REFERS_TO>
<REFERS_TO r_id="366598">
<source m_id="53"/>
<target m_id="73"/>
</REFERS_TO>
<REFERS_TO r_id="366599">
<source m_id="52"/>
<target m_id="72"/>
</REFERS_TO>
<REFERS_TO r_id="366600">
<source m_id="51"/>
<target m_id="71"/>
</REFERS_TO>
<REFERS_TO r_id="366601">
<source m_id="50"/>
<source m_id="55"/>
<target m_id="70"/>
</REFERS_TO>
<REFERS_TO r_id="366602">
<source m_id="48"/>
<target m_id="102"/>
</REFERS_TO>
<REFERS_TO r_id="366603">
<source m_id="4"/>
<source m_id="84"/>
<target m_id="103"/>
</REFERS_TO>
<REFERS_TO r_id="366604">
<source m_id="39"/>
<source m_id="44"/>
<target m_id="106"/>
</REFERS_TO>
<REFERS_TO r_id="366605">
<source m_id="29"/>
<source m_id="31"/>
<source m_id="27"/>
<target m_id="104"/>
</REFERS_TO>
<REFERS_TO r_id="366606">
<source m_id="33"/>
<source m_id="10"/>
<source m_id="17"/>
<source m_id="14"/>
<source m_id="24"/>
<source m_id="141"/>
<source m_id="142"/>
<source m_id="143"/>
<target m_id="105"/>
</REFERS_TO>
</Relations>
</Document>