<?xml version="1.0" ?><Document doc_id="89284" doc_name="89284_Apple_to_lower_UK_iTunes_prices" lang="en" url="http://en.wikinews.org/wiki/Apple_to_lower_UK_iTunes_prices">
<token number="0" sentence="0" t_id="1">Apple</token>
<token number="1" sentence="0" t_id="2">to</token>
<token number="2" sentence="0" t_id="3">lower</token>
<token number="3" sentence="0" t_id="4">UK</token>
<token number="4" sentence="0" t_id="5">iTunes</token>
<token number="5" sentence="0" t_id="6">prices</token>
<token number="6" sentence="1" t_id="7">January</token>
<token number="7" sentence="1" t_id="8">09</token>
<token number="8" sentence="1" t_id="9">,</token>
<token number="9" sentence="1" t_id="10">2008</token>
<token number="10" sentence="2" t_id="11">The</token>
<token number="11" sentence="2" t_id="12">European</token>
<token number="12" sentence="2" t_id="13">Commission</token>
<token number="13" sentence="2" t_id="14">has</token>
<token number="14" sentence="2" t_id="15">forced</token>
<token number="15" sentence="2" t_id="16">Apple</token>
<token number="16" sentence="2" t_id="17">Inc.</token>
<token number="17" sentence="2" t_id="18">to</token>
<token number="18" sentence="2" t_id="19">lower</token>
<token number="19" sentence="2" t_id="20">its</token>
<token number="20" sentence="2" t_id="21">prices</token>
<token number="21" sentence="2" t_id="22">for</token>
<token number="22" sentence="2" t_id="23">media</token>
<token number="23" sentence="2" t_id="24">in</token>
<token number="24" sentence="2" t_id="25">its</token>
<token number="25" sentence="2" t_id="26">United</token>
<token number="26" sentence="2" t_id="27">Kingdom</token>
<token number="27" sentence="2" t_id="28">iTunes</token>
<token number="28" sentence="2" t_id="29">store</token>
<token number="29" sentence="2" t_id="30">,</token>
<token number="30" sentence="2" t_id="31">Apple</token>
<token number="31" sentence="2" t_id="32">'s</token>
<token number="32" sentence="2" t_id="33">online</token>
<token number="33" sentence="2" t_id="34">media</token>
<token number="34" sentence="2" t_id="35">shop</token>
<token number="35" sentence="2" t_id="36">.</token>
<token number="36" sentence="3" t_id="37">The</token>
<token number="37" sentence="3" t_id="38">change</token>
<token number="38" sentence="3" t_id="39">in</token>
<token number="39" sentence="3" t_id="40">policy</token>
<token number="40" sentence="3" t_id="41">will</token>
<token number="41" sentence="3" t_id="42">occur</token>
<token number="42" sentence="3" t_id="43">within</token>
<token number="43" sentence="3" t_id="44">the</token>
<token number="44" sentence="3" t_id="45">next</token>
<token number="45" sentence="3" t_id="46">six</token>
<token number="46" sentence="3" t_id="47">months</token>
<token number="47" sentence="3" t_id="48">,</token>
<token number="48" sentence="3" t_id="49">Apple</token>
<token number="49" sentence="3" t_id="50">announced</token>
<token number="50" sentence="3" t_id="51">this</token>
<token number="51" sentence="3" t_id="52">morning</token>
<token number="52" sentence="3" t_id="53">.</token>
<token number="53" sentence="4" t_id="54">Apple</token>
<token number="54" sentence="4" t_id="55">is</token>
<token number="55" sentence="4" t_id="56">the</token>
<token number="56" sentence="4" t_id="57">producer</token>
<token number="57" sentence="4" t_id="58">of</token>
<token number="58" sentence="4" t_id="59">the</token>
<token number="59" sentence="4" t_id="60">world</token>
<token number="60" sentence="4" t_id="61">'s</token>
<token number="61" sentence="4" t_id="62">most-sold</token>
<token number="62" sentence="4" t_id="63">MP3</token>
<token number="63" sentence="4" t_id="64">Player</token>
<token number="64" sentence="4" t_id="65">,</token>
<token number="65" sentence="4" t_id="66">the</token>
<token number="66" sentence="4" t_id="67">iPod</token>
<token number="67" sentence="4" t_id="68">and</token>
<token number="68" sentence="4" t_id="69">launched</token>
<token number="69" sentence="4" t_id="70">the</token>
<token number="70" sentence="4" t_id="71">iTunes</token>
<token number="71" sentence="4" t_id="72">Music</token>
<token number="72" sentence="4" t_id="73">Store</token>
<token number="73" sentence="4" t_id="74">,</token>
<token number="74" sentence="4" t_id="75">a</token>
<token number="75" sentence="4" t_id="76">online</token>
<token number="76" sentence="4" t_id="77">music</token>
<token number="77" sentence="4" t_id="78">store</token>
<token number="78" sentence="4" t_id="79">,</token>
<token number="79" sentence="4" t_id="80">on</token>
<token number="80" sentence="4" t_id="81">April</token>
<token number="81" sentence="4" t_id="82">28</token>
<token number="82" sentence="4" t_id="83">,</token>
<token number="83" sentence="4" t_id="84">2003</token>
<token number="84" sentence="4" t_id="85">.</token>
<token number="85" sentence="5" t_id="86">The</token>
<token number="86" sentence="5" t_id="87">store</token>
<token number="87" sentence="5" t_id="88">was</token>
<token number="88" sentence="5" t_id="89">renamed</token>
<token number="89" sentence="5" t_id="90">to</token>
<token number="90" sentence="5" t_id="91">iTunes</token>
<token number="91" sentence="5" t_id="92">Store</token>
<token number="92" sentence="5" t_id="93">in</token>
<token number="93" sentence="5" t_id="94">2006</token>
<token number="94" sentence="5" t_id="95">,</token>
<token number="95" sentence="5" t_id="96">as</token>
<token number="96" sentence="5" t_id="97">Apple</token>
<token number="97" sentence="5" t_id="98">began</token>
<token number="98" sentence="5" t_id="99">selling</token>
<token number="99" sentence="5" t_id="100">other</token>
<token number="100" sentence="5" t_id="101">media</token>
<token number="101" sentence="5" t_id="102">apart</token>
<token number="102" sentence="5" t_id="103">from</token>
<token number="103" sentence="5" t_id="104">music</token>
<token number="104" sentence="5" t_id="105">,</token>
<token number="105" sentence="5" t_id="106">such</token>
<token number="106" sentence="5" t_id="107">as</token>
<token number="107" sentence="5" t_id="108">feature-length</token>
<token number="108" sentence="5" t_id="109">movies</token>
<token number="109" sentence="5" t_id="110">.</token>
<token number="110" sentence="6" t_id="111">Since</token>
<token number="111" sentence="6" t_id="112">its</token>
<token number="112" sentence="6" t_id="113">launch</token>
<token number="113" sentence="6" t_id="114">the</token>
<token number="114" sentence="6" t_id="115">store</token>
<token number="115" sentence="6" t_id="116">has</token>
<token number="116" sentence="6" t_id="117">sold</token>
<token number="117" sentence="6" t_id="118">more</token>
<token number="118" sentence="6" t_id="119">than</token>
<token number="119" sentence="6" t_id="120">3</token>
<token number="120" sentence="6" t_id="121">billion</token>
<token number="121" sentence="6" t_id="122">songs</token>
<token number="122" sentence="6" t_id="123">.</token>
<token number="123" sentence="7" t_id="124">At</token>
<token number="124" sentence="7" t_id="125">the</token>
<token number="125" sentence="7" t_id="126">moment</token>
<token number="126" sentence="7" t_id="127">songs</token>
<token number="127" sentence="7" t_id="128">are</token>
<token number="128" sentence="7" t_id="129">sold</token>
<token number="129" sentence="7" t_id="130">for</token>
<token number="130" sentence="7" t_id="131">#</token>
<token number="131" sentence="7" t_id="132">0.79</token>
<token number="132" sentence="7" t_id="133">per</token>
<token number="133" sentence="7" t_id="134">song</token>
<token number="134" sentence="7" t_id="135">and</token>
<token number="135" sentence="7" t_id="136">#</token>
<token number="136" sentence="7" t_id="137">7.99</token>
<token number="137" sentence="7" t_id="138">per</token>
<token number="138" sentence="7" t_id="139">album</token>
<token number="139" sentence="7" t_id="140">which</token>
<token number="140" sentence="7" t_id="141">after</token>
<token number="141" sentence="7" t_id="142">the</token>
<token number="142" sentence="7" t_id="143">price</token>
<token number="143" sentence="7" t_id="144">cut</token>
<token number="144" sentence="7" t_id="145">will</token>
<token number="145" sentence="7" t_id="146">on</token>
<token number="146" sentence="7" t_id="147">average</token>
<token number="147" sentence="7" t_id="148">be</token>
<token number="148" sentence="7" t_id="149">reduced</token>
<token number="149" sentence="7" t_id="150">to</token>
<token number="150" sentence="7" t_id="151">#</token>
<token number="151" sentence="7" t_id="152">0.74</token>
<token number="152" sentence="7" t_id="153">and</token>
<token number="153" sentence="7" t_id="154">#</token>
<token number="154" sentence="7" t_id="155">7.48</token>
<token number="155" sentence="7" t_id="156">to</token>
<token number="156" sentence="7" t_id="157">match</token>
<token number="157" sentence="7" t_id="158">the</token>
<token number="158" sentence="7" t_id="159">EU</token>
<token number="159" sentence="7" t_id="160">prices</token>
<token number="160" sentence="7" t_id="161">of</token>
<token number="161" sentence="7" t_id="162">$</token>
<token number="162" sentence="7" t_id="163">0.99</token>
<token number="163" sentence="7" t_id="164">and</token>
<token number="164" sentence="7" t_id="165">$</token>
<token number="165" sentence="7" t_id="166">9.99</token>
<token number="166" sentence="7" t_id="167">,</token>
<token number="167" sentence="7" t_id="168">according</token>
<token number="168" sentence="7" t_id="169">to</token>
<token number="169" sentence="7" t_id="170">Times</token>
<token number="170" sentence="7" t_id="171">Online</token>
<token number="171" sentence="7" t_id="172">.</token>
<token number="172" sentence="8" t_id="173">The</token>
<token number="173" sentence="8" t_id="174">price</token>
<token number="174" sentence="8" t_id="175">decrease</token>
<token number="175" sentence="8" t_id="176">follows</token>
<token number="176" sentence="8" t_id="177">an</token>
<token number="177" sentence="8" t_id="178">investigation</token>
<token number="178" sentence="8" t_id="179">by</token>
<token number="179" sentence="8" t_id="180">the</token>
<token number="180" sentence="8" t_id="181">European</token>
<token number="181" sentence="8" t_id="182">Commission</token>
<token number="182" sentence="8" t_id="183">due</token>
<token number="183" sentence="8" t_id="184">to</token>
<token number="184" sentence="8" t_id="185">Apple</token>
<token number="185" sentence="8" t_id="186">charging</token>
<token number="186" sentence="8" t_id="187">customers</token>
<token number="187" sentence="8" t_id="188">in</token>
<token number="188" sentence="8" t_id="189">the</token>
<token number="189" sentence="8" t_id="190">UK</token>
<token number="190" sentence="8" t_id="191">up</token>
<token number="191" sentence="8" t_id="192">to</token>
<token number="192" sentence="8" t_id="193">10</token>
<token number="193" sentence="8" t_id="194">%</token>
<token number="194" sentence="8" t_id="195">more</token>
<token number="195" sentence="8" t_id="196">than</token>
<token number="196" sentence="8" t_id="197">in</token>
<token number="197" sentence="8" t_id="198">other</token>
<token number="198" sentence="8" t_id="199">EU</token>
<token number="199" sentence="8" t_id="200">countries</token>
<token number="200" sentence="8" t_id="201">.</token>
<token number="201" sentence="9" t_id="202">According</token>
<token number="202" sentence="9" t_id="203">to</token>
<token number="203" sentence="9" t_id="204">The</token>
<token number="204" sentence="9" t_id="205">Register</token>
<token number="205" sentence="9" t_id="206">,</token>
<token number="206" sentence="9" t_id="207">Apple</token>
<token number="207" sentence="9" t_id="208">will</token>
<token number="208" sentence="9" t_id="209">be</token>
<token number="209" sentence="9" t_id="210">demanding</token>
<token number="210" sentence="9" t_id="211">that</token>
<token number="211" sentence="9" t_id="212">the</token>
<token number="212" sentence="9" t_id="213">record</token>
<token number="213" sentence="9" t_id="214">labels</token>
<token number="214" sentence="9" t_id="215">lower</token>
<token number="215" sentence="9" t_id="216">their</token>
<token number="216" sentence="9" t_id="217">prices</token>
<token number="217" sentence="9" t_id="218">in</token>
<token number="218" sentence="9" t_id="219">the</token>
<token number="219" sentence="9" t_id="220">UK</token>
<token number="220" sentence="9" t_id="221">in</token>
<token number="221" sentence="9" t_id="222">respect</token>
<token number="222" sentence="9" t_id="223">to</token>
<token number="223" sentence="9" t_id="224">this</token>
<token number="224" sentence="9" t_id="225">forced</token>
<token number="225" sentence="9" t_id="226">price</token>
<token number="226" sentence="9" t_id="227">cut</token>
<token number="227" sentence="9" t_id="228">.</token>
<token number="228" sentence="10" t_id="229">The</token>
<token number="229" sentence="10" t_id="230">European</token>
<token number="230" sentence="10" t_id="231">Commission</token>
<token number="231" sentence="10" t_id="232">welcomed</token>
<token number="232" sentence="10" t_id="233">Apple</token>
<token number="233" sentence="10" t_id="234">'s</token>
<token number="234" sentence="10" t_id="235">announcement</token>
<token number="235" sentence="10" t_id="236">and</token>
<token number="236" sentence="10" t_id="237">in</token>
<token number="237" sentence="10" t_id="238">a</token>
<token number="238" sentence="10" t_id="239">reaction</token>
<token number="239" sentence="10" t_id="240">to</token>
<token number="240" sentence="10" t_id="241">the</token>
<token number="241" sentence="10" t_id="242">news</token>
<token number="242" sentence="10" t_id="243">European</token>
<token number="243" sentence="10" t_id="244">Commissioner</token>
<token number="244" sentence="10" t_id="245">for</token>
<token number="245" sentence="10" t_id="246">Competition</token>
<token number="246" sentence="10" t_id="247">Neelie</token>
<token number="247" sentence="10" t_id="248">Kroes</token>
<token number="248" sentence="10" t_id="249">said</token>
<token number="249" sentence="10" t_id="250">``</token>
<token number="250" sentence="10" t_id="251">the</token>
<token number="251" sentence="10" t_id="252">Commission</token>
<token number="252" sentence="10" t_id="253">is</token>
<token number="253" sentence="10" t_id="254">very</token>
<token number="254" sentence="10" t_id="255">much</token>
<token number="255" sentence="10" t_id="256">in</token>
<token number="256" sentence="10" t_id="257">favour</token>
<token number="257" sentence="10" t_id="258">of</token>
<token number="258" sentence="10" t_id="259">solutions</token>
<token number="259" sentence="10" t_id="260">which</token>
<token number="260" sentence="10" t_id="261">allow</token>
<token number="261" sentence="10" t_id="262">consumers</token>
<token number="262" sentence="10" t_id="263">to</token>
<token number="263" sentence="10" t_id="264">benefit</token>
<token number="264" sentence="10" t_id="265">from</token>
<token number="265" sentence="10" t_id="266">a</token>
<token number="266" sentence="10" t_id="267">truly</token>
<token number="267" sentence="10" t_id="268">Single</token>
<token number="268" sentence="10" t_id="269">Market</token>
<token number="269" sentence="10" t_id="270">for</token>
<token number="270" sentence="10" t_id="271">music</token>
<token number="271" sentence="10" t_id="272">downloads</token>
<token number="272" sentence="10" t_id="273">.</token>
<token number="273" sentence="10" t_id="274">''</token>
<Markables>
<ENTITY_MENTION comment="" head="store" m_id="29" syntactic_type="NOM">
<token_anchor t_id="86"/>
<token_anchor t_id="87"/>
</ENTITY_MENTION>
<ENTITY_MENTION comment="" head="producer" m_id="30" syntactic_type="NOM">
<token_anchor t_id="56"/>
<token_anchor t_id="57"/>
<token_anchor t_id="58"/>
<token_anchor t_id="59"/>
<token_anchor t_id="60"/>
<token_anchor t_id="61"/>
<token_anchor t_id="62"/>
<token_anchor t_id="63"/>
<token_anchor t_id="64"/>
<token_anchor t_id="65"/>
<token_anchor t_id="66"/>
<token_anchor t_id="67"/>
</ENTITY_MENTION>
<ENTITY_MENTION comment="" head="" m_id="31" syntactic_type="APP">
<token_anchor t_id="71"/>
<token_anchor t_id="72"/>
<token_anchor t_id="73"/>
<token_anchor t_id="74"/>
<token_anchor t_id="75"/>
<token_anchor t_id="76"/>
<token_anchor t_id="77"/>
<token_anchor t_id="78"/>
</ENTITY_MENTION>
<ENTITY_MENTION comment="" head="iPod" m_id="1" syntactic_type="NAM">
<token_anchor t_id="66"/>
<token_anchor t_id="67"/>
</ENTITY_MENTION>
<ENTITY_MENTION comment="" head="store" m_id="2" syntactic_type="NOM">
<token_anchor t_id="75"/>
<token_anchor t_id="76"/>
<token_anchor t_id="77"/>
<token_anchor t_id="78"/>
</ENTITY_MENTION>
<ENTITY_MENTION comment="" head="Player" m_id="3" syntactic_type="NOM">
<token_anchor t_id="59"/>
<token_anchor t_id="60"/>
<token_anchor t_id="61"/>
<token_anchor t_id="62"/>
<token_anchor t_id="63"/>
<token_anchor t_id="64"/>
</ENTITY_MENTION>
<ENTITY_MENTION comment="" head="Apple" m_id="4" syntactic_type="NAM">
<token_anchor t_id="1"/>
</ENTITY_MENTION>
<ENTITY_MENTION comment="" head="" m_id="5" syntactic_type="APP">
<token_anchor t_id="59"/>
<token_anchor t_id="60"/>
<token_anchor t_id="61"/>
<token_anchor t_id="62"/>
<token_anchor t_id="63"/>
<token_anchor t_id="64"/>
<token_anchor t_id="65"/>
<token_anchor t_id="66"/>
<token_anchor t_id="67"/>
</ENTITY_MENTION>
<ENTITY_MENTION comment="" head="prices" m_id="6" syntactic_type="NOM">
<token_anchor t_id="4"/>
<token_anchor t_id="5"/>
<token_anchor t_id="6"/>
</ENTITY_MENTION>
<ENTITY_MENTION comment="" head="music" m_id="7" syntactic_type="NOM">
<token_anchor t_id="104"/>
</ENTITY_MENTION>
<ENTITY_MENTION comment="" head="" m_id="8" syntactic_type="PRE.NAM">
<token_anchor t_id="4"/>
</ENTITY_MENTION>
<ENTITY_MENTION comment="" head="Apple" m_id="10" syntactic_type="NAM">
<token_anchor t_id="49"/>
</ENTITY_MENTION>
<ENTITY_MENTION comment="" head="iTunes Store" m_id="11" syntactic_type="NAM">
<token_anchor t_id="91"/>
<token_anchor t_id="92"/>
</ENTITY_MENTION>
<ENTITY_MENTION comment="" head="European Commission" m_id="12" syntactic_type="NAM">
<token_anchor t_id="11"/>
<token_anchor t_id="12"/>
<token_anchor t_id="13"/>
</ENTITY_MENTION>
<ENTITY_MENTION comment="" head="Apple Inc." m_id="13" syntactic_type="NAM">
<token_anchor t_id="16"/>
<token_anchor t_id="17"/>
</ENTITY_MENTION>
<ENTITY_MENTION comment="" head="its" m_id="14" syntactic_type="PRO">
<token_anchor t_id="20"/>
</ENTITY_MENTION>
<ENTITY_MENTION comment="" head="media" m_id="15" syntactic_type="NOM">
<token_anchor t_id="100"/>
<token_anchor t_id="101"/>
<token_anchor t_id="102"/>
<token_anchor t_id="103"/>
<token_anchor t_id="104"/>
</ENTITY_MENTION>
<ENTITY_MENTION comment="" head="prices" m_id="16" syntactic_type="NOM">
<token_anchor t_id="20"/>
<token_anchor t_id="21"/>
<token_anchor t_id="22"/>
<token_anchor t_id="23"/>
</ENTITY_MENTION>
<ENTITY_MENTION comment="" head="movies" m_id="17" syntactic_type="NOM">
<token_anchor t_id="108"/>
<token_anchor t_id="109"/>
</ENTITY_MENTION>
<ENTITY_MENTION comment="" head="its" m_id="18" syntactic_type="PRO">
<token_anchor t_id="25"/>
</ENTITY_MENTION>
<ENTITY_MENTION comment="" head="Apple" m_id="19" syntactic_type="NAM">
<token_anchor t_id="97"/>
</ENTITY_MENTION>
<ENTITY_MENTION comment="" head="media" m_id="20" syntactic_type="NOM">
<token_anchor t_id="23"/>
</ENTITY_MENTION>
<ENTITY_MENTION comment="" head="United  Kingdom" m_id="21" syntactic_type="PRE.NAM">
<token_anchor t_id="26"/>
<token_anchor t_id="27"/>
</ENTITY_MENTION>
<ENTITY_MENTION comment="" head="iTunes" m_id="22" syntactic_type="NAM">
<token_anchor t_id="71"/>
<token_anchor t_id="72"/>
<token_anchor t_id="73"/>
</ENTITY_MENTION>
<ENTITY_MENTION comment="" head="iTunes store" m_id="23" syntactic_type="NAM">
<token_anchor t_id="28"/>
<token_anchor t_id="29"/>
</ENTITY_MENTION>
<ENTITY_MENTION comment="" head="Apple" m_id="24" syntactic_type="NAM">
<token_anchor t_id="31"/>
</ENTITY_MENTION>
<ENTITY_MENTION comment="" head="" m_id="25" syntactic_type="APP">
<token_anchor t_id="28"/>
<token_anchor t_id="29"/>
<token_anchor t_id="30"/>
<token_anchor t_id="31"/>
<token_anchor t_id="32"/>
<token_anchor t_id="33"/>
<token_anchor t_id="34"/>
<token_anchor t_id="35"/>
</ENTITY_MENTION>
<ENTITY_MENTION comment="" head="world" m_id="26" syntactic_type="NOM">
<token_anchor t_id="60"/>
</ENTITY_MENTION>
<ENTITY_MENTION comment="" head="shop" m_id="27" syntactic_type="NOM">
<token_anchor t_id="31"/>
<token_anchor t_id="32"/>
<token_anchor t_id="33"/>
<token_anchor t_id="34"/>
<token_anchor t_id="35"/>
</ENTITY_MENTION>
<ENTITY_MENTION comment="" head="Apple" m_id="28" syntactic_type="NAM">
<token_anchor t_id="54"/>
</ENTITY_MENTION>
<EVENT_MENTION aspect="" certainty="CERTAIN" comment="" m_id="32" modality="" polarity="POS" pos="VERB" pred="lower" special_cases="NONE" tense="INFINITIVE" time="NON_FUTURE">
<token_anchor t_id="3"/>
</EVENT_MENTION>
<EVENT_MENTION aspect="NONE" certainty="CERTAIN" comment="" m_id="33" modality="" polarity="POS" pos="VERB" pred="announce" special_cases="NONE" tense="PAST" time="NON_FUTURE">
<token_anchor t_id="50"/>
</EVENT_MENTION>
<EVENT_MENTION aspect="NONE" certainty="CERTAIN" comment="" m_id="34" modality="" polarity="POS" pos="VERB" pred="be" special_cases="NONE" tense="PRESENT" time="NON_FUTURE">
<token_anchor t_id="55"/>
</EVENT_MENTION>
<EVENT_MENTION aspect="NONE" certainty="CERTAIN" comment="" m_id="35" modality="" polarity="POS" pos="VERB" pred="launch" special_cases="NONE" tense="PAST" time="NON_FUTURE">
<token_anchor t_id="69"/>
</EVENT_MENTION>
<EVENT_MENTION aspect="NONE" certainty="CERTAIN" comment="" m_id="36" modality="" polarity="POS" pos="VERB" pred="rename" special_cases="NONE" tense="PAST" time="NON_FUTURE">
<token_anchor t_id="89"/>
</EVENT_MENTION>
<EVENT_MENTION aspect="NONE" certainty="CERTAIN" comment="" m_id="37" modality="" polarity="POS" pos="VERB" pred="begin" special_cases="NONE" tense="PAST" time="NON_FUTURE">
<token_anchor t_id="98"/>
</EVENT_MENTION>
<EVENT_MENTION aspect="PROGRESSIVE" certainty="CERTAIN" comment="" m_id="38" modality="" polarity="POS" pos="VERB" pred="sell" special_cases="NONE" tense="PRESPART" time="FUTURE">
<token_anchor t_id="99"/>
</EVENT_MENTION>
<EVENT_MENTION aspect="NONE" certainty="CERTAIN" comment="" m_id="39" modality="" polarity="POS" pos="VERB" pred="" special_cases="NONE" tense="NONE" time="NON_FUTURE">
<token_anchor t_id="55"/>
<token_anchor t_id="69"/>
</EVENT_MENTION>
<EVENT_MENTION aspect="PERFECTIVE" certainty="CERTAIN" comment="" m_id="40" modality="" polarity="POS" pos="VERB" pred="force" special_cases="NONE" tense="PRESENT" time="NON_FUTURE">
<token_anchor t_id="15"/>
</EVENT_MENTION>
<EVENT_MENTION aspect="NONE" certainty="CERTAIN" comment="" m_id="41" modality="" polarity="POS" pos="VERB" pred="lower" special_cases="NONE" tense="INFINITIVE" time="FUTURE">
<token_anchor t_id="19"/>
</EVENT_MENTION>
<EVENT_MENTION aspect="NONE" certainty="CERTAIN" comment="" m_id="42" modality="" polarity="POS" pos="NOUN" pred="change" special_cases="NONE" tense="NONE" time="FUTURE">
<token_anchor t_id="38"/>
</EVENT_MENTION>
<EVENT_MENTION aspect="NONE" certainty="CERTAIN" comment="" m_id="43" modality="" polarity="POS" pos="VERB" pred="occur" special_cases="NONE" tense="FUTURE" time="FUTURE">
<token_anchor t_id="42"/>
</EVENT_MENTION>
<SIGNAL comment="" m_id="44">
<token_anchor t_id="93"/>
</SIGNAL>
<SIGNAL comment="" m_id="45">
<token_anchor t_id="80"/>
</SIGNAL>
<SIGNAL comment="" m_id="46">
<token_anchor t_id="43"/>
</SIGNAL>
<TIMEX3 anchorTimeID="" beginPoint="" comment="" endPoint="" functionInDocument="CREATION_TIME" m_id="47" type="DATE" value="2008-01-09">
<token_anchor t_id="7"/>
<token_anchor t_id="8"/>
<token_anchor t_id="9"/>
<token_anchor t_id="10"/>
</TIMEX3>
<TIMEX3 anchorTimeID="" beginPoint="" comment="" endPoint="" functionInDocument="NONE" m_id="48" type="DATE" value="2003-04-28">
<token_anchor t_id="81"/>
<token_anchor t_id="82"/>
<token_anchor t_id="83"/>
<token_anchor t_id="84"/>
</TIMEX3>
<TIMEX3 anchorTimeID="" beginPoint="47" comment="" endPoint="70" functionInDocument="NONE" m_id="49" type="DURATION" value="PM6">
<token_anchor t_id="44"/>
<token_anchor t_id="45"/>
<token_anchor t_id="46"/>
<token_anchor t_id="47"/>
</TIMEX3>
<TIMEX3 anchorTimeID="47" beginPoint="" comment="" endPoint="" functionInDocument="NONE" m_id="50" type="DATE" value="2008-01-09TMO">
<token_anchor t_id="51"/>
<token_anchor t_id="52"/>
</TIMEX3>
<TIMEX3 anchorTimeID="" beginPoint="" comment="" endPoint="" functionInDocument="NONE" m_id="51" type="DATE" value="2006">
<token_anchor t_id="94"/>
</TIMEX3>
<EVENT TAG_DESCRIPTOR="sell" class="OTHER" comment="" external_ref="" m_id="61"/>
<EVENT TAG_DESCRIPTOR="begin" class="GRAMMATICAL" comment="" external_ref="" m_id="62"/>
<EVENT TAG_DESCRIPTOR="announce" class="SPEECH_COGNITIVE" comment="" external_ref="" m_id="65"/>
<EVENT TAG_DESCRIPTOR="occur" class="GRAMMATICAL" comment="" external_ref="" m_id="66"/>
<EVENT TAG_DESCRIPTOR="change" class="OTHER" comment="" external_ref="" m_id="67"/>
<EVENT TAG_DESCRIPTOR="lower" class="OTHER" comment="" external_ref="" m_id="68"/>
<EVENT TAG_DESCRIPTOR="forced" class="GRAMMATICAL" comment="" external_ref="" m_id="69"/>
<TIMEX3 TAG_DESCRIPTOR="june 2008" anchorTimeID="" beginPoint="" comment="" endPoint="" functionInDocument="NONE" m_id="70" type="DATE" value="2008-06-30"/>
<EVENT TAG_DESCRIPTOR="is launched" class="MIX" comment="" external_ref="" m_id="73"/>
<EVENT TAG_DESCRIPTOR="be" class="GRAMMATICAL" comment="" external_ref="" m_id="75"/>
<EVENT TAG_DESCRIPTOR="launch (iTunes store)" class="OTHER" external_ref="launch.01" instance_id="OTH57180939930115798" m_id="99"/>
<EVENT TAG_DESCRIPTOR="renamed (to iTunes Music Store)" class="OTHER" external_ref="rename.01" instance_id="OTH57181372603639193" m_id="102"/><ENTITY TAG_DESCRIPTOR="iTunes music store" ent_type="PRO" external_ref="http://dbpedia.org/resource/ITunes_Store" instance_id="PRO19274271475601598" m_id="103"/>
<ENTITY TAG_DESCRIPTOR="IPOD" ent_type="PRO" external_ref="http://dbpedia.org/resource/IPod" instance_id="PRO19274272200451092" m_id="104"/><ENTITY TAG_DESCRIPTOR="media" ent_type="PRO" instance_id="PRO55899207284610243" m_id="116"/>
<ENTITY TAG_DESCRIPTOR="APPLE" ent_type="ORG" external_ref="http://dbpedia.org/resource/Apple_Inc." instance_id="ORG19274271187160719" m_id="117"/><ENTITY TAG_DESCRIPTOR="other media apart from music" ent_type="PRO" instance_id="PRO55899097474135091" m_id="118"/>
<ENTITY TAG_DESCRIPTOR="EU" ent_type="LOC" external_ref="http://dbpedia.org/page/European_Union" instance_id="LOC27584708566935027" m_id="119"/><ENTITY TAG_DESCRIPTOR="United Kingdom" ent_type="LOC" external_ref="http://dbpedia.org/resource/United_Kingdom" instance_id="LOC27735930596276101" m_id="120"/>
<ENTITY TAG_DESCRIPTOR="music" ent_type="PRO" instance_id="PRO55898998032559275" m_id="121"/><ENTITY TAG_DESCRIPTOR="Earth" ent_type="LOC" external_ref="http://dbpedia.org/resource/Earth" instance_id="LOC27738550854291187" m_id="122"/>
<ENTITY TAG_DESCRIPTOR="UK iTunes prices" ent_type="FIN" instance_id="FIN55899157220703028" m_id="123"/><ENTITY TAG_DESCRIPTOR="films" ent_type="PRO" instance_id="PRO55895049792195585" m_id="124"/>
<EVENT_MENTION m_id="125">
  <token_anchor t_id="117"/>
</EVENT_MENTION>
<EVENT_MENTION m_id="126">
  <token_anchor t_id="113"/>
</EVENT_MENTION>
<ENTITY_MENTION m_id="127">
  <token_anchor t_id="114"/>
  <token_anchor t_id="115"/>
</ENTITY_MENTION>
<ENTITY_MENTION m_id="128">
  <token_anchor t_id="112"/>
</ENTITY_MENTION>
<EVENT TAG_DESCRIPTOR="sold-SE - (iTunes store)" class="OTHER" external_ref="sell.01" instance_id="OTH57463628102101462" m_id="129"/></Markables>
<Relations>





<HAS_PARTICIPANT comment="" r_id="361567" sem_role="Arg0" sem_role_framework="PROPBANK">
<source m_id="40"/>
<target m_id="12"/>
</HAS_PARTICIPANT>
<HAS_PARTICIPANT comment="" r_id="361568" sem_role="Arg1" sem_role_framework="PROPBANK">
<source m_id="40"/>
<target m_id="13"/>
</HAS_PARTICIPANT>
<HAS_PARTICIPANT comment="" r_id="361569" sem_role="Arg1" sem_role_framework="PROPBANK">
<source m_id="41"/>
<target m_id="16"/>
</HAS_PARTICIPANT>
<HAS_PARTICIPANT comment="" r_id="361570" sem_role="Arg0" sem_role_framework="PROPBANK">
<source m_id="33"/>
<target m_id="10"/>
</HAS_PARTICIPANT>
<HAS_PARTICIPANT comment="" r_id="361571" sem_role="Arg0" sem_role_framework="PROPBANK">
<source m_id="34"/>
<target m_id="28"/>
</HAS_PARTICIPANT>
<HAS_PARTICIPANT comment="" r_id="361572" sem_role="Arg1" sem_role_framework="PROPBANK">
<source m_id="34"/>
<target m_id="30"/>
</HAS_PARTICIPANT>

<HAS_PARTICIPANT comment="" r_id="361574" sem_role="Arg0" sem_role_framework="PROPBANK">
<source m_id="35"/>
<target m_id="28"/>
</HAS_PARTICIPANT>
<HAS_PARTICIPANT comment="" r_id="361575" sem_role="Arg1" sem_role_framework="PROPBANK">
<source m_id="35"/>
<target m_id="31"/>
</HAS_PARTICIPANT>
<HAS_PARTICIPANT comment="" r_id="361576" sem_role="Arg2" sem_role_framework="PROPBANK">
<source m_id="36"/>
<target m_id="11"/>
</HAS_PARTICIPANT>
<HAS_PARTICIPANT comment="" r_id="361577" sem_role="Arg0" sem_role_framework="PROPBANK">
<source m_id="37"/>
<target m_id="19"/>
</HAS_PARTICIPANT>
<HAS_PARTICIPANT comment="" r_id="361578" sem_role="Arg1" sem_role_framework="PROPBANK">
<source m_id="38"/>
<target m_id="15"/>
</HAS_PARTICIPANT>
<GLINK r_id="361579">
<source m_id="40"/>
<target m_id="41"/>
</GLINK>
<GLINK r_id="361580">
<source m_id="43"/>
<target m_id="42"/>
</GLINK>
<SLINK r_id="361581">
<source m_id="33"/>
<target m_id="43"/>
</SLINK>
<TLINK comment="" r_id="361582" reltype="INCLUDES" signalID="">
<source m_id="47"/>
<target m_id="40"/>
</TLINK>
<TLINK comment="" r_id="361583" reltype="IS_INCLUDED" signalID="">
<source m_id="33"/>
<target m_id="50"/>
</TLINK>
<TLINK comment="" r_id="361584" reltype="IS_INCLUDED" signalID="">
<source m_id="43"/>
<target m_id="49"/>
</TLINK>
<TLINK comment="" r_id="361585" reltype="INCLUDES" signalID="46">
<source m_id="47"/>
<target m_id="33"/>
</TLINK>
<TLINK comment="" r_id="361586" reltype="IS_INCLUDED" signalID="">
<source m_id="47"/>
<target m_id="34"/>
</TLINK>
<TLINK comment="" r_id="361587" reltype="IS_INCLUDED" signalID="45">
<source m_id="35"/>
<target m_id="48"/>
</TLINK>
<TLINK comment="" r_id="361588" reltype="AFTER" signalID="">
<source m_id="47"/>
<target m_id="36"/>
</TLINK>
<TLINK comment="" r_id="361589" reltype="IS_INCLUDED" signalID="44">
<source m_id="36"/>
<target m_id="51"/>
</TLINK>
<TLINK comment="" r_id="361590" reltype="BEGUN_BY" signalID="">
<source m_id="36"/>
<target m_id="37"/>
</TLINK>
<TLINK comment="" r_id="361591" reltype="BEGINS" signalID="">
<source m_id="40"/>
<target m_id="33"/>
</TLINK>
<TLINK comment="" r_id="361592" reltype="IS_INCLUDED" signalID="">
<source m_id="33"/>
<target m_id="34"/>
</TLINK>
<TLINK comment="" r_id="361593" reltype="AFTER" signalID="">
<source m_id="34"/>
<target m_id="35"/>
</TLINK>
<TLINK comment="" r_id="361594" reltype="AFTER" signalID="">
<source m_id="34"/>
<target m_id="36"/>
</TLINK>
<TLINK comment="" r_id="361595" reltype="BEGUN_BY" signalID="">
<source m_id="43"/>
<target m_id="33"/>
</TLINK>
<GLINK r_id="361596">
<source m_id="37"/>
<target m_id="38"/>
</GLINK>
<HAS_PARTICIPANT comment="" r_id="361598" sem_role="Arg1" sem_role_framework="PROPBANK">
<source m_id="36"/>
<target m_id="29"/>
</HAS_PARTICIPANT>



<HAS_PARTICIPANT comment="" r_id="361602" sem_role="Arg0" sem_role_framework="PROPBANK">
<source m_id="32"/>
<target m_id="4"/>
</HAS_PARTICIPANT>
<HAS_PARTICIPANT comment="" r_id="361603" sem_role="Arg1" sem_role_framework="PROPBANK">
<source m_id="32"/>
<target m_id="6"/>
</HAS_PARTICIPANT>













<REFERS_TO r_id="361618">
<source m_id="37"/>
<target m_id="62"/>
</REFERS_TO>
<REFERS_TO r_id="361619">
<source m_id="38"/>
<target m_id="61"/>
</REFERS_TO>
<REFERS_TO r_id="361620">
<source m_id="30"/>
<source m_id="4"/>
<source m_id="10"/>
<source m_id="13"/>
<source m_id="14"/>
<source m_id="18"/>
<source m_id="19"/>
<source m_id="24"/>
<source m_id="28"/>
<target m_id="117"/>
</REFERS_TO>
<REFERS_TO r_id="361621">
<source m_id="20"/>
<target m_id="116"/>
</REFERS_TO>
<REFERS_TO r_id="361622">
<source m_id="33"/>
<target m_id="65"/>
</REFERS_TO>
<REFERS_TO r_id="361623">
<source m_id="43"/>
<target m_id="66"/>
</REFERS_TO>
<REFERS_TO r_id="361624">
<source m_id="42"/>
<target m_id="67"/>
</REFERS_TO>
<REFERS_TO r_id="361625">
<source m_id="32"/>
<source m_id="41"/>
<target m_id="68"/>
</REFERS_TO>
<REFERS_TO r_id="361626">
<source m_id="40"/>
<target m_id="69"/>
</REFERS_TO>
<REFERS_TO r_id="361627">
<source m_id="12"/>
<target m_id="119"/>
</REFERS_TO>
<REFERS_TO r_id="361628">
<source m_id="15"/>
<target m_id="118"/>
</REFERS_TO>
<REFERS_TO r_id="361629">
<source m_id="8"/>
<source m_id="21"/>
<target m_id="120"/>
</REFERS_TO>
<REFERS_TO r_id="361630">
<source m_id="7"/>
<target m_id="121"/>
</REFERS_TO>
<REFERS_TO r_id="361631">
<source m_id="26"/>
<target m_id="122"/>
</REFERS_TO>
<REFERS_TO r_id="361632">
<source m_id="6"/>
<source m_id="16"/>
<target m_id="123"/>
</REFERS_TO>
<REFERS_TO r_id="361633">
<source m_id="17"/>
<target m_id="124"/>
</REFERS_TO>
<REFERS_TO r_id="361634">
<source m_id="125"/>
<target m_id="129"/>
</REFERS_TO>
<REFERS_TO r_id="361635">
<source m_id="36"/>
<target m_id="102"/>
</REFERS_TO>
<REFERS_TO r_id="361636">
<source m_id="29"/>
<source m_id="2"/>
<source m_id="11"/>
<source m_id="27"/>
<source m_id="31"/>
<source m_id="22"/>
<source m_id="23"/>
<source m_id="25"/>
<source m_id="127"/>
<source m_id="128"/>
<target m_id="103"/>
</REFERS_TO>
<REFERS_TO r_id="361637">
<source m_id="1"/>
<source m_id="3"/>
<source m_id="5"/>
<target m_id="104"/>
</REFERS_TO>
<REFERS_TO r_id="361638">
<source m_id="35"/>
<source m_id="126"/>
<target m_id="99"/>
</REFERS_TO>
<REFERS_TO r_id="361639">
<source m_id="34"/>
<target m_id="75"/>
</REFERS_TO>
<REFERS_TO r_id="361640">
<source m_id="39"/>
<target m_id="73"/>
</REFERS_TO>
</Relations>
</Document>