<?xml version="1.0" ?><Document doc_id="100911" doc_name="100911_Northrop_Grumman_and_Airbus_parent_EADS_defeat_Boeing" lang="en" url="http://en.wikinews.org/wiki/Northrop_Grumman_and_Airbus_parent_EADS_defeat_Boeing_for_$40_billion_US_airtanker_contract">
<token number="0" sentence="0" t_id="1">Northrop</token>
<token number="1" sentence="0" t_id="2">Grumman</token>
<token number="2" sentence="0" t_id="3">and</token>
<token number="3" sentence="0" t_id="4">Airbus</token>
<token number="4" sentence="0" t_id="5">parent</token>
<token number="5" sentence="0" t_id="6">EADS</token>
<token number="6" sentence="0" t_id="7">defeat</token>
<token number="7" sentence="0" t_id="8">Boeing</token>
<token number="8" sentence="0" t_id="9">for</token>
<token number="9" sentence="0" t_id="10">$</token>
<token number="10" sentence="0" t_id="11">40</token>
<token number="11" sentence="0" t_id="12">billion</token>
<token number="12" sentence="0" t_id="13">US</token>
<token number="13" sentence="0" t_id="14">airtanker</token>
<token number="14" sentence="0" t_id="15">contract</token>
<token number="15" sentence="1" t_id="16">March</token>
<token number="16" sentence="1" t_id="17">01</token>
<token number="17" sentence="1" t_id="18">,</token>
<token number="18" sentence="1" t_id="19">2008</token>
<token number="19" sentence="2" t_id="20">Northrop</token>
<token number="20" sentence="2" t_id="21">Grumman</token>
<token number="21" sentence="2" t_id="22">and</token>
<token number="22" sentence="2" t_id="23">Airbus</token>
<token number="23" sentence="2" t_id="24">parent</token>
<token number="24" sentence="2" t_id="25">company</token>
<token number="25" sentence="2" t_id="26">European</token>
<token number="26" sentence="2" t_id="27">Aeronautic</token>
<token number="27" sentence="2" t_id="28">Defence</token>
<token number="28" sentence="2" t_id="29">and</token>
<token number="29" sentence="2" t_id="30">Space</token>
<token number="30" sentence="2" t_id="31">Company</token>
<token number="31" sentence="2" t_id="32">EADS</token>
<token number="32" sentence="2" t_id="33">N.V.</token>
<token number="33" sentence="2" t_id="34">(</token>
<token number="34" sentence="2" t_id="35">EADS</token>
<token number="35" sentence="2" t_id="36">)</token>
<token number="36" sentence="2" t_id="37">have</token>
<token number="37" sentence="2" t_id="38">unexpectedly</token>
<token number="38" sentence="2" t_id="39">defeated</token>
<token number="39" sentence="2" t_id="40">Boeing</token>
<token number="40" sentence="2" t_id="41">for</token>
<token number="41" sentence="2" t_id="42">a</token>
<token number="42" sentence="2" t_id="43">US$</token>
<token number="43" sentence="2" t_id="44">40</token>
<token number="44" sentence="2" t_id="45">billion</token>
<token number="45" sentence="2" t_id="46">(</token>
<token number="46" sentence="2" t_id="47">GB</token>
<token number="47" sentence="2" t_id="48">#</token>
<token number="48" sentence="2" t_id="49">20.1</token>
<token number="49" sentence="2" t_id="50">billion</token>
<token number="50" sentence="2" t_id="51">)</token>
<token number="51" sentence="2" t_id="52">contract</token>
<token number="52" sentence="2" t_id="53">to</token>
<token number="53" sentence="2" t_id="54">supply</token>
<token number="54" sentence="2" t_id="55">the</token>
<token number="55" sentence="2" t_id="56">United</token>
<token number="56" sentence="2" t_id="57">States</token>
<token number="57" sentence="2" t_id="58">Air</token>
<token number="58" sentence="2" t_id="59">Force</token>
<token number="59" sentence="2" t_id="60">(</token>
<token number="60" sentence="2" t_id="61">USAF</token>
<token number="61" sentence="2" t_id="62">)</token>
<token number="62" sentence="2" t_id="63">with</token>
<token number="63" sentence="2" t_id="64">179</token>
<token number="64" sentence="2" t_id="65">new</token>
<token number="65" sentence="2" t_id="66">aerial</token>
<token number="66" sentence="2" t_id="67">refueling</token>
<token number="67" sentence="2" t_id="68">tankers</token>
<token number="68" sentence="2" t_id="69">at</token>
<token number="69" sentence="2" t_id="70">a</token>
<token number="70" sentence="2" t_id="71">rate</token>
<token number="71" sentence="2" t_id="72">of</token>
<token number="72" sentence="2" t_id="73">15</token>
<token number="73" sentence="2" t_id="74">a</token>
<token number="74" sentence="2" t_id="75">year</token>
<token number="75" sentence="2" t_id="76">.</token>
<token number="76" sentence="3" t_id="77">It</token>
<token number="77" sentence="3" t_id="78">is</token>
<token number="78" sentence="3" t_id="79">the</token>
<token number="79" sentence="3" t_id="80">biggest</token>
<token number="80" sentence="3" t_id="81">contract</token>
<token number="81" sentence="3" t_id="82">of</token>
<token number="82" sentence="3" t_id="83">its</token>
<token number="83" sentence="3" t_id="84">kind</token>
<token number="84" sentence="3" t_id="85">since</token>
<token number="85" sentence="3" t_id="86">the</token>
<token number="86" sentence="3" t_id="87">Joint</token>
<token number="87" sentence="3" t_id="88">Strike</token>
<token number="88" sentence="3" t_id="89">Fighter</token>
<token number="89" sentence="3" t_id="90">program</token>
<token number="90" sentence="3" t_id="91">.</token>
<token number="91" sentence="4" t_id="92">That</token>
<token number="92" sentence="4" t_id="93">contract</token>
<token number="93" sentence="4" t_id="94">was</token>
<token number="94" sentence="4" t_id="95">fought</token>
<token number="95" sentence="4" t_id="96">for</token>
<token number="96" sentence="4" t_id="97">between</token>
<token number="97" sentence="4" t_id="98">Boeing</token>
<token number="98" sentence="4" t_id="99">and</token>
<token number="99" sentence="4" t_id="100">Lockheed</token>
<token number="100" sentence="4" t_id="101">Martin</token>
<token number="101" sentence="4" t_id="102">,</token>
<token number="102" sentence="4" t_id="103">Lockheed</token>
<token number="103" sentence="4" t_id="104">ultimately</token>
<token number="104" sentence="4" t_id="105">winning</token>
<token number="105" sentence="4" t_id="106">the</token>
<token number="106" sentence="4" t_id="107">contest</token>
<token number="107" sentence="4" t_id="108">.</token>
<token number="108" sentence="5" t_id="109">JSA</token>
<token number="109" sentence="5" t_id="110">Research</token>
<token number="110" sentence="5" t_id="111">defence</token>
<token number="111" sentence="5" t_id="112">analysist</token>
<token number="112" sentence="5" t_id="113">Paul</token>
<token number="113" sentence="5" t_id="114">Nesbit</token>
<token number="114" sentence="5" t_id="115">said</token>
<token number="115" sentence="5" t_id="116">that</token>
<token number="116" sentence="5" t_id="117">Maintenance</token>
<token number="117" sentence="5" t_id="118">,</token>
<token number="118" sentence="5" t_id="119">Repair</token>
<token number="119" sentence="5" t_id="120">and</token>
<token number="120" sentence="5" t_id="121">Overhaul</token>
<token number="121" sentence="5" t_id="122">(</token>
<token number="122" sentence="5" t_id="123">MRO</token>
<token number="123" sentence="5" t_id="124">)</token>
<token number="124" sentence="5" t_id="125">operations</token>
<token number="125" sentence="5" t_id="126">across</token>
<token number="126" sentence="5" t_id="127">the</token>
<token number="127" sentence="5" t_id="128">aircraft</token>
<token number="128" sentence="5" t_id="129">'s</token>
<token number="129" sentence="5" t_id="130">fifty-year</token>
<token number="130" sentence="5" t_id="131">service</token>
<token number="131" sentence="5" t_id="132">life</token>
<token number="132" sentence="5" t_id="133">could</token>
<token number="133" sentence="5" t_id="134">push</token>
<token number="134" sentence="5" t_id="135">the</token>
<token number="135" sentence="5" t_id="136">value</token>
<token number="136" sentence="5" t_id="137">of</token>
<token number="137" sentence="5" t_id="138">the</token>
<token number="138" sentence="5" t_id="139">contract</token>
<token number="139" sentence="5" t_id="140">as</token>
<token number="140" sentence="5" t_id="141">high</token>
<token number="141" sentence="5" t_id="142">as</token>
<token number="142" sentence="5" t_id="143">US$</token>
<token number="143" sentence="5" t_id="144">100</token>
<token number="144" sentence="5" t_id="145">billion</token>
<token number="145" sentence="5" t_id="146">.</token>
<token number="146" sentence="6" t_id="147">Northrop</token>
<token number="147" sentence="6" t_id="148">Grumman</token>
<token number="148" sentence="6" t_id="149">CEO</token>
<token number="149" sentence="6" t_id="150">Ron</token>
<token number="150" sentence="6" t_id="151">Sugar</token>
<token number="151" sentence="6" t_id="152">said</token>
<token number="152" sentence="6" t_id="153">in</token>
<token number="153" sentence="6" t_id="154">an</token>
<token number="154" sentence="6" t_id="155">interview</token>
<token number="155" sentence="6" t_id="156">``</token>
<token number="156" sentence="6" t_id="157">Everyone</token>
<token number="157" sentence="6" t_id="158">told</token>
<token number="158" sentence="6" t_id="159">us</token>
<token number="159" sentence="6" t_id="160">we</token>
<token number="160" sentence="6" t_id="161">were</token>
<token number="161" sentence="6" t_id="162">crazy</token>
<token number="162" sentence="6" t_id="163">,</token>
<token number="163" sentence="6" t_id="164">that</token>
<token number="164" sentence="6" t_id="165">we</token>
<token number="165" sentence="6" t_id="166">had</token>
<token number="166" sentence="6" t_id="167">no</token>
<token number="167" sentence="6" t_id="168">chance</token>
<token number="168" sentence="6" t_id="169">.</token>
<token number="169" sentence="7" t_id="170">But</token>
<token number="170" sentence="7" t_id="171">we</token>
<token number="171" sentence="7" t_id="172">took</token>
<token number="172" sentence="7" t_id="173">a</token>
<token number="173" sentence="7" t_id="174">big</token>
<token number="174" sentence="7" t_id="175">swing</token>
<token number="175" sentence="7" t_id="176">and</token>
<token number="176" sentence="7" t_id="177">in</token>
<token number="177" sentence="7" t_id="178">this</token>
<token number="178" sentence="7" t_id="179">case</token>
<token number="179" sentence="7" t_id="180">,</token>
<token number="180" sentence="7" t_id="181">we</token>
<token number="181" sentence="7" t_id="182">hit</token>
<token number="182" sentence="7" t_id="183">a</token>
<token number="183" sentence="7" t_id="184">home</token>
<token number="184" sentence="7" t_id="185">run</token>
<token number="185" sentence="7" t_id="186">.</token>
<token number="186" sentence="7" t_id="187">''</token>
<token number="187" sentence="8" t_id="188">USAF</token>
<token number="188" sentence="8" t_id="189">officials</token>
<token number="189" sentence="8" t_id="190">said</token>
<token number="190" sentence="8" t_id="191">that</token>
<token number="191" sentence="8" t_id="192">the</token>
<token number="192" sentence="8" t_id="193">contract</token>
<token number="193" sentence="8" t_id="194">had</token>
<token number="194" sentence="8" t_id="195">been</token>
<token number="195" sentence="8" t_id="196">awarded</token>
<token number="196" sentence="8" t_id="197">based</token>
<token number="197" sentence="8" t_id="198">on</token>
<token number="198" sentence="8" t_id="199">competence</token>
<token number="199" sentence="8" t_id="200">,</token>
<token number="200" sentence="8" t_id="201">track</token>
<token number="201" sentence="8" t_id="202">record</token>
<token number="202" sentence="8" t_id="203">and</token>
<token number="203" sentence="8" t_id="204">competitive</token>
<token number="204" sentence="8" t_id="205">pricing</token>
<token number="205" sentence="8" t_id="206">,</token>
<token number="206" sentence="8" t_id="207">with</token>
<token number="207" sentence="8" t_id="208">UBS</token>
<token number="208" sentence="8" t_id="209">analyst</token>
<token number="209" sentence="8" t_id="210">David</token>
<token number="210" sentence="8" t_id="211">Strauss</token>
<token number="211" sentence="8" t_id="212">saying</token>
<token number="212" sentence="8" t_id="213">``</token>
<token number="213" sentence="8" t_id="214">The</token>
<token number="214" sentence="8" t_id="215">key</token>
<token number="215" sentence="8" t_id="216">decision</token>
<token number="216" sentence="8" t_id="217">was</token>
<token number="217" sentence="8" t_id="218">the</token>
<token number="218" sentence="8" t_id="219">amount</token>
<token number="219" sentence="8" t_id="220">of</token>
<token number="220" sentence="8" t_id="221">fuel</token>
<token number="221" sentence="8" t_id="222">the</token>
<token number="222" sentence="8" t_id="223">bigger</token>
<token number="223" sentence="8" t_id="224">plane</token>
<token number="224" sentence="8" t_id="225">could</token>
<token number="225" sentence="8" t_id="226">carry</token>
<token number="226" sentence="8" t_id="227">.</token>
<token number="227" sentence="9" t_id="228">In</token>
<token number="228" sentence="9" t_id="229">the</token>
<token number="229" sentence="9" t_id="230">armed</token>
<token number="230" sentence="9" t_id="231">services</token>
<token number="231" sentence="9" t_id="232">,</token>
<token number="232" sentence="9" t_id="233">you</token>
<token number="233" sentence="9" t_id="234">can</token>
<token number="234" sentence="9" t_id="235">never</token>
<token number="235" sentence="9" t_id="236">have</token>
<token number="236" sentence="9" t_id="237">too</token>
<token number="237" sentence="9" t_id="238">much</token>
<token number="238" sentence="9" t_id="239">gas</token>
<token number="239" sentence="9" t_id="240">in</token>
<token number="240" sentence="9" t_id="241">the</token>
<token number="241" sentence="9" t_id="242">air</token>
<token number="242" sentence="9" t_id="243">.</token>
<token number="243" sentence="9" t_id="244">''</token>
<token number="244" sentence="10" t_id="245">USAF</token>
<token number="245" sentence="10" t_id="246">also</token>
<token number="246" sentence="10" t_id="247">denied</token>
<token number="247" sentence="10" t_id="248">that</token>
<token number="248" sentence="10" t_id="249">creating</token>
<token number="249" sentence="10" t_id="250">jobs</token>
<token number="250" sentence="10" t_id="251">in</token>
<token number="251" sentence="10" t_id="252">the</token>
<token number="252" sentence="10" t_id="253">US</token>
<token number="253" sentence="10" t_id="254">was</token>
<token number="254" sentence="10" t_id="255">a</token>
<token number="255" sentence="10" t_id="256">factor</token>
<token number="256" sentence="10" t_id="257">;</token>
<token number="257" sentence="10" t_id="258">job</token>
<token number="258" sentence="10" t_id="259">supply</token>
<token number="259" sentence="10" t_id="260">had</token>
<token number="260" sentence="10" t_id="261">been</token>
<token number="261" sentence="10" t_id="262">the</token>
<token number="262" sentence="10" t_id="263">reason</token>
<token number="263" sentence="10" t_id="264">Boeing</token>
<token number="264" sentence="10" t_id="265">were</token>
<token number="265" sentence="10" t_id="266">expected</token>
<token number="266" sentence="10" t_id="267">to</token>
<token number="267" sentence="10" t_id="268">win</token>
<token number="268" sentence="10" t_id="269">,</token>
<token number="269" sentence="10" t_id="270">with</token>
<token number="270" sentence="10" t_id="271">the</token>
<token number="271" sentence="10" t_id="272">airframer</token>
<token number="272" sentence="10" t_id="273">promising</token>
<token number="273" sentence="10" t_id="274">44,000</token>
<token number="274" sentence="10" t_id="275">new</token>
<token number="275" sentence="10" t_id="276">positions</token>
<token number="276" sentence="10" t_id="277">at</token>
<token number="277" sentence="10" t_id="278">300</token>
<token number="278" sentence="10" t_id="279">suppliers</token>
<token number="279" sentence="10" t_id="280">in</token>
<token number="280" sentence="10" t_id="281">40</token>
<token number="281" sentence="10" t_id="282">states</token>
<token number="282" sentence="10" t_id="283">.</token>
<token number="283" sentence="11" t_id="284">The</token>
<token number="284" sentence="11" t_id="285">Northrop</token>
<token number="285" sentence="11" t_id="286">Grumman</token>
<token number="286" sentence="11" t_id="287">KC-45</token>
<token number="287" sentence="11" t_id="288">tankers</token>
<token number="288" sentence="11" t_id="289">-</token>
<token number="289" sentence="11" t_id="290">more</token>
<token number="290" sentence="11" t_id="291">often</token>
<token number="291" sentence="11" t_id="292">known</token>
<token number="292" sentence="11" t_id="293">as</token>
<token number="293" sentence="11" t_id="294">KC-30s</token>
<token number="294" sentence="11" t_id="295">-</token>
<token number="295" sentence="11" t_id="296">are</token>
<token number="296" sentence="11" t_id="297">based</token>
<token number="297" sentence="11" t_id="298">on</token>
<token number="298" sentence="11" t_id="299">the</token>
<token number="299" sentence="11" t_id="300">Airbus</token>
<token number="300" sentence="11" t_id="301">A330</token>
<token number="301" sentence="11" t_id="302">MRTT</token>
<token number="302" sentence="11" t_id="303">.</token>
<token number="303" sentence="12" t_id="304">The</token>
<token number="304" sentence="12" t_id="305">first</token>
<token number="305" sentence="12" t_id="306">four</token>
<token number="306" sentence="12" t_id="307">aircraft</token>
<token number="307" sentence="12" t_id="308">will</token>
<token number="308" sentence="12" t_id="309">be</token>
<token number="309" sentence="12" t_id="310">assembled</token>
<token number="310" sentence="12" t_id="311">at</token>
<token number="311" sentence="12" t_id="312">the</token>
<token number="312" sentence="12" t_id="313">main</token>
<token number="313" sentence="12" t_id="314">Airbus</token>
<token number="314" sentence="12" t_id="315">factory</token>
<token number="315" sentence="12" t_id="316">in</token>
<token number="316" sentence="12" t_id="317">Toulouse</token>
<token number="317" sentence="12" t_id="318">,</token>
<token number="318" sentence="12" t_id="319">France</token>
<token number="319" sentence="12" t_id="320">but</token>
<token number="320" sentence="12" t_id="321">by</token>
<token number="321" sentence="12" t_id="322">2010-11</token>
<token number="322" sentence="12" t_id="323">production</token>
<token number="323" sentence="12" t_id="324">of</token>
<token number="324" sentence="12" t_id="325">the</token>
<token number="325" sentence="12" t_id="326">remainder</token>
<token number="326" sentence="12" t_id="327">will</token>
<token number="327" sentence="12" t_id="328">be</token>
<token number="328" sentence="12" t_id="329">carried</token>
<token number="329" sentence="12" t_id="330">out</token>
<token number="330" sentence="12" t_id="331">at</token>
<token number="331" sentence="12" t_id="332">a</token>
<token number="332" sentence="12" t_id="333">facility</token>
<token number="333" sentence="12" t_id="334">in</token>
<token number="334" sentence="12" t_id="335">Mobile</token>
<token number="335" sentence="12" t_id="336">,</token>
<token number="336" sentence="12" t_id="337">Alabama</token>
<token number="337" sentence="12" t_id="338">.</token>
<token number="338" sentence="13" t_id="339">This</token>
<token number="339" sentence="13" t_id="340">is</token>
<token number="340" sentence="13" t_id="341">thought</token>
<token number="341" sentence="13" t_id="342">likely</token>
<token number="342" sentence="13" t_id="343">to</token>
<token number="343" sentence="13" t_id="344">create</token>
<token number="344" sentence="13" t_id="345">1,500</token>
<token number="345" sentence="13" t_id="346">to</token>
<token number="346" sentence="13" t_id="347">2,000</token>
<token number="347" sentence="13" t_id="348">jobs</token>
<token number="348" sentence="13" t_id="349">and</token>
<token number="349" sentence="13" t_id="350">support</token>
<token number="350" sentence="13" t_id="351">25,000</token>
<token number="351" sentence="13" t_id="352">others</token>
<token number="352" sentence="13" t_id="353">.</token>
<token number="353" sentence="14" t_id="354">60</token>
<token number="354" sentence="14" t_id="355">%</token>
<token number="355" sentence="14" t_id="356">of</token>
<token number="356" sentence="14" t_id="357">the</token>
<token number="357" sentence="14" t_id="358">parts</token>
<token number="358" sentence="14" t_id="359">will</token>
<token number="359" sentence="14" t_id="360">be</token>
<token number="360" sentence="14" t_id="361">supplied</token>
<token number="361" sentence="14" t_id="362">by</token>
<token number="362" sentence="14" t_id="363">domestic</token>
<token number="363" sentence="14" t_id="364">manufacturers</token>
<token number="364" sentence="14" t_id="365">.</token>
<token number="365" sentence="15" t_id="366">EADS</token>
<token number="366" sentence="15" t_id="367">had</token>
<token number="367" sentence="15" t_id="368">previously</token>
<token number="368" sentence="15" t_id="369">announced</token>
<token number="369" sentence="15" t_id="370">plans</token>
<token number="370" sentence="15" t_id="371">to</token>
<token number="371" sentence="15" t_id="372">shift</token>
<token number="372" sentence="15" t_id="373">much</token>
<token number="373" sentence="15" t_id="374">production</token>
<token number="374" sentence="15" t_id="375">to</token>
<token number="375" sentence="15" t_id="376">the</token>
<token number="376" sentence="15" t_id="377">US</token>
<token number="377" sentence="15" t_id="378">due</token>
<token number="378" sentence="15" t_id="379">to</token>
<token number="379" sentence="15" t_id="380">the</token>
<token number="380" sentence="15" t_id="381">current</token>
<token number="381" sentence="15" t_id="382">weakness</token>
<token number="382" sentence="15" t_id="383">of</token>
<token number="383" sentence="15" t_id="384">the</token>
<token number="384" sentence="15" t_id="385">dollar</token>
<token number="385" sentence="15" t_id="386">.</token>
<token number="386" sentence="16" t_id="387">General</token>
<token number="387" sentence="16" t_id="388">Arthur</token>
<token number="388" sentence="16" t_id="389">Lichte</token>
<token number="389" sentence="16" t_id="390">,</token>
<token number="390" sentence="16" t_id="391">head</token>
<token number="391" sentence="16" t_id="392">of</token>
<token number="392" sentence="16" t_id="393">USAF</token>
<token number="393" sentence="16" t_id="394">'s</token>
<token number="394" sentence="16" t_id="395">Mobility</token>
<token number="395" sentence="16" t_id="396">Command</token>
<token number="396" sentence="16" t_id="397">,</token>
<token number="397" sentence="16" t_id="398">said</token>
<token number="398" sentence="16" t_id="399">it</token>
<token number="399" sentence="16" t_id="400">is</token>
<token number="400" sentence="16" t_id="401">hoped</token>
<token number="401" sentence="16" t_id="402">the</token>
<token number="402" sentence="16" t_id="403">first</token>
<token number="403" sentence="16" t_id="404">aircraft</token>
<token number="404" sentence="16" t_id="405">can</token>
<token number="405" sentence="16" t_id="406">be</token>
<token number="406" sentence="16" t_id="407">tested</token>
<token number="407" sentence="16" t_id="408">in</token>
<token number="408" sentence="16" t_id="409">2010</token>
<token number="409" sentence="16" t_id="410">and</token>
<token number="410" sentence="16" t_id="411">in</token>
<token number="411" sentence="16" t_id="412">operation</token>
<token number="412" sentence="16" t_id="413">three</token>
<token number="413" sentence="16" t_id="414">years</token>
<token number="414" sentence="16" t_id="415">afterwards</token>
<token number="415" sentence="16" t_id="416">.</token>
<token number="416" sentence="17" t_id="417">USAF</token>
<token number="417" sentence="17" t_id="418">'s</token>
<token number="418" sentence="17" t_id="419">chief</token>
<token number="419" sentence="17" t_id="420">of</token>
<token number="420" sentence="17" t_id="421">staff</token>
<token number="421" sentence="17" t_id="422">General</token>
<token number="422" sentence="17" t_id="423">Duncan</token>
<token number="423" sentence="17" t_id="424">McNab</token>
<token number="424" sentence="17" t_id="425">stated</token>
<token number="425" sentence="17" t_id="426">``</token>
<token number="426" sentence="17" t_id="427">The</token>
<token number="427" sentence="17" t_id="428">tanker</token>
<token number="428" sentence="17" t_id="429">is</token>
<token number="429" sentence="17" t_id="430">the</token>
<token number="430" sentence="17" t_id="431">number-one</token>
<token number="431" sentence="17" t_id="432">procurement</token>
<token number="432" sentence="17" t_id="433">priority</token>
<token number="433" sentence="17" t_id="434">for</token>
<token number="434" sentence="17" t_id="435">us</token>
<token number="435" sentence="17" t_id="436">right</token>
<token number="436" sentence="17" t_id="437">now</token>
<token number="437" sentence="17" t_id="438">.</token>
<token number="438" sentence="18" t_id="439">It</token>
<token number="439" sentence="18" t_id="440">is</token>
<token number="440" sentence="18" t_id="441">the</token>
<token number="441" sentence="18" t_id="442">first</token>
<token number="442" sentence="18" t_id="443">step</token>
<token number="443" sentence="18" t_id="444">in</token>
<token number="444" sentence="18" t_id="445">our</token>
<token number="445" sentence="18" t_id="446">critical</token>
<token number="446" sentence="18" t_id="447">commitment</token>
<token number="447" sentence="18" t_id="448">to</token>
<token number="448" sentence="18" t_id="449">recapitalize</token>
<token number="449" sentence="18" t_id="450">our</token>
<token number="450" sentence="18" t_id="451">aging</token>
<token number="451" sentence="18" t_id="452">fleet</token>
<token number="452" sentence="18" t_id="453">to</token>
<token number="453" sentence="18" t_id="454">move</token>
<token number="454" sentence="18" t_id="455">,</token>
<token number="455" sentence="18" t_id="456">supply</token>
<token number="456" sentence="18" t_id="457">,</token>
<token number="457" sentence="18" t_id="458">and</token>
<token number="458" sentence="18" t_id="459">position</token>
<token number="459" sentence="18" t_id="460">assets</token>
<token number="460" sentence="18" t_id="461">anywhere</token>
<token number="461" sentence="18" t_id="462">.</token>
<token number="462" sentence="18" t_id="463">''</token>
<token number="463" sentence="19" t_id="464">There</token>
<token number="464" sentence="19" t_id="465">is</token>
<token number="465" sentence="19" t_id="466">still</token>
<token number="466" sentence="19" t_id="467">a</token>
<token number="467" sentence="19" t_id="468">possibility</token>
<token number="468" sentence="19" t_id="469">of</token>
<token number="469" sentence="19" t_id="470">Boeing</token>
<token number="470" sentence="19" t_id="471">challenging</token>
<token number="471" sentence="19" t_id="472">the</token>
<token number="472" sentence="19" t_id="473">decision</token>
<token number="473" sentence="19" t_id="474">;</token>
<token number="474" sentence="19" t_id="475">Boeing</token>
<token number="475" sentence="19" t_id="476">themselves</token>
<token number="476" sentence="19" t_id="477">were</token>
<token number="477" sentence="19" t_id="478">successfuly</token>
<token number="478" sentence="19" t_id="479">challenged</token>
<token number="479" sentence="19" t_id="480">by</token>
<token number="480" sentence="19" t_id="481">Lockheed</token>
<token number="481" sentence="19" t_id="482">and</token>
<token number="482" sentence="19" t_id="483">Sikorsky</token>
<token number="483" sentence="19" t_id="484">in</token>
<token number="484" sentence="19" t_id="485">2006</token>
<token number="485" sentence="19" t_id="486">over</token>
<token number="486" sentence="19" t_id="487">a</token>
<token number="487" sentence="19" t_id="488">US$</token>
<token number="488" sentence="19" t_id="489">10</token>
<token number="489" sentence="19" t_id="490">billion</token>
<token number="490" sentence="19" t_id="491">contract</token>
<token number="491" sentence="19" t_id="492">to</token>
<token number="492" sentence="19" t_id="493">supply</token>
<token number="493" sentence="19" t_id="494">search</token>
<token number="494" sentence="19" t_id="495">and</token>
<token number="495" sentence="19" t_id="496">rescue</token>
<token number="496" sentence="19" t_id="497">helicopters</token>
<token number="497" sentence="19" t_id="498">to</token>
<token number="498" sentence="19" t_id="499">the</token>
<token number="499" sentence="19" t_id="500">Pentagon</token>
<token number="500" sentence="19" t_id="501">.</token>
<token number="501" sentence="20" t_id="502">A</token>
<token number="502" sentence="20" t_id="503">statement</token>
<token number="503" sentence="20" t_id="504">by</token>
<token number="504" sentence="20" t_id="505">Boeing</token>
<token number="505" sentence="20" t_id="506">given</token>
<token number="506" sentence="20" t_id="507">by</token>
<token number="507" sentence="20" t_id="508">Boeing</token>
<token number="508" sentence="20" t_id="509">spokesman</token>
<token number="509" sentence="20" t_id="510">William</token>
<token number="510" sentence="20" t_id="511">Barksdale</token>
<token number="511" sentence="20" t_id="512">said</token>
<token number="512" sentence="20" t_id="513">``</token>
<token number="513" sentence="20" t_id="514">Obviously</token>
<token number="514" sentence="20" t_id="515">we</token>
<token number="515" sentence="20" t_id="516">are</token>
<token number="516" sentence="20" t_id="517">very</token>
<token number="517" sentence="20" t_id="518">disappointed</token>
<token number="518" sentence="20" t_id="519">...</token>
<token number="519" sentence="20" t_id="520">Once</token>
<token number="520" sentence="20" t_id="521">we</token>
<token number="521" sentence="20" t_id="522">have</token>
<token number="522" sentence="20" t_id="523">reviewed</token>
<token number="523" sentence="20" t_id="524">the</token>
<token number="524" sentence="20" t_id="525">details</token>
<token number="525" sentence="20" t_id="526">behind</token>
<token number="526" sentence="20" t_id="527">the</token>
<token number="527" sentence="20" t_id="528">award</token>
<token number="528" sentence="20" t_id="529">,</token>
<token number="529" sentence="20" t_id="530">we</token>
<token number="530" sentence="20" t_id="531">will</token>
<token number="531" sentence="20" t_id="532">make</token>
<token number="532" sentence="20" t_id="533">a</token>
<token number="533" sentence="20" t_id="534">decision</token>
<token number="534" sentence="20" t_id="535">concerning</token>
<token number="535" sentence="20" t_id="536">our</token>
<token number="536" sentence="20" t_id="537">possible</token>
<token number="537" sentence="20" t_id="538">options</token>
<token number="538" sentence="20" t_id="539">.</token>
<token number="539" sentence="20" t_id="540">''</token>
<token number="540" sentence="21" t_id="541">Washington</token>
<token number="541" sentence="21" t_id="542">senator</token>
<token number="542" sentence="21" t_id="543">Patty</token>
<token number="543" sentence="21" t_id="544">Murray</token>
<token number="544" sentence="21" t_id="545">,</token>
<token number="545" sentence="21" t_id="546">who</token>
<token number="546" sentence="21" t_id="547">hails</token>
<token number="547" sentence="21" t_id="548">from</token>
<token number="548" sentence="21" t_id="549">the</token>
<token number="549" sentence="21" t_id="550">same</token>
<token number="550" sentence="21" t_id="551">state</token>
<token number="551" sentence="21" t_id="552">where</token>
<token number="552" sentence="21" t_id="553">Boeing</token>
<token number="553" sentence="21" t_id="554">bases</token>
<token number="554" sentence="21" t_id="555">their</token>
<token number="555" sentence="21" t_id="556">commercial</token>
<token number="556" sentence="21" t_id="557">airliner</token>
<token number="557" sentence="21" t_id="558">operations</token>
<token number="558" sentence="21" t_id="559">,</token>
<token number="559" sentence="21" t_id="560">said</token>
<token number="560" sentence="21" t_id="561">in</token>
<token number="561" sentence="21" t_id="562">a</token>
<token number="562" sentence="21" t_id="563">critical</token>
<token number="563" sentence="21" t_id="564">statement</token>
<token number="564" sentence="21" t_id="565">``</token>
<token number="565" sentence="21" t_id="566">We</token>
<token number="566" sentence="21" t_id="567">are</token>
<token number="567" sentence="21" t_id="568">shocked</token>
<token number="568" sentence="21" t_id="569">that</token>
<token number="569" sentence="21" t_id="570">the</token>
<token number="570" sentence="21" t_id="571">Air</token>
<token number="571" sentence="21" t_id="572">Force</token>
<token number="572" sentence="21" t_id="573">tapped</token>
<token number="573" sentence="21" t_id="574">a</token>
<token number="574" sentence="21" t_id="575">European</token>
<token number="575" sentence="21" t_id="576">company</token>
<token number="576" sentence="21" t_id="577">and</token>
<token number="577" sentence="21" t_id="578">its</token>
<token number="578" sentence="21" t_id="579">foreign</token>
<token number="579" sentence="21" t_id="580">workers</token>
<token number="580" sentence="21" t_id="581">to</token>
<token number="581" sentence="21" t_id="582">provide</token>
<token number="582" sentence="21" t_id="583">a</token>
<token number="583" sentence="21" t_id="584">tanker</token>
<token number="584" sentence="21" t_id="585">to</token>
<token number="585" sentence="21" t_id="586">our</token>
<token number="586" sentence="21" t_id="587">American</token>
<token number="587" sentence="21" t_id="588">military</token>
<token number="588" sentence="21" t_id="589">.</token>
<token number="589" sentence="22" t_id="590">At</token>
<token number="590" sentence="22" t_id="591">a</token>
<token number="591" sentence="22" t_id="592">time</token>
<token number="592" sentence="22" t_id="593">when</token>
<token number="593" sentence="22" t_id="594">our</token>
<token number="594" sentence="22" t_id="595">economy</token>
<token number="595" sentence="22" t_id="596">is</token>
<token number="596" sentence="22" t_id="597">hurting</token>
<token number="597" sentence="22" t_id="598">,</token>
<token number="598" sentence="22" t_id="599">this</token>
<token number="599" sentence="22" t_id="600">decision</token>
<token number="600" sentence="22" t_id="601">to</token>
<token number="601" sentence="22" t_id="602">outsource</token>
<token number="602" sentence="22" t_id="603">our</token>
<token number="603" sentence="22" t_id="604">tankers</token>
<token number="604" sentence="22" t_id="605">is</token>
<token number="605" sentence="22" t_id="606">a</token>
<token number="606" sentence="22" t_id="607">blow</token>
<token number="607" sentence="22" t_id="608">to</token>
<token number="608" sentence="22" t_id="609">the</token>
<token number="609" sentence="22" t_id="610">American</token>
<token number="610" sentence="22" t_id="611">aerospace</token>
<token number="611" sentence="22" t_id="612">industry</token>
<token number="612" sentence="22" t_id="613">,</token>
<token number="613" sentence="22" t_id="614">American</token>
<token number="614" sentence="22" t_id="615">workers</token>
<token number="615" sentence="22" t_id="616">and</token>
<token number="616" sentence="22" t_id="617">America</token>
<token number="617" sentence="22" t_id="618">'s</token>
<token number="618" sentence="22" t_id="619">military</token>
<token number="619" sentence="22" t_id="620">.</token>
<token number="620" sentence="22" t_id="621">''</token>
<token number="621" sentence="23" t_id="622">Washington</token>
<token number="622" sentence="23" t_id="623">representative</token>
<token number="623" sentence="23" t_id="624">Norm</token>
<token number="624" sentence="23" t_id="625">Dicks</token>
<token number="625" sentence="23" t_id="626">said</token>
<token number="626" sentence="23" t_id="627">he</token>
<token number="627" sentence="23" t_id="628">too</token>
<token number="628" sentence="23" t_id="629">was</token>
<token number="629" sentence="23" t_id="630">``</token>
<token number="630" sentence="23" t_id="631">shocked</token>
<token number="631" sentence="23" t_id="632">''</token>
<token number="632" sentence="23" t_id="633">,</token>
<token number="633" sentence="23" t_id="634">releasing</token>
<token number="634" sentence="23" t_id="635">a</token>
<token number="635" sentence="23" t_id="636">statement</token>
<token number="636" sentence="23" t_id="637">saying</token>
<token number="637" sentence="23" t_id="638">``</token>
<token number="638" sentence="23" t_id="639">This</token>
<token number="639" sentence="23" t_id="640">decision</token>
<token number="640" sentence="23" t_id="641">is</token>
<token number="641" sentence="23" t_id="642">even</token>
<token number="642" sentence="23" t_id="643">more</token>
<token number="643" sentence="23" t_id="644">disappointing</token>
<token number="644" sentence="23" t_id="645">because</token>
<token number="645" sentence="23" t_id="646">the</token>
<token number="646" sentence="23" t_id="647">Air</token>
<token number="647" sentence="23" t_id="648">Force</token>
<token number="648" sentence="23" t_id="649">had</token>
<token number="649" sentence="23" t_id="650">previously</token>
<token number="650" sentence="23" t_id="651">favored</token>
<token number="651" sentence="23" t_id="652">the</token>
<token number="652" sentence="23" t_id="653">Boeing</token>
<token number="653" sentence="23" t_id="654">767</token>
<token number="654" sentence="23" t_id="655">tanker</token>
<token number="655" sentence="23" t_id="656">and</token>
<token number="656" sentence="23" t_id="657">we</token>
<token number="657" sentence="23" t_id="658">were</token>
<token number="658" sentence="23" t_id="659">prepared</token>
<token number="659" sentence="23" t_id="660">to</token>
<token number="660" sentence="23" t_id="661">move</token>
<token number="661" sentence="23" t_id="662">forward</token>
<token number="662" sentence="23" t_id="663">with</token>
<token number="663" sentence="23" t_id="664">the</token>
<token number="664" sentence="23" t_id="665">production</token>
<token number="665" sentence="23" t_id="666">of</token>
<token number="666" sentence="23" t_id="667">100</token>
<token number="667" sentence="23" t_id="668">tankers</token>
<token number="668" sentence="23" t_id="669">in</token>
<token number="669" sentence="23" t_id="670">2003</token>
<token number="670" sentence="23" t_id="671">,</token>
<token number="671" sentence="23" t_id="672">before</token>
<token number="672" sentence="23" t_id="673">the</token>
<token number="673" sentence="23" t_id="674">process</token>
<token number="674" sentence="23" t_id="675">was</token>
<token number="675" sentence="23" t_id="676">halted</token>
<token number="676" sentence="23" t_id="677">due</token>
<token number="677" sentence="23" t_id="678">to</token>
<token number="678" sentence="23" t_id="679">the</token>
<token number="679" sentence="23" t_id="680">Boeing</token>
<token number="680" sentence="23" t_id="681">scandal</token>
<token number="681" sentence="23" t_id="682">.</token>
<token number="682" sentence="24" t_id="683">I</token>
<token number="683" sentence="24" t_id="684">regret</token>
<token number="684" sentence="24" t_id="685">that</token>
<token number="685" sentence="24" t_id="686">it</token>
<token number="686" sentence="24" t_id="687">has</token>
<token number="687" sentence="24" t_id="688">taken</token>
<token number="688" sentence="24" t_id="689">so</token>
<token number="689" sentence="24" t_id="690">long</token>
<token number="690" sentence="24" t_id="691">to</token>
<token number="691" sentence="24" t_id="692">respond</token>
<token number="692" sentence="24" t_id="693">to</token>
<token number="693" sentence="24" t_id="694">what</token>
<token number="694" sentence="24" t_id="695">was</token>
<token number="695" sentence="24" t_id="696">--</token>
<token number="696" sentence="24" t_id="697">and</token>
<token number="697" sentence="24" t_id="698">is</token>
<token number="698" sentence="24" t_id="699">--</token>
<token number="699" sentence="24" t_id="700">an</token>
<token number="700" sentence="24" t_id="701">urgent</token>
<token number="701" sentence="24" t_id="702">need</token>
<token number="702" sentence="24" t_id="703">to</token>
<token number="703" sentence="24" t_id="704">replace</token>
<token number="704" sentence="24" t_id="705">these</token>
<token number="705" sentence="24" t_id="706">older</token>
<token number="706" sentence="24" t_id="707">aircraft</token>
<token number="707" sentence="24" t_id="708">.</token>
<token number="708" sentence="25" t_id="709">And</token>
<token number="709" sentence="25" t_id="710">even</token>
<token number="710" sentence="25" t_id="711">more</token>
<token number="711" sentence="25" t_id="712">regrettable</token>
<token number="712" sentence="25" t_id="713">is</token>
<token number="713" sentence="25" t_id="714">the</token>
<token number="714" sentence="25" t_id="715">decision</token>
<token number="715" sentence="25" t_id="716">to</token>
<token number="716" sentence="25" t_id="717">award</token>
<token number="717" sentence="25" t_id="718">the</token>
<token number="718" sentence="25" t_id="719">contract</token>
<token number="719" sentence="25" t_id="720">to</token>
<token number="720" sentence="25" t_id="721">Airbus</token>
<token number="721" sentence="25" t_id="722">,</token>
<token number="722" sentence="25" t_id="723">which</token>
<token number="723" sentence="25" t_id="724">has</token>
<token number="724" sentence="25" t_id="725">consistently</token>
<token number="725" sentence="25" t_id="726">used</token>
<token number="726" sentence="25" t_id="727">unfair</token>
<token number="727" sentence="25" t_id="728">European</token>
<token number="728" sentence="25" t_id="729">government</token>
<token number="729" sentence="25" t_id="730">subsidies</token>
<token number="730" sentence="25" t_id="731">to</token>
<token number="731" sentence="25" t_id="732">take</token>
<token number="732" sentence="25" t_id="733">jobs</token>
<token number="733" sentence="25" t_id="734">away</token>
<token number="734" sentence="25" t_id="735">from</token>
<token number="735" sentence="25" t_id="736">American</token>
<token number="736" sentence="25" t_id="737">aircraft</token>
<token number="737" sentence="25" t_id="738">workers</token>
<token number="738" sentence="25" t_id="739">.</token>
<token number="739" sentence="25" t_id="740">''</token>
<token number="740" sentence="26" t_id="741">Kansas</token>
<token number="741" sentence="26" t_id="742">senator</token>
<token number="742" sentence="26" t_id="743">Sam</token>
<token number="743" sentence="26" t_id="744">Brownback</token>
<token number="744" sentence="26" t_id="745">said</token>
<token number="745" sentence="26" t_id="746">``</token>
<token number="746" sentence="26" t_id="747">It</token>
<token number="747" sentence="26" t_id="748">'s</token>
<token number="748" sentence="26" t_id="749">stunning</token>
<token number="749" sentence="26" t_id="750">to</token>
<token number="750" sentence="26" t_id="751">me</token>
<token number="751" sentence="26" t_id="752">that</token>
<token number="752" sentence="26" t_id="753">we</token>
<token number="753" sentence="26" t_id="754">would</token>
<token number="754" sentence="26" t_id="755">outsource</token>
<token number="755" sentence="26" t_id="756">the</token>
<token number="756" sentence="26" t_id="757">production</token>
<token number="757" sentence="26" t_id="758">of</token>
<token number="758" sentence="26" t_id="759">these</token>
<token number="759" sentence="26" t_id="760">airplanes</token>
<token number="760" sentence="26" t_id="761">to</token>
<token number="761" sentence="26" t_id="762">Europe</token>
<token number="762" sentence="26" t_id="763">instead</token>
<token number="763" sentence="26" t_id="764">of</token>
<token number="764" sentence="26" t_id="765">building</token>
<token number="765" sentence="26" t_id="766">them</token>
<token number="766" sentence="26" t_id="767">in</token>
<token number="767" sentence="26" t_id="768">America</token>
<token number="768" sentence="26" t_id="769">.</token>
<token number="769" sentence="27" t_id="770">I'</token>
<token number="770" sentence="27" t_id="771">ll</token>
<token number="771" sentence="27" t_id="772">be</token>
<token number="772" sentence="27" t_id="773">calling</token>
<token number="773" sentence="27" t_id="774">upon</token>
<token number="774" sentence="27" t_id="775">the</token>
<token number="775" sentence="27" t_id="776">Secretary</token>
<token number="776" sentence="27" t_id="777">of</token>
<token number="777" sentence="27" t_id="778">Defense</token>
<token number="778" sentence="27" t_id="779">for</token>
<token number="779" sentence="27" t_id="780">a</token>
<token number="780" sentence="27" t_id="781">full</token>
<token number="781" sentence="27" t_id="782">debriefing</token>
<token number="782" sentence="27" t_id="783">and</token>
<token number="783" sentence="27" t_id="784">expect</token>
<token number="784" sentence="27" t_id="785">there</token>
<token number="785" sentence="27" t_id="786">will</token>
<token number="786" sentence="27" t_id="787">be</token>
<token number="787" sentence="27" t_id="788">a</token>
<token number="788" sentence="27" t_id="789">protest</token>
<token number="789" sentence="27" t_id="790">of</token>
<token number="790" sentence="27" t_id="791">the</token>
<token number="791" sentence="27" t_id="792">award</token>
<token number="792" sentence="27" t_id="793">by</token>
<token number="793" sentence="27" t_id="794">Boeing</token>
<token number="794" sentence="27" t_id="795">.</token>
<token number="795" sentence="27" t_id="796">''</token>
<token number="796" sentence="28" t_id="797">Todd</token>
<token number="797" sentence="28" t_id="798">Tiahrt</token>
<token number="798" sentence="28" t_id="799">,</token>
<token number="799" sentence="28" t_id="800">a</token>
<token number="800" sentence="28" t_id="801">Kansas</token>
<token number="801" sentence="28" t_id="802">representative</token>
<token number="802" sentence="28" t_id="803">,</token>
<token number="803" sentence="28" t_id="804">said</token>
<token number="804" sentence="28" t_id="805">``</token>
<token number="805" sentence="28" t_id="806">We</token>
<token number="806" sentence="28" t_id="807">should</token>
<token number="807" sentence="28" t_id="808">have</token>
<token number="808" sentence="28" t_id="809">an</token>
<token number="809" sentence="28" t_id="810">American</token>
<token number="810" sentence="28" t_id="811">tanker</token>
<token number="811" sentence="28" t_id="812">built</token>
<token number="812" sentence="28" t_id="813">by</token>
<token number="813" sentence="28" t_id="814">an</token>
<token number="814" sentence="28" t_id="815">American</token>
<token number="815" sentence="28" t_id="816">company</token>
<token number="816" sentence="28" t_id="817">with</token>
<token number="817" sentence="28" t_id="818">American</token>
<token number="818" sentence="28" t_id="819">workers</token>
<token number="819" sentence="28" t_id="820">.</token>
<token number="820" sentence="29" t_id="821">I</token>
<token number="821" sentence="29" t_id="822">can</token>
<token number="822" sentence="29" t_id="823">not</token>
<token number="823" sentence="29" t_id="824">believe</token>
<token number="824" sentence="29" t_id="825">we</token>
<token number="825" sentence="29" t_id="826">would</token>
<token number="826" sentence="29" t_id="827">create</token>
<token number="827" sentence="29" t_id="828">French</token>
<token number="828" sentence="29" t_id="829">jobs</token>
<token number="829" sentence="29" t_id="830">in</token>
<token number="830" sentence="29" t_id="831">place</token>
<token number="831" sentence="29" t_id="832">of</token>
<token number="832" sentence="29" t_id="833">Kansas</token>
<token number="833" sentence="29" t_id="834">jobs</token>
<token number="834" sentence="29" t_id="835">.</token>
<token number="835" sentence="29" t_id="836">''</token>
<token number="836" sentence="30" t_id="837">A</token>
<token number="837" sentence="30" t_id="838">group</token>
<token number="838" sentence="30" t_id="839">of</token>
<token number="839" sentence="30" t_id="840">Washington</token>
<token number="840" sentence="30" t_id="841">politicians</token>
<token number="841" sentence="30" t_id="842">released</token>
<token number="842" sentence="30" t_id="843">a</token>
<token number="843" sentence="30" t_id="844">joint</token>
<token number="844" sentence="30" t_id="845">statement</token>
<token number="845" sentence="30" t_id="846">saying</token>
<token number="846" sentence="30" t_id="847">``</token>
<token number="847" sentence="30" t_id="848">We</token>
<token number="848" sentence="30" t_id="849">will</token>
<token number="849" sentence="30" t_id="850">be</token>
<token number="850" sentence="30" t_id="851">asking</token>
<token number="851" sentence="30" t_id="852">tough</token>
<token number="852" sentence="30" t_id="853">questions</token>
<token number="853" sentence="30" t_id="854">about</token>
<token number="854" sentence="30" t_id="855">the</token>
<token number="855" sentence="30" t_id="856">decision</token>
<token number="856" sentence="30" t_id="857">to</token>
<token number="857" sentence="30" t_id="858">outsource</token>
<token number="858" sentence="30" t_id="859">this</token>
<token number="859" sentence="30" t_id="860">contract</token>
<token number="860" sentence="30" t_id="861">...</token>
<token number="861" sentence="30" t_id="862">At</token>
<token number="862" sentence="30" t_id="863">a</token>
<token number="863" sentence="30" t_id="864">time</token>
<token number="864" sentence="30" t_id="865">when</token>
<token number="865" sentence="30" t_id="866">our</token>
<token number="866" sentence="30" t_id="867">economy</token>
<token number="867" sentence="30" t_id="868">is</token>
<token number="868" sentence="30" t_id="869">hurting</token>
<token number="869" sentence="30" t_id="870">,</token>
<token number="870" sentence="30" t_id="871">this</token>
<token number="871" sentence="30" t_id="872">is</token>
<token number="872" sentence="30" t_id="873">a</token>
<token number="873" sentence="30" t_id="874">blow</token>
<token number="874" sentence="30" t_id="875">not</token>
<token number="875" sentence="30" t_id="876">only</token>
<token number="876" sentence="30" t_id="877">to</token>
<token number="877" sentence="30" t_id="878">our</token>
<token number="878" sentence="30" t_id="879">state</token>
<token number="879" sentence="30" t_id="880">,</token>
<token number="880" sentence="30" t_id="881">but</token>
<token number="881" sentence="30" t_id="882">more</token>
<token number="882" sentence="30" t_id="883">than</token>
<token number="883" sentence="30" t_id="884">40</token>
<token number="884" sentence="30" t_id="885">states</token>
<token number="885" sentence="30" t_id="886">across</token>
<token number="886" sentence="30" t_id="887">the</token>
<token number="887" sentence="30" t_id="888">country</token>
<token number="888" sentence="30" t_id="889">who</token>
<token number="889" sentence="30" t_id="890">would</token>
<token number="890" sentence="30" t_id="891">help</token>
<token number="891" sentence="30" t_id="892">build</token>
<token number="892" sentence="30" t_id="893">this</token>
<token number="893" sentence="30" t_id="894">national</token>
<token number="894" sentence="30" t_id="895">plane</token>
<token number="895" sentence="30" t_id="896">.</token>
<token number="896" sentence="30" t_id="897">''</token>
<token number="897" sentence="31" t_id="898">Alabama</token>
<token number="898" sentence="31" t_id="899">Governor</token>
<token number="899" sentence="31" t_id="900">Bob</token>
<token number="900" sentence="31" t_id="901">Riley</token>
<token number="901" sentence="31" t_id="902">said</token>
<token number="902" sentence="31" t_id="903">``</token>
<token number="903" sentence="31" t_id="904">To</token>
<token number="904" sentence="31" t_id="905">say</token>
<token number="905" sentence="31" t_id="906">this</token>
<token number="906" sentence="31" t_id="907">is</token>
<token number="907" sentence="31" t_id="908">a</token>
<token number="908" sentence="31" t_id="909">great</token>
<token number="909" sentence="31" t_id="910">day</token>
<token number="910" sentence="31" t_id="911">for</token>
<token number="911" sentence="31" t_id="912">Alabama</token>
<token number="912" sentence="31" t_id="913">is</token>
<token number="913" sentence="31" t_id="914">a</token>
<token number="914" sentence="31" t_id="915">monumental</token>
<token number="915" sentence="31" t_id="916">understatement</token>
<token number="916" sentence="31" t_id="917">.</token>
<token number="917" sentence="32" t_id="918">This</token>
<token number="918" sentence="32" t_id="919">will</token>
<token number="919" sentence="32" t_id="920">go</token>
<token number="920" sentence="32" t_id="921">down</token>
<token number="921" sentence="32" t_id="922">in</token>
<token number="922" sentence="32" t_id="923">history</token>
<token number="923" sentence="32" t_id="924">as</token>
<token number="924" sentence="32" t_id="925">one</token>
<token number="925" sentence="32" t_id="926">of</token>
<token number="926" sentence="32" t_id="927">our</token>
<token number="927" sentence="32" t_id="928">greatest</token>
<token number="928" sentence="32" t_id="929">days</token>
<token number="929" sentence="32" t_id="930">.</token>
<token number="930" sentence="32" t_id="931">''</token>
<token number="931" sentence="33" t_id="932">Ralph</token>
<token number="932" sentence="33" t_id="933">Crosby</token>
<token number="933" sentence="33" t_id="934">,</token>
<token number="934" sentence="33" t_id="935">EADS</token>
<token number="935" sentence="33" t_id="936">'s</token>
<token number="936" sentence="33" t_id="937">North</token>
<token number="937" sentence="33" t_id="938">America</token>
<token number="938" sentence="33" t_id="939">CEO</token>
<token number="939" sentence="33" t_id="940">and</token>
<token number="940" sentence="33" t_id="941">ex</token>
<token number="941" sentence="33" t_id="942">Northrop</token>
<token number="942" sentence="33" t_id="943">executive</token>
<token number="943" sentence="33" t_id="944">commented</token>
<token number="944" sentence="33" t_id="945">the</token>
<token number="945" sentence="33" t_id="946">business</token>
<token number="946" sentence="33" t_id="947">has</token>
<token number="947" sentence="33" t_id="948">``</token>
<token number="948" sentence="33" t_id="949">committed</token>
<token number="949" sentence="33" t_id="950">our</token>
<token number="950" sentence="33" t_id="951">full</token>
<token number="951" sentence="33" t_id="952">resources</token>
<token number="952" sentence="33" t_id="953">to</token>
<token number="953" sentence="33" t_id="954">support</token>
<token number="954" sentence="33" t_id="955">this</token>
<token number="955" sentence="33" t_id="956">vital</token>
<token number="956" sentence="33" t_id="957">program</token>
<token number="957" sentence="33" t_id="958">for</token>
<token number="958" sentence="33" t_id="959">our</token>
<token number="959" sentence="33" t_id="960">prime</token>
<token number="960" sentence="33" t_id="961">contractor</token>
<token number="961" sentence="33" t_id="962">,</token>
<token number="962" sentence="33" t_id="963">Northrop</token>
<token number="963" sentence="33" t_id="964">Grumman</token>
<token number="964" sentence="33" t_id="965">,</token>
<token number="965" sentence="33" t_id="966">the</token>
<token number="966" sentence="33" t_id="967">Air</token>
<token number="967" sentence="33" t_id="968">Force</token>
<token number="968" sentence="33" t_id="969">,</token>
<token number="969" sentence="33" t_id="970">and</token>
<token number="970" sentence="33" t_id="971">the</token>
<token number="971" sentence="33" t_id="972">war</token>
<token number="972" sentence="33" t_id="973">fighters</token>
<token number="973" sentence="33" t_id="974">that</token>
<token number="974" sentence="33" t_id="975">this</token>
<token number="975" sentence="33" t_id="976">system</token>
<token number="976" sentence="33" t_id="977">will</token>
<token number="977" sentence="33" t_id="978">serve</token>
<token number="978" sentence="33" t_id="979">for</token>
<token number="979" sentence="33" t_id="980">decades</token>
<token number="980" sentence="33" t_id="981">to</token>
<token number="981" sentence="33" t_id="982">come</token>
<token number="982" sentence="33" t_id="983">.</token>
<token number="983" sentence="34" t_id="984">We</token>
<token number="984" sentence="34" t_id="985">already</token>
<token number="985" sentence="34" t_id="986">have</token>
<token number="986" sentence="34" t_id="987">begun</token>
<token number="987" sentence="34" t_id="988">the</token>
<token number="988" sentence="34" t_id="989">work</token>
<token number="989" sentence="34" t_id="990">necessary</token>
<token number="990" sentence="34" t_id="991">to</token>
<token number="991" sentence="34" t_id="992">expand</token>
<token number="992" sentence="34" t_id="993">our</token>
<token number="993" sentence="34" t_id="994">U.S.</token>
<token number="994" sentence="34" t_id="995">industrial</token>
<token number="995" sentence="34" t_id="996">footprint</token>
<token number="996" sentence="34" t_id="997">in</token>
<token number="997" sentence="34" t_id="998">support</token>
<token number="998" sentence="34" t_id="999">of</token>
<token number="999" sentence="34" t_id="1000">this</token>
<token number="1000" sentence="34" t_id="1001">important</token>
<token number="1001" sentence="34" t_id="1002">program</token>
<token number="1002" sentence="34" t_id="1003">.</token>
<token number="1003" sentence="34" t_id="1004">''</token>
<token number="1004" sentence="35" t_id="1005">EADS</token>
<token number="1005" sentence="35" t_id="1006">chief</token>
<token number="1006" sentence="35" t_id="1007">executive</token>
<token number="1007" sentence="35" t_id="1008">Louis</token>
<token number="1008" sentence="35" t_id="1009">Gallois</token>
<token number="1009" sentence="35" t_id="1010">commented</token>
<token number="1010" sentence="35" t_id="1011">``</token>
<token number="1011" sentence="35" t_id="1012">This</token>
<token number="1012" sentence="35" t_id="1013">major</token>
<token number="1013" sentence="35" t_id="1014">selection</token>
<token number="1014" sentence="35" t_id="1015">is</token>
<token number="1015" sentence="35" t_id="1016">a</token>
<token number="1016" sentence="35" t_id="1017">win-win</token>
<token number="1017" sentence="35" t_id="1018">for</token>
<token number="1018" sentence="35" t_id="1019">our</token>
<token number="1019" sentence="35" t_id="1020">customers</token>
<token number="1020" sentence="35" t_id="1021">,</token>
<token number="1021" sentence="35" t_id="1022">for</token>
<token number="1022" sentence="35" t_id="1023">allied</token>
<token number="1023" sentence="35" t_id="1024">industrial</token>
<token number="1024" sentence="35" t_id="1025">cooperation</token>
<token number="1025" sentence="35" t_id="1026">and</token>
<token number="1026" sentence="35" t_id="1027">for</token>
<token number="1027" sentence="35" t_id="1028">EADS</token>
<token number="1028" sentence="35" t_id="1029">.</token>
<token number="1029" sentence="36" t_id="1030">It</token>
<token number="1030" sentence="36" t_id="1031">signals</token>
<token number="1031" sentence="36" t_id="1032">a</token>
<token number="1032" sentence="36" t_id="1033">quantum-leap</token>
<token number="1033" sentence="36" t_id="1034">forward</token>
<token number="1034" sentence="36" t_id="1035">in</token>
<token number="1035" sentence="36" t_id="1036">our</token>
<token number="1036" sentence="36" t_id="1037">commitment</token>
<token number="1037" sentence="36" t_id="1038">to</token>
<token number="1038" sentence="36" t_id="1039">the</token>
<token number="1039" sentence="36" t_id="1040">US</token>
<token number="1040" sentence="36" t_id="1041">defence</token>
<token number="1041" sentence="36" t_id="1042">customer</token>
<token number="1042" sentence="36" t_id="1043">,</token>
<token number="1043" sentence="36" t_id="1044">reflects</token>
<token number="1044" sentence="36" t_id="1045">and</token>
<token number="1045" sentence="36" t_id="1046">supports</token>
<token number="1046" sentence="36" t_id="1047">our</token>
<token number="1047" sentence="36" t_id="1048">global</token>
<token number="1048" sentence="36" t_id="1049">strategy</token>
<token number="1049" sentence="36" t_id="1050">to</token>
<token number="1050" sentence="36" t_id="1051">increase</token>
<token number="1051" sentence="36" t_id="1052">EADS</token>
<token number="1052" sentence="36" t_id="1053">'s</token>
<token number="1053" sentence="36" t_id="1054">industrial</token>
<token number="1054" sentence="36" t_id="1055">presence</token>
<token number="1055" sentence="36" t_id="1056">in</token>
<token number="1056" sentence="36" t_id="1057">key</token>
<token number="1057" sentence="36" t_id="1058">markets</token>
<token number="1058" sentence="36" t_id="1059">and</token>
<token number="1059" sentence="36" t_id="1060">our</token>
<token number="1060" sentence="36" t_id="1061">goal</token>
<token number="1061" sentence="36" t_id="1062">to</token>
<token number="1062" sentence="36" t_id="1063">balance</token>
<token number="1063" sentence="36" t_id="1064">the</token>
<token number="1064" sentence="36" t_id="1065">company</token>
<token number="1065" sentence="36" t_id="1066">'s</token>
<token number="1066" sentence="36" t_id="1067">defence</token>
<token number="1067" sentence="36" t_id="1068">and</token>
<token number="1068" sentence="36" t_id="1069">commercial</token>
<token number="1069" sentence="36" t_id="1070">portfolios</token>
<token number="1070" sentence="36" t_id="1071">.</token>
<token number="1071" sentence="36" t_id="1072">''</token>
<token number="1072" sentence="37" t_id="1073">General</token>
<token number="1073" sentence="37" t_id="1074">Arthur</token>
<token number="1074" sentence="37" t_id="1075">Lichte</token>
<token number="1075" sentence="37" t_id="1076">said</token>
<token number="1076" sentence="37" t_id="1077">``</token>
<token number="1077" sentence="37" t_id="1078">This</token>
<token number="1078" sentence="37" t_id="1079">will</token>
<token number="1079" sentence="37" t_id="1080">be</token>
<token number="1080" sentence="37" t_id="1081">an</token>
<token number="1081" sentence="37" t_id="1082">American</token>
<token number="1082" sentence="37" t_id="1083">tanker</token>
<token number="1083" sentence="37" t_id="1084">,</token>
<token number="1084" sentence="37" t_id="1085">flown</token>
<token number="1085" sentence="37" t_id="1086">by</token>
<token number="1086" sentence="37" t_id="1087">American</token>
<token number="1087" sentence="37" t_id="1088">airmen</token>
<token number="1088" sentence="37" t_id="1089">with</token>
<token number="1089" sentence="37" t_id="1090">an</token>
<token number="1090" sentence="37" t_id="1091">American</token>
<token number="1091" sentence="37" t_id="1092">flag</token>
<token number="1092" sentence="37" t_id="1093">on</token>
<token number="1093" sentence="37" t_id="1094">its</token>
<token number="1094" sentence="37" t_id="1095">tail</token>
<token number="1095" sentence="37" t_id="1096">and</token>
<token number="1096" sentence="37" t_id="1097">,</token>
<token number="1097" sentence="37" t_id="1098">every</token>
<token number="1098" sentence="37" t_id="1099">day</token>
<token number="1099" sentence="37" t_id="1100">,</token>
<token number="1100" sentence="37" t_id="1101">it</token>
<token number="1101" sentence="37" t_id="1102">will</token>
<token number="1102" sentence="37" t_id="1103">be</token>
<token number="1103" sentence="37" t_id="1104">saving</token>
<token number="1104" sentence="37" t_id="1105">American</token>
<token number="1105" sentence="37" t_id="1106">lives</token>
<token number="1106" sentence="37" t_id="1107">.</token>
<token number="1107" sentence="38" t_id="1108">Boeing</token>
<token number="1108" sentence="38" t_id="1109">had</token>
<token number="1109" sentence="38" t_id="1110">initially</token>
<token number="1110" sentence="38" t_id="1111">agreed</token>
<token number="1111" sentence="38" t_id="1112">to</token>
<token number="1112" sentence="38" t_id="1113">lease</token>
<token number="1113" sentence="38" t_id="1114">100</token>
<token number="1114" sentence="38" t_id="1115">tankers</token>
<token number="1115" sentence="38" t_id="1116">,</token>
<token number="1116" sentence="38" t_id="1117">but</token>
<token number="1117" sentence="38" t_id="1118">in</token>
<token number="1118" sentence="38" t_id="1119">2003</token>
<token number="1119" sentence="38" t_id="1120">a</token>
<token number="1120" sentence="38" t_id="1121">scandal</token>
<token number="1121" sentence="38" t_id="1122">erupted</token>
<token number="1122" sentence="38" t_id="1123">when</token>
<token number="1123" sentence="38" t_id="1124">it</token>
<token number="1124" sentence="38" t_id="1125">emerged</token>
<token number="1125" sentence="38" t_id="1126">that</token>
<token number="1126" sentence="38" t_id="1127">Boeing</token>
<token number="1127" sentence="38" t_id="1128">executive</token>
<token number="1128" sentence="38" t_id="1129">Michael</token>
<token number="1129" sentence="38" t_id="1130">M.</token>
<token number="1130" sentence="38" t_id="1131">Sears</token>
<token number="1131" sentence="38" t_id="1132">arranged</token>
<token number="1132" sentence="38" t_id="1133">a</token>
<token number="1133" sentence="38" t_id="1134">job</token>
<token number="1134" sentence="38" t_id="1135">for</token>
<token number="1135" sentence="38" t_id="1136">USAF</token>
<token number="1136" sentence="38" t_id="1137">official</token>
<token number="1137" sentence="38" t_id="1138">Darleen</token>
<token number="1138" sentence="38" t_id="1139">Druyun</token>
<token number="1139" sentence="38" t_id="1140">while</token>
<token number="1140" sentence="38" t_id="1141">negotiations</token>
<token number="1141" sentence="38" t_id="1142">were</token>
<token number="1142" sentence="38" t_id="1143">still</token>
<token number="1143" sentence="38" t_id="1144">underway</token>
<token number="1144" sentence="38" t_id="1145">.</token>
<token number="1145" sentence="39" t_id="1146">Both</token>
<token number="1146" sentence="39" t_id="1147">served</token>
<token number="1147" sentence="39" t_id="1148">jail</token>
<token number="1148" sentence="39" t_id="1149">sentences</token>
<token number="1149" sentence="39" t_id="1150">for</token>
<token number="1150" sentence="39" t_id="1151">corruption</token>
<token number="1151" sentence="39" t_id="1152">charges</token>
<token number="1152" sentence="39" t_id="1153">and</token>
<token number="1153" sentence="39" t_id="1154">a</token>
<token number="1154" sentence="39" t_id="1155">competition</token>
<token number="1155" sentence="39" t_id="1156">was</token>
<token number="1156" sentence="39" t_id="1157">opened</token>
<token number="1157" sentence="39" t_id="1158">up</token>
<token number="1158" sentence="39" t_id="1159">to</token>
<token number="1159" sentence="39" t_id="1160">award</token>
<token number="1160" sentence="39" t_id="1161">a</token>
<token number="1161" sentence="39" t_id="1162">new</token>
<token number="1162" sentence="39" t_id="1163">contract</token>
<token number="1163" sentence="39" t_id="1164">.</token>
<Markables>
<ENTITY_MENTION comment="" head="" m_id="78" syntactic_type="NAM">
<token_anchor t_id="23"/>
<token_anchor t_id="24"/>
<token_anchor t_id="25"/>
<token_anchor t_id="26"/>
<token_anchor t_id="27"/>
<token_anchor t_id="28"/>
<token_anchor t_id="29"/>
<token_anchor t_id="30"/>
<token_anchor t_id="31"/>
<token_anchor t_id="32"/>
<token_anchor t_id="33"/>
</ENTITY_MENTION>
<ENTITY_MENTION comment="" head="" m_id="19" syntactic_type="NAM">
<token_anchor t_id="40"/>
</ENTITY_MENTION>
<ENTITY_MENTION comment="" head="" m_id="79" syntactic_type="NAM">
<token_anchor t_id="35"/>
</ENTITY_MENTION>
<ENTITY_MENTION comment="" head="" m_id="20" syntactic_type="">
<token_anchor t_id="10"/>
<token_anchor t_id="11"/>
<token_anchor t_id="12"/>
<token_anchor t_id="13"/>
<token_anchor t_id="14"/>
<token_anchor t_id="15"/>
</ENTITY_MENTION>
<ENTITY_MENTION comment="" head="" m_id="80" syntactic_type="NAM">
<token_anchor t_id="23"/>
</ENTITY_MENTION>
<ENTITY_MENTION comment="" head="" m_id="21" syntactic_type="">
<token_anchor t_id="64"/>
<token_anchor t_id="65"/>
<token_anchor t_id="66"/>
<token_anchor t_id="67"/>
<token_anchor t_id="68"/>
</ENTITY_MENTION>
<ENTITY_MENTION comment="" head="" m_id="81" syntactic_type="NAM">
<token_anchor t_id="55"/>
<token_anchor t_id="56"/>
<token_anchor t_id="57"/>
<token_anchor t_id="58"/>
<token_anchor t_id="59"/>
</ENTITY_MENTION>
<ENTITY_MENTION comment="" head="" m_id="22" syntactic_type="">
<token_anchor t_id="66"/>
<token_anchor t_id="67"/>
<token_anchor t_id="68"/>
</ENTITY_MENTION>
<ENTITY_MENTION comment="" head="" m_id="82" syntactic_type="NAM">
<token_anchor t_id="61"/>
</ENTITY_MENTION>
<ENTITY_MENTION comment="" head="" m_id="1" syntactic_type="">
<token_anchor t_id="42"/>
<token_anchor t_id="43"/>
<token_anchor t_id="44"/>
<token_anchor t_id="45"/>
<token_anchor t_id="46"/>
<token_anchor t_id="47"/>
<token_anchor t_id="48"/>
<token_anchor t_id="49"/>
<token_anchor t_id="50"/>
<token_anchor t_id="51"/>
<token_anchor t_id="52"/>
</ENTITY_MENTION>
<ENTITY_MENTION comment="" head="" m_id="2" syntactic_type="">
<token_anchor t_id="77"/>
</ENTITY_MENTION>
<ENTITY_MENTION comment="" head="" m_id="3" syntactic_type="">
<token_anchor t_id="92"/>
<token_anchor t_id="93"/>
</ENTITY_MENTION>
<ENTITY_MENTION comment="" head="" m_id="4" syntactic_type="NAM">
<token_anchor t_id="98"/>
</ENTITY_MENTION>
<ENTITY_MENTION comment="" head="" m_id="5" syntactic_type="NAM">
<token_anchor t_id="100"/>
<token_anchor t_id="101"/>
</ENTITY_MENTION>
<ENTITY_MENTION comment="" head="" m_id="6" syntactic_type="NAM">
<token_anchor t_id="103"/>
</ENTITY_MENTION>
<ENTITY_MENTION comment="" head="" m_id="7" syntactic_type="NAM">
<token_anchor t_id="109"/>
<token_anchor t_id="110"/>
<token_anchor t_id="111"/>
<token_anchor t_id="112"/>
<token_anchor t_id="113"/>
<token_anchor t_id="114"/>
</ENTITY_MENTION>
<ENTITY_MENTION comment="" head="" m_id="8" syntactic_type="">
<token_anchor t_id="127"/>
<token_anchor t_id="128"/>
</ENTITY_MENTION>
<ENTITY_MENTION comment="" head="" m_id="9" syntactic_type="">
<token_anchor t_id="79"/>
<token_anchor t_id="80"/>
<token_anchor t_id="81"/>
<token_anchor t_id="82"/>
<token_anchor t_id="83"/>
<token_anchor t_id="84"/>
</ENTITY_MENTION>
<ENTITY_MENTION comment="" head="" m_id="10" syntactic_type="">
<token_anchor t_id="135"/>
<token_anchor t_id="136"/>
<token_anchor t_id="137"/>
<token_anchor t_id="138"/>
<token_anchor t_id="139"/>
</ENTITY_MENTION>
<ENTITY_MENTION comment="" head="" m_id="11" syntactic_type="NAM">
<token_anchor t_id="23"/>
<token_anchor t_id="24"/>
<token_anchor t_id="25"/>
<token_anchor t_id="26"/>
<token_anchor t_id="27"/>
<token_anchor t_id="28"/>
<token_anchor t_id="29"/>
<token_anchor t_id="30"/>
<token_anchor t_id="31"/>
<token_anchor t_id="32"/>
<token_anchor t_id="33"/>
<token_anchor t_id="34"/>
<token_anchor t_id="35"/>
</ENTITY_MENTION>
<ENTITY_MENTION comment="" head="" m_id="67" syntactic_type="NAM">
<token_anchor t_id="98"/>
<token_anchor t_id="99"/>
<token_anchor t_id="100"/>
<token_anchor t_id="101"/>
</ENTITY_MENTION>
<ENTITY_MENTION comment="" head="" m_id="12" syntactic_type="NAM">
<token_anchor t_id="55"/>
<token_anchor t_id="56"/>
<token_anchor t_id="57"/>
<token_anchor t_id="58"/>
<token_anchor t_id="59"/>
<token_anchor t_id="60"/>
<token_anchor t_id="61"/>
</ENTITY_MENTION>
<ENTITY_MENTION comment="" head="" m_id="69" syntactic_type="NAM">
<token_anchor t_id="113"/>
<token_anchor t_id="114"/>
</ENTITY_MENTION>
<ENTITY_MENTION comment="" head="" m_id="13" syntactic_type="">
<token_anchor t_id="20"/>
<token_anchor t_id="21"/>
<token_anchor t_id="22"/>
<token_anchor t_id="23"/>
<token_anchor t_id="24"/>
<token_anchor t_id="25"/>
<token_anchor t_id="26"/>
<token_anchor t_id="27"/>
<token_anchor t_id="28"/>
<token_anchor t_id="29"/>
<token_anchor t_id="30"/>
<token_anchor t_id="31"/>
<token_anchor t_id="32"/>
<token_anchor t_id="33"/>
<token_anchor t_id="34"/>
<token_anchor t_id="35"/>
</ENTITY_MENTION>
<ENTITY_MENTION comment="" head="" m_id="70" syntactic_type="">
<token_anchor t_id="109"/>
<token_anchor t_id="110"/>
<token_anchor t_id="111"/>
<token_anchor t_id="112"/>
</ENTITY_MENTION>
<ENTITY_MENTION comment="" head="" m_id="14" syntactic_type="NAM">
<token_anchor t_id="1"/>
<token_anchor t_id="2"/>
</ENTITY_MENTION>
<ENTITY_MENTION comment="" head="" m_id="71" syntactic_type="NAM">
<token_anchor t_id="109"/>
<token_anchor t_id="110"/>
</ENTITY_MENTION>
<ENTITY_MENTION comment="" head="" m_id="15" syntactic_type="NAM">
<token_anchor t_id="4"/>
<token_anchor t_id="5"/>
<token_anchor t_id="6"/>
</ENTITY_MENTION>
<ENTITY_MENTION comment="" head="" m_id="73" syntactic_type="NAM">
<token_anchor t_id="6"/>
</ENTITY_MENTION>
<ENTITY_MENTION comment="" head="" m_id="16" syntactic_type="">
<token_anchor t_id="1"/>
<token_anchor t_id="2"/>
<token_anchor t_id="3"/>
<token_anchor t_id="4"/>
<token_anchor t_id="5"/>
<token_anchor t_id="6"/>
</ENTITY_MENTION>
<ENTITY_MENTION comment="" head="" m_id="74" syntactic_type="NAM">
<token_anchor t_id="4"/>
</ENTITY_MENTION>
<ENTITY_MENTION comment="" head="" m_id="17" syntactic_type="NAM">
<token_anchor t_id="8"/>
</ENTITY_MENTION>
<ENTITY_MENTION comment="" head="" m_id="76" syntactic_type="NAM">
<token_anchor t_id="13"/>
</ENTITY_MENTION>
<ENTITY_MENTION comment="" head="" m_id="18" syntactic_type="NAM">
<token_anchor t_id="20"/>
<token_anchor t_id="21"/>
</ENTITY_MENTION>
<EVENT_MENTION aspect="PERFECTIVE" certainty="CERTAIN" comment="" m_id="23" modality="" polarity="POS" pos="VERB" pred="defeat" special_cases="NONE" tense="PRESENT" time="NON_FUTURE">
<token_anchor t_id="39"/>
</EVENT_MENTION>
<EVENT_MENTION aspect="NONE" certainty="CERTAIN" comment="" m_id="24" modality="" polarity="POS" pos="VERB" pred="supply" special_cases="NONE" tense="INFINITIVE" time="FUTURE">
<token_anchor t_id="54"/>
</EVENT_MENTION>
<EVENT_MENTION aspect="NONE" certainty="CERTAIN" comment="" m_id="25" modality="" polarity="POS" pos="VERB" pred="fight" special_cases="NONE" tense="PAST" time="NON_FUTURE">
<token_anchor t_id="95"/>
</EVENT_MENTION>
<EVENT_MENTION aspect="NONE" certainty="CERTAIN" comment="" m_id="26" modality="" polarity="POS" pos="VERB" pred="win" special_cases="NONE" tense="PRESPART" time="NON_FUTURE">
<token_anchor t_id="105"/>
</EVENT_MENTION>
<EVENT_MENTION aspect="NONE" certainty="CERTAIN" comment="" m_id="27" modality="" polarity="POS" pos="NOUN" pred="contest" special_cases="NONE" tense="NONE" time="NON_FUTURE">
<token_anchor t_id="107"/>
</EVENT_MENTION>
<EVENT_MENTION aspect="NONE" certainty="CERTAIN" comment="" m_id="28" modality="" polarity="POS" pos="VERB" pred="say" special_cases="NONE" tense="PAST" time="NON_FUTURE">
<token_anchor t_id="115"/>
</EVENT_MENTION>
<EVENT_MENTION aspect="NONE" certainty="CERTAIN" comment="" m_id="29" modality="" polarity="POS" pos="NOUN" pred="operation" special_cases="NONE" tense="NONE" time="FUTURE">
<token_anchor t_id="125"/>
</EVENT_MENTION>
<EVENT_MENTION aspect="NONE" certainty="POSSIBLE" comment="" m_id="30" modality="could" polarity="POS" pos="VERB" pred="push" special_cases="NONE" tense="NONE" time="FUTURE">
<token_anchor t_id="134"/>
</EVENT_MENTION>
<EVENT_MENTION aspect="NONE" certainty="CERTAIN" comment="" m_id="31" modality="" polarity="POS" pos="VERB" pred="be" special_cases="GEN" tense="PRESENT" time="NON_FUTURE">
<token_anchor t_id="78"/>
</EVENT_MENTION>
<EVENT_MENTION aspect="NONE" certainty="CERTAIN" comment="" m_id="32" modality="" polarity="POS" pos="VERB" pred="defeat" special_cases="NONE" tense="PRESENT" time="NON_FUTURE">
<token_anchor t_id="7"/>
</EVENT_MENTION>
<SIGNAL comment="" m_id="33">
<token_anchor t_id="85"/>
</SIGNAL>
<TIMEX3 anchorTimeID="34" beginPoint="" comment="" endPoint="" functionInDocument="CREATION_TIME" m_id="34" type="DATE" value="2008-03-01">
<token_anchor t_id="16"/>
<token_anchor t_id="17"/>
<token_anchor t_id="18"/>
<token_anchor t_id="19"/>
</TIMEX3>
<TIMEX3 anchorTimeID="" beginPoint="" comment="" endPoint="" functionInDocument="NONE" m_id="35" type="SET" value="P1Y">
<token_anchor t_id="74"/>
<token_anchor t_id="75"/>
</TIMEX3>
<TIMEX3 anchorTimeID="" beginPoint="34" comment="" endPoint="63" functionInDocument="NONE" m_id="36" type="DURATION" value="P50Y">
<token_anchor t_id="130"/>
</TIMEX3>
<TIMEX3 anchorTimeID="" beginPoint="" comment="" endPoint="" functionInDocument="NONE" m_id="37" type="DATE" value="XXXX-XX-XX">
<token_anchor t_id="86"/>
<token_anchor t_id="87"/>
<token_anchor t_id="88"/>
<token_anchor t_id="89"/>
<token_anchor t_id="90"/>
</TIMEX3>
<VALUE comment="" m_id="38" type="MONEY">
<token_anchor t_id="43"/>
<token_anchor t_id="44"/>
<token_anchor t_id="45"/>
</VALUE>
<VALUE comment="" m_id="39" type="MONEY">
<token_anchor t_id="47"/>
<token_anchor t_id="48"/>
<token_anchor t_id="49"/>
<token_anchor t_id="50"/>
</VALUE>
<VALUE comment="" m_id="40" type="QUANTITY">
<token_anchor t_id="64"/>
</VALUE>
<VALUE comment="" m_id="41" type="QUANTITY">
<token_anchor t_id="73"/>
</VALUE>
<VALUE comment="" m_id="42" type="MONEY">
<token_anchor t_id="143"/>
<token_anchor t_id="144"/>
<token_anchor t_id="145"/>
</VALUE>
<VALUE comment="" m_id="43" type="MONEY">
<token_anchor t_id="10"/>
<token_anchor t_id="11"/>
<token_anchor t_id="12"/>
</VALUE>
<TIMEX3 TAG_DESCRIPTOR="2058" anchorTimeID="" beginPoint="" comment="" endPoint="" functionInDocument="NONE" m_id="63" type="DATE" value="2058"/>
<EVENT_MENTION m_id="72">
  <token_anchor t_id="158"/>
</EVENT_MENTION>
<EVENT_MENTION m_id="202">
  <token_anchor t_id="1010"/>
</EVENT_MENTION>
<EVENT_MENTION m_id="87">
  <token_anchor t_id="273"/>
</EVENT_MENTION>
<EVENT_MENTION m_id="88">
  <token_anchor t_id="479"/>
</EVENT_MENTION>
<EVENT_MENTION m_id="102">
  <token_anchor t_id="172"/>
</EVENT_MENTION>
<EVENT_MENTION m_id="117">
  <token_anchor t_id="792"/>
</EVENT_MENTION>
<EVENT_MENTION m_id="118">
  <token_anchor t_id="717"/>
</EVENT_MENTION>
<EVENT_MENTION m_id="121">
  <token_anchor t_id="182"/>
</EVENT_MENTION>
<EVENT_MENTION m_id="134">
  <token_anchor t_id="573"/>
</EVENT_MENTION>
<EVENT_MENTION m_id="136">
  <token_anchor t_id="247"/>
</EVENT_MENTION>
<EVENT_MENTION m_id="140">
  <token_anchor t_id="503"/>
</EVENT_MENTION>
<EVENT_MENTION m_id="149">
  <token_anchor t_id="447"/>
</EVENT_MENTION>
<EVENT_MENTION m_id="156">
  <token_anchor t_id="369"/>
</EVENT_MENTION>
<EVENT_MENTION m_id="157">
  <token_anchor t_id="554"/>
</EVENT_MENTION>
<EVENT_MENTION m_id="163">
  <token_anchor t_id="651"/>
</EVENT_MENTION>
<ENTITY_MENTION m_id="203">
  <token_anchor t_id="942"/>
</ENTITY_MENTION>
<ENTITY_MENTION m_id="68">
  <token_anchor t_id="1005"/>
</ENTITY_MENTION>
<ENTITY_MENTION m_id="204">
  <token_anchor t_id="1108"/>
</ENTITY_MENTION>
<ENTITY_MENTION m_id="205">
  <token_anchor t_id="159"/>
</ENTITY_MENTION>
<ENTITY_MENTION m_id="206">
  <token_anchor t_id="570"/>
  <token_anchor t_id="571"/>
  <token_anchor t_id="572"/>
</ENTITY_MENTION>
<ENTITY_MENTION m_id="75">
  <token_anchor t_id="530"/>
</ENTITY_MENTION>
<ENTITY_MENTION m_id="207">
  <token_anchor t_id="147"/>
  <token_anchor t_id="148"/>
</ENTITY_MENTION>
<ENTITY_MENTION m_id="208">
  <token_anchor t_id="680"/>
</ENTITY_MENTION>
<ENTITY_MENTION m_id="209">
  <token_anchor t_id="536"/>
</ENTITY_MENTION>
<ENTITY_MENTION m_id="83">
  <token_anchor t_id="476"/>
</ENTITY_MENTION>
<ENTITY_MENTION m_id="84">
  <token_anchor t_id="935"/>
</ENTITY_MENTION>
<ENTITY_MENTION m_id="85">
  <token_anchor t_id="475"/>
</ENTITY_MENTION>
<ENTITY_MENTION m_id="86">
  <token_anchor t_id="165"/>
</ENTITY_MENTION>
<ENTITY_MENTION m_id="90">
  <token_anchor t_id="470"/>
</ENTITY_MENTION>
<ENTITY_MENTION m_id="91">
  <token_anchor t_id="160"/>
</ENTITY_MENTION>
<ENTITY_MENTION m_id="94">
  <token_anchor t_id="574"/>
  <token_anchor t_id="575"/>
  <token_anchor t_id="576"/>
</ENTITY_MENTION>
<ENTITY_MENTION m_id="95">
  <token_anchor t_id="314"/>
</ENTITY_MENTION>
<ENTITY_MENTION m_id="97">
  <token_anchor t_id="1127"/>
</ENTITY_MENTION>
<ENTITY_MENTION m_id="98">
  <token_anchor t_id="171"/>
</ENTITY_MENTION>
<ENTITY_MENTION m_id="99">
  <token_anchor t_id="417"/>
</ENTITY_MENTION>
<ENTITY_MENTION m_id="101">
  <token_anchor t_id="1064"/>
  <token_anchor t_id="1065"/>
</ENTITY_MENTION>
<ENTITY_MENTION m_id="103">
  <token_anchor t_id="723"/>
</ENTITY_MENTION>
<ENTITY_MENTION m_id="105">
  <token_anchor t_id="721"/>
</ENTITY_MENTION>
<ENTITY_MENTION m_id="108">
  <token_anchor t_id="285"/>
  <token_anchor t_id="286"/>
</ENTITY_MENTION>
<ENTITY_MENTION m_id="109">
  <token_anchor t_id="515"/>
</ENTITY_MENTION>
<ENTITY_MENTION m_id="112">
  <token_anchor t_id="393"/>
</ENTITY_MENTION>
<ENTITY_MENTION m_id="113">
  <token_anchor t_id="271"/>
  <token_anchor t_id="272"/>
</ENTITY_MENTION>
<ENTITY_MENTION m_id="114">
  <token_anchor t_id="188"/>
</ENTITY_MENTION>
<ENTITY_MENTION m_id="115">
  <token_anchor t_id="794"/>
</ENTITY_MENTION>
<ENTITY_MENTION m_id="116">
  <token_anchor t_id="1060"/>
</ENTITY_MENTION>
<ENTITY_MENTION m_id="119">
  <token_anchor t_id="521"/>
</ENTITY_MENTION>
<ENTITY_MENTION m_id="120">
  <token_anchor t_id="181"/>
</ENTITY_MENTION>
<ENTITY_MENTION m_id="122">
  <token_anchor t_id="993"/>
</ENTITY_MENTION>
<ENTITY_MENTION m_id="127">
  <token_anchor t_id="1047"/>
</ENTITY_MENTION>
<ENTITY_MENTION m_id="129">
  <token_anchor t_id="966"/>
  <token_anchor t_id="967"/>
  <token_anchor t_id="968"/>
</ENTITY_MENTION>
<ENTITY_MENTION m_id="130">
  <token_anchor t_id="984"/>
</ENTITY_MENTION>
<ENTITY_MENTION m_id="131">
  <token_anchor t_id="435"/>
</ENTITY_MENTION>
<ENTITY_MENTION m_id="132">
  <token_anchor t_id="1052"/>
</ENTITY_MENTION>
<ENTITY_MENTION m_id="133">
  <token_anchor t_id="245"/>
</ENTITY_MENTION>
<ENTITY_MENTION m_id="135">
  <token_anchor t_id="578"/>
</ENTITY_MENTION>
<ENTITY_MENTION m_id="137">
  <token_anchor t_id="505"/>
</ENTITY_MENTION>
<ENTITY_MENTION m_id="139">
  <token_anchor t_id="300"/>
</ENTITY_MENTION>
<ENTITY_MENTION m_id="141">
  <token_anchor t_id="1136"/>
</ENTITY_MENTION>
<ENTITY_MENTION m_id="142">
  <token_anchor t_id="508"/>
</ENTITY_MENTION>
<ENTITY_MENTION m_id="144">
  <token_anchor t_id="1036"/>
</ENTITY_MENTION>
<ENTITY_MENTION m_id="148">
  <token_anchor t_id="445"/>
</ENTITY_MENTION>
<ENTITY_MENTION m_id="150">
  <token_anchor t_id="963"/>
  <token_anchor t_id="964"/>
</ENTITY_MENTION>
<ENTITY_MENTION m_id="152">
  <token_anchor t_id="1028"/>
</ENTITY_MENTION>
<ENTITY_MENTION m_id="153">
  <token_anchor t_id="450"/>
</ENTITY_MENTION>
<ENTITY_MENTION m_id="154">
  <token_anchor t_id="366"/>
</ENTITY_MENTION>
<ENTITY_MENTION m_id="155">
  <token_anchor t_id="1005"/>
  <token_anchor t_id="1006"/>
  <token_anchor t_id="1007"/>
  <token_anchor t_id="1008"/>
  <token_anchor t_id="1009"/>
</ENTITY_MENTION>
<ENTITY_MENTION m_id="158">
  <token_anchor t_id="555"/>
</ENTITY_MENTION>
<ENTITY_MENTION m_id="159">
  <token_anchor t_id="553"/>
</ENTITY_MENTION>
<ENTITY_MENTION m_id="160">
  <token_anchor t_id="264"/>
</ENTITY_MENTION>
<ENTITY_MENTION m_id="161">
  <token_anchor t_id="959"/>
</ENTITY_MENTION>
<ENTITY_MENTION m_id="162">
  <token_anchor t_id="646"/>
  <token_anchor t_id="647"/>
  <token_anchor t_id="648"/>
</ENTITY_MENTION>
<ENTITY_MENTION m_id="164">
  <token_anchor t_id="950"/>
</ENTITY_MENTION>
<ENTITY_MENTION m_id="165">
  <token_anchor t_id="1019"/>
</ENTITY_MENTION>
<ENTITY TAG_DESCRIPTOR="Northrop and EADS" comment="" ent_class="" ent_type="ORG" external_ref="" m_id="64"/>
<ENTITY TAG_DESCRIPTOR="JSA Research" comment="" ent_class="" ent_type="ORG" external_ref="" m_id="65"/>
<ENTITY TAG_DESCRIPTOR="Boeing and Martin" comment="" ent_class="" ent_type="ORG" external_ref="" m_id="66"/>
<EVENT TAG_DESCRIPTOR="award VUA" class="OTHER" instance_id="OTH40014340782068576" m_id="200"/>
<EVENT TAG_DESCRIPTOR="deny VUA" class="SPEECH_COGNITIVE" instance_id="SPE40012242450436873" m_id="197"/>
<EVENT TAG_DESCRIPTOR="contest" class="OTHER" instance_id="OTH40008078447451458" m_id="196"/>
<EVENT TAG_DESCRIPTOR="is" class="GRAMMATICAL" comment="" external_ref="" m_id="52"/>
<EVENT TAG_DESCRIPTOR="took" class="OTHER" instance_id="OTH41478341843059647" m_id="193"/>
<EVENT TAG_DESCRIPTOR="hit VUA" class="OTHER" instance_id="OTH40012124720134933" m_id="192"/>
<EVENT TAG_DESCRIPTOR="statement VUA" class="SPEECH_COGNITIVE" instance_id="SPE40013239848274831" m_id="190"/>
<EVENT TAG_DESCRIPTOR="say VUA" class="SPEECH_COGNITIVE" instance_id="SPE40011676691850905" m_id="189"/>
<EVENT TAG_DESCRIPTOR="comment VUA" class="SPEECH_COGNITIVE" instance_id="SPE40890192004644381" m_id="188"/>
<EVENT TAG_DESCRIPTOR="push" class="OTHER" comment="" external_ref="" m_id="46"/>
<EVENT TAG_DESCRIPTOR="commitment VUA" class="OTHER" instance_id="OTH40012892908022737" m_id="187"/>
<EVENT TAG_DESCRIPTOR="operation VUA" class="OTHER" instance_id="OTH40008686172178296" m_id="186"/>
<EVENT TAG_DESCRIPTOR="defeat VUA" class="OTHER" instance_id="OTH40007248568632246" m_id="184"/>
<EVENT TAG_DESCRIPTOR="tell VUA" class="SPEECH_COGNITIVE" instance_id="SPE40011876827379708" m_id="182"/>
<EVENT TAG_DESCRIPTOR="fight VUA" class="OTHER" instance_id="OTH40008523134673070" m_id="180"/>
<EVENT TAG_DESCRIPTOR="base VUA" class="OTHER" instance_id="OTH40013735438821796" m_id="178"/>
<EVENT TAG_DESCRIPTOR="favor VUA" class="OTHER" instance_id="OTH40014177204437470" m_id="177"/>
<EVENT TAG_DESCRIPTOR="promising-VUA-Boeing Jobs" class="OTHER" instance_id="OTH41485093717500004" m_id="176"/>
<EVENT TAG_DESCRIPTOR="challenge VUA" class="OTHER" instance_id="OTH40013104999803993" m_id="175"/>
<EVENT TAG_DESCRIPTOR="tap VUA" class="OTHER" instance_id="OTH40013941549790830" m_id="174"/>
<EVENT TAG_DESCRIPTOR="win VUA" class="OTHER" instance_id="OTH40009451639438359" m_id="173"/>
<EVENT TAG_DESCRIPTOR="announce VUA" class="SPEECH_COGNITIVE" instance_id="SPE40012577617384565" m_id="171"/>
<EVENT TAG_DESCRIPTOR="supply VUA" class="OTHER" instance_id="OTH40008832085658797" m_id="170"/>
<ENTITY TAG_DESCRIPTOR="the biggest contract" ent_type="FIN" instance_id="FIN39498128122418767" m_id="201"/>
<ENTITY TAG_DESCRIPTOR="Northrop Grumman" ent_type="ORG" external_ref="http://dbpedia.org/page/Northrop_Grumman" instance_id="ORG37154720130514282" m_id="169"/>
<ENTITY TAG_DESCRIPTOR="Aerial refueling tankers" ent_type="PRO" instance_id="PRO39496959734511487" m_id="168"/>
<ENTITY TAG_DESCRIPTOR="JSF contract" ent_type="FIN" instance_id="FIN39498038043532812" m_id="199"/>
<ENTITY TAG_DESCRIPTOR="Louis Gallois" ent_type="PER" external_ref="http://dbpedia.org/resource/Louis_Gallois" instance_id="PER37154720797907240" m_id="198"/>
<ENTITY TAG_DESCRIPTOR="USAF" ent_type="ORG" external_ref="http://dbpedia.org/page/United_States_Air_Force" instance_id="ORG37154720392556611" m_id="195"/>
<ENTITY TAG_DESCRIPTOR="Paul Nesbit" ent_type="PER" instance_id="PER39498226897787418" m_id="194"/>
<ENTITY TAG_DESCRIPTOR="EADS" ent_type="ORG" external_ref="http://dbpedia.org/page/Airbus_Group" instance_id="ORG37154720003835631" m_id="191"/>
<ENTITY TAG_DESCRIPTOR="a 40 billion contract" ent_type="FIN" instance_id="FIN39498080489558939" m_id="185"/>
<ENTITY TAG_DESCRIPTOR="179 tankers" ent_type="PRO" instance_id="PRO39498261379485028" m_id="183"/>
<ENTITY TAG_DESCRIPTOR="Airbus" ent_type="ORG" external_ref="http://dbpedia.org/page/Airbus" instance_id="ORG37154719430036883" m_id="181"/>
<ENTITY TAG_DESCRIPTOR="Boeing" ent_type="ORG" external_ref="http://dbpedia.org/page/Boeing" instance_id="ORG37154719725500990" m_id="179"/>
<ENTITY TAG_DESCRIPTOR="Lockheed Martin" ent_type="ORG" external_ref="http://dbpedia.org/resource/Lockheed_Martin" instance_id="ORG27736335435583953" m_id="172"/>
</Markables>
<Relations>
<SLINK r_id="246006">
<source m_id="28"/>
<target m_id="30"/>
</SLINK>
<HAS_PARTICIPANT comment="" frame="" frame_element="" r_id="246007" sem_role="Arg0" sem_role_framework="PROPBANK">
<source m_id="23"/>
<target m_id="13"/>
</HAS_PARTICIPANT>
<HAS_PARTICIPANT comment="" frame="" frame_element="" r_id="246008" sem_role="Arg2" sem_role_framework="PROPBANK">
<source m_id="23"/>
<target m_id="19"/>
</HAS_PARTICIPANT>
<HAS_PARTICIPANT comment="" frame="" frame_element="" r_id="246009" sem_role="Arg1" sem_role_framework="PROPBANK">
<source m_id="23"/>
<target m_id="1"/>
</HAS_PARTICIPANT>
<HAS_PARTICIPANT comment="" frame="" frame_element="" r_id="246010" sem_role="Arg0" sem_role_framework="PROPBANK">
<source m_id="24"/>
<target m_id="19"/>
</HAS_PARTICIPANT>
<HAS_PARTICIPANT comment="" frame="" frame_element="" r_id="246011" sem_role="Arg2" sem_role_framework="PROPBANK">
<source m_id="24"/>
<target m_id="12"/>
</HAS_PARTICIPANT>
<HAS_PARTICIPANT comment="" frame="" frame_element="" r_id="246012" sem_role="Arg1" sem_role_framework="PROPBANK">
<source m_id="24"/>
<target m_id="21"/>
</HAS_PARTICIPANT>
<HAS_PARTICIPANT comment="" frame="" frame_element="" r_id="246013" sem_role="Arg2" sem_role_framework="PROPBANK">
<source m_id="25"/>
<target m_id="3"/>
</HAS_PARTICIPANT>
<HAS_PARTICIPANT comment="" frame="" frame_element="" r_id="246014" sem_role="Arg0" sem_role_framework="PROPBANK">
<source m_id="25"/>
<target m_id="4"/>
</HAS_PARTICIPANT>
<HAS_PARTICIPANT comment="" frame="" frame_element="" r_id="246015" sem_role="Arg1" sem_role_framework="PROPBANK">
<source m_id="25"/>
<target m_id="5"/>
</HAS_PARTICIPANT>
<HAS_PARTICIPANT comment="" frame="" frame_element="" r_id="246016" sem_role="Arg0" sem_role_framework="PROPBANK">
<source m_id="26"/>
<target m_id="6"/>
</HAS_PARTICIPANT>
<HAS_PARTICIPANT comment="" frame="" frame_element="" r_id="246017" sem_role="Arg3" sem_role_framework="PROPBANK">
<source m_id="26"/>
<target m_id="4"/>
</HAS_PARTICIPANT>
<HAS_PARTICIPANT comment="" frame="" frame_element="" r_id="246018" sem_role="Arg3" sem_role_framework="PROPBANK">
<source m_id="27"/>
<target m_id="3"/>
</HAS_PARTICIPANT>
<HAS_PARTICIPANT comment="" frame="" frame_element="" r_id="246019" sem_role="Arg0" sem_role_framework="PROPBANK">
<source m_id="28"/>
<target m_id="7"/>
</HAS_PARTICIPANT>
<HAS_PARTICIPANT comment="" frame="" frame_element="" r_id="246020" sem_role="Arg1" sem_role_framework="PROPBANK">
<source m_id="29"/>
<target m_id="8"/>
</HAS_PARTICIPANT>
<HAS_PARTICIPANT comment="" frame="" frame_element="" r_id="246021" sem_role="Arg1" sem_role_framework="PROPBANK">
<source m_id="30"/>
<target m_id="10"/>
</HAS_PARTICIPANT>
<TLINK comment="" r_id="246022" reltype="INCLUDES" signalID="">
<source m_id="34"/>
<target m_id="23"/>
</TLINK>
<TLINK comment="" r_id="246023" reltype="BEFORE" signalID="">
<source m_id="23"/>
<target m_id="24"/>
</TLINK>
<TLINK comment="" r_id="246024" reltype="BEFORE" signalID="">
<source m_id="34"/>
<target m_id="35"/>
</TLINK>
<TLINK comment="" r_id="246025" reltype="AFTER" signalID="33">
<source m_id="34"/>
<target m_id="37"/>
</TLINK>
<TLINK comment="" r_id="246026" reltype="BEFORE" signalID="">
<source m_id="25"/>
<target m_id="26"/>
</TLINK>
<TLINK comment="" r_id="246027" reltype="BEFORE" signalID="">
<source m_id="37"/>
<target m_id="27"/>
</TLINK>
<TLINK comment="" r_id="246028" reltype="INCLUDES" signalID="">
<source m_id="34"/>
<target m_id="28"/>
</TLINK>
<TLINK comment="" r_id="246029" reltype="BEFORE" signalID="">
<source m_id="28"/>
<target m_id="29"/>
</TLINK>
<TLINK comment="" r_id="246030" reltype="SIMULTANEOUS" signalID="">
<source m_id="29"/>
<target m_id="30"/>
</TLINK>
<HAS_PARTICIPANT comment="" frame="" frame_element="" r_id="246033" sem_role="Arg1" sem_role_framework="PROPBANK">
<source m_id="31"/>
<target m_id="2"/>
</HAS_PARTICIPANT>
<HAS_PARTICIPANT comment="" frame="" frame_element="" r_id="246034" sem_role="Arg2" sem_role_framework="PROPBANK">
<source m_id="31"/>
<target m_id="9"/>
</HAS_PARTICIPANT>
<HAS_PARTICIPANT comment="" frame="" frame_element="" r_id="246041" sem_role="Arg0" sem_role_framework="PROPBANK">
<source m_id="32"/>
<target m_id="16"/>
</HAS_PARTICIPANT>
<HAS_PARTICIPANT comment="" frame="" frame_element="" r_id="246042" sem_role="Arg2" sem_role_framework="PROPBANK">
<source m_id="32"/>
<target m_id="17"/>
</HAS_PARTICIPANT>
<HAS_PARTICIPANT comment="" frame="" frame_element="" r_id="246043" sem_role="Arg1" sem_role_framework="PROPBANK">
<source m_id="32"/>
<target m_id="20"/>
</HAS_PARTICIPANT>
<TLINK comment="" r_id="246044" reltype="BEFORE" signalID="">
<source m_id="34"/>
<target m_id="36"/>
</TLINK>
<TLINK comment="" r_id="246045" reltype="INCLUDES" signalID="">
<source m_id="34"/>
<target m_id="31"/>
</TLINK>






































<REFERS_TO r_id="321679">
<source m_id="3"/>
<target m_id="199"/>
</REFERS_TO>
<REFERS_TO r_id="321680">
<source m_id="67"/>
<target m_id="66"/>
</REFERS_TO>
<REFERS_TO r_id="321681">
<source m_id="206"/>
<source m_id="12"/>
<source m_id="82"/>
<source m_id="99"/>
<source m_id="112"/>
<source m_id="114"/>
<source m_id="129"/>
<source m_id="131"/>
<source m_id="133"/>
<source m_id="141"/>
<source m_id="148"/>
<source m_id="153"/>
<source m_id="162"/>
<target m_id="195"/>
</REFERS_TO>
<REFERS_TO r_id="321682">
<source m_id="7"/>
<source m_id="70"/>
<source m_id="69"/>
<target m_id="194"/>
</REFERS_TO>
<REFERS_TO r_id="321683">
<source m_id="136"/>
<target m_id="197"/>
</REFERS_TO>
<REFERS_TO r_id="321684">
<source m_id="27"/>
<target m_id="196"/>
</REFERS_TO>
<REFERS_TO r_id="321685">
<source m_id="68"/>
<source m_id="73"/>
<source m_id="78"/>
<source m_id="79"/>
<source m_id="84"/>
<source m_id="94"/>
<source m_id="101"/>
<source m_id="116"/>
<source m_id="122"/>
<source m_id="127"/>
<source m_id="130"/>
<source m_id="132"/>
<source m_id="135"/>
<source m_id="15"/>
<source m_id="144"/>
<source m_id="11"/>
<source m_id="152"/>
<source m_id="154"/>
<source m_id="161"/>
<source m_id="164"/>
<source m_id="165"/>
<target m_id="191"/>
</REFERS_TO>
<REFERS_TO r_id="321686">
<source m_id="140"/>
<target m_id="190"/>
</REFERS_TO>
<REFERS_TO r_id="321687">
<source m_id="102"/>
<target m_id="193"/>
</REFERS_TO>
<REFERS_TO r_id="321688">
<source m_id="121"/>
<target m_id="192"/>
</REFERS_TO>
<REFERS_TO r_id="321689">
<source m_id="16"/>
<source m_id="13"/>
<target m_id="64"/>
</REFERS_TO>
<REFERS_TO r_id="321690">
<source m_id="71"/>
<target m_id="65"/>
</REFERS_TO>
<REFERS_TO r_id="321691">
<source m_id="204"/>
<source m_id="75"/>
<source m_id="19"/>
<source m_id="208"/>
<source m_id="209"/>
<source m_id="83"/>
<source m_id="85"/>
<source m_id="90"/>
<source m_id="17"/>
<source m_id="97"/>
<source m_id="109"/>
<source m_id="4"/>
<source m_id="113"/>
<source m_id="115"/>
<source m_id="119"/>
<source m_id="137"/>
<source m_id="142"/>
<source m_id="158"/>
<source m_id="159"/>
<source m_id="160"/>
<target m_id="179"/>
</REFERS_TO>
<REFERS_TO r_id="321692">
<source m_id="157"/>
<target m_id="178"/>
</REFERS_TO>
<REFERS_TO r_id="321693">
<source m_id="163"/>
<target m_id="177"/>
</REFERS_TO>
<REFERS_TO r_id="321694">
<source m_id="87"/>
<target m_id="176"/>
</REFERS_TO>
<REFERS_TO r_id="321695">
<source m_id="88"/>
<target m_id="175"/>
</REFERS_TO>
<REFERS_TO r_id="321696">
<source m_id="134"/>
<target m_id="174"/>
</REFERS_TO>
<REFERS_TO r_id="321697">
<source m_id="26"/>
<target m_id="173"/>
</REFERS_TO>
<REFERS_TO r_id="321698">
<source m_id="6"/>
<source m_id="5"/>
<target m_id="172"/>
</REFERS_TO>
<REFERS_TO r_id="321699">
<source m_id="156"/>
<target m_id="171"/>
</REFERS_TO>
<REFERS_TO r_id="321700">
<source m_id="24"/>
<target m_id="170"/>
</REFERS_TO>
<REFERS_TO r_id="321701">
<source m_id="155"/>
<target m_id="198"/>
</REFERS_TO>
<REFERS_TO r_id="321702">
<source m_id="30"/>
<target m_id="46"/>
</REFERS_TO>
<REFERS_TO r_id="321703">
<source m_id="72"/>
<target m_id="182"/>
</REFERS_TO>
<REFERS_TO r_id="321704">
<source m_id="21"/>
<source m_id="8"/>
<target m_id="183"/>
</REFERS_TO>
<REFERS_TO r_id="321705">
<source m_id="25"/>
<target m_id="180"/>
</REFERS_TO>
<REFERS_TO r_id="321706">
<source m_id="95"/>
<source m_id="103"/>
<source m_id="105"/>
<source m_id="139"/>
<source m_id="74"/>
<source m_id="80"/>
<target m_id="181"/>
</REFERS_TO>
<REFERS_TO r_id="321707">
<source m_id="29"/>
<target m_id="186"/>
</REFERS_TO>
<REFERS_TO r_id="321708">
<source m_id="149"/>
<target m_id="187"/>
</REFERS_TO>
<REFERS_TO r_id="321709">
<source m_id="23"/>
<source m_id="32"/>
<target m_id="184"/>
</REFERS_TO>
<REFERS_TO r_id="321710">
<source m_id="20"/>
<source m_id="10"/>
<source m_id="1"/>
<source m_id="2"/>
<target m_id="185"/>
</REFERS_TO>
<REFERS_TO r_id="321711">
<source m_id="202"/>
<target m_id="188"/>
</REFERS_TO>
<REFERS_TO r_id="321712">
<source m_id="28"/>
<target m_id="189"/>
</REFERS_TO>
<REFERS_TO r_id="321713">
<source m_id="9"/>
<target m_id="201"/>
</REFERS_TO>
<REFERS_TO r_id="321714">
<source m_id="117"/>
<source m_id="118"/>
<target m_id="200"/>
</REFERS_TO>
<REFERS_TO r_id="321715">
<source m_id="22"/>
<target m_id="168"/>
</REFERS_TO>
<REFERS_TO r_id="321716">
<source m_id="203"/>
<source m_id="205"/>
<source m_id="18"/>
<source m_id="207"/>
<source m_id="86"/>
<source m_id="91"/>
<source m_id="98"/>
<source m_id="108"/>
<source m_id="120"/>
<source m_id="14"/>
<source m_id="150"/>
<target m_id="169"/>
</REFERS_TO>
<REFERS_TO r_id="321717">
<source m_id="31"/>
<target m_id="52"/>
</REFERS_TO>
</Relations>
</Document>