<?xml version="1.0" ?><Document doc_id="102977" doc_name="102977_Airbus_parent_EADS_wins_13_billion_UK_RAF_airtanker_contract" lang="en" url="http://en.wikinews.org/wiki/Airbus_parent_EADS_wins_£13_billion_UK_RAF_airtanker_contract">
<token number="0" sentence="0" t_id="1">Airbus</token>
<token number="1" sentence="0" t_id="2">parent</token>
<token number="2" sentence="0" t_id="3">EADS</token>
<token number="3" sentence="0" t_id="4">wins</token>
<token number="4" sentence="0" t_id="5">#</token>
<token number="5" sentence="0" t_id="6">13</token>
<token number="6" sentence="0" t_id="7">billion</token>
<token number="7" sentence="0" t_id="8">UK</token>
<token number="8" sentence="0" t_id="9">RAF</token>
<token number="9" sentence="0" t_id="10">airtanker</token>
<token number="10" sentence="0" t_id="11">contract</token>
<token number="11" sentence="1" t_id="12">March</token>
<token number="12" sentence="1" t_id="13">27</token>
<token number="13" sentence="1" t_id="14">,</token>
<token number="14" sentence="1" t_id="15">2008</token>
<token number="15" sentence="2" t_id="16">European</token>
<token number="16" sentence="2" t_id="17">Aeronautic</token>
<token number="17" sentence="2" t_id="18">Defence</token>
<token number="18" sentence="2" t_id="19">&amp;</token>
<token number="19" sentence="2" t_id="20">Space</token>
<token number="20" sentence="2" t_id="21">NV</token>
<token number="21" sentence="2" t_id="22">(</token>
<token number="22" sentence="2" t_id="23">EADS</token>
<token number="23" sentence="2" t_id="24">)</token>
<token number="24" sentence="2" t_id="25">,</token>
<token number="25" sentence="2" t_id="26">the</token>
<token number="26" sentence="2" t_id="27">parent</token>
<token number="27" sentence="2" t_id="28">company</token>
<token number="28" sentence="2" t_id="29">of</token>
<token number="29" sentence="2" t_id="30">European</token>
<token number="30" sentence="2" t_id="31">airframer</token>
<token number="31" sentence="2" t_id="32">Airbus</token>
<token number="32" sentence="2" t_id="33">,</token>
<token number="33" sentence="2" t_id="34">has</token>
<token number="34" sentence="2" t_id="35">won</token>
<token number="35" sentence="2" t_id="36">a</token>
<token number="36" sentence="2" t_id="37">#</token>
<token number="37" sentence="2" t_id="38">13</token>
<token number="38" sentence="2" t_id="39">billion</token>
<token number="39" sentence="2" t_id="40">contract</token>
<token number="40" sentence="2" t_id="41">to</token>
<token number="41" sentence="2" t_id="42">supply</token>
<token number="42" sentence="2" t_id="43">the</token>
<token number="43" sentence="2" t_id="44">United</token>
<token number="44" sentence="2" t_id="45">Kingdom</token>
<token number="45" sentence="2" t_id="46">'s</token>
<token number="46" sentence="2" t_id="47">Royal</token>
<token number="47" sentence="2" t_id="48">Air</token>
<token number="48" sentence="2" t_id="49">Force</token>
<token number="49" sentence="2" t_id="50">(</token>
<token number="50" sentence="2" t_id="51">RAF</token>
<token number="51" sentence="2" t_id="52">)</token>
<token number="52" sentence="2" t_id="53">with</token>
<token number="53" sentence="2" t_id="54">aerial</token>
<token number="54" sentence="2" t_id="55">refueling</token>
<token number="55" sentence="2" t_id="56">tankers</token>
<token number="56" sentence="2" t_id="57">to</token>
<token number="57" sentence="2" t_id="58">replace</token>
<token number="58" sentence="2" t_id="59">the</token>
<token number="59" sentence="2" t_id="60">nation</token>
<token number="60" sentence="2" t_id="61">'s</token>
<token number="61" sentence="2" t_id="62">current</token>
<token number="62" sentence="2" t_id="63">ageing</token>
<token number="63" sentence="2" t_id="64">fleet</token>
<token number="64" sentence="2" t_id="65">.</token>
<token number="65" sentence="3" t_id="66">AirTanker</token>
<token number="66" sentence="3" t_id="67">Ltd.</token>
<token number="67" sentence="3" t_id="68">,</token>
<token number="68" sentence="3" t_id="69">an</token>
<token number="69" sentence="3" t_id="70">EADS-led</token>
<token number="70" sentence="3" t_id="71">consortium</token>
<token number="71" sentence="3" t_id="72">,</token>
<token number="72" sentence="3" t_id="73">have</token>
<token number="73" sentence="3" t_id="74">signed</token>
<token number="74" sentence="3" t_id="75">a</token>
<token number="75" sentence="3" t_id="76">27-year</token>
<token number="76" sentence="3" t_id="77">contract</token>
<token number="77" sentence="3" t_id="78">with</token>
<token number="78" sentence="3" t_id="79">the</token>
<token number="79" sentence="3" t_id="80">Defense</token>
<token number="80" sentence="3" t_id="81">Ministry</token>
<token number="81" sentence="3" t_id="82">to</token>
<token number="82" sentence="3" t_id="83">supply</token>
<token number="83" sentence="3" t_id="84">14</token>
<token number="84" sentence="3" t_id="85">new</token>
<token number="85" sentence="3" t_id="86">Airbus</token>
<token number="86" sentence="3" t_id="87">A330-200</token>
<token number="87" sentence="3" t_id="88">passenger</token>
<token number="88" sentence="3" t_id="89">airliner</token>
<token number="89" sentence="3" t_id="90">converted</token>
<token number="90" sentence="3" t_id="91">for</token>
<token number="91" sentence="3" t_id="92">the</token>
<token number="92" sentence="3" t_id="93">task</token>
<token number="93" sentence="3" t_id="94">.</token>
<token number="94" sentence="4" t_id="95">They</token>
<token number="95" sentence="4" t_id="96">will</token>
<token number="96" sentence="4" t_id="97">be</token>
<token number="97" sentence="4" t_id="98">owned</token>
<token number="98" sentence="4" t_id="99">by</token>
<token number="99" sentence="4" t_id="100">AirTanker</token>
<token number="100" sentence="4" t_id="101">,</token>
<token number="101" sentence="4" t_id="102">who</token>
<token number="102" sentence="4" t_id="103">retains</token>
<token number="103" sentence="4" t_id="104">commercial</token>
<token number="104" sentence="4" t_id="105">leasing</token>
<token number="105" sentence="4" t_id="106">rights</token>
<token number="106" sentence="4" t_id="107">to</token>
<token number="107" sentence="4" t_id="108">five</token>
<token number="108" sentence="4" t_id="109">which</token>
<token number="109" sentence="4" t_id="110">can</token>
<token number="110" sentence="4" t_id="111">carry</token>
<token number="111" sentence="4" t_id="112">290</token>
<token number="112" sentence="4" t_id="113">passengers</token>
<token number="113" sentence="4" t_id="114">plus</token>
<token number="114" sentence="4" t_id="115">cargo</token>
<token number="115" sentence="4" t_id="116">,</token>
<token number="116" sentence="4" t_id="117">but</token>
<token number="117" sentence="4" t_id="118">will</token>
<token number="118" sentence="4" t_id="119">fly</token>
<token number="119" sentence="4" t_id="120">in</token>
<token number="120" sentence="4" t_id="121">RAF</token>
<token number="121" sentence="4" t_id="122">livery</token>
<token number="122" sentence="4" t_id="123">.</token>
<token number="123" sentence="5" t_id="124">They</token>
<token number="124" sentence="5" t_id="125">replace</token>
<token number="125" sentence="5" t_id="126">existing</token>
<token number="126" sentence="5" t_id="127">Lockheed</token>
<token number="127" sentence="5" t_id="128">Tristar</token>
<token number="128" sentence="5" t_id="129">and</token>
<token number="129" sentence="5" t_id="130">Vickers</token>
<token number="130" sentence="5" t_id="131">VC-10</token>
<token number="131" sentence="5" t_id="132">aircraft</token>
<token number="132" sentence="5" t_id="133">.</token>
<token number="133" sentence="6" t_id="134">The</token>
<token number="134" sentence="6" t_id="135">first</token>
<token number="135" sentence="6" t_id="136">aircraft</token>
<token number="136" sentence="6" t_id="137">will</token>
<token number="137" sentence="6" t_id="138">be</token>
<token number="138" sentence="6" t_id="139">in</token>
<token number="139" sentence="6" t_id="140">service</token>
<token number="140" sentence="6" t_id="141">by</token>
<token number="141" sentence="6" t_id="142">2011</token>
<token number="142" sentence="6" t_id="143">and</token>
<token number="143" sentence="6" t_id="144">all</token>
<token number="144" sentence="6" t_id="145">by</token>
<token number="145" sentence="6" t_id="146">2016</token>
<token number="146" sentence="6" t_id="147">.</token>
<token number="147" sentence="7" t_id="148">Rolls-Royce</token>
<token number="148" sentence="7" t_id="149">,</token>
<token number="149" sentence="7" t_id="150">part</token>
<token number="150" sentence="7" t_id="151">of</token>
<token number="151" sentence="7" t_id="152">the</token>
<token number="152" sentence="7" t_id="153">consortium</token>
<token number="153" sentence="7" t_id="154">,</token>
<token number="154" sentence="7" t_id="155">will</token>
<token number="155" sentence="7" t_id="156">supply</token>
<token number="156" sentence="7" t_id="157">engines</token>
<token number="157" sentence="7" t_id="158">.</token>
<token number="158" sentence="8" t_id="159">France</token>
<token number="159" sentence="8" t_id="160">'s</token>
<token number="160" sentence="8" t_id="161">Thales</token>
<token number="161" sentence="8" t_id="162">will</token>
<token number="162" sentence="8" t_id="163">supply</token>
<token number="163" sentence="8" t_id="164">electronics</token>
<token number="164" sentence="8" t_id="165">,</token>
<token number="165" sentence="8" t_id="166">Wimborne</token>
<token number="166" sentence="8" t_id="167">,</token>
<token number="167" sentence="8" t_id="168">UK</token>
<token number="168" sentence="8" t_id="169">'s</token>
<token number="169" sentence="8" t_id="170">Cobham</token>
<token number="170" sentence="8" t_id="171">will</token>
<token number="171" sentence="8" t_id="172">manufacture</token>
<token number="172" sentence="8" t_id="173">refueling</token>
<token number="173" sentence="8" t_id="174">equipment</token>
<token number="174" sentence="8" t_id="175">and</token>
<token number="175" sentence="8" t_id="176">Southampton</token>
<token number="176" sentence="8" t_id="177">,</token>
<token number="177" sentence="8" t_id="178">UK</token>
<token number="178" sentence="8" t_id="179">'s</token>
<token number="179" sentence="8" t_id="180">VT</token>
<token number="180" sentence="8" t_id="181">Group</token>
<token number="181" sentence="8" t_id="182">will</token>
<token number="182" sentence="8" t_id="183">provide</token>
<token number="183" sentence="8" t_id="184">service</token>
<token number="184" sentence="8" t_id="185">management</token>
<token number="185" sentence="8" t_id="186">.</token>
<token number="186" sentence="9" t_id="187">Last</token>
<token number="187" sentence="9" t_id="188">month</token>
<token number="188" sentence="9" t_id="189">,</token>
<token number="189" sentence="9" t_id="190">Northrop</token>
<token number="190" sentence="9" t_id="191">Grumman</token>
<token number="191" sentence="9" t_id="192">and</token>
<token number="192" sentence="9" t_id="193">EADS</token>
<token number="193" sentence="9" t_id="194">defeated</token>
<token number="194" sentence="9" t_id="195">Boeing</token>
<token number="195" sentence="9" t_id="196">to</token>
<token number="196" sentence="9" t_id="197">win</token>
<token number="197" sentence="9" t_id="198">a</token>
<token number="198" sentence="9" t_id="199">massive</token>
<token number="199" sentence="9" t_id="200">order</token>
<token number="200" sentence="9" t_id="201">for</token>
<token number="201" sentence="9" t_id="202">179</token>
<token number="202" sentence="9" t_id="203">tankers</token>
<token number="203" sentence="9" t_id="204">from</token>
<token number="204" sentence="9" t_id="205">the</token>
<token number="205" sentence="9" t_id="206">United</token>
<token number="206" sentence="9" t_id="207">States</token>
<token number="207" sentence="9" t_id="208">Air</token>
<token number="208" sentence="9" t_id="209">Force</token>
<token number="209" sentence="9" t_id="210">.</token>
<token number="210" sentence="10" t_id="211">Airbus</token>
<token number="211" sentence="10" t_id="212">has</token>
<token number="212" sentence="10" t_id="213">also</token>
<token number="213" sentence="10" t_id="214">inked</token>
<token number="214" sentence="10" t_id="215">recent</token>
<token number="215" sentence="10" t_id="216">deals</token>
<token number="216" sentence="10" t_id="217">with</token>
<token number="217" sentence="10" t_id="218">the</token>
<token number="218" sentence="10" t_id="219">Royal</token>
<token number="219" sentence="10" t_id="220">Australian</token>
<token number="220" sentence="10" t_id="221">Air</token>
<token number="221" sentence="10" t_id="222">Force</token>
<token number="222" sentence="10" t_id="223">,</token>
<token number="223" sentence="10" t_id="224">the</token>
<token number="224" sentence="10" t_id="225">Royal</token>
<token number="225" sentence="10" t_id="226">Saudi</token>
<token number="226" sentence="10" t_id="227">Air</token>
<token number="227" sentence="10" t_id="228">Force</token>
<token number="228" sentence="10" t_id="229">and</token>
<token number="229" sentence="10" t_id="230">the</token>
<token number="230" sentence="10" t_id="231">UAE</token>
<token number="231" sentence="10" t_id="232">Air</token>
<token number="232" sentence="10" t_id="233">Force</token>
<token number="233" sentence="10" t_id="234">.</token>
<Markables>
<ENTITY_MENTION comment="" head="" m_id="77" syntactic_type="PRE.NAM">
<token_anchor t_id="70"/>
</ENTITY_MENTION>
<ENTITY_MENTION comment="" head="" m_id="19" syntactic_type="">
<token_anchor t_id="36"/>
<token_anchor t_id="37"/>
<token_anchor t_id="38"/>
<token_anchor t_id="39"/>
<token_anchor t_id="40"/>
</ENTITY_MENTION>
<ENTITY_MENTION comment="" head="" m_id="78" syntactic_type="NAM">
<token_anchor t_id="66"/>
<token_anchor t_id="67"/>
<token_anchor t_id="68"/>
<token_anchor t_id="69"/>
<token_anchor t_id="70"/>
<token_anchor t_id="71"/>
</ENTITY_MENTION>
<ENTITY_MENTION comment="" head="" m_id="20" syntactic_type="NAM">
<token_anchor t_id="16"/>
<token_anchor t_id="17"/>
<token_anchor t_id="18"/>
<token_anchor t_id="19"/>
<token_anchor t_id="20"/>
<token_anchor t_id="21"/>
<token_anchor t_id="22"/>
<token_anchor t_id="23"/>
</ENTITY_MENTION>
<ENTITY_MENTION comment="" head="" m_id="79" syntactic_type="">
<token_anchor t_id="1"/>
<token_anchor t_id="2"/>
</ENTITY_MENTION>
<ENTITY_MENTION comment="" head="" m_id="21" syntactic_type="">
<token_anchor t_id="54"/>
<token_anchor t_id="55"/>
<token_anchor t_id="56"/>
</ENTITY_MENTION>
<ENTITY_MENTION comment="" head="" m_id="80" syntactic_type="NAM">
<token_anchor t_id="23"/>
</ENTITY_MENTION>
<ENTITY_MENTION comment="" head="" m_id="22" syntactic_type="NAM">
<token_anchor t_id="43"/>
<token_anchor t_id="44"/>
<token_anchor t_id="45"/>
<token_anchor t_id="46"/>
<token_anchor t_id="47"/>
<token_anchor t_id="48"/>
<token_anchor t_id="49"/>
<token_anchor t_id="50"/>
<token_anchor t_id="51"/>
</ENTITY_MENTION>
<ENTITY_MENTION comment="" head="" m_id="81" syntactic_type="NAM">
<token_anchor t_id="16"/>
<token_anchor t_id="17"/>
<token_anchor t_id="18"/>
<token_anchor t_id="19"/>
<token_anchor t_id="20"/>
<token_anchor t_id="21"/>
</ENTITY_MENTION>
<ENTITY_MENTION comment="" head="" m_id="23" syntactic_type="NAM">
<token_anchor t_id="44"/>
<token_anchor t_id="45"/>
</ENTITY_MENTION>
<ENTITY_MENTION comment="" head="" m_id="82" syntactic_type="NAM">
<token_anchor t_id="16"/>
<token_anchor t_id="17"/>
<token_anchor t_id="18"/>
<token_anchor t_id="19"/>
<token_anchor t_id="20"/>
<token_anchor t_id="21"/>
<token_anchor t_id="22"/>
<token_anchor t_id="23"/>
<token_anchor t_id="24"/>
<token_anchor t_id="25"/>
<token_anchor t_id="26"/>
<token_anchor t_id="27"/>
<token_anchor t_id="28"/>
<token_anchor t_id="29"/>
<token_anchor t_id="30"/>
<token_anchor t_id="31"/>
<token_anchor t_id="32"/>
</ENTITY_MENTION>
<ENTITY_MENTION comment="" head="" m_id="24" syntactic_type="NAM">
<token_anchor t_id="1"/>
<token_anchor t_id="2"/>
<token_anchor t_id="3"/>
</ENTITY_MENTION>
<ENTITY_MENTION comment="" head="" m_id="25" syntactic_type="">
<token_anchor t_id="59"/>
<token_anchor t_id="60"/>
</ENTITY_MENTION>
<ENTITY_MENTION comment="" head="" m_id="26" syntactic_type="NAM">
<token_anchor t_id="66"/>
<token_anchor t_id="67"/>
</ENTITY_MENTION>
<ENTITY_MENTION comment="" head="" m_id="27" syntactic_type="NAM">
<token_anchor t_id="8"/>
<token_anchor t_id="9"/>
</ENTITY_MENTION>
<ENTITY_MENTION comment="" head="" m_id="28" syntactic_type="">
<token_anchor t_id="69"/>
<token_anchor t_id="70"/>
<token_anchor t_id="71"/>
</ENTITY_MENTION>
<ENTITY_MENTION comment="" head="" m_id="29" syntactic_type="">
<token_anchor t_id="5"/>
<token_anchor t_id="6"/>
<token_anchor t_id="7"/>
<token_anchor t_id="8"/>
<token_anchor t_id="9"/>
<token_anchor t_id="10"/>
<token_anchor t_id="11"/>
</ENTITY_MENTION>
<ENTITY_MENTION comment="" head="" m_id="1" syntactic_type="">
<token_anchor t_id="75"/>
<token_anchor t_id="76"/>
<token_anchor t_id="77"/>
</ENTITY_MENTION>
<ENTITY_MENTION comment="" head="" m_id="2" syntactic_type="NAM">
<token_anchor t_id="79"/>
<token_anchor t_id="80"/>
<token_anchor t_id="81"/>
</ENTITY_MENTION>
<ENTITY_MENTION comment="" head="" m_id="3" syntactic_type="NAM">
<token_anchor t_id="8"/>
</ENTITY_MENTION>
<ENTITY_MENTION comment="" head="" m_id="4" syntactic_type="">
<token_anchor t_id="84"/>
<token_anchor t_id="85"/>
<token_anchor t_id="86"/>
<token_anchor t_id="87"/>
<token_anchor t_id="88"/>
<token_anchor t_id="89"/>
</ENTITY_MENTION>
<ENTITY_MENTION comment="" head="" m_id="5" syntactic_type="NAM">
<token_anchor t_id="30"/>
<token_anchor t_id="31"/>
<token_anchor t_id="32"/>
</ENTITY_MENTION>
<ENTITY_MENTION comment="" head="" m_id="6" syntactic_type="">
<token_anchor t_id="95"/>
</ENTITY_MENTION>
<ENTITY_MENTION comment="" head="" m_id="7" syntactic_type="NAM">
<token_anchor t_id="1"/>
</ENTITY_MENTION>
<ENTITY_MENTION comment="" head="" m_id="8" syntactic_type="NAM">
<token_anchor t_id="100"/>
</ENTITY_MENTION>
<ENTITY_MENTION comment="" head="" m_id="9" syntactic_type="">
<token_anchor t_id="86"/>
<token_anchor t_id="87"/>
<token_anchor t_id="88"/>
<token_anchor t_id="89"/>
</ENTITY_MENTION>
<ENTITY_MENTION comment="" head="" m_id="10" syntactic_type="">
<token_anchor t_id="102"/>
</ENTITY_MENTION>
<ENTITY_MENTION comment="" head="" m_id="11" syntactic_type="">
<token_anchor t_id="112"/>
<token_anchor t_id="113"/>
<token_anchor t_id="114"/>
<token_anchor t_id="115"/>
</ENTITY_MENTION>
<ENTITY_MENTION comment="" head="" m_id="12" syntactic_type="NAM">
<token_anchor t_id="121"/>
</ENTITY_MENTION>
<ENTITY_MENTION comment="" head="" m_id="13" syntactic_type="">
<token_anchor t_id="104"/>
<token_anchor t_id="105"/>
<token_anchor t_id="106"/>
</ENTITY_MENTION>
<ENTITY_MENTION comment="" head="" m_id="14" syntactic_type="">
<token_anchor t_id="109"/>
</ENTITY_MENTION>
<ENTITY_MENTION comment="" head="" m_id="15" syntactic_type="">
<token_anchor t_id="124"/>
</ENTITY_MENTION>
<ENTITY_MENTION comment="" head="" m_id="16" syntactic_type="">
<token_anchor t_id="126"/>
<token_anchor t_id="127"/>
<token_anchor t_id="128"/>
<token_anchor t_id="129"/>
<token_anchor t_id="130"/>
<token_anchor t_id="131"/>
<token_anchor t_id="132"/>
</ENTITY_MENTION>
<ENTITY_MENTION comment="" head="" m_id="17" syntactic_type="">
<token_anchor t_id="26"/>
<token_anchor t_id="27"/>
<token_anchor t_id="28"/>
<token_anchor t_id="29"/>
<token_anchor t_id="30"/>
<token_anchor t_id="31"/>
<token_anchor t_id="32"/>
</ENTITY_MENTION>
<ENTITY_MENTION comment="" head="" m_id="76" syntactic_type="NAM">
<token_anchor t_id="3"/>
</ENTITY_MENTION>
<ENTITY_MENTION comment="" head="" m_id="18" syntactic_type="">
<token_anchor t_id="59"/>
<token_anchor t_id="60"/>
<token_anchor t_id="61"/>
<token_anchor t_id="62"/>
<token_anchor t_id="63"/>
<token_anchor t_id="64"/>
</ENTITY_MENTION>
<EVENT_MENTION aspect="NONE" certainty="CERTAIN" comment="" m_id="30" modality="" polarity="POS" pos="VERB" pred="win" special_cases="NONE" tense="PRESENT" time="NON_FUTURE">
<token_anchor t_id="4"/>
</EVENT_MENTION>
<EVENT_MENTION aspect="PERFECTIVE" certainty="CERTAIN" comment="" m_id="31" modality="" polarity="POS" pos="VERB" pred="win" special_cases="NONE" tense="PRESENT" time="NON_FUTURE">
<token_anchor t_id="35"/>
</EVENT_MENTION>
<EVENT_MENTION aspect="NONE" certainty="CERTAIN" comment="" m_id="32" modality="" polarity="POS" pos="VERB" pred="supply" special_cases="NONE" tense="INFINITIVE" time="FUTURE">
<token_anchor t_id="42"/>
</EVENT_MENTION>
<EVENT_MENTION aspect="NONE" certainty="CERTAIN" comment="" m_id="33" modality="" polarity="POS" pos="VERB" pred="replace" special_cases="NONE" tense="INFINITIVE" time="FUTURE">
<token_anchor t_id="58"/>
</EVENT_MENTION>
<EVENT_MENTION aspect="PERFECTIVE" certainty="CERTAIN" comment="" m_id="34" modality="" polarity="POS" pos="VERB" pred="sign" special_cases="NONE" tense="PRESENT" time="NON_FUTURE">
<token_anchor t_id="74"/>
</EVENT_MENTION>
<EVENT_MENTION aspect="NONE" certainty="CERTAIN" comment="" m_id="35" modality="" polarity="POS" pos="VERB" pred="supply" special_cases="NONE" tense="INFINITIVE" time="FUTURE">
<token_anchor t_id="83"/>
</EVENT_MENTION>
<EVENT_MENTION aspect="NONE" certainty="CERTAIN" comment="" m_id="36" modality="" polarity="POS" pos="VERB" pred="convert" special_cases="NONE" tense="PAST" time="FUTURE">
<token_anchor t_id="90"/>
</EVENT_MENTION>
<EVENT_MENTION aspect="NONE" certainty="CERTAIN" comment="" m_id="37" modality="" polarity="POS" pos="NOUN" pred="task" special_cases="NONE" tense="NONE" time="FUTURE">
<token_anchor t_id="93"/>
</EVENT_MENTION>
<EVENT_MENTION aspect="NONE" certainty="CERTAIN" comment="" m_id="38" modality="" polarity="POS" pos="VERB" pred="own" special_cases="NONE" tense="FUTURE" time="FUTURE">
<token_anchor t_id="98"/>
</EVENT_MENTION>
<EVENT_MENTION aspect="NONE" certainty="CERTAIN" comment="" m_id="39" modality="" polarity="POS" pos="VERB" pred="retain" special_cases="NONE" tense="PRESENT" time="NON_FUTURE">
<token_anchor t_id="103"/>
</EVENT_MENTION>
<EVENT_MENTION aspect="NONE" certainty="CERTAIN" comment="" m_id="40" modality="can" polarity="POS" pos="VERB" pred="carry" special_cases="NONE" tense="NONE" time="NON_FUTURE">
<token_anchor t_id="111"/>
</EVENT_MENTION>
<EVENT_MENTION aspect="NONE" certainty="CERTAIN" comment="" m_id="41" modality="" polarity="POS" pos="VERB" pred="fly" special_cases="NONE" tense="FUTURE" time="FUTURE">
<token_anchor t_id="119"/>
</EVENT_MENTION>
<EVENT_MENTION aspect="NONE" certainty="CERTAIN" comment="" m_id="42" modality="" polarity="POS" pos="VERB" pred="replace" special_cases="NONE" tense="PRESENT" time="FUTURE">
<token_anchor t_id="125"/>
</EVENT_MENTION>
<TIMEX3 anchorTimeID="43" beginPoint="" comment="" endPoint="" functionInDocument="CREATION_TIME" m_id="43" type="DATE" value="2008-03-27">
<token_anchor t_id="12"/>
<token_anchor t_id="13"/>
<token_anchor t_id="14"/>
<token_anchor t_id="15"/>
</TIMEX3>
<TIMEX3 anchorTimeID="" beginPoint="" comment="" endPoint="" functionInDocument="NONE" m_id="44" type="DURATION" value="P27Y">
<token_anchor t_id="76"/>
</TIMEX3>
<VALUE comment="" m_id="45" type="QUANTITY">
<token_anchor t_id="108"/>
</VALUE>
<VALUE comment="" m_id="46" type="MONEY">
<token_anchor t_id="37"/>
<token_anchor t_id="38"/>
<token_anchor t_id="39"/>
</VALUE>
<VALUE comment="" m_id="47" type="QUANTITY">
<token_anchor t_id="84"/>
</VALUE>
<VALUE comment="" m_id="48" type="QUANTITY">
<token_anchor t_id="112"/>
</VALUE>
<VALUE comment="" m_id="49" type="MONEY">
<token_anchor t_id="5"/>
<token_anchor t_id="6"/>
<token_anchor t_id="7"/>
</VALUE>
<EVENT_MENTION m_id="155">
  <token_anchor t_id="194"/>
</EVENT_MENTION>
<EVENT_MENTION m_id="156">
  <token_anchor t_id="197"/>
</EVENT_MENTION>
<EVENT_MENTION m_id="103">
  <token_anchor t_id="216"/>
</EVENT_MENTION>
<EVENT_MENTION m_id="105">
  <token_anchor t_id="214"/>
</EVENT_MENTION>
<ENTITY_MENTION m_id="157">
  <token_anchor t_id="195"/>
</ENTITY_MENTION>
<ENTITY_MENTION m_id="84">
  <token_anchor t_id="193"/>
</ENTITY_MENTION>
<ENTITY_MENTION m_id="100">
  <token_anchor t_id="211"/>
</ENTITY_MENTION>
<ENTITY_MENTION m_id="106">
  <token_anchor t_id="205"/>
  <token_anchor t_id="206"/>
  <token_anchor t_id="207"/>
  <token_anchor t_id="208"/>
  <token_anchor t_id="209"/>
</ENTITY_MENTION>
<ENTITY_MENTION m_id="122">
  <token_anchor t_id="190"/>
  <token_anchor t_id="191"/>
</ENTITY_MENTION>
<EVENT TAG_DESCRIPTOR="supply VUA" class="OTHER" instance_id="OTH40005857246651725" m_id="135"/>
<EVENT TAG_DESCRIPTOR="carry" class="OTHER" comment="" external_ref="" m_id="57"/>
<EVENT TAG_DESCRIPTOR="win VUA" class="OTHER" instance_id="OTH40006305262701208" m_id="134"/>
<EVENT TAG_DESCRIPTOR="retain VUA" class="OTHER" instance_id="OTH40005553506015286" m_id="130"/>
<EVENT TAG_DESCRIPTOR="sign VUA" class="OTHER" instance_id="OTH40005672052981865" m_id="126"/>
<EVENT TAG_DESCRIPTOR="replace VUA" class="OTHER" instance_id="OTH40005311992439132" m_id="149"/>
<EVENT TAG_DESCRIPTOR="own VUA" class="OTHER" instance_id="OTH40005147025261087" m_id="148"/>
<EVENT TAG_DESCRIPTOR="convert VUA" class="OTHER" instance_id="OTH40004835772610870" m_id="147"/>
<EVENT TAG_DESCRIPTOR="deal VUA" class="OTHER" instance_id="OTH40007770120739365" m_id="145"/>
<EVENT TAG_DESCRIPTOR="ink VUA" class="OTHER" instance_id="OTH40007599217471569" m_id="144"/>
<EVENT TAG_DESCRIPTOR="defeat VUA" class="OTHER" instance_id="OTH40007248568632246" m_id="143"/>
<EVENT TAG_DESCRIPTOR="fly VUA" class="OTHER" instance_id="OTH40004984807990885" m_id="142"/>
<EVENT TAG_DESCRIPTOR="task VUA" class="OTHER" instance_id="OTH40006208683962774" m_id="140"/>
<ENTITY TAG_DESCRIPTOR="Airbus" ent_type="ORG" external_ref="http://dbpedia.org/page/Airbus" instance_id="ORG37154719430036883" m_id="139"/>
<ENTITY TAG_DESCRIPTOR="290 passengers (and cargo)" ent_type="PER" instance_id="PER39496792882268706" m_id="138"/>
<ENTITY TAG_DESCRIPTOR="13 billion contract" ent_type="FIN" instance_id="FIN39496666069037044" m_id="137"/>
<ENTITY TAG_DESCRIPTOR="Boeing" ent_type="ORG" external_ref="http://dbpedia.org/page/Boeing" instance_id="ORG37154719725500990" m_id="136"/>
<ENTITY TAG_DESCRIPTOR="Current Fleet" ent_type="PRO" instance_id="PRO39497012900575606" m_id="133"/>
<ENTITY TAG_DESCRIPTOR="14 new Airbus Airliners" ent_type="PRO" instance_id="PRO39496888809299967" m_id="132"/>
<ENTITY TAG_DESCRIPTOR="United Kingdom" ent_type="LOC" external_ref="http://dbpedia.org/resource/United_Kingdom" instance_id="LOC27735930596276101" m_id="131"/>
<ENTITY TAG_DESCRIPTOR="Royal Air Force (RAF)" ent_type="ORG" external_ref="http://dbpedia.org/page/Royal_Air_Force" instance_id="ORG27980706426123893" m_id="129"/>
<ENTITY TAG_DESCRIPTOR="Northrop Grumman" ent_type="ORG" external_ref="http://dbpedia.org/page/Northrop_Grumman" instance_id="ORG37154720130514282" m_id="128"/>
<ENTITY TAG_DESCRIPTOR="Aerial refueling tankers" ent_type="PRO" instance_id="PRO39496959734511487" m_id="127"/>
<ENTITY TAG_DESCRIPTOR="5 aircrafts" ent_type="PRO" instance_id="PRO39497061166580768" m_id="154"/>
<ENTITY TAG_DESCRIPTOR="Commercial leasing rights" ent_type="FIN" instance_id="FIN39496703588597410" m_id="153"/>
<ENTITY TAG_DESCRIPTOR="AirTanker Services" ent_type="ORG" external_ref="http://dbpedia.org/page/AirTanker_Services" instance_id="ORG27980583346961956" m_id="152"/>
<ENTITY TAG_DESCRIPTOR="Airbus A330 aircraft" ent_type="PRO" external_ref="http://dbpedia.org/resource/Airbus_A330" instance_id="PRO27734585369430948" m_id="151"/>
<ENTITY TAG_DESCRIPTOR="USAF" ent_type="ORG" external_ref="http://dbpedia.org/page/United_States_Air_Force" instance_id="ORG37154720392556611" m_id="150"/>
<ENTITY TAG_DESCRIPTOR="EADS" ent_type="ORG" external_ref="http://dbpedia.org/page/Airbus_Group" instance_id="ORG37154720003835631" m_id="146"/>
<ENTITY TAG_DESCRIPTOR="Ministry of Defence (UK)" ent_type="ORG" external_ref="http://dbpedia.org/page/Ministry_of_Defence_(United_Kingdom)" instance_id="ORG27980417931232897" m_id="141"/>
</Markables>
<Relations>
<HAS_PARTICIPANT comment="" frame="" frame_element="" r_id="246081" sem_role="Arg0" sem_role_framework="PROPBANK">
<source m_id="31"/>
<target m_id="20"/>
</HAS_PARTICIPANT>
<HAS_PARTICIPANT comment="" frame="" frame_element="" r_id="246082" sem_role="Arg1" sem_role_framework="PROPBANK">
<source m_id="31"/>
<target m_id="19"/>
</HAS_PARTICIPANT>
<HAS_PARTICIPANT comment="" frame="" frame_element="" r_id="246083" sem_role="Arg0" sem_role_framework="PROPBANK">
<source m_id="32"/>
<target m_id="20"/>
</HAS_PARTICIPANT>
<HAS_PARTICIPANT comment="" frame="" frame_element="" r_id="246084" sem_role="Arg1" sem_role_framework="PROPBANK">
<source m_id="32"/>
<target m_id="21"/>
</HAS_PARTICIPANT>
<HAS_PARTICIPANT comment="" frame="" frame_element="" r_id="246085" sem_role="Arg2" sem_role_framework="PROPBANK">
<source m_id="32"/>
<target m_id="22"/>
</HAS_PARTICIPANT>
<HAS_PARTICIPANT comment="" frame="" frame_element="" r_id="246086" sem_role="Arg1" sem_role_framework="PROPBANK">
<source m_id="33"/>
<target m_id="18"/>
</HAS_PARTICIPANT>
<HAS_PARTICIPANT comment="" frame="" frame_element="" r_id="246087" sem_role="Arg0" sem_role_framework="PROPBANK">
<source m_id="33"/>
<target m_id="20"/>
</HAS_PARTICIPANT>
<HAS_PARTICIPANT comment="" frame="" frame_element="" r_id="246088" sem_role="Arg2" sem_role_framework="PROPBANK">
<source m_id="33"/>
<target m_id="21"/>
</HAS_PARTICIPANT>
<HAS_PARTICIPANT comment="" frame="" frame_element="" r_id="246089" sem_role="Arg0" sem_role_framework="PROPBANK">
<source m_id="34"/>
<target m_id="26"/>
</HAS_PARTICIPANT>
<HAS_PARTICIPANT comment="" frame="" frame_element="" r_id="246090" sem_role="Arg1" sem_role_framework="PROPBANK">
<source m_id="34"/>
<target m_id="1"/>
</HAS_PARTICIPANT>
<HAS_PARTICIPANT comment="" frame="" frame_element="" r_id="246091" sem_role="Arg2" sem_role_framework="PROPBANK">
<source m_id="34"/>
<target m_id="2"/>
</HAS_PARTICIPANT>
<HAS_PARTICIPANT comment="" frame="" frame_element="" r_id="246092" sem_role="Arg0" sem_role_framework="PROPBANK">
<source m_id="35"/>
<target m_id="26"/>
</HAS_PARTICIPANT>
<HAS_PARTICIPANT comment="" frame="" frame_element="" r_id="246093" sem_role="Arg1" sem_role_framework="PROPBANK">
<source m_id="35"/>
<target m_id="4"/>
</HAS_PARTICIPANT>
<HAS_PARTICIPANT comment="" frame="" frame_element="" r_id="246094" sem_role="Arg2" sem_role_framework="PROPBANK">
<source m_id="35"/>
<target m_id="2"/>
</HAS_PARTICIPANT>
<HAS_PARTICIPANT comment="" frame="" frame_element="" r_id="246095" sem_role="Arg1" sem_role_framework="PROPBANK">
<source m_id="36"/>
<target m_id="4"/>
</HAS_PARTICIPANT>
<HAS_PARTICIPANT comment="" frame="" frame_element="" r_id="246096" sem_role="Arg0" sem_role_framework="PROPBANK">
<source m_id="37"/>
<target m_id="2"/>
</HAS_PARTICIPANT>
<HAS_PARTICIPANT comment="" frame="" frame_element="" r_id="246097" sem_role="Arg2" sem_role_framework="PROPBANK">
<source m_id="37"/>
<target m_id="26"/>
</HAS_PARTICIPANT>
<HAS_PARTICIPANT comment="" frame="" frame_element="" r_id="246098" sem_role="Arg1" sem_role_framework="PROPBANK">
<source m_id="38"/>
<target m_id="6"/>
</HAS_PARTICIPANT>
<HAS_PARTICIPANT comment="" frame="" frame_element="" r_id="246099" sem_role="Arg0" sem_role_framework="PROPBANK">
<source m_id="38"/>
<target m_id="8"/>
</HAS_PARTICIPANT>
<HAS_PARTICIPANT comment="" frame="" frame_element="" r_id="246100" sem_role="Arg0" sem_role_framework="PROPBANK">
<source m_id="39"/>
<target m_id="10"/>
</HAS_PARTICIPANT>
<HAS_PARTICIPANT comment="" frame="" frame_element="" r_id="246101" sem_role="Arg1" sem_role_framework="PROPBANK">
<source m_id="39"/>
<target m_id="13"/>
</HAS_PARTICIPANT>
<HAS_PARTICIPANT comment="" frame="" frame_element="" r_id="246102" sem_role="Arg0" sem_role_framework="PROPBANK">
<source m_id="40"/>
<target m_id="14"/>
</HAS_PARTICIPANT>
<HAS_PARTICIPANT comment="" frame="" frame_element="" r_id="246103" sem_role="Arg1" sem_role_framework="PROPBANK">
<source m_id="40"/>
<target m_id="11"/>
</HAS_PARTICIPANT>
<HAS_PARTICIPANT comment="" frame="" frame_element="" r_id="246104" sem_role="Arg0" sem_role_framework="PROPBANK">
<source m_id="41"/>
<target m_id="14"/>
</HAS_PARTICIPANT>
<HAS_PARTICIPANT comment="" frame="" frame_element="" r_id="246105" sem_role="Arg1" sem_role_framework="PROPBANK">
<source m_id="42"/>
<target m_id="16"/>
</HAS_PARTICIPANT>
<HAS_PARTICIPANT comment="" frame="" frame_element="" r_id="246106" sem_role="Arg2" sem_role_framework="PROPBANK">
<source m_id="42"/>
<target m_id="15"/>
</HAS_PARTICIPANT>
<TLINK comment="" r_id="246107" reltype="INCLUDES" signalID="">
<source m_id="43"/>
<target m_id="31"/>
</TLINK>
<TLINK comment="" r_id="246108" reltype="BEFORE" signalID="">
<source m_id="31"/>
<target m_id="32"/>
</TLINK>
<TLINK comment="" r_id="246109" reltype="BEFORE" signalID="">
<source m_id="31"/>
<target m_id="33"/>
</TLINK>
<TLINK comment="" r_id="246110" reltype="INCLUDES" signalID="">
<source m_id="43"/>
<target m_id="34"/>
</TLINK>
<TLINK comment="" r_id="246111" reltype="BEFORE" signalID="">
<source m_id="34"/>
<target m_id="35"/>
</TLINK>
<TLINK comment="" r_id="246112" reltype="AFTER" signalID="">
<source m_id="35"/>
<target m_id="36"/>
</TLINK>
<TLINK comment="" r_id="246113" reltype="IS_INCLUDED" signalID="">
<source m_id="36"/>
<target m_id="37"/>
</TLINK>
<TLINK comment="" r_id="246114" reltype="BEFORE" signalID="">
<source m_id="43"/>
<target m_id="38"/>
</TLINK>
<TLINK comment="" r_id="246115" reltype="SIMULTANEOUS" signalID="">
<source m_id="38"/>
<target m_id="41"/>
</TLINK>
<TLINK comment="" r_id="246116" reltype="SIMULTANEOUS" signalID="">
<source m_id="39"/>
<target m_id="40"/>
</TLINK>
<TLINK comment="" r_id="246117" reltype="BEFORE" signalID="">
<source m_id="43"/>
<target m_id="42"/>
</TLINK>
<HAS_PARTICIPANT comment="" frame="" frame_element="" r_id="246123" sem_role="Arg0" sem_role_framework="PROPBANK">
<source m_id="30"/>
<target m_id="24"/>
</HAS_PARTICIPANT>
<HAS_PARTICIPANT comment="" frame="" frame_element="" r_id="246124" sem_role="Arg1" sem_role_framework="PROPBANK">
<source m_id="30"/>
<target m_id="29"/>
</HAS_PARTICIPANT>





























<REFERS_TO r_id="161934">
<source m_id="9"/>
<target m_id="151"/>
</REFERS_TO>
<REFERS_TO r_id="161935">
<source m_id="106"/>
<target m_id="150"/>
</REFERS_TO>
<REFERS_TO r_id="161936">
<source m_id="13"/>
<target m_id="153"/>
</REFERS_TO>
<REFERS_TO r_id="161937">
<source m_id="26"/>
<source m_id="10"/>
<source m_id="8"/>
<source m_id="78"/>
<source m_id="28"/>
<target m_id="152"/>
</REFERS_TO>
<REFERS_TO r_id="161938">
<source m_id="14"/>
<target m_id="154"/>
</REFERS_TO>
<REFERS_TO r_id="161939">
<source m_id="16"/>
<source m_id="18"/>
<target m_id="133"/>
</REFERS_TO>
<REFERS_TO r_id="161940">
<source m_id="15"/>
<source m_id="4"/>
<source m_id="6"/>
<target m_id="132"/>
</REFERS_TO>
<REFERS_TO r_id="161941">
<source m_id="23"/>
<source m_id="3"/>
<source m_id="25"/>
<target m_id="131"/>
</REFERS_TO>
<REFERS_TO r_id="161942">
<source m_id="39"/>
<target m_id="130"/>
</REFERS_TO>
<REFERS_TO r_id="161943">
<source m_id="1"/>
<source m_id="19"/>
<source m_id="29"/>
<target m_id="137"/>
</REFERS_TO>
<REFERS_TO r_id="161944">
<source m_id="157"/>
<target m_id="136"/>
</REFERS_TO>
<REFERS_TO r_id="161945">
<source m_id="32"/>
<source m_id="35"/>
<target m_id="135"/>
</REFERS_TO>
<REFERS_TO r_id="161946">
<source m_id="31"/>
<source m_id="156"/>
<source m_id="30"/>
<target m_id="134"/>
</REFERS_TO>
<REFERS_TO r_id="161947">
<source m_id="7"/>
<source m_id="100"/>
<source m_id="5"/>
<target m_id="139"/>
</REFERS_TO>
<REFERS_TO r_id="161948">
<source m_id="11"/>
<target m_id="138"/>
</REFERS_TO>
<REFERS_TO r_id="161949">
<source m_id="84"/>
<source m_id="77"/>
<source m_id="17"/>
<source m_id="24"/>
<source m_id="20"/>
<source m_id="76"/>
<source m_id="79"/>
<target m_id="146"/>
</REFERS_TO>
<REFERS_TO r_id="161950">
<source m_id="36"/>
<target m_id="147"/>
</REFERS_TO>
<REFERS_TO r_id="161951">
<source m_id="105"/>
<target m_id="144"/>
</REFERS_TO>
<REFERS_TO r_id="161952">
<source m_id="103"/>
<target m_id="145"/>
</REFERS_TO>
<REFERS_TO r_id="161953">
<source m_id="41"/>
<target m_id="142"/>
</REFERS_TO>
<REFERS_TO r_id="161954">
<source m_id="155"/>
<target m_id="143"/>
</REFERS_TO>
<REFERS_TO r_id="161955">
<source m_id="37"/>
<target m_id="140"/>
</REFERS_TO>
<REFERS_TO r_id="161956">
<source m_id="2"/>
<target m_id="141"/>
</REFERS_TO>
<REFERS_TO r_id="161957">
<source m_id="38"/>
<target m_id="148"/>
</REFERS_TO>
<REFERS_TO r_id="161958">
<source m_id="42"/>
<source m_id="33"/>
<target m_id="149"/>
</REFERS_TO>
<REFERS_TO r_id="161959">
<source m_id="34"/>
<target m_id="126"/>
</REFERS_TO>
<REFERS_TO r_id="161960">
<source m_id="21"/>
<target m_id="127"/>
</REFERS_TO>
<REFERS_TO r_id="161961">
<source m_id="122"/>
<target m_id="128"/>
</REFERS_TO>
<REFERS_TO r_id="161962">
<source m_id="22"/>
<source m_id="27"/>
<source m_id="12"/>
<target m_id="129"/>
</REFERS_TO>
<REFERS_TO r_id="161963">
<source m_id="40"/>
<target m_id="57"/>
</REFERS_TO>
</Relations>
</Document>