<?xml version="1.0" ?><Document doc_id="11716" doc_name="11716_Airbus_wins_Qatar_Airways_order_worth_15bn" lang="en" url="http://en.wikinews.org/wiki/Airbus_wins_Qatar_Airways_order_worth_$15bn">
<token number="0" sentence="0" t_id="1">Airbus</token>
<token number="1" sentence="0" t_id="2">wins</token>
<token number="2" sentence="0" t_id="3">Qatar</token>
<token number="3" sentence="0" t_id="4">Airways</token>
<token number="4" sentence="0" t_id="5">order</token>
<token number="5" sentence="0" t_id="6">worth</token>
<token number="6" sentence="0" t_id="7">$</token>
<token number="7" sentence="0" t_id="8">15bn</token>
<token number="8" sentence="1" t_id="9">June</token>
<token number="9" sentence="1" t_id="10">13</token>
<token number="10" sentence="1" t_id="11">,</token>
<token number="11" sentence="1" t_id="12">2005</token>
<token number="12" sentence="2" t_id="13">European</token>
<token number="13" sentence="2" t_id="14">aircraft</token>
<token number="14" sentence="2" t_id="15">manufacturer</token>
<token number="15" sentence="2" t_id="16">,</token>
<token number="16" sentence="2" t_id="17">Airbus</token>
<token number="17" sentence="2" t_id="18">,</token>
<token number="18" sentence="2" t_id="19">has</token>
<token number="19" sentence="2" t_id="20">won</token>
<token number="20" sentence="2" t_id="21">an</token>
<token number="21" sentence="2" t_id="22">order</token>
<token number="22" sentence="2" t_id="23">from</token>
<token number="23" sentence="2" t_id="24">Qatar</token>
<token number="24" sentence="2" t_id="25">Airways</token>
<token number="25" sentence="2" t_id="26">for</token>
<token number="26" sentence="2" t_id="27">up</token>
<token number="27" sentence="2" t_id="28">to</token>
<token number="28" sentence="2" t_id="29">60</token>
<token number="29" sentence="2" t_id="30">of</token>
<token number="30" sentence="2" t_id="31">its</token>
<token number="31" sentence="2" t_id="32">new</token>
<token number="32" sentence="2" t_id="33">mid-sized</token>
<token number="33" sentence="2" t_id="34">A350</token>
<token number="34" sentence="2" t_id="35">jets</token>
<token number="35" sentence="2" t_id="36">.</token>
<token number="36" sentence="3" t_id="37">The</token>
<token number="37" sentence="3" t_id="38">order</token>
<token number="38" sentence="3" t_id="39">,</token>
<token number="39" sentence="3" t_id="40">which</token>
<token number="40" sentence="3" t_id="41">is</token>
<token number="41" sentence="3" t_id="42">believed</token>
<token number="42" sentence="3" t_id="43">to</token>
<token number="43" sentence="3" t_id="44">be</token>
<token number="44" sentence="3" t_id="45">worth</token>
<token number="45" sentence="3" t_id="46">$</token>
<token number="46" sentence="3" t_id="47">15</token>
<token number="47" sentence="3" t_id="48">billion</token>
<token number="48" sentence="3" t_id="49">,</token>
<token number="49" sentence="3" t_id="50">has</token>
<token number="50" sentence="3" t_id="51">given</token>
<token number="51" sentence="3" t_id="52">a</token>
<token number="52" sentence="3" t_id="53">boost</token>
<token number="53" sentence="3" t_id="54">to</token>
<token number="54" sentence="3" t_id="55">an</token>
<token number="55" sentence="3" t_id="56">otherwise</token>
<token number="56" sentence="3" t_id="57">disappointing</token>
<token number="57" sentence="3" t_id="58">Paris</token>
<token number="58" sentence="3" t_id="59">Air</token>
<token number="59" sentence="3" t_id="60">Show</token>
<token number="60" sentence="3" t_id="61">,</token>
<token number="61" sentence="3" t_id="62">which</token>
<token number="62" sentence="3" t_id="63">had</token>
<token number="63" sentence="3" t_id="64">been</token>
<token number="64" sentence="3" t_id="65">dominated</token>
<token number="65" sentence="3" t_id="66">by</token>
<token number="66" sentence="3" t_id="67">a</token>
<token number="67" sentence="3" t_id="68">state</token>
<token number="68" sentence="3" t_id="69">aid</token>
<token number="69" sentence="3" t_id="70">dispute</token>
<token number="70" sentence="3" t_id="71">between</token>
<token number="71" sentence="3" t_id="72">Airbus</token>
<token number="72" sentence="3" t_id="73">and</token>
<token number="73" sentence="3" t_id="74">Boeing</token>
<token number="74" sentence="3" t_id="75">.</token>
<token number="75" sentence="4" t_id="76">Qatar</token>
<token number="76" sentence="4" t_id="77">Airways</token>
<token number="77" sentence="4" t_id="78">,</token>
<token number="78" sentence="4" t_id="79">which</token>
<token number="79" sentence="4" t_id="80">choose</token>
<token number="80" sentence="4" t_id="81">the</token>
<token number="81" sentence="4" t_id="82">Airbus</token>
<token number="82" sentence="4" t_id="83">A350</token>
<token number="83" sentence="4" t_id="84">over</token>
<token number="84" sentence="4" t_id="85">Boeing</token>
<token number="85" sentence="4" t_id="86">'s</token>
<token number="86" sentence="4" t_id="87">787</token>
<token number="87" sentence="4" t_id="88">,</token>
<token number="88" sentence="4" t_id="89">will</token>
<token number="89" sentence="4" t_id="90">also</token>
<token number="90" sentence="4" t_id="91">purchase</token>
<token number="91" sentence="4" t_id="92">20</token>
<token number="92" sentence="4" t_id="93">of</token>
<token number="93" sentence="4" t_id="94">Boeing</token>
<token number="94" sentence="4" t_id="95">'s</token>
<token number="95" sentence="4" t_id="96">larger</token>
<token number="96" sentence="4" t_id="97">777</token>
<token number="97" sentence="4" t_id="98">planes</token>
<token number="98" sentence="4" t_id="99">for</token>
<token number="99" sentence="4" t_id="100">$</token>
<token number="100" sentence="4" t_id="101">4.6</token>
<token number="101" sentence="4" t_id="102">billion</token>
<token number="102" sentence="4" t_id="103">.</token>
<token number="103" sentence="5" t_id="104">Qatar</token>
<token number="104" sentence="5" t_id="105">has</token>
<token number="105" sentence="5" t_id="106">a</token>
<token number="106" sentence="5" t_id="107">previous</token>
<token number="107" sentence="5" t_id="108">order</token>
<token number="108" sentence="5" t_id="109">for</token>
<token number="109" sentence="5" t_id="110">2</token>
<token number="110" sentence="5" t_id="111">of</token>
<token number="111" sentence="5" t_id="112">Airbus</token>
<token number="112" sentence="5" t_id="113">'</token>
<token number="113" sentence="5" t_id="114">massive</token>
<token number="114" sentence="5" t_id="115">new</token>
<token number="115" sentence="5" t_id="116">A380</token>
<token number="116" sentence="5" t_id="117">'s</token>
<token number="117" sentence="5" t_id="118">which</token>
<token number="118" sentence="5" t_id="119">it</token>
<token number="119" sentence="5" t_id="120">will</token>
<token number="120" sentence="5" t_id="121">begin</token>
<token number="121" sentence="5" t_id="122">to</token>
<token number="122" sentence="5" t_id="123">fly</token>
<token number="123" sentence="5" t_id="124">in</token>
<token number="124" sentence="5" t_id="125">2009</token>
<token number="125" sentence="5" t_id="126">out</token>
<token number="126" sentence="5" t_id="127">of</token>
<token number="127" sentence="5" t_id="128">London</token>
<token number="128" sentence="5" t_id="129">Heathrow</token>
<token number="129" sentence="5" t_id="130">.</token>
<token number="130" sentence="6" t_id="131">In</token>
<token number="131" sentence="6" t_id="132">2004</token>
<token number="132" sentence="6" t_id="133">,</token>
<token number="133" sentence="6" t_id="134">Airbus</token>
<token number="134" sentence="6" t_id="135">sold</token>
<token number="135" sentence="6" t_id="136">more</token>
<token number="136" sentence="6" t_id="137">planes</token>
<token number="137" sentence="6" t_id="138">than</token>
<token number="138" sentence="6" t_id="139">Boeing</token>
<token number="139" sentence="6" t_id="140">for</token>
<token number="140" sentence="6" t_id="141">the</token>
<token number="141" sentence="6" t_id="142">first</token>
<token number="142" sentence="6" t_id="143">time</token>
<token number="143" sentence="6" t_id="144">ever</token>
<token number="144" sentence="6" t_id="145">,</token>
<token number="145" sentence="6" t_id="146">sparking</token>
<token number="146" sentence="6" t_id="147">questions</token>
<token number="147" sentence="6" t_id="148">whether</token>
<token number="148" sentence="6" t_id="149">the</token>
<token number="149" sentence="6" t_id="150">US</token>
<token number="150" sentence="6" t_id="151">company</token>
<token number="151" sentence="6" t_id="152">had</token>
<token number="152" sentence="6" t_id="153">lost</token>
<token number="153" sentence="6" t_id="154">its</token>
<token number="154" sentence="6" t_id="155">once</token>
<token number="155" sentence="6" t_id="156">seemingly</token>
<token number="156" sentence="6" t_id="157">impregnable</token>
<token number="157" sentence="6" t_id="158">grip</token>
<token number="158" sentence="6" t_id="159">on</token>
<token number="159" sentence="6" t_id="160">the</token>
<token number="160" sentence="6" t_id="161">aviation</token>
<token number="161" sentence="6" t_id="162">market</token>
<token number="162" sentence="6" t_id="163">.</token>
<token number="163" sentence="7" t_id="164">However</token>
<token number="164" sentence="7" t_id="165">thus</token>
<token number="165" sentence="7" t_id="166">far</token>
<token number="166" sentence="7" t_id="167">,</token>
<token number="167" sentence="7" t_id="168">Boeing</token>
<token number="168" sentence="7" t_id="169">has</token>
<token number="169" sentence="7" t_id="170">received</token>
<token number="170" sentence="7" t_id="171">far</token>
<token number="171" sentence="7" t_id="172">more</token>
<token number="172" sentence="7" t_id="173">orders</token>
<token number="173" sentence="7" t_id="174">than</token>
<token number="174" sentence="7" t_id="175">Airbus</token>
<token number="175" sentence="7" t_id="176">in</token>
<token number="176" sentence="7" t_id="177">2005</token>
<token number="177" sentence="7" t_id="178">.</token>
<Markables>
<ENTITY_MENTION comment="" head="" m_id="19" syntactic_type="">
<token_anchor t_id="118"/>
</ENTITY_MENTION>
<ENTITY_MENTION comment="" head="" m_id="20" syntactic_type="NAM">
<token_anchor t_id="128"/>
<token_anchor t_id="129"/>
</ENTITY_MENTION>
<ENTITY_MENTION comment="" head="" m_id="21" syntactic_type="NAM">
<token_anchor t_id="13"/>
<token_anchor t_id="14"/>
<token_anchor t_id="15"/>
<token_anchor t_id="16"/>
<token_anchor t_id="17"/>
</ENTITY_MENTION>
<ENTITY_MENTION comment="" head="" m_id="22" syntactic_type="NAM">
<token_anchor t_id="24"/>
<token_anchor t_id="25"/>
</ENTITY_MENTION>
<ENTITY_MENTION comment="" head="" m_id="23" syntactic_type="">
<token_anchor t_id="31"/>
</ENTITY_MENTION>
<ENTITY_MENTION comment="" head="" m_id="83" syntactic_type="PRE.NAM">
<token_anchor t_id="13"/>
<token_anchor t_id="14"/>
<token_anchor t_id="15"/>
</ENTITY_MENTION>
<ENTITY_MENTION comment="" head="" m_id="24" syntactic_type="">
<token_anchor t_id="33"/>
<token_anchor t_id="34"/>
<token_anchor t_id="35"/>
</ENTITY_MENTION>
<ENTITY_MENTION comment="" head="" m_id="84" syntactic_type="NAM">
<token_anchor t_id="17"/>
</ENTITY_MENTION>
<ENTITY_MENTION comment="" head="" m_id="1" syntactic_type="">
<token_anchor t_id="27"/>
<token_anchor t_id="28"/>
<token_anchor t_id="29"/>
<token_anchor t_id="30"/>
<token_anchor t_id="31"/>
<token_anchor t_id="32"/>
<token_anchor t_id="33"/>
<token_anchor t_id="34"/>
<token_anchor t_id="35"/>
</ENTITY_MENTION>
<ENTITY_MENTION comment="" head="" m_id="2" syntactic_type="">
<token_anchor t_id="110"/>
<token_anchor t_id="111"/>
<token_anchor t_id="112"/>
<token_anchor t_id="113"/>
<token_anchor t_id="114"/>
<token_anchor t_id="115"/>
<token_anchor t_id="116"/>
<token_anchor t_id="117"/>
</ENTITY_MENTION>
<ENTITY_MENTION comment="" head="" m_id="3" syntactic_type="NAM">
<token_anchor t_id="72"/>
</ENTITY_MENTION>
<ENTITY_MENTION comment="" head="" m_id="4" syntactic_type="">
<token_anchor t_id="119"/>
</ENTITY_MENTION>
<ENTITY_MENTION comment="" head="" m_id="5" syntactic_type="NAM">
<token_anchor t_id="74"/>
</ENTITY_MENTION>
<ENTITY_MENTION comment="" head="" m_id="6" syntactic_type="NAM">
<token_anchor t_id="76"/>
<token_anchor t_id="77"/>
</ENTITY_MENTION>
<ENTITY_MENTION comment="" head="" m_id="7" syntactic_type="NAM">
<token_anchor t_id="1"/>
</ENTITY_MENTION>
<ENTITY_MENTION comment="" head="" m_id="8" syntactic_type="">
<token_anchor t_id="79"/>
</ENTITY_MENTION>
<ENTITY_MENTION comment="" head="" m_id="9" syntactic_type="NAM">
<token_anchor t_id="81"/>
<token_anchor t_id="82"/>
<token_anchor t_id="83"/>
</ENTITY_MENTION>
<ENTITY_MENTION comment="" head="" m_id="10" syntactic_type="NAM">
<token_anchor t_id="85"/>
<token_anchor t_id="86"/>
<token_anchor t_id="87"/>
</ENTITY_MENTION>
<ENTITY_MENTION comment="" head="" m_id="11" syntactic_type="PRE.NAM">
<token_anchor t_id="3"/>
<token_anchor t_id="4"/>
</ENTITY_MENTION>
<ENTITY_MENTION comment="" head="" m_id="12" syntactic_type="NAM">
<token_anchor t_id="85"/>
</ENTITY_MENTION>
<ENTITY_MENTION comment="" head="" m_id="13" syntactic_type="NAM">
<token_anchor t_id="94"/>
</ENTITY_MENTION>
<ENTITY_MENTION comment="" head="" m_id="14" syntactic_type="">
<token_anchor t_id="92"/>
<token_anchor t_id="93"/>
<token_anchor t_id="94"/>
<token_anchor t_id="95"/>
<token_anchor t_id="96"/>
<token_anchor t_id="97"/>
<token_anchor t_id="98"/>
</ENTITY_MENTION>
<ENTITY_MENTION comment="" head="" m_id="15" syntactic_type="">
<token_anchor t_id="97"/>
<token_anchor t_id="98"/>
</ENTITY_MENTION>
<ENTITY_MENTION comment="" head="" m_id="16" syntactic_type="NAM">
<token_anchor t_id="104"/>
</ENTITY_MENTION>
<ENTITY_MENTION comment="" head="" m_id="17" syntactic_type="NAM">
<token_anchor t_id="116"/>
<token_anchor t_id="117"/>
</ENTITY_MENTION>
<ENTITY_MENTION comment="" head="" m_id="18" syntactic_type="NAM">
<token_anchor t_id="112"/>
</ENTITY_MENTION>
<EVENT_MENTION aspect="NONE" certainty="CERTAIN" comment="" m_id="25" modality="" polarity="POS" pos="VERB" pred="win" special_cases="NONE" tense="PRESENT" time="NON_FUTURE">
<token_anchor t_id="2"/>
</EVENT_MENTION>
<EVENT_MENTION aspect="NONE" certainty="CERTAIN" comment="" m_id="26" modality="" polarity="POS" pos="NOUN" pred="order" special_cases="NONE" tense="NONE" time="NON_FUTURE">
<token_anchor t_id="5"/>
</EVENT_MENTION>
<EVENT_MENTION aspect="NONE" certainty="CERTAIN" comment="" m_id="27" modality="" polarity="POS" pos="OTHER" pred="worth" special_cases="NONE" tense="NONE" time="NON_FUTURE">
<token_anchor t_id="6"/>
</EVENT_MENTION>
<EVENT_MENTION aspect="PERFECTIVE" certainty="CERTAIN" comment="" m_id="28" modality="" polarity="POS" pos="VERB" pred="win" special_cases="NONE" tense="PRESENT" time="NON_FUTURE">
<token_anchor t_id="20"/>
</EVENT_MENTION>
<EVENT_MENTION aspect="NONE" certainty="CERTAIN" comment="" m_id="29" modality="" polarity="POS" pos="NOUN" pred="order" special_cases="NONE" tense="NONE" time="NON_FUTURE">
<token_anchor t_id="22"/>
</EVENT_MENTION>
<EVENT_MENTION aspect="NONE" certainty="CERTAIN" comment="" m_id="30" modality="" polarity="POS" pos="NOUN" pred="order" special_cases="NONE" tense="NONE" time="NON_FUTURE">
<token_anchor t_id="38"/>
</EVENT_MENTION>
<EVENT_MENTION aspect="NONE" certainty="CERTAIN" comment="" m_id="31" modality="" polarity="POS" pos="NOUN" pred="order" special_cases="NONE" tense="NONE" time="NON_FUTURE">
<token_anchor t_id="40"/>
</EVENT_MENTION>
<EVENT_MENTION aspect="NONE" certainty="CERTAIN" comment="" m_id="32" modality="" polarity="POS" pos="VERB" pred="believe" special_cases="NONE" tense="PRESENT" time="NON_FUTURE">
<token_anchor t_id="42"/>
</EVENT_MENTION>
<EVENT_MENTION aspect="NONE" certainty="PROBABLE" comment="" m_id="33" modality="" polarity="POS" pos="OTHER" pred="worth" special_cases="NONE" tense="NONE" time="NON_FUTURE">
<token_anchor t_id="45"/>
</EVENT_MENTION>
<EVENT_MENTION aspect="PERFECTIVE" certainty="CERTAIN" comment="" m_id="34" modality="" polarity="POS" pos="VERB" pred="give" special_cases="NONE" tense="PRESENT" time="NON_FUTURE">
<token_anchor t_id="51"/>
</EVENT_MENTION>
<EVENT_MENTION aspect="NONE" certainty="CERTAIN" comment="" m_id="35" modality="" polarity="POS" pos="NOUN" pred="boost" special_cases="NONE" tense="NONE" time="NON_FUTURE">
<token_anchor t_id="53"/>
</EVENT_MENTION>
<EVENT_MENTION aspect="NONE" certainty="CERTAIN" comment="" m_id="36" modality="" polarity="POS" pos="NOUN" pred="show" special_cases="NONE" tense="NONE" time="NON_FUTURE">
<token_anchor t_id="60"/>
</EVENT_MENTION>
<EVENT_MENTION aspect="NONE" certainty="CERTAIN" comment="" m_id="37" modality="" polarity="POS" pos="NOUN" pred="show" special_cases="NONE" tense="NONE" time="NON_FUTURE">
<token_anchor t_id="62"/>
</EVENT_MENTION>
<EVENT_MENTION aspect="PERFECTIVE" certainty="CERTAIN" comment="" m_id="38" modality="" polarity="POS" pos="VERB" pred="dominate" special_cases="NONE" tense="PAST" time="NON_FUTURE">
<token_anchor t_id="65"/>
</EVENT_MENTION>
<EVENT_MENTION aspect="NONE" certainty="CERTAIN" comment="" m_id="39" modality="" polarity="POS" pos="NOUN" pred="dispute" special_cases="NONE" tense="NONE" time="NON_FUTURE">
<token_anchor t_id="70"/>
</EVENT_MENTION>
<EVENT_MENTION aspect="NONE" certainty="CERTAIN" comment="" m_id="40" modality="" polarity="POS" pos="VERB" pred="choose" special_cases="NONE" tense="PRESENT" time="NON_FUTURE">
<token_anchor t_id="80"/>
</EVENT_MENTION>
<EVENT_MENTION aspect="NONE" certainty="CERTAIN" comment="" m_id="41" modality="" polarity="POS" pos="VERB" pred="purchase" special_cases="NONE" tense="FUTURE" time="FUTURE">
<token_anchor t_id="91"/>
</EVENT_MENTION>
<EVENT_MENTION aspect="NONE" certainty="CERTAIN" comment="" m_id="42" modality="" polarity="POS" pos="VERB" pred="have" special_cases="NONE" tense="PRESENT" time="NON_FUTURE">
<token_anchor t_id="105"/>
</EVENT_MENTION>
<EVENT_MENTION aspect="NONE" certainty="CERTAIN" comment="" m_id="43" modality="" polarity="POS" pos="NOUN" pred="order" special_cases="NONE" tense="NONE" time="NON_FUTURE">
<token_anchor t_id="108"/>
</EVENT_MENTION>
<EVENT_MENTION aspect="NONE" certainty="CERTAIN" comment="" m_id="44" modality="" polarity="POS" pos="VERB" pred="begin" special_cases="NONE" tense="FUTURE" time="FUTURE">
<token_anchor t_id="121"/>
</EVENT_MENTION>
<EVENT_MENTION aspect="NONE" certainty="CERTAIN" comment="" m_id="45" modality="" polarity="POS" pos="VERB" pred="fly" special_cases="NONE" tense="INFINITIVE" time="FUTURE">
<token_anchor t_id="123"/>
</EVENT_MENTION>
<SIGNAL comment="" m_id="46">
<token_anchor t_id="107"/>
</SIGNAL>
<SIGNAL comment="" m_id="47">
<token_anchor t_id="124"/>
</SIGNAL>
<TIMEX3 anchorTimeID="48" beginPoint="" comment="" endPoint="" functionInDocument="CREATION_TIME" m_id="48" type="DATE" value="2005-06-13">
<token_anchor t_id="9"/>
<token_anchor t_id="10"/>
<token_anchor t_id="11"/>
<token_anchor t_id="12"/>
</TIMEX3>
<TIMEX3 anchorTimeID="" beginPoint="" comment="" endPoint="" functionInDocument="NONE" m_id="49" type="DATE" value="2009">
<token_anchor t_id="125"/>
</TIMEX3>
<VALUE comment="" m_id="51" type="QUANTITY">
<token_anchor t_id="27"/>
<token_anchor t_id="28"/>
<token_anchor t_id="29"/>
</VALUE>
<VALUE comment="" m_id="52" type="MONEY">
<token_anchor t_id="46"/>
<token_anchor t_id="47"/>
<token_anchor t_id="48"/>
</VALUE>
<VALUE comment="" m_id="53" type="QUANTITY">
<token_anchor t_id="92"/>
</VALUE>
<VALUE comment="" m_id="54" type="MONEY">
<token_anchor t_id="100"/>
<token_anchor t_id="101"/>
<token_anchor t_id="102"/>
</VALUE>
<VALUE comment="" m_id="55" type="QUANTITY">
<token_anchor t_id="110"/>
</VALUE>
<VALUE comment="" m_id="50" type="MONEY">
<token_anchor t_id="7"/>
<token_anchor t_id="8"/>
</VALUE>
<EVENT_MENTION m_id="152">
  <token_anchor t_id="135"/>
</EVENT_MENTION>
<EVENT_MENTION m_id="97">
  <token_anchor t_id="170"/>
</EVENT_MENTION>
<EVENT_MENTION m_id="98">
  <token_anchor t_id="153"/>
</EVENT_MENTION>
<ENTITY_MENTION m_id="153">
  <token_anchor t_id="134"/>
</ENTITY_MENTION>
<ENTITY_MENTION m_id="87">
  <token_anchor t_id="112"/>
  <token_anchor t_id="114"/>
  <token_anchor t_id="115"/>
  <token_anchor t_id="116"/>
  <token_anchor t_id="117"/>
</ENTITY_MENTION>
<ENTITY_MENTION m_id="89">
  <token_anchor t_id="139"/>
</ENTITY_MENTION>
<ENTITY_MENTION m_id="95">
  <token_anchor t_id="154"/>
</ENTITY_MENTION>
<ENTITY_MENTION m_id="100">
  <token_anchor t_id="175"/>
</ENTITY_MENTION>
<ENTITY_MENTION m_id="116">
  <token_anchor t_id="168"/>
</ENTITY_MENTION>
<ENTITY_MENTION m_id="128">
  <token_anchor t_id="149"/>
  <token_anchor t_id="150"/>
  <token_anchor t_id="151"/>
</ENTITY_MENTION>
<ENTITY TAG_DESCRIPTOR="20 Boeing 777 planes" comment="" ent_class="" ent_type="PRO" external_ref="" m_id="62"/>
<EVENT TAG_DESCRIPTOR="boost VUA" class="OTHER" instance_id="OTH39668192861861084" m_id="139"/>
<EVENT TAG_DESCRIPTOR="dispute VUA" class="OTHER" instance_id="OTH39668405272310044" m_id="137"/>
<EVENT TAG_DESCRIPTOR="given" class="GRAMMATICAL" comment="" external_ref="" m_id="59"/>
<EVENT TAG_DESCRIPTOR="worth" class="OTHER" comment="" external_ref="" m_id="58"/>
<EVENT TAG_DESCRIPTOR="choose VUA" class="OTHER" instance_id="OTH39668287183137095" m_id="136"/>
<EVENT TAG_DESCRIPTOR="believed" class="SPEECH_COGNITIVE" comment="" external_ref="" m_id="57"/>
<EVENT TAG_DESCRIPTOR="order VUA" class="OTHER" instance_id="OTH39669045073822163" m_id="134"/>
<EVENT TAG_DESCRIPTOR="received VUA" class="OTHER" instance_id="OTH39669910639214007" m_id="131"/>
<EVENT TAG_DESCRIPTOR="order VUA" class="OTHER" instance_id="OTH39668875627305086" m_id="130"/>
<EVENT TAG_DESCRIPTOR="purchase VUA" class="OTHER" instance_id="OTH39669128446551836" m_id="129"/>
<EVENT TAG_DESCRIPTOR="show VUA" class="OTHER" instance_id="OTH39669397760406768" m_id="151"/>
<EVENT TAG_DESCRIPTOR="win VUA" class="OTHER" instance_id="OTH39669477091622334" m_id="149"/>
<EVENT TAG_DESCRIPTOR="lost VUA" class="OTHER" instance_id="OTH39669790255285871" m_id="147"/>
<EVENT TAG_DESCRIPTOR="begin" class="GRAMMATICAL" comment="" external_ref="" m_id="68"/>
<EVENT TAG_DESCRIPTOR="has" class="GRAMMATICAL" comment="" external_ref="" m_id="66"/>
<EVENT TAG_DESCRIPTOR="sold VUA" class="OTHER" instance_id="OTH39669670608706487" m_id="143"/>
<EVENT TAG_DESCRIPTOR="fly VUA" class="OTHER" instance_id="OTH39668658787270185" m_id="141"/>
<EVENT TAG_DESCRIPTOR="dominated VUA" class="OTHER" instance_id="OTH39668537018375465" m_id="140"/>
<ENTITY TAG_DESCRIPTOR="Airbus A350 XWB (Extra Wide Body) aircraft" ent_type="PRO" external_ref="http://dbpedia.org/resource/Airbus_A350_XWB" instance_id="PRO27734751108786045" m_id="138"/>
<ENTITY TAG_DESCRIPTOR="Qatar Airways" ent_type="ORG" external_ref="http://dbpedia.org/page/Qatar_Airways" instance_id="ORG27985022764478361" m_id="135"/>
<ENTITY TAG_DESCRIPTOR="Airbus" ent_type="ORG" external_ref="http://dbpedia.org/page/Airbus" instance_id="ORG37154719430036883" m_id="133"/>
<ENTITY TAG_DESCRIPTOR="787 Dreamliner" ent_type="PRO" external_ref="http://dbpedia.org/page/Boeing_787_Dreamliner" instance_id="PRO37154719263852456" m_id="132"/>
<ENTITY TAG_DESCRIPTOR="Airbus A380's" comment="" ent_class="" ent_type="PRO" external_ref="" m_id="82"/>
<ENTITY TAG_DESCRIPTOR="Boeing" ent_type="ORG" external_ref="http://dbpedia.org/page/Boeing" instance_id="ORG37154719725500990" m_id="150"/>
<ENTITY TAG_DESCRIPTOR="Airbus A380" ent_type="PRO" external_ref="http://dbpedia.org/page/Airbus_A380" instance_id="PRO37154719590532628" m_id="148"/>
<ENTITY TAG_DESCRIPTOR="2 Airbus A380's" ent_type="PRO" instance_id="PRO39478471955908380" m_id="146"/>
<ENTITY TAG_DESCRIPTOR="London Heathrow Airport" ent_type="LOC" external_ref="http://dbpedia.org/page/London_Heathrow_Airport" instance_id="LOC27982530746170229" m_id="145"/>
<ENTITY TAG_DESCRIPTOR="Boeing 777" ent_type="PRO" external_ref="http://dbpedia.org/page/Boeing_777" instance_id="PRO37154720946869865" m_id="144"/>
<ENTITY TAG_DESCRIPTOR="Up to 60 jets" ent_type="PRO" instance_id="PRO39478493357915453" m_id="142"/>
</Markables>
<Relations>
<SLINK r_id="244985">
<source m_id="32"/>
<target m_id="33"/>
</SLINK>
<GLINK r_id="245043">
<source m_id="34"/>
<target m_id="35"/>
</GLINK>
<GLINK r_id="245044">
<source m_id="42"/>
<target m_id="43"/>
</GLINK>
<GLINK r_id="245045">
<source m_id="44"/>
<target m_id="45"/>
</GLINK>
<HAS_PARTICIPANT comment="" frame="" frame_element="" r_id="244989" sem_role="Arg0" sem_role_framework="PROPBANK">
<source m_id="28"/>
<target m_id="21"/>
</HAS_PARTICIPANT>
<HAS_PARTICIPANT comment="" frame="" frame_element="" r_id="244990" sem_role="Arg0" sem_role_framework="PROPBANK">
<source m_id="29"/>
<target m_id="22"/>
</HAS_PARTICIPANT>
<HAS_PARTICIPANT comment="" frame="" frame_element="" r_id="244991" sem_role="Arg1" sem_role_framework="PROPBANK">
<source m_id="29"/>
<target m_id="1"/>
</HAS_PARTICIPANT>
<HAS_PARTICIPANT comment="" frame="" frame_element="" r_id="244992" sem_role="Arg2" sem_role_framework="PROPBANK">
<source m_id="33"/>
<target m_id="52"/>
</HAS_PARTICIPANT>
<HAS_PARTICIPANT comment="" frame="" frame_element="" r_id="244993" sem_role="Arg0" sem_role_framework="PROPBANK">
<source m_id="39"/>
<target m_id="3"/>
</HAS_PARTICIPANT>
<HAS_PARTICIPANT comment="" frame="" frame_element="" r_id="244994" sem_role="Arg1" sem_role_framework="PROPBANK">
<source m_id="39"/>
<target m_id="5"/>
</HAS_PARTICIPANT>
<HAS_PARTICIPANT comment="" frame="" frame_element="" r_id="244995" sem_role="Arg0" sem_role_framework="PROPBANK">
<source m_id="40"/>
<target m_id="6"/>
</HAS_PARTICIPANT>
<HAS_PARTICIPANT comment="" frame="" frame_element="" r_id="244996" sem_role="Arg1" sem_role_framework="PROPBANK">
<source m_id="40"/>
<target m_id="9"/>
</HAS_PARTICIPANT>
<HAS_PARTICIPANT comment="" frame="" frame_element="" r_id="244997" sem_role="Arg0" sem_role_framework="PROPBANK">
<source m_id="41"/>
<target m_id="6"/>
</HAS_PARTICIPANT>
<HAS_PARTICIPANT comment="" frame="" frame_element="" r_id="244998" sem_role="Arg1" sem_role_framework="PROPBANK">
<source m_id="41"/>
<target m_id="14"/>
</HAS_PARTICIPANT>
<HAS_PARTICIPANT comment="" frame="" frame_element="" r_id="244999" sem_role="Arg3" sem_role_framework="PROPBANK">
<source m_id="41"/>
<target m_id="54"/>
</HAS_PARTICIPANT>
<HAS_PARTICIPANT comment="" frame="" frame_element="" r_id="245000" sem_role="Arg0" sem_role_framework="PROPBANK">
<source m_id="42"/>
<target m_id="16"/>
</HAS_PARTICIPANT>
<HAS_PARTICIPANT comment="" frame="" frame_element="" r_id="245001" sem_role="Arg1" sem_role_framework="PROPBANK">
<source m_id="42"/>
<target m_id="2"/>
</HAS_PARTICIPANT>
<HAS_PARTICIPANT comment="" frame="" frame_element="" r_id="245002" sem_role="Arg0" sem_role_framework="PROPBANK">
<source m_id="44"/>
<target m_id="4"/>
</HAS_PARTICIPANT>
<HAS_PARTICIPANT comment="" frame="" frame_element="" r_id="245003" sem_role="Argm-LOC" sem_role_framework="PROPBANK">
<source m_id="45"/>
<target m_id="20"/>
</HAS_PARTICIPANT>
<TLINK comment="" r_id="245004" reltype="INCLUDES" signalID="">
<source m_id="48"/>
<target m_id="28"/>
</TLINK>
<TLINK comment="" r_id="245005" reltype="AFTER" signalID="">
<source m_id="28"/>
<target m_id="29"/>
</TLINK>
<TLINK comment="" r_id="245006" reltype="BEFORE" signalID="">
<source m_id="31"/>
<target m_id="32"/>
</TLINK>
<TLINK comment="" r_id="245007" reltype="SIMULTANEOUS" signalID="">
<source m_id="32"/>
<target m_id="33"/>
</TLINK>
<TLINK comment="" r_id="245008" reltype="BEFORE" signalID="">
<source m_id="30"/>
<target m_id="34"/>
</TLINK>
<TLINK comment="" r_id="245009" reltype="IS_INCLUDED" signalID="">
<source m_id="35"/>
<target m_id="36"/>
</TLINK>
<TLINK comment="" r_id="245010" reltype="SIMULTANEOUS" signalID="">
<source m_id="37"/>
<target m_id="38"/>
</TLINK>
<TLINK comment="" r_id="245011" reltype="INCLUDES" signalID="">
<source m_id="37"/>
<target m_id="39"/>
</TLINK>
<TLINK comment="" r_id="245012" reltype="BEFORE" signalID="">
<source m_id="40"/>
<target m_id="41"/>
</TLINK>
<TLINK comment="" r_id="245013" reltype="AFTER" signalID="46">
<source m_id="30"/>
<target m_id="42"/>
</TLINK>
<TLINK comment="" r_id="245014" reltype="IS_INCLUDED" signalID="47">
<source m_id="45"/>
<target m_id="49"/>
</TLINK>
<TLINK comment="" r_id="245015" reltype="BEFORE" signalID="">
<source m_id="48"/>
<target m_id="49"/>
</TLINK>
<HAS_PARTICIPANT comment="" frame="" frame_element="" r_id="245016" sem_role="Arg0" sem_role_framework="PROPBANK">
<source m_id="30"/>
<target m_id="22"/>
</HAS_PARTICIPANT>
<HAS_PARTICIPANT comment="" frame="" frame_element="" r_id="245022" sem_role="Arg0" sem_role_framework="PROPBANK">
<source m_id="25"/>
<target m_id="7"/>
</HAS_PARTICIPANT>
<HAS_PARTICIPANT comment="" frame="" frame_element="" r_id="245023" sem_role="Arg0" sem_role_framework="PROPBANK">
<source m_id="26"/>
<target m_id="11"/>
</HAS_PARTICIPANT>
<HAS_PARTICIPANT comment="" frame="" frame_element="" r_id="245024" sem_role="Arg2" sem_role_framework="PROPBANK">
<source m_id="27"/>
<target m_id="50"/>
</HAS_PARTICIPANT>
<TLINK comment="" r_id="245025" reltype="SIMULTANEOUS" signalID="">
<source m_id="42"/>
<target m_id="43"/>
</TLINK>
<TLINK comment="" r_id="245026" reltype="BEFORE" signalID="">
<source m_id="48"/>
<target m_id="44"/>
</TLINK>































<REFERS_TO r_id="244974">
<source m_id="37"/>
<source m_id="36"/>
<target m_id="151"/>
</REFERS_TO>
<REFERS_TO r_id="244975">
<source m_id="89"/>
<source m_id="95"/>
<source m_id="12"/>
<source m_id="13"/>
<source m_id="116"/>
<source m_id="5"/>
<source m_id="128"/>
<target m_id="150"/>
</REFERS_TO>
<REFERS_TO r_id="244976">
<source m_id="42"/>
<target m_id="66"/>
</REFERS_TO>
<REFERS_TO r_id="244977">
<source m_id="153"/>
<source m_id="18"/>
<source m_id="21"/>
<source m_id="100"/>
<source m_id="7"/>
<source m_id="23"/>
<source m_id="3"/>
<source m_id="84"/>
<source m_id="83"/>
<target m_id="133"/>
</REFERS_TO>
<REFERS_TO r_id="244978">
<source m_id="10"/>
<target m_id="132"/>
</REFERS_TO>
<REFERS_TO r_id="244979">
<source m_id="97"/>
<target m_id="131"/>
</REFERS_TO>
<REFERS_TO r_id="244980">
<source m_id="30"/>
<source m_id="31"/>
<source m_id="29"/>
<source m_id="26"/>
<target m_id="130"/>
</REFERS_TO>
<REFERS_TO r_id="244981">
<source m_id="39"/>
<target m_id="137"/>
</REFERS_TO>
<REFERS_TO r_id="244982">
<source m_id="40"/>
<target m_id="136"/>
</REFERS_TO>
<REFERS_TO r_id="244983">
<source m_id="8"/>
<source m_id="4"/>
<source m_id="16"/>
<source m_id="6"/>
<source m_id="11"/>
<source m_id="22"/>
<target m_id="135"/>
</REFERS_TO>
<REFERS_TO r_id="244984">
<source m_id="43"/>
<target m_id="134"/>
</REFERS_TO>
<REFERS_TO r_id="245027">
<source m_id="17"/>
<target m_id="82"/>
</REFERS_TO>
<REFERS_TO r_id="244986">
<source m_id="35"/>
<target m_id="139"/>
</REFERS_TO>
<REFERS_TO r_id="244987">
<source m_id="9"/>
<source m_id="24"/>
<target m_id="138"/>
</REFERS_TO>
<REFERS_TO r_id="244988">
<source m_id="44"/>
<target m_id="68"/>
</REFERS_TO>
<REFERS_TO r_id="245028">
<source m_id="19"/>
<source m_id="2"/>
<target m_id="146"/>
</REFERS_TO>
<REFERS_TO r_id="245029">
<source m_id="98"/>
<target m_id="147"/>
</REFERS_TO>
<REFERS_TO r_id="245030">
<source m_id="15"/>
<target m_id="144"/>
</REFERS_TO>
<REFERS_TO r_id="245031">
<source m_id="20"/>
<target m_id="145"/>
</REFERS_TO>
<REFERS_TO r_id="245032">
<source m_id="1"/>
<target m_id="142"/>
</REFERS_TO>
<REFERS_TO r_id="245033">
<source m_id="152"/>
<target m_id="143"/>
</REFERS_TO>
<REFERS_TO r_id="245034">
<source m_id="38"/>
<target m_id="140"/>
</REFERS_TO>
<REFERS_TO r_id="245035">
<source m_id="45"/>
<target m_id="141"/>
</REFERS_TO>
<REFERS_TO r_id="245036">
<source m_id="87"/>
<target m_id="148"/>
</REFERS_TO>
<REFERS_TO r_id="245037">
<source m_id="28"/>
<source m_id="25"/>
<target m_id="149"/>
</REFERS_TO>
<REFERS_TO r_id="245038">
<source m_id="41"/>
<target m_id="129"/>
</REFERS_TO>
<REFERS_TO r_id="245039">
<source m_id="34"/>
<target m_id="59"/>
</REFERS_TO>
<REFERS_TO r_id="245040">
<source m_id="33"/>
<source m_id="27"/>
<target m_id="58"/>
</REFERS_TO>
<REFERS_TO r_id="245041">
<source m_id="32"/>
<target m_id="57"/>
</REFERS_TO>
<REFERS_TO r_id="245042">
<source m_id="14"/>
<target m_id="62"/>
</REFERS_TO>
</Relations>
</Document>