<?xml version="1.0" ?><Document doc_id="1173" doc_name="1173_Internal_emails_expose_Boeing-Air_Force_contract_discussions" lang="en" url="http://en.wikinews.org/wiki/Internal_emails_expose_Boeing-Air_Force_contract_discussions">
<token number="0" sentence="0" t_id="1">Internal</token>
<token number="1" sentence="0" t_id="2">emails</token>
<token number="2" sentence="0" t_id="3">expose</token>
<token number="3" sentence="0" t_id="4">Boeing-Air</token>
<token number="4" sentence="0" t_id="5">Force</token>
<token number="5" sentence="0" t_id="6">contract</token>
<token number="6" sentence="0" t_id="7">discussions</token>
<token number="7" sentence="1" t_id="8">November</token>
<token number="8" sentence="1" t_id="9">24</token>
<token number="9" sentence="1" t_id="10">,</token>
<token number="10" sentence="1" t_id="11">2004</token>
<token number="11" sentence="2" t_id="12">Emails</token>
<token number="12" sentence="2" t_id="13">exchanged</token>
<token number="13" sentence="2" t_id="14">among</token>
<token number="14" sentence="2" t_id="15">United</token>
<token number="15" sentence="2" t_id="16">States</token>
<token number="16" sentence="2" t_id="17">Air</token>
<token number="17" sentence="2" t_id="18">Force</token>
<token number="18" sentence="2" t_id="19">officials</token>
<token number="19" sentence="2" t_id="20">regarding</token>
<token number="20" sentence="2" t_id="21">a</token>
<token number="21" sentence="2" t_id="22">USD$</token>
<token number="22" sentence="2" t_id="23">23</token>
<token number="23" sentence="2" t_id="24">billion</token>
<token number="24" sentence="2" t_id="25">dollar</token>
<token number="25" sentence="2" t_id="26">deal</token>
<token number="26" sentence="2" t_id="27">with</token>
<token number="27" sentence="2" t_id="28">aircraft</token>
<token number="28" sentence="2" t_id="29">manufacturer</token>
<token number="29" sentence="2" t_id="30">Boeing</token>
<token number="30" sentence="2" t_id="31">have</token>
<token number="31" sentence="2" t_id="32">been</token>
<token number="32" sentence="2" t_id="33">entered</token>
<token number="33" sentence="2" t_id="34">into</token>
<token number="34" sentence="2" t_id="35">the</token>
<token number="35" sentence="2" t_id="36">public</token>
<token number="36" sentence="2" t_id="37">record</token>
<token number="37" sentence="2" t_id="38">.</token>
<token number="38" sentence="3" t_id="39">Senator</token>
<token number="39" sentence="3" t_id="40">John</token>
<token number="40" sentence="3" t_id="41">McCain</token>
<token number="41" sentence="3" t_id="42">(</token>
<token number="42" sentence="3" t_id="43">R-AZ</token>
<token number="43" sentence="3" t_id="44">)</token>
<token number="44" sentence="3" t_id="45">entered</token>
<token number="45" sentence="3" t_id="46">them</token>
<token number="46" sentence="3" t_id="47">into</token>
<token number="47" sentence="3" t_id="48">the</token>
<token number="48" sentence="3" t_id="49">Congressional</token>
<token number="49" sentence="3" t_id="50">Record</token>
<token number="50" sentence="3" t_id="51">during</token>
<token number="51" sentence="3" t_id="52">a</token>
<token number="52" sentence="3" t_id="53">speech</token>
<token number="53" sentence="3" t_id="54">last</token>
<token number="54" sentence="3" t_id="55">week</token>
<token number="55" sentence="3" t_id="56">against</token>
<token number="56" sentence="3" t_id="57">the</token>
<token number="57" sentence="3" t_id="58">now-cancelled</token>
<token number="58" sentence="3" t_id="59">deal</token>
<token number="59" sentence="3" t_id="60">to</token>
<token number="60" sentence="3" t_id="61">lease</token>
<token number="61" sentence="3" t_id="62">100</token>
<token number="62" sentence="3" t_id="63">mid-air</token>
<token number="63" sentence="3" t_id="64">tanker</token>
<token number="64" sentence="3" t_id="65">aircraft</token>
<token number="65" sentence="3" t_id="66">from</token>
<token number="66" sentence="3" t_id="67">Boeing</token>
<token number="67" sentence="3" t_id="68">.</token>
<token number="68" sentence="4" t_id="69">Congressional</token>
<token number="69" sentence="4" t_id="70">lawmakers</token>
<token number="70" sentence="4" t_id="71">rejected</token>
<token number="71" sentence="4" t_id="72">the</token>
<token number="72" sentence="4" t_id="73">proposal</token>
<token number="73" sentence="4" t_id="74">in</token>
<token number="74" sentence="4" t_id="75">October</token>
<token number="75" sentence="4" t_id="76">,</token>
<token number="76" sentence="4" t_id="77">although</token>
<token number="77" sentence="4" t_id="78">industry</token>
<token number="78" sentence="4" t_id="79">experts</token>
<token number="79" sentence="4" t_id="80">say</token>
<token number="80" sentence="4" t_id="81">the</token>
<token number="81" sentence="4" t_id="82">deal</token>
<token number="82" sentence="4" t_id="83">had</token>
<token number="83" sentence="4" t_id="84">been</token>
<token number="84" sentence="4" t_id="85">killed</token>
<token number="85" sentence="4" t_id="86">by</token>
<token number="86" sentence="4" t_id="87">the</token>
<token number="87" sentence="4" t_id="88">Pentagon</token>
<token number="88" sentence="4" t_id="89">because</token>
<token number="89" sentence="4" t_id="90">of</token>
<token number="90" sentence="4" t_id="91">reports</token>
<token number="91" sentence="4" t_id="92">stating</token>
<token number="92" sentence="4" t_id="93">that</token>
<token number="93" sentence="4" t_id="94">the</token>
<token number="94" sentence="4" t_id="95">deal</token>
<token number="95" sentence="4" t_id="96">had</token>
<token number="96" sentence="4" t_id="97">favored</token>
<token number="97" sentence="4" t_id="98">Boeing</token>
<token number="98" sentence="4" t_id="99">.</token>
<token number="99" sentence="5" t_id="100">Senator</token>
<token number="100" sentence="5" t_id="101">McCain</token>
<token number="101" sentence="5" t_id="102">has</token>
<token number="102" sentence="5" t_id="103">been</token>
<token number="103" sentence="5" t_id="104">the</token>
<token number="104" sentence="5" t_id="105">deal</token>
<token number="105" sentence="5" t_id="106">'s</token>
<token number="106" sentence="5" t_id="107">most</token>
<token number="107" sentence="5" t_id="108">vocal</token>
<token number="108" sentence="5" t_id="109">critic</token>
<token number="109" sentence="5" t_id="110">.</token>
<token number="110" sentence="6" t_id="111">The</token>
<token number="111" sentence="6" t_id="112">original</token>
<token number="112" sentence="6" t_id="113">negotiations</token>
<token number="113" sentence="6" t_id="114">with</token>
<token number="114" sentence="6" t_id="115">Boeing</token>
<token number="115" sentence="6" t_id="116">were</token>
<token number="116" sentence="6" t_id="117">over</token>
<token number="117" sentence="6" t_id="118">a</token>
<token number="118" sentence="6" t_id="119">no-bid</token>
<token number="119" sentence="6" t_id="120">contract</token>
<token number="120" sentence="6" t_id="121">.</token>
<token number="121" sentence="7" t_id="122">Such</token>
<token number="122" sentence="7" t_id="123">contracts</token>
<token number="123" sentence="7" t_id="124">are</token>
<token number="124" sentence="7" t_id="125">often</token>
<token number="125" sentence="7" t_id="126">justified</token>
<token number="126" sentence="7" t_id="127">by</token>
<token number="127" sentence="7" t_id="128">the</token>
<token number="128" sentence="7" t_id="129">speed</token>
<token number="129" sentence="7" t_id="130">they</token>
<token number="130" sentence="7" t_id="131">offer</token>
<token number="131" sentence="7" t_id="132">,</token>
<token number="132" sentence="7" t_id="133">eliminating</token>
<token number="133" sentence="7" t_id="134">a</token>
<token number="134" sentence="7" t_id="135">preliminary</token>
<token number="135" sentence="7" t_id="136">bid</token>
<token number="136" sentence="7" t_id="137">and</token>
<token number="137" sentence="7" t_id="138">selection</token>
<token number="138" sentence="7" t_id="139">round</token>
<token number="139" sentence="7" t_id="140">that</token>
<token number="140" sentence="7" t_id="141">may</token>
<token number="141" sentence="7" t_id="142">last</token>
<token number="142" sentence="7" t_id="143">months</token>
<token number="143" sentence="7" t_id="144">.</token>
<token number="144" sentence="8" t_id="145">However</token>
<token number="145" sentence="8" t_id="146">,</token>
<token number="146" sentence="8" t_id="147">no-bid</token>
<token number="147" sentence="8" t_id="148">contracts</token>
<token number="148" sentence="8" t_id="149">are</token>
<token number="149" sentence="8" t_id="150">only</token>
<token number="150" sentence="8" t_id="151">open</token>
<token number="151" sentence="8" t_id="152">to</token>
<token number="152" sentence="8" t_id="153">the</token>
<token number="153" sentence="8" t_id="154">company</token>
<token number="154" sentence="8" t_id="155">selected</token>
<token number="155" sentence="8" t_id="156">by</token>
<token number="156" sentence="8" t_id="157">the</token>
<token number="157" sentence="8" t_id="158">procuring</token>
<token number="158" sentence="8" t_id="159">agency</token>
<token number="159" sentence="8" t_id="160">.</token>
<token number="160" sentence="9" t_id="161">This</token>
<token number="161" sentence="9" t_id="162">leaves</token>
<token number="162" sentence="9" t_id="163">no-bid</token>
<token number="163" sentence="9" t_id="164">contracts</token>
<token number="164" sentence="9" t_id="165">open</token>
<token number="165" sentence="9" t_id="166">to</token>
<token number="166" sentence="9" t_id="167">accusations</token>
<token number="167" sentence="9" t_id="168">of</token>
<token number="168" sentence="9" t_id="169">conflicts</token>
<token number="169" sentence="9" t_id="170">of</token>
<token number="170" sentence="9" t_id="171">interest</token>
<token number="171" sentence="9" t_id="172">among</token>
<token number="172" sentence="9" t_id="173">the</token>
<token number="173" sentence="9" t_id="174">procurement</token>
<token number="174" sentence="9" t_id="175">personnel</token>
<token number="175" sentence="9" t_id="176">.</token>
<token number="176" sentence="10" t_id="177">Such</token>
<token number="177" sentence="10" t_id="178">accusations</token>
<token number="178" sentence="10" t_id="179">have</token>
<token number="179" sentence="10" t_id="180">previously</token>
<token number="180" sentence="10" t_id="181">been</token>
<token number="181" sentence="10" t_id="182">leveled</token>
<token number="182" sentence="10" t_id="183">against</token>
<token number="183" sentence="10" t_id="184">Vice</token>
<token number="184" sentence="10" t_id="185">President</token>
<token number="185" sentence="10" t_id="186">Dick</token>
<token number="186" sentence="10" t_id="187">Cheney</token>
<token number="187" sentence="10" t_id="188">for</token>
<token number="188" sentence="10" t_id="189">a</token>
<token number="189" sentence="10" t_id="190">no-bid</token>
<token number="190" sentence="10" t_id="191">contract</token>
<token number="191" sentence="10" t_id="192">to</token>
<token number="192" sentence="10" t_id="193">Halliburton</token>
<token number="193" sentence="10" t_id="194">,</token>
<token number="194" sentence="10" t_id="195">and</token>
<token number="195" sentence="10" t_id="196">are</token>
<token number="196" sentence="10" t_id="197">now</token>
<token number="197" sentence="10" t_id="198">being</token>
<token number="198" sentence="10" t_id="199">made</token>
<token number="199" sentence="10" t_id="200">against</token>
<token number="200" sentence="10" t_id="201">senior</token>
<token number="201" sentence="10" t_id="202">Air</token>
<token number="202" sentence="10" t_id="203">Force</token>
<token number="203" sentence="10" t_id="204">officials</token>
<token number="204" sentence="10" t_id="205">for</token>
<token number="205" sentence="10" t_id="206">choosing</token>
<token number="206" sentence="10" t_id="207">Boeing</token>
<token number="207" sentence="10" t_id="208">to</token>
<token number="208" sentence="10" t_id="209">replace</token>
<token number="209" sentence="10" t_id="210">its</token>
<token number="210" sentence="10" t_id="211">tanker</token>
<token number="211" sentence="10" t_id="212">fleet</token>
<token number="212" sentence="10" t_id="213">.</token>
<token number="213" sentence="11" t_id="214">In</token>
<token number="214" sentence="11" t_id="215">the</token>
<token number="215" sentence="11" t_id="216">released</token>
<token number="216" sentence="11" t_id="217">emails</token>
<token number="217" sentence="11" t_id="218">,</token>
<token number="218" sentence="11" t_id="219">Air</token>
<token number="219" sentence="11" t_id="220">Force</token>
<token number="220" sentence="11" t_id="221">officials</token>
<token number="221" sentence="11" t_id="222">responsible</token>
<token number="222" sentence="11" t_id="223">for</token>
<token number="223" sentence="11" t_id="224">the</token>
<token number="224" sentence="11" t_id="225">awarding</token>
<token number="225" sentence="11" t_id="226">of</token>
<token number="226" sentence="11" t_id="227">contracts</token>
<token number="227" sentence="11" t_id="228">appear</token>
<token number="228" sentence="11" t_id="229">biased</token>
<token number="229" sentence="11" t_id="230">against</token>
<token number="230" sentence="11" t_id="231">Boeing</token>
<token number="231" sentence="11" t_id="232">'s</token>
<token number="232" sentence="11" t_id="233">main</token>
<token number="233" sentence="11" t_id="234">competitor</token>
<token number="234" sentence="11" t_id="235">,</token>
<token number="235" sentence="11" t_id="236">Airbus</token>
<token number="236" sentence="11" t_id="237">and</token>
<token number="237" sentence="11" t_id="238">its</token>
<token number="238" sentence="11" t_id="239">CEO</token>
<token number="239" sentence="11" t_id="240">Ralph</token>
<token number="240" sentence="11" t_id="241">Crosby</token>
<token number="241" sentence="11" t_id="242">.</token>
<token number="242" sentence="12" t_id="243">Airbus</token>
<token number="243" sentence="12" t_id="244">is</token>
<token number="244" sentence="12" t_id="245">owned</token>
<token number="245" sentence="12" t_id="246">by</token>
<token number="246" sentence="12" t_id="247">European</token>
<token number="247" sentence="12" t_id="248">Aeronautic</token>
<token number="248" sentence="12" t_id="249">Defense</token>
<token number="249" sentence="12" t_id="250">&amp;</token>
<token number="250" sentence="12" t_id="251">Space</token>
<token number="251" sentence="12" t_id="252">Company</token>
<token number="252" sentence="12" t_id="253">(</token>
<token number="253" sentence="12" t_id="254">EADS</token>
<token number="254" sentence="12" t_id="255">)</token>
<token number="255" sentence="12" t_id="256">.</token>
<token number="256" sentence="13" t_id="257">Airbus</token>
<token number="257" sentence="13" t_id="258">manufacturers</token>
<token number="258" sentence="13" t_id="259">a</token>
<token number="259" sentence="13" t_id="260">number</token>
<token number="260" sentence="13" t_id="261">of</token>
<token number="261" sentence="13" t_id="262">passenger</token>
<token number="262" sentence="13" t_id="263">and</token>
<token number="263" sentence="13" t_id="264">military</token>
<token number="264" sentence="13" t_id="265">aircraft</token>
<token number="265" sentence="13" t_id="266">and</token>
<token number="266" sentence="13" t_id="267">has</token>
<token number="267" sentence="13" t_id="268">gained</token>
<token number="268" sentence="13" t_id="269">market</token>
<token number="269" sentence="13" t_id="270">share</token>
<token number="270" sentence="13" t_id="271">in</token>
<token number="271" sentence="13" t_id="272">passenger</token>
<token number="272" sentence="13" t_id="273">aircraft</token>
<token number="273" sentence="13" t_id="274">over</token>
<token number="274" sentence="13" t_id="275">Boeing</token>
<token number="275" sentence="13" t_id="276">in</token>
<token number="276" sentence="13" t_id="277">recent</token>
<token number="277" sentence="13" t_id="278">years</token>
<token number="278" sentence="13" t_id="279">.</token>
<token number="279" sentence="14" t_id="280">The</token>
<token number="280" sentence="14" t_id="281">following</token>
<token number="281" sentence="14" t_id="282">is</token>
<token number="282" sentence="14" t_id="283">a</token>
<token number="283" sentence="14" t_id="284">sequential</token>
<token number="284" sentence="14" t_id="285">email</token>
<token number="285" sentence="14" t_id="286">exchange</token>
<token number="286" sentence="14" t_id="287">regarding</token>
<token number="287" sentence="14" t_id="288">Airbus</token>
<token number="288" sentence="14" t_id="289">as</token>
<token number="289" sentence="14" t_id="290">recorded</token>
<token number="290" sentence="14" t_id="291">in</token>
<token number="291" sentence="14" t_id="292">the</token>
<token number="292" sentence="14" t_id="293">Congressional</token>
<token number="293" sentence="14" t_id="294">Record</token>
<token number="294" sentence="14" t_id="295">:</token>
<token number="295" sentence="14" t_id="296">:</token>
<token number="296" sentence="14" t_id="297">Special</token>
<token number="297" sentence="14" t_id="298">Asst.</token>
<token number="298" sentence="14" t_id="299">to</token>
<token number="299" sentence="14" t_id="300">the</token>
<token number="300" sentence="14" t_id="301">Secretary</token>
<token number="301" sentence="14" t_id="302">and</token>
<token number="302" sentence="14" t_id="303">Director</token>
<token number="303" sentence="14" t_id="304">of</token>
<token number="304" sentence="14" t_id="305">Air</token>
<token number="305" sentence="14" t_id="306">Force</token>
<token number="306" sentence="14" t_id="307">Communications</token>
<token number="307" sentence="14" t_id="308">Bill</token>
<token number="308" sentence="14" t_id="309">Bodie</token>
<token number="309" sentence="14" t_id="310">:</token>
<token number="310" sentence="14" t_id="311">``</token>
<token number="311" sentence="14" t_id="312">We</token>
<token number="312" sentence="14" t_id="313">do</token>
<token number="313" sentence="14" t_id="314">n't</token>
<token number="314" sentence="14" t_id="315">have</token>
<token number="315" sentence="14" t_id="316">to</token>
<token number="316" sentence="14" t_id="317">turn</token>
<token number="317" sentence="14" t_id="318">the</token>
<token number="318" sentence="14" t_id="319">other</token>
<token number="319" sentence="14" t_id="320">cheek</token>
<token number="320" sentence="14" t_id="321">,</token>
<token number="321" sentence="14" t_id="322">you</token>
<token number="322" sentence="14" t_id="323">know</token>
<token number="323" sentence="14" t_id="324">.</token>
<token number="324" sentence="15" t_id="325">I'</token>
<token number="325" sentence="15" t_id="326">m</token>
<token number="326" sentence="15" t_id="327">ready</token>
<token number="327" sentence="15" t_id="328">to</token>
<token number="328" sentence="15" t_id="329">tell</token>
<token number="329" sentence="15" t_id="330">the</token>
<token number="330" sentence="15" t_id="331">truth</token>
<token number="331" sentence="15" t_id="332">about</token>
<token number="332" sentence="15" t_id="333">Airbus</token>
<token number="333" sentence="15" t_id="334">'s</token>
<token number="334" sentence="15" t_id="335">boom</token>
<token number="335" sentence="15" t_id="336">,</token>
<token number="336" sentence="15" t_id="337">footprint</token>
<token number="337" sentence="15" t_id="338">,</token>
<token number="338" sentence="15" t_id="339">and</token>
<token number="339" sentence="15" t_id="340">financial</token>
<token number="340" sentence="15" t_id="341">shortcoming</token>
<token number="341" sentence="15" t_id="342">.</token>
<token number="342" sentence="16" t_id="343">But</token>
<token number="343" sentence="16" t_id="344">maybe</token>
<token number="344" sentence="16" t_id="345">we</token>
<token number="345" sentence="16" t_id="346">should</token>
<token number="346" sentence="16" t_id="347">sleep</token>
<token number="347" sentence="16" t_id="348">on</token>
<token number="348" sentence="16" t_id="349">it</token>
<token number="349" sentence="16" t_id="350">.</token>
<token number="350" sentence="16" t_id="351">''</token>
<token number="351" sentence="17" t_id="352">:</token>
<token number="352" sentence="17" t_id="353">Secretary</token>
<token number="353" sentence="17" t_id="354">of</token>
<token number="354" sentence="17" t_id="355">the</token>
<token number="355" sentence="17" t_id="356">Air</token>
<token number="356" sentence="17" t_id="357">Force</token>
<token number="357" sentence="17" t_id="358">James</token>
<token number="358" sentence="17" t_id="359">Roche</token>
<token number="359" sentence="17" t_id="360">:</token>
<token number="360" sentence="17" t_id="361">``</token>
<token number="361" sentence="17" t_id="362">No</token>
<token number="362" sentence="17" t_id="363">,</token>
<token number="363" sentence="17" t_id="364">Sir</token>
<token number="364" sentence="17" t_id="365">,</token>
<token number="365" sentence="17" t_id="366">save</token>
<token number="366" sentence="17" t_id="367">it</token>
<token number="367" sentence="17" t_id="368">and</token>
<token number="368" sentence="17" t_id="369">blow</token>
<token number="369" sentence="17" t_id="370">him</token>
<token number="370" sentence="17" t_id="371">away</token>
<token number="371" sentence="17" t_id="372">.</token>
<token number="372" sentence="18" t_id="373">He</token>
<token number="373" sentence="18" t_id="374">admits</token>
<token number="374" sentence="18" t_id="375">that</token>
<token number="375" sentence="18" t_id="376">they</token>
<token number="376" sentence="18" t_id="377">were</token>
<token number="377" sentence="18" t_id="378">not</token>
<token number="378" sentence="18" t_id="379">technically</token>
<token number="379" sentence="18" t_id="380">qualified</token>
<token number="380" sentence="18" t_id="381">!</token>
<token number="381" sentence="19" t_id="382">And</token>
<token number="382" sentence="19" t_id="383">,</token>
<token number="383" sentence="19" t_id="384">we</token>
<token number="384" sentence="19" t_id="385">keep</token>
<token number="385" sentence="19" t_id="386">their</token>
<token number="386" sentence="19" t_id="387">record</token>
<token number="387" sentence="19" t_id="388">of</token>
<token number="388" sentence="19" t_id="389">bribes</token>
<token number="389" sentence="19" t_id="390">as</token>
<token number="390" sentence="19" t_id="391">our</token>
<token number="391" sentence="19" t_id="392">trump</token>
<token number="392" sentence="19" t_id="393">card</token>
<token number="393" sentence="19" t_id="394">!</token>
<token number="394" sentence="20" t_id="395">Jim</token>
<token number="395" sentence="20" t_id="396">.</token>
<token number="396" sentence="20" t_id="397">''</token>
<token number="397" sentence="21" t_id="398">:</token>
<token number="398" sentence="21" t_id="399">Civilian</token>
<token number="399" sentence="21" t_id="400">Deputy</token>
<token number="400" sentence="21" t_id="401">Undersecretary</token>
<token number="401" sentence="21" t_id="402">of</token>
<token number="402" sentence="21" t_id="403">the</token>
<token number="403" sentence="21" t_id="404">Air</token>
<token number="404" sentence="21" t_id="405">Force</token>
<token number="405" sentence="21" t_id="406">for</token>
<token number="406" sentence="21" t_id="407">Acquisition</token>
<token number="407" sentence="21" t_id="408">Darleen</token>
<token number="408" sentence="21" t_id="409">Druyun</token>
<token number="409" sentence="21" t_id="410">:</token>
<token number="410" sentence="21" t_id="411">``</token>
<token number="411" sentence="21" t_id="412">I</token>
<token number="412" sentence="21" t_id="413">read</token>
<token number="413" sentence="21" t_id="414">with</token>
<token number="414" sentence="21" t_id="415">disgust</token>
<token number="415" sentence="21" t_id="416">the</token>
<token number="416" sentence="21" t_id="417">article</token>
<token number="417" sentence="21" t_id="418">on</token>
<token number="418" sentence="21" t_id="419">Airbus</token>
<token number="419" sentence="21" t_id="420">tankers</token>
<token number="420" sentence="21" t_id="421">from</token>
<token number="421" sentence="21" t_id="422">the</token>
<token number="422" sentence="21" t_id="423">new</token>
<token number="423" sentence="21" t_id="424">EADS</token>
<token number="424" sentence="21" t_id="425">CEO</token>
<token number="425" sentence="21" t_id="426">of</token>
<token number="426" sentence="21" t_id="427">North</token>
<token number="427" sentence="21" t_id="428">America</token>
<token number="428" sentence="21" t_id="429">.</token>
<token number="429" sentence="22" t_id="430">What</token>
<token number="430" sentence="22" t_id="431">BS</token>
<token number="431" sentence="22" t_id="432">...</token>
<token number="432" sentence="22" t_id="433">should</token>
<token number="433" sentence="22" t_id="434">not</token>
<token number="434" sentence="22" t_id="435">have</token>
<token number="435" sentence="22" t_id="436">been</token>
<token number="436" sentence="22" t_id="437">surprised</token>
<token number="437" sentence="22" t_id="438">at</token>
<token number="438" sentence="22" t_id="439">the</token>
<token number="439" sentence="22" t_id="440">slime</token>
<token number="440" sentence="22" t_id="441">...</token>
<token number="441" sentence="22" t_id="442">his</token>
<token number="442" sentence="22" t_id="443">day</token>
<token number="443" sentence="22" t_id="444">of</token>
<token number="444" sentence="22" t_id="445">reckoning</token>
<token number="445" sentence="22" t_id="446">will</token>
<token number="446" sentence="22" t_id="447">come</token>
<token number="447" sentence="22" t_id="448">hopefully</token>
<token number="448" sentence="22" t_id="449">.</token>
<token number="449" sentence="22" t_id="450">''</token>
<token number="450" sentence="23" t_id="451">:</token>
<token number="451" sentence="23" t_id="452">Secretary</token>
<token number="452" sentence="23" t_id="453">of</token>
<token number="453" sentence="23" t_id="454">the</token>
<token number="454" sentence="23" t_id="455">Air</token>
<token number="455" sentence="23" t_id="456">Force</token>
<token number="456" sentence="23" t_id="457">James</token>
<token number="457" sentence="23" t_id="458">Roche</token>
<token number="458" sentence="23" t_id="459">:</token>
<token number="459" sentence="23" t_id="460">``</token>
<token number="460" sentence="23" t_id="461">Oy</token>
<token number="461" sentence="23" t_id="462">.</token>
<token number="462" sentence="24" t_id="463">I</token>
<token number="463" sentence="24" t_id="464">agree</token>
<token number="464" sentence="24" t_id="465">.</token>
<token number="465" sentence="25" t_id="466">I</token>
<token number="466" sentence="25" t_id="467">had</token>
<token number="467" sentence="25" t_id="468">hoped</token>
<token number="468" sentence="25" t_id="469">you</token>
<token number="469" sentence="25" t_id="470">would</token>
<token number="470" sentence="25" t_id="471">have</token>
<token number="471" sentence="25" t_id="472">stayed</token>
<token number="472" sentence="25" t_id="473">and</token>
<token number="473" sentence="25" t_id="474">tortured</token>
<token number="474" sentence="25" t_id="475">him</token>
<token number="475" sentence="25" t_id="476">slowly</token>
<token number="476" sentence="25" t_id="477">over</token>
<token number="477" sentence="25" t_id="478">the</token>
<token number="478" sentence="25" t_id="479">next</token>
<token number="479" sentence="25" t_id="480">few</token>
<token number="480" sentence="25" t_id="481">years</token>
<token number="481" sentence="25" t_id="482">until</token>
<token number="482" sentence="25" t_id="483">EADS</token>
<token number="483" sentence="25" t_id="484">got</token>
<token number="484" sentence="25" t_id="485">rid</token>
<token number="485" sentence="25" t_id="486">of</token>
<token number="486" sentence="25" t_id="487">him</token>
<token number="487" sentence="25" t_id="488">!</token>
<token number="488" sentence="26" t_id="489">Jim</token>
<token number="489" sentence="26" t_id="490">.</token>
<token number="490" sentence="26" t_id="491">''</token>
<token number="491" sentence="27" t_id="492">An</token>
<token number="492" sentence="27" t_id="493">email</token>
<token number="493" sentence="27" t_id="494">from</token>
<token number="494" sentence="27" t_id="495">Burkhardt</token>
<token number="495" sentence="27" t_id="496">&amp;</token>
<token number="496" sentence="27" t_id="497">Associates</token>
<token number="497" sentence="27" t_id="498">to</token>
<token number="498" sentence="27" t_id="499">James</token>
<token number="499" sentence="27" t_id="500">Roche</token>
<token number="500" sentence="27" t_id="501">advises</token>
<token number="501" sentence="27" t_id="502">the</token>
<token number="502" sentence="27" t_id="503">Secretary</token>
<token number="503" sentence="27" t_id="504">to</token>
<token number="504" sentence="27" t_id="505">release</token>
<token number="505" sentence="27" t_id="506">fiscal</token>
<token number="506" sentence="27" t_id="507">numbers</token>
<token number="507" sentence="27" t_id="508">favorable</token>
<token number="508" sentence="27" t_id="509">to</token>
<token number="509" sentence="27" t_id="510">Boeing</token>
<token number="510" sentence="27" t_id="511">,</token>
<token number="511" sentence="27" t_id="512">apparently</token>
<token number="512" sentence="27" t_id="513">regardless</token>
<token number="513" sentence="27" t_id="514">of</token>
<token number="514" sentence="27" t_id="515">the</token>
<token number="515" sentence="27" t_id="516">facts</token>
<token number="516" sentence="27" t_id="517">:</token>
<token number="517" sentence="27" t_id="518">''I'</token>
<token number="518" sentence="27" t_id="519">d</token>
<token number="519" sentence="27" t_id="520">distribute</token>
<token number="520" sentence="27" t_id="521">a</token>
<token number="521" sentence="27" t_id="522">one</token>
<token number="522" sentence="27" t_id="523">page</token>
<token number="523" sentence="27" t_id="524">memo</token>
<token number="524" sentence="27" t_id="525">saying</token>
<token number="525" sentence="27" t_id="526">the</token>
<token number="526" sentence="27" t_id="527">per</token>
<token number="527" sentence="27" t_id="528">plane</token>
<token number="528" sentence="27" t_id="529">cost</token>
<token number="529" sentence="27" t_id="530">of</token>
<token number="530" sentence="27" t_id="531">the</token>
<token number="531" sentence="27" t_id="532">lease</token>
<token number="532" sentence="27" t_id="533">will</token>
<token number="533" sentence="27" t_id="534">not</token>
<token number="534" sentence="27" t_id="535">be</token>
<token number="535" sentence="27" t_id="536">greater</token>
<token number="536" sentence="27" t_id="537">than</token>
<token number="537" sentence="27" t_id="538">x</token>
<token number="538" sentence="27" t_id="539">and</token>
<token number="539" sentence="27" t_id="540">have</token>
<token number="540" sentence="27" t_id="541">x</token>
<token number="541" sentence="27" t_id="542">be</token>
<token number="542" sentence="27" t_id="543">less</token>
<token number="543" sentence="27" t_id="544">than</token>
<token number="544" sentence="27" t_id="545">the</token>
<token number="545" sentence="27" t_id="546">last</token>
<token number="546" sentence="27" t_id="547">lease</token>
<token number="547" sentence="27" t_id="548">Boeing</token>
<token number="548" sentence="27" t_id="549">did</token>
<token number="549" sentence="27" t_id="550">for</token>
<token number="550" sentence="27" t_id="551">some</token>
<token number="551" sentence="27" t_id="552">commercial</token>
<token number="552" sentence="27" t_id="553">entity</token>
<token number="553" sentence="27" t_id="554">--</token>
<token number="554" sentence="27" t_id="555">or</token>
<token number="555" sentence="27" t_id="556">that</token>
<token number="556" sentence="27" t_id="557">x</token>
<token number="557" sentence="27" t_id="558">is</token>
<token number="558" sentence="27" t_id="559">y</token>
<token number="559" sentence="27" t_id="560">dollars</token>
<token number="560" sentence="27" t_id="561">less</token>
<token number="561" sentence="27" t_id="562">than</token>
<token number="562" sentence="27" t_id="563">the</token>
<token number="563" sentence="27" t_id="564">cost</token>
<token number="564" sentence="27" t_id="565">of</token>
<token number="565" sentence="27" t_id="566">a</token>
<token number="566" sentence="27" t_id="567">new</token>
<token number="567" sentence="27" t_id="568">tanker</token>
<token number="568" sentence="27" t_id="569">,</token>
<token number="569" sentence="27" t_id="570">''</token>
<token number="570" sentence="27" t_id="571">it</token>
<token number="571" sentence="27" t_id="572">said</token>
<token number="572" sentence="27" t_id="573">.</token>
<token number="573" sentence="28" t_id="574">An</token>
<token number="574" sentence="28" t_id="575">additional</token>
<token number="575" sentence="28" t_id="576">email</token>
<token number="576" sentence="28" t_id="577">by</token>
<token number="577" sentence="28" t_id="578">Roche</token>
<token number="578" sentence="28" t_id="579">provides</token>
<token number="579" sentence="28" t_id="580">a</token>
<token number="580" sentence="28" t_id="581">stark</token>
<token number="581" sentence="28" t_id="582">contrast</token>
<token number="582" sentence="28" t_id="583">to</token>
<token number="583" sentence="28" t_id="584">his</token>
<token number="584" sentence="28" t_id="585">criticism</token>
<token number="585" sentence="28" t_id="586">of</token>
<token number="586" sentence="28" t_id="587">Airbus</token>
<token number="587" sentence="28" t_id="588">,</token>
<token number="588" sentence="28" t_id="589">as</token>
<token number="589" sentence="28" t_id="590">he</token>
<token number="590" sentence="28" t_id="591">talks</token>
<token number="591" sentence="28" t_id="592">to</token>
<token number="592" sentence="28" t_id="593">Assistant</token>
<token number="593" sentence="28" t_id="594">Secretary</token>
<token number="594" sentence="28" t_id="595">of</token>
<token number="595" sentence="28" t_id="596">the</token>
<token number="596" sentence="28" t_id="597">Air</token>
<token number="597" sentence="28" t_id="598">Force</token>
<token number="598" sentence="28" t_id="599">for</token>
<token number="599" sentence="28" t_id="600">Acquisition</token>
<token number="600" sentence="28" t_id="601">Marvin</token>
<token number="601" sentence="28" t_id="602">Sambur</token>
<token number="602" sentence="28" t_id="603">about</token>
<token number="603" sentence="28" t_id="604">Boeing</token>
<token number="604" sentence="28" t_id="605">,</token>
<token number="605" sentence="28" t_id="606">saying</token>
<token number="606" sentence="28" t_id="607">,</token>
<token number="607" sentence="28" t_id="608">``</token>
<token number="608" sentence="28" t_id="609">I</token>
<token number="609" sentence="28" t_id="610">love</token>
<token number="610" sentence="28" t_id="611">Ya</token>
<token number="611" sentence="28" t_id="612">,</token>
<token number="612" sentence="28" t_id="613">Big</token>
<token number="613" sentence="28" t_id="614">Guy</token>
<token number="614" sentence="28" t_id="615">.</token>
<token number="615" sentence="29" t_id="616">Give</token>
<token number="616" sentence="29" t_id="617">it</token>
<token number="617" sentence="29" t_id="618">to</token>
<token number="618" sentence="29" t_id="619">the</token>
<token number="619" sentence="29" t_id="620">Blue</token>
<token number="620" sentence="29" t_id="621">Eyed</token>
<token number="621" sentence="29" t_id="622">Arabs</token>
<token number="622" sentence="29" t_id="623">of</token>
<token number="623" sentence="29" t_id="624">the</token>
<token number="624" sentence="29" t_id="625">North</token>
<token number="625" sentence="29" t_id="626">(</token>
<token number="626" sentence="29" t_id="627">the</token>
<token number="627" sentence="29" t_id="628">expression</token>
<token number="628" sentence="29" t_id="629">we</token>
<token number="629" sentence="29" t_id="630">used</token>
<token number="630" sentence="29" t_id="631">for</token>
<token number="631" sentence="29" t_id="632">Boeing</token>
<token number="632" sentence="29" t_id="633">)</token>
<token number="633" sentence="29" t_id="634">.</token>
<token number="634" sentence="29" t_id="635">''</token>
<token number="635" sentence="30" t_id="636">GovExec.com</token>
<token number="636" sentence="30" t_id="637">quotes</token>
<token number="637" sentence="30" t_id="638">a</token>
<token number="638" sentence="30" t_id="639">``</token>
<token number="639" sentence="30" t_id="640">Senate</token>
<token number="640" sentence="30" t_id="641">aide</token>
<token number="641" sentence="30" t_id="642">''</token>
<token number="642" sentence="30" t_id="643">as</token>
<token number="643" sentence="30" t_id="644">saying</token>
<token number="644" sentence="30" t_id="645">:</token>
<token number="645" sentence="30" t_id="646">``</token>
<token number="646" sentence="30" t_id="647">The</token>
<token number="647" sentence="30" t_id="648">House</token>
<token number="648" sentence="30" t_id="649">language</token>
<token number="649" sentence="30" t_id="650">of</token>
<token number="650" sentence="30" t_id="651">the</token>
<token number="651" sentence="30" t_id="652">spending</token>
<token number="652" sentence="30" t_id="653">bill</token>
<token number="653" sentence="30" t_id="654">]</token>
<token number="654" sentence="30" t_id="655">ignores</token>
<token number="655" sentence="30" t_id="656">an</token>
<token number="656" sentence="30" t_id="657">analysis</token>
<token number="657" sentence="30" t_id="658">of</token>
<token number="658" sentence="30" t_id="659">alternatives</token>
<token number="659" sentence="30" t_id="660">called</token>
<token number="660" sentence="30" t_id="661">for</token>
<token number="661" sentence="30" t_id="662">in</token>
<token number="662" sentence="30" t_id="663">last</token>
<token number="663" sentence="30" t_id="664">year</token>
<token number="664" sentence="30" t_id="665">'s</token>
<token number="665" sentence="30" t_id="666">authorizing</token>
<token number="666" sentence="30" t_id="667">language</token>
<token number="667" sentence="30" t_id="668">and</token>
<token number="668" sentence="30" t_id="669">by</token>
<token number="669" sentence="30" t_id="670">Pentagon</token>
<token number="670" sentence="30" t_id="671">Acquisition</token>
<token number="671" sentence="30" t_id="672">Director</token>
<token number="672" sentence="30" t_id="673">Michael</token>
<token number="673" sentence="30" t_id="674">Wynne</token>
<token number="674" sentence="30" t_id="675">and</token>
<token number="675" sentence="30" t_id="676">the</token>
<token number="676" sentence="30" t_id="677">DSB</token>
<token number="677" sentence="30" t_id="678">.</token>
<token number="678" sentence="31" t_id="679">It</token>
<token number="679" sentence="31" t_id="680">precludes</token>
<token number="680" sentence="31" t_id="681">such</token>
<token number="681" sentence="31" t_id="682">an</token>
<token number="682" sentence="31" t_id="683">analysis</token>
<token number="683" sentence="31" t_id="684">and</token>
<token number="684" sentence="31" t_id="685">predetermines</token>
<token number="685" sentence="31" t_id="686">the</token>
<token number="686" sentence="31" t_id="687">outcome</token>
<token number="687" sentence="31" t_id="688">in</token>
<token number="688" sentence="31" t_id="689">favor</token>
<token number="689" sentence="31" t_id="690">of</token>
<token number="690" sentence="31" t_id="691">the</token>
<token number="691" sentence="31" t_id="692">Boeing</token>
<token number="692" sentence="31" t_id="693">767</token>
<token number="693" sentence="31" t_id="694">before</token>
<token number="694" sentence="31" t_id="695">the</token>
<token number="695" sentence="31" t_id="696">study</token>
<token number="696" sentence="31" t_id="697">is</token>
<token number="697" sentence="31" t_id="698">even</token>
<token number="698" sentence="31" t_id="699">initiated</token>
<token number="699" sentence="31" t_id="700">.</token>
<token number="700" sentence="31" t_id="701">''</token>
<token number="701" sentence="32" t_id="702">The</token>
<token number="702" sentence="32" t_id="703">activist</token>
<token number="703" sentence="32" t_id="704">organization</token>
<token number="704" sentence="32" t_id="705">the</token>
<token number="705" sentence="32" t_id="706">Project</token>
<token number="706" sentence="32" t_id="707">on</token>
<token number="707" sentence="32" t_id="708">Government</token>
<token number="708" sentence="32" t_id="709">Oversight</token>
<token number="709" sentence="32" t_id="710">has</token>
<token number="710" sentence="32" t_id="711">called</token>
<token number="711" sentence="32" t_id="712">it</token>
<token number="712" sentence="32" t_id="713">``</token>
<token number="713" sentence="32" t_id="714">a</token>
<token number="714" sentence="32" t_id="715">textbook</token>
<token number="715" sentence="32" t_id="716">case</token>
<token number="716" sentence="32" t_id="717">of</token>
<token number="717" sentence="32" t_id="718">favoritism</token>
<token number="718" sentence="32" t_id="719">to</token>
<token number="719" sentence="32" t_id="720">a</token>
<token number="720" sentence="32" t_id="721">single</token>
<token number="721" sentence="32" t_id="722">defense</token>
<token number="722" sentence="32" t_id="723">contractor</token>
<token number="723" sentence="32" t_id="724">.</token>
<token number="724" sentence="32" t_id="725">''</token>
<token number="725" sentence="33" t_id="726">Assistant</token>
<token number="726" sentence="33" t_id="727">Secretary</token>
<token number="727" sentence="33" t_id="728">of</token>
<token number="728" sentence="33" t_id="729">the</token>
<token number="729" sentence="33" t_id="730">Air</token>
<token number="730" sentence="33" t_id="731">Force</token>
<token number="731" sentence="33" t_id="732">for</token>
<token number="732" sentence="33" t_id="733">Acquisition</token>
<token number="733" sentence="33" t_id="734">Marvin</token>
<token number="734" sentence="33" t_id="735">Sambur</token>
<token number="735" sentence="33" t_id="736">defended</token>
<token number="736" sentence="33" t_id="737">the</token>
<token number="737" sentence="33" t_id="738">Air</token>
<token number="738" sentence="33" t_id="739">Force</token>
<token number="739" sentence="33" t_id="740">'s</token>
<token number="740" sentence="33" t_id="741">exclusive</token>
<token number="741" sentence="33" t_id="742">consideration</token>
<token number="742" sentence="33" t_id="743">of</token>
<token number="743" sentence="33" t_id="744">Boeing</token>
<token number="744" sentence="33" t_id="745">,</token>
<token number="745" sentence="33" t_id="746">saying</token>
<token number="746" sentence="33" t_id="747">,</token>
<token number="747" sentence="33" t_id="748">``</token>
<token number="748" sentence="33" t_id="749">This</token>
<token number="749" sentence="33" t_id="750">was</token>
<token number="750" sentence="33" t_id="751">not</token>
<token number="751" sentence="33" t_id="752">a</token>
<token number="752" sentence="33" t_id="753">competitive</token>
<token number="753" sentence="33" t_id="754">bid</token>
<token number="754" sentence="33" t_id="755">process</token>
<token number="755" sentence="33" t_id="756">.</token>
<token number="756" sentence="34" t_id="757">The</token>
<token number="757" sentence="34" t_id="758">Air</token>
<token number="758" sentence="34" t_id="759">Force</token>
<token number="759" sentence="34" t_id="760">was</token>
<token number="760" sentence="34" t_id="761">ordered</token>
<token number="761" sentence="34" t_id="762">by</token>
<token number="762" sentence="34" t_id="763">Congress</token>
<token number="763" sentence="34" t_id="764">to</token>
<token number="764" sentence="34" t_id="765">work</token>
<token number="765" sentence="34" t_id="766">with</token>
<token number="766" sentence="34" t_id="767">Boeing</token>
<token number="767" sentence="34" t_id="768">on</token>
<token number="768" sentence="34" t_id="769">the</token>
<token number="769" sentence="34" t_id="770">new</token>
<token number="770" sentence="34" t_id="771">tanker</token>
<token number="771" sentence="34" t_id="772">program</token>
<token number="772" sentence="34" t_id="773">.</token>
<token number="773" sentence="34" t_id="774">''</token>
<token number="774" sentence="35" t_id="775">Boeing</token>
<token number="775" sentence="35" t_id="776">had</token>
<token number="776" sentence="35" t_id="777">previously</token>
<token number="777" sentence="35" t_id="778">hired</token>
<token number="778" sentence="35" t_id="779">Civilian</token>
<token number="779" sentence="35" t_id="780">Deputy</token>
<token number="780" sentence="35" t_id="781">Undersecretary</token>
<token number="781" sentence="35" t_id="782">of</token>
<token number="782" sentence="35" t_id="783">the</token>
<token number="783" sentence="35" t_id="784">Air</token>
<token number="784" sentence="35" t_id="785">Force</token>
<token number="785" sentence="35" t_id="786">for</token>
<token number="786" sentence="35" t_id="787">Acquisition</token>
<token number="787" sentence="35" t_id="788">Darleen</token>
<token number="788" sentence="35" t_id="789">Druyun</token>
<token number="789" sentence="35" t_id="790">.</token>
<token number="790" sentence="36" t_id="791">This</token>
<token number="791" sentence="36" t_id="792">caused</token>
<token number="792" sentence="36" t_id="793">a</token>
<token number="793" sentence="36" t_id="794">controversy</token>
<token number="794" sentence="36" t_id="795">over</token>
<token number="795" sentence="36" t_id="796">conflict</token>
<token number="796" sentence="36" t_id="797">of</token>
<token number="797" sentence="36" t_id="798">interest</token>
<token number="798" sentence="36" t_id="799">and</token>
<token number="799" sentence="36" t_id="800">led</token>
<token number="800" sentence="36" t_id="801">to</token>
<token number="801" sentence="36" t_id="802">felony</token>
<token number="802" sentence="36" t_id="803">charges</token>
<token number="803" sentence="36" t_id="804">against</token>
<token number="804" sentence="36" t_id="805">Boeing</token>
<token number="805" sentence="36" t_id="806">Chief</token>
<token number="806" sentence="36" t_id="807">Financial</token>
<token number="807" sentence="36" t_id="808">Officer</token>
<token number="808" sentence="36" t_id="809">Michael</token>
<token number="809" sentence="36" t_id="810">Sears</token>
<token number="810" sentence="36" t_id="811">for</token>
<token number="811" sentence="36" t_id="812">illegally</token>
<token number="812" sentence="36" t_id="813">hiring</token>
<token number="813" sentence="36" t_id="814">her</token>
<token number="814" sentence="36" t_id="815">.</token>
<token number="815" sentence="37" t_id="816">Former</token>
<token number="816" sentence="37" t_id="817">military</token>
<token number="817" sentence="37" t_id="818">personnel</token>
<token number="818" sentence="37" t_id="819">are</token>
<token number="819" sentence="37" t_id="820">often</token>
<token number="820" sentence="37" t_id="821">hired</token>
<token number="821" sentence="37" t_id="822">by</token>
<token number="822" sentence="37" t_id="823">defense</token>
<token number="823" sentence="37" t_id="824">contractors</token>
<token number="824" sentence="37" t_id="825">to</token>
<token number="825" sentence="37" t_id="826">lobby</token>
<token number="826" sentence="37" t_id="827">for</token>
<token number="827" sentence="37" t_id="828">contracts</token>
<token number="828" sentence="37" t_id="829">.</token>
<token number="829" sentence="38" t_id="830">Days</token>
<token number="830" sentence="38" t_id="831">after</token>
<token number="831" sentence="38" t_id="832">Sen.</token>
<token number="832" sentence="38" t_id="833">McCain</token>
<token number="833" sentence="38" t_id="834">'s</token>
<token number="834" sentence="38" t_id="835">remarks</token>
<token number="835" sentence="38" t_id="836">,</token>
<token number="836" sentence="38" t_id="837">the</token>
<token number="837" sentence="38" t_id="838">Air</token>
<token number="838" sentence="38" t_id="839">Force</token>
<token number="839" sentence="38" t_id="840">said</token>
<token number="840" sentence="38" t_id="841">the</token>
<token number="841" sentence="38" t_id="842">tanker</token>
<token number="842" sentence="38" t_id="843">replacement</token>
<token number="843" sentence="38" t_id="844">contract</token>
<token number="844" sentence="38" t_id="845">would</token>
<token number="845" sentence="38" t_id="846">be</token>
<token number="846" sentence="38" t_id="847">revived</token>
<token number="847" sentence="38" t_id="848">as</token>
<token number="848" sentence="38" t_id="849">an</token>
<token number="849" sentence="38" t_id="850">open</token>
<token number="850" sentence="38" t_id="851">bid</token>
<token number="851" sentence="38" t_id="852">.</token>
<token number="852" sentence="39" t_id="853">Deputy</token>
<token number="853" sentence="39" t_id="854">Defense</token>
<token number="854" sentence="39" t_id="855">Secretary</token>
<token number="855" sentence="39" t_id="856">Wolfowitz</token>
<token number="856" sentence="39" t_id="857">published</token>
<token number="857" sentence="39" t_id="858">an</token>
<token number="858" sentence="39" t_id="859">open-article</token>
<token number="859" sentence="39" t_id="860">in</token>
<token number="860" sentence="39" t_id="861">the</token>
<token number="861" sentence="39" t_id="862">Congressional</token>
<token number="862" sentence="39" t_id="863">Record</token>
<token number="863" sentence="39" t_id="864">,</token>
<token number="864" sentence="39" t_id="865">saying</token>
<token number="865" sentence="39" t_id="866">:</token>
<token number="866" sentence="39" t_id="867">``</token>
<token number="867" sentence="39" t_id="868">After</token>
<token number="868" sentence="39" t_id="869">we</token>
<token number="869" sentence="39" t_id="870">have</token>
<token number="870" sentence="39" t_id="871">selected</token>
<token number="871" sentence="39" t_id="872">an</token>
<token number="872" sentence="39" t_id="873">appropriate</token>
<token number="873" sentence="39" t_id="874">alternative</token>
<token number="874" sentence="39" t_id="875">,</token>
<token number="875" sentence="39" t_id="876">we</token>
<token number="876" sentence="39" t_id="877">intend</token>
<token number="877" sentence="39" t_id="878">to</token>
<token number="878" sentence="39" t_id="879">require</token>
<token number="879" sentence="39" t_id="880">competition</token>
<token number="880" sentence="39" t_id="881">.</token>
<token number="881" sentence="39" t_id="882">''</token>
<Markables>
<C-SIGNAL comment="" m_id="1">
<token_anchor t_id="89"/>
<token_anchor t_id="90"/>
</C-SIGNAL>
<ENTITY_MENTION comment="" head="" m_id="19" syntactic_type="NAM">
<token_anchor t_id="43"/>
</ENTITY_MENTION>
<ENTITY_MENTION comment="" head="" m_id="20" syntactic_type="PRE.NAM">
<token_anchor t_id="4"/>
<token_anchor t_id="5"/>
</ENTITY_MENTION>
<ENTITY_MENTION comment="" head="" m_id="21" syntactic_type="">
<token_anchor t_id="69"/>
<token_anchor t_id="70"/>
</ENTITY_MENTION>
<ENTITY_MENTION comment="" head="" m_id="22" syntactic_type="">
<token_anchor t_id="2"/>
</ENTITY_MENTION>
<ENTITY_MENTION comment="" head="" m_id="2" syntactic_type="">
<token_anchor t_id="78"/>
<token_anchor t_id="79"/>
</ENTITY_MENTION>
<ENTITY_MENTION comment="" head="" m_id="3" syntactic_type="NAM">
<token_anchor t_id="87"/>
<token_anchor t_id="88"/>
</ENTITY_MENTION>
<ENTITY_MENTION comment="" head="" m_id="4" syntactic_type="NAM">
<token_anchor t_id="98"/>
</ENTITY_MENTION>
<ENTITY_MENTION comment="" head="" m_id="5" syntactic_type="">
<token_anchor t_id="6"/>
</ENTITY_MENTION>
<ENTITY_MENTION comment="" head="" m_id="6" syntactic_type="NAM">
<token_anchor t_id="100"/>
<token_anchor t_id="101"/>
</ENTITY_MENTION>
<ENTITY_MENTION comment="" head="" m_id="7" syntactic_type="">
<token_anchor t_id="104"/>
<token_anchor t_id="105"/>
<token_anchor t_id="106"/>
<token_anchor t_id="107"/>
<token_anchor t_id="108"/>
<token_anchor t_id="109"/>
</ENTITY_MENTION>
<ENTITY_MENTION comment="" head="" m_id="8" syntactic_type="">
<token_anchor t_id="12"/>
<token_anchor t_id="13"/>
<token_anchor t_id="14"/>
<token_anchor t_id="15"/>
<token_anchor t_id="16"/>
<token_anchor t_id="17"/>
<token_anchor t_id="18"/>
<token_anchor t_id="19"/>
<token_anchor t_id="20"/>
<token_anchor t_id="21"/>
<token_anchor t_id="22"/>
<token_anchor t_id="23"/>
<token_anchor t_id="24"/>
<token_anchor t_id="25"/>
<token_anchor t_id="26"/>
<token_anchor t_id="27"/>
<token_anchor t_id="28"/>
<token_anchor t_id="29"/>
<token_anchor t_id="30"/>
</ENTITY_MENTION>
<ENTITY_MENTION comment="" head="" m_id="9" syntactic_type="">
<token_anchor t_id="15"/>
<token_anchor t_id="16"/>
<token_anchor t_id="17"/>
<token_anchor t_id="18"/>
<token_anchor t_id="19"/>
</ENTITY_MENTION>
<ENTITY_MENTION comment="" head="" m_id="10" syntactic_type="NAM">
<token_anchor t_id="28"/>
<token_anchor t_id="29"/>
<token_anchor t_id="30"/>
</ENTITY_MENTION>
<ENTITY_MENTION comment="" head="" m_id="11" syntactic_type="">
<token_anchor t_id="35"/>
<token_anchor t_id="36"/>
<token_anchor t_id="37"/>
</ENTITY_MENTION>
<ENTITY_MENTION comment="" head="" m_id="12" syntactic_type="">
<token_anchor t_id="91"/>
</ENTITY_MENTION>
<ENTITY_MENTION comment="" head="" m_id="13" syntactic_type="NAM">
<token_anchor t_id="39"/>
<token_anchor t_id="40"/>
<token_anchor t_id="41"/>
<token_anchor t_id="42"/>
<token_anchor t_id="43"/>
</ENTITY_MENTION>
<ENTITY_MENTION comment="" head="" m_id="14" syntactic_type="">
<token_anchor t_id="46"/>
</ENTITY_MENTION>
<ENTITY_MENTION comment="" head="" m_id="15" syntactic_type="NAM">
<token_anchor t_id="48"/>
<token_anchor t_id="49"/>
<token_anchor t_id="50"/>
</ENTITY_MENTION>
<ENTITY_MENTION comment="" head="" m_id="75" syntactic_type="NAM">
<token_anchor t_id="39"/>
<token_anchor t_id="40"/>
<token_anchor t_id="41"/>
</ENTITY_MENTION>
<ENTITY_MENTION comment="" head="" m_id="16" syntactic_type="PRE.NAM">
<token_anchor t_id="15"/>
<token_anchor t_id="16"/>
<token_anchor t_id="17"/>
<token_anchor t_id="18"/>
</ENTITY_MENTION>
<ENTITY_MENTION comment="" head="" m_id="17" syntactic_type="">
<token_anchor t_id="62"/>
<token_anchor t_id="63"/>
<token_anchor t_id="64"/>
<token_anchor t_id="65"/>
</ENTITY_MENTION>
<ENTITY_MENTION comment="" head="" m_id="18" syntactic_type="NAM">
<token_anchor t_id="67"/>
</ENTITY_MENTION>
<EVENT_MENTION aspect="NONE" certainty="CERTAIN" comment="" m_id="23" modality="" polarity="POS" pos="VERB" pred="expose" special_cases="NONE" tense="PRESENT" time="NON_FUTURE">
<token_anchor t_id="3"/>
</EVENT_MENTION>
<EVENT_MENTION aspect="NONE" certainty="CERTAIN" comment="" m_id="24" modality="" polarity="POS" pos="NOUN" pred="discussion" special_cases="NONE" tense="NONE" time="NON_FUTURE">
<token_anchor t_id="7"/>
</EVENT_MENTION>
<EVENT_MENTION aspect="PERFECTIVE" certainty="CERTAIN" comment="" m_id="25" modality="" polarity="POS" pos="VERB" pred="enter" special_cases="NONE" tense="PRESENT" time="NON_FUTURE">
<token_anchor t_id="33"/>
</EVENT_MENTION>
<EVENT_MENTION aspect="NONE" certainty="CERTAIN" comment="" m_id="26" modality="" polarity="POS" pos="NOUN" pred="deal" special_cases="NONE" tense="NONE" time="NON_FUTURE">
<token_anchor t_id="26"/>
</EVENT_MENTION>
<EVENT_MENTION aspect="NONE" certainty="CERTAIN" comment="" m_id="27" modality="" polarity="POS" pos="VERB" pred="enter" special_cases="NONE" tense="PAST" time="NON_FUTURE">
<token_anchor t_id="45"/>
</EVENT_MENTION>
<EVENT_MENTION aspect="NONE" certainty="CERTAIN" comment="" m_id="28" modality="" polarity="POS" pos="NOUN" pred="speech" special_cases="NONE" tense="NONE" time="NON_FUTURE">
<token_anchor t_id="53"/>
</EVENT_MENTION>
<EVENT_MENTION aspect="NONE" certainty="CERTAIN" comment="" m_id="29" modality="" polarity="NEG" pos="NOUN" pred="deal" special_cases="NONE" tense="NONE" time="NON_FUTURE">
<token_anchor t_id="59"/>
</EVENT_MENTION>
<EVENT_MENTION aspect="NONE" certainty="CERTAIN" comment="" m_id="30" modality="" polarity="NEG" pos="VERB" pred="lease" special_cases="NONE" tense="INFINITIVE" time="FUTURE">
<token_anchor t_id="61"/>
</EVENT_MENTION>
<EVENT_MENTION aspect="NONE" certainty="CERTAIN" comment="" m_id="31" modality="" polarity="POS" pos="VERB" pred="reject" special_cases="NONE" tense="PAST" time="NON_FUTURE">
<token_anchor t_id="71"/>
</EVENT_MENTION>
<EVENT_MENTION aspect="NONE" certainty="CERTAIN" comment="" m_id="32" modality="" polarity="POS" pos="NOUN" pred="proposal" special_cases="NONE" tense="NONE" time="NON_FUTURE">
<token_anchor t_id="73"/>
</EVENT_MENTION>
<EVENT_MENTION aspect="NONE" certainty="CERTAIN" comment="" m_id="33" modality="" polarity="POS" pos="VERB" pred="say" special_cases="NONE" tense="PRESENT" time="NON_FUTURE">
<token_anchor t_id="80"/>
</EVENT_MENTION>
<EVENT_MENTION aspect="NONE" certainty="CERTAIN" comment="" m_id="34" modality="" polarity="NEG" pos="NOUN" pred="deal" special_cases="NONE" tense="NONE" time="NON_FUTURE">
<token_anchor t_id="82"/>
</EVENT_MENTION>
<EVENT_MENTION aspect="PERFECTIVE" certainty="CERTAIN" comment="" m_id="35" modality="" polarity="POS" pos="VERB" pred="kill" special_cases="NONE" tense="PAST" time="NON_FUTURE">
<token_anchor t_id="85"/>
</EVENT_MENTION>
<EVENT_MENTION aspect="NONE" certainty="CERTAIN" comment="" m_id="36" modality="" polarity="POS" pos="VERB" pred="state" special_cases="NONE" tense="PRESPART" time="NON_FUTURE">
<token_anchor t_id="92"/>
</EVENT_MENTION>
<EVENT_MENTION aspect="NONE" certainty="CERTAIN" comment="" m_id="37" modality="" polarity="NEG" pos="NOUN" pred="deal" special_cases="NONE" tense="NONE" time="NON_FUTURE">
<token_anchor t_id="95"/>
</EVENT_MENTION>
<EVENT_MENTION aspect="PERFECTIVE" certainty="CERTAIN" comment="" m_id="38" modality="" polarity="NEG" pos="VERB" pred="favor" special_cases="NONE" tense="PAST" time="NON_FUTURE">
<token_anchor t_id="97"/>
</EVENT_MENTION>
<EVENT_MENTION aspect="PERFECTIVE" certainty="CERTAIN" comment="" m_id="39" modality="" polarity="POS" pos="VERB" pred="be" special_cases="NONE" tense="PRESENT" time="NON_FUTURE">
<token_anchor t_id="103"/>
</EVENT_MENTION>
<EVENT_MENTION aspect="NONE" certainty="UNDERSPECIFIED" comment="" m_id="40" modality="" polarity="POS" pos="NOUN" pred="deal" special_cases="NONE" tense="NONE" time="UNDERSPECIFIED">
<token_anchor t_id="105"/>
</EVENT_MENTION>
<SIGNAL comment="" m_id="41">
<token_anchor t_id="51"/>
</SIGNAL>
<SIGNAL comment="" m_id="42">
<token_anchor t_id="74"/>
</SIGNAL>
<TIMEX3 anchorTimeID="44" beginPoint="" comment="" endPoint="" functionInDocument="NONE" m_id="43" type="DATE" value="2004-W47">
<token_anchor t_id="54"/>
<token_anchor t_id="55"/>
</TIMEX3>
<TIMEX3 anchorTimeID="" beginPoint="" comment="" endPoint="" functionInDocument="CREATION_TIME" m_id="44" type="DATE" value="2004-11-24">
<token_anchor t_id="8"/>
<token_anchor t_id="9"/>
<token_anchor t_id="10"/>
<token_anchor t_id="11"/>
</TIMEX3>
<TIMEX3 anchorTimeID="44" beginPoint="" comment="" endPoint="" functionInDocument="NONE" m_id="45" type="DATE" value="2004-10">
<token_anchor t_id="75"/>
</TIMEX3>
<VALUE comment="" m_id="46" type="MONEY">
<token_anchor t_id="22"/>
<token_anchor t_id="23"/>
<token_anchor t_id="24"/>
<token_anchor t_id="25"/>
</VALUE>
<VALUE comment="" m_id="47" type="QUANTITY">
<token_anchor t_id="62"/>
</VALUE>
<EVENT_MENTION m_id="88">
  <token_anchor t_id="341"/>
</EVENT_MENTION>
<EVENT_MENTION m_id="92">
  <token_anchor t_id="206"/>
</EVENT_MENTION>
<EVENT_MENTION m_id="94">
  <token_anchor t_id="209"/>
</EVENT_MENTION>
<EVENT_MENTION m_id="129">
  <token_anchor t_id="616"/>
</EVENT_MENTION>
<EVENT_MENTION m_id="130">
  <token_anchor t_id="591"/>
</EVENT_MENTION>
<EVENT_MENTION m_id="133">
  <token_anchor t_id="840"/>
</EVENT_MENTION>
<EVENT_MENTION m_id="134">
  <token_anchor t_id="113"/>
</EVENT_MENTION>
<EVENT_MENTION m_id="146">
  <token_anchor t_id="778"/>
</EVENT_MENTION>
<EVENT_MENTION m_id="149">
  <token_anchor t_id="630"/>
</EVENT_MENTION>
<EVENT_MENTION m_id="154">
  <token_anchor t_id="585"/>
</EVENT_MENTION>
<EVENT_MENTION m_id="160">
  <token_anchor t_id="765"/>
</EVENT_MENTION>
<EVENT_MENTION m_id="162">
  <token_anchor t_id="268"/>
</EVENT_MENTION>
<EVENT_MENTION m_id="168">
  <token_anchor t_id="258"/>
</EVENT_MENTION>
<ENTITY_MENTION m_id="76">
  <token_anchor t_id="805"/>
</ENTITY_MENTION>
<ENTITY_MENTION m_id="77">
  <token_anchor t_id="333"/>
</ENTITY_MENTION>
<ENTITY_MENTION m_id="80">
  <token_anchor t_id="403"/>
  <token_anchor t_id="404"/>
  <token_anchor t_id="405"/>
</ENTITY_MENTION>
<ENTITY_MENTION m_id="81">
  <token_anchor t_id="288"/>
</ENTITY_MENTION>
<ENTITY_MENTION m_id="83">
  <token_anchor t_id="483"/>
</ENTITY_MENTION>
<ENTITY_MENTION m_id="84">
  <token_anchor t_id="454"/>
  <token_anchor t_id="455"/>
  <token_anchor t_id="456"/>
</ENTITY_MENTION>
<ENTITY_MENTION m_id="85">
  <token_anchor t_id="744"/>
</ENTITY_MENTION>
<ENTITY_MENTION m_id="86">
  <token_anchor t_id="604"/>
</ENTITY_MENTION>
<ENTITY_MENTION m_id="87">
  <token_anchor t_id="613"/>
  <token_anchor t_id="614"/>
</ENTITY_MENTION>
<ENTITY_MENTION m_id="90">
  <token_anchor t_id="345"/>
</ENTITY_MENTION>
<ENTITY_MENTION m_id="93">
  <token_anchor t_id="207"/>
</ENTITY_MENTION>
<ENTITY_MENTION m_id="95">
  <token_anchor t_id="275"/>
</ENTITY_MENTION>
<ENTITY_MENTION m_id="100">
  <token_anchor t_id="5"/>
</ENTITY_MENTION>
<ENTITY_MENTION m_id="101">
  <token_anchor t_id="4"/>
</ENTITY_MENTION>
<ENTITY_MENTION m_id="102">
  <token_anchor t_id="837"/>
  <token_anchor t_id="838"/>
  <token_anchor t_id="839"/>
</ENTITY_MENTION>
<ENTITY_MENTION m_id="103">
  <token_anchor t_id="548"/>
</ENTITY_MENTION>
<ENTITY_MENTION m_id="104">
  <token_anchor t_id="210"/>
</ENTITY_MENTION>
<ENTITY_MENTION m_id="105">
  <token_anchor t_id="312"/>
</ENTITY_MENTION>
<ENTITY_MENTION m_id="106">
  <token_anchor t_id="737"/>
  <token_anchor t_id="738"/>
  <token_anchor t_id="739"/>
</ENTITY_MENTION>
<ENTITY_MENTION m_id="108">
  <token_anchor t_id="510"/>
</ENTITY_MENTION>
<ENTITY_MENTION m_id="110">
  <token_anchor t_id="729"/>
  <token_anchor t_id="730"/>
  <token_anchor t_id="731"/>
</ENTITY_MENTION>
<ENTITY_MENTION m_id="111">
  <token_anchor t_id="419"/>
</ENTITY_MENTION>
<ENTITY_MENTION m_id="114">
  <token_anchor t_id="355"/>
  <token_anchor t_id="356"/>
  <token_anchor t_id="357"/>
</ENTITY_MENTION>
<ENTITY_MENTION m_id="116">
  <token_anchor t_id="629"/>
</ENTITY_MENTION>
<ENTITY_MENTION m_id="118">
  <token_anchor t_id="219"/>
  <token_anchor t_id="220"/>
</ENTITY_MENTION>
<ENTITY_MENTION m_id="120">
  <token_anchor t_id="391"/>
</ENTITY_MENTION>
<ENTITY_MENTION m_id="122">
  <token_anchor t_id="757"/>
  <token_anchor t_id="758"/>
  <token_anchor t_id="759"/>
</ENTITY_MENTION>
<ENTITY_MENTION m_id="126">
  <token_anchor t_id="305"/>
  <token_anchor t_id="306"/>
</ENTITY_MENTION>
<ENTITY_MENTION m_id="127">
  <token_anchor t_id="783"/>
  <token_anchor t_id="784"/>
  <token_anchor t_id="785"/>
</ENTITY_MENTION>
<ENTITY_MENTION m_id="128">
  <token_anchor t_id="611"/>
</ENTITY_MENTION>
<ENTITY_MENTION m_id="131">
  <token_anchor t_id="424"/>
</ENTITY_MENTION>
<ENTITY_MENTION m_id="132">
  <token_anchor t_id="115"/>
</ENTITY_MENTION>
<ENTITY_MENTION m_id="135">
  <token_anchor t_id="384"/>
</ENTITY_MENTION>
<ENTITY_MENTION m_id="136">
  <token_anchor t_id="386"/>
</ENTITY_MENTION>
<ENTITY_MENTION m_id="137">
  <token_anchor t_id="202"/>
  <token_anchor t_id="203"/>
</ENTITY_MENTION>
<ENTITY_MENTION m_id="139">
  <token_anchor t_id="243"/>
</ENTITY_MENTION>
<ENTITY_MENTION m_id="141">
  <token_anchor t_id="596"/>
  <token_anchor t_id="597"/>
  <token_anchor t_id="598"/>
</ENTITY_MENTION>
<ENTITY_MENTION m_id="145">
  <token_anchor t_id="775"/>
</ENTITY_MENTION>
<ENTITY_MENTION m_id="147">
  <token_anchor t_id="632"/>
</ENTITY_MENTION>
<ENTITY_MENTION m_id="151">
  <token_anchor t_id="247"/>
  <token_anchor t_id="248"/>
  <token_anchor t_id="249"/>
  <token_anchor t_id="250"/>
  <token_anchor t_id="251"/>
  <token_anchor t_id="252"/>
  <token_anchor t_id="253"/>
  <token_anchor t_id="254"/>
</ENTITY_MENTION>
<ENTITY_MENTION m_id="152">
  <token_anchor t_id="376"/>
</ENTITY_MENTION>
<ENTITY_MENTION m_id="153">
  <token_anchor t_id="231"/>
</ENTITY_MENTION>
<ENTITY_MENTION m_id="155">
  <token_anchor t_id="236"/>
</ENTITY_MENTION>
<ENTITY_MENTION m_id="156">
  <token_anchor t_id="587"/>
</ENTITY_MENTION>
<ENTITY_MENTION m_id="158">
  <token_anchor t_id="238"/>
</ENTITY_MENTION>
<ENTITY_MENTION m_id="161">
  <token_anchor t_id="767"/>
</ENTITY_MENTION>
<ENTITY_MENTION m_id="169">
  <token_anchor t_id="257"/>
</ENTITY_MENTION>
<ENTITY_MENTION m_id="170">
  <token_anchor t_id="619"/>
  <token_anchor t_id="620"/>
  <token_anchor t_id="621"/>
  <token_anchor t_id="622"/>
  <token_anchor t_id="623"/>
  <token_anchor t_id="624"/>
  <token_anchor t_id="625"/>
</ENTITY_MENTION>
<EVENT TAG_DESCRIPTOR="deal VUA" class="OTHER" instance_id="OTH39585127494741671" m_id="202"/>
<EVENT TAG_DESCRIPTOR="rejected" class="SPEECH_COGNITIVE" comment="" external_ref="" m_id="56"/>
<EVENT TAG_DESCRIPTOR="been VUA" class="OTHER" instance_id="OTH39584818902961623" m_id="197"/>
<EVENT TAG_DESCRIPTOR="give VUA" class="OTHER" instance_id="OTH39646943614848897" m_id="195"/>
<EVENT TAG_DESCRIPTOR="stating VUA" class="SPEECH_COGNITIVE" instance_id="SPE39587369110921613" m_id="194"/>
<EVENT TAG_DESCRIPTOR="talks VUA" class="SPEECH_COGNITIVE" instance_id="SPE39646634708745294" m_id="190"/>
<EVENT TAG_DESCRIPTOR="criticism VUA" class="SPEECH_COGNITIVE" instance_id="SPE39589273717971654" m_id="189"/>
<EVENT TAG_DESCRIPTOR="use VUA" class="OTHER" instance_id="OTH39647117302892058" m_id="188"/>
<EVENT TAG_DESCRIPTOR="gained VUA" class="OTHER" instance_id="OTH39588710561061963" m_id="187"/>
<EVENT TAG_DESCRIPTOR="favored VUA" class="OTHER" instance_id="OTH39586258399252882" m_id="186"/>
<EVENT TAG_DESCRIPTOR="said VUA" class="SPEECH_COGNITIVE" instance_id="SPE39647765593327329" m_id="185"/>
<EVENT TAG_DESCRIPTOR="now-cancelled deal" class="OTHER" comment="" external_ref="" m_id="74"/>
<EVENT TAG_DESCRIPTOR="discussions VUA" class="OTHER" instance_id="OTH39585474200241676" m_id="183"/>
<EVENT TAG_DESCRIPTOR="negotiations VUA" class="SPEECH_COGNITIVE" instance_id="SPE39587543053194978" m_id="182"/>
<EVENT TAG_DESCRIPTOR="lease VUA" class="OTHER" instance_id="OTH39586691437375297" m_id="181"/>
<EVENT TAG_DESCRIPTOR="speech VUA" class="SPEECH_COGNITIVE" instance_id="SPE39587263435352274" m_id="180"/>
<EVENT TAG_DESCRIPTOR="replace VUA" class="OTHER" instance_id="OTH40876724703376458" m_id="211"/>
<EVENT TAG_DESCRIPTOR="proposal VUA" class="OTHER" instance_id="OTH39586882618092159" m_id="210"/>
<EVENT TAG_DESCRIPTOR="entered VUA" class="OTHER" instance_id="OTH39585933414241522" m_id="179"/>
<EVENT TAG_DESCRIPTOR="expose VUA" class="SPEECH_COGNITIVE" instance_id="SPE39587025627091114" m_id="176"/>
<EVENT TAG_DESCRIPTOR="say VUA" class="SPEECH_COGNITIVE" instance_id="SPE39587143735893000" m_id="175"/>
<EVENT TAG_DESCRIPTOR="choosing VUA" class="OTHER" instance_id="OTH39588195359910997" m_id="174"/>
<EVENT TAG_DESCRIPTOR="hire VUA" class="OTHER" instance_id="OTH39647635642444246" m_id="173"/>
<EVENT TAG_DESCRIPTOR="killed VUA" class="OTHER" instance_id="OTH39586544650687011" m_id="172"/>
<EVENT TAG_DESCRIPTOR="shortcoming VUA" class="OTHER" instance_id="OTH39588937127515145" m_id="206"/>
<EVENT TAG_DESCRIPTOR="manufacturers VUA" class="OTHER" instance_id="OTH39588549667269490" m_id="205"/>
<EVENT TAG_DESCRIPTOR="work VUA" class="OTHER" instance_id="OTH39647458694943358" m_id="204"/>
<ENTITY TAG_DESCRIPTOR="EADS" ent_type="ORG" external_ref="http://dbpedia.org/page/Airbus_Group" instance_id="ORG37154720003835631" m_id="203"/>
<ENTITY TAG_DESCRIPTOR="lawmakers" ent_type="PER" instance_id="PER39474080520089547" m_id="201"/>
<ENTITY TAG_DESCRIPTOR="Arizona Republican Party (R-AZ)" ent_type="ORG" external_ref="http://dbpedia.org/resource/Arizona_Republican_Party" instance_id="ORG27737093365822660" m_id="200"/>
<ENTITY TAG_DESCRIPTOR="John McCain " ent_type="PER" external_ref="http://dbpedia.org/resource/John_McCain" instance_id="PER27736869768591825" m_id="199"/>
<ENTITY TAG_DESCRIPTOR="Airbus" ent_type="ORG" external_ref="http://dbpedia.org/page/Airbus" instance_id="ORG37154719430036883" m_id="198"/>
<ENTITY TAG_DESCRIPTOR="100 aircraft" ent_type="PRO" instance_id="PRO39474364709951816" m_id="196"/>
<ENTITY TAG_DESCRIPTOR="industry experts" ent_type="PER" instance_id="PER39473979617591631" m_id="193"/>
<ENTITY TAG_DESCRIPTOR="Boeing" ent_type="ORG" external_ref="http://dbpedia.org/page/Boeing" instance_id="ORG37154719725500990" m_id="192"/>
<ENTITY TAG_DESCRIPTOR="USAF officials" ent_type="PER" instance_id="PER39474100312085682" m_id="191"/>
<ENTITY TAG_DESCRIPTOR="reports" ent_type="PRO" instance_id="PRO39474736299168718" m_id="184"/>
<ENTITY TAG_DESCRIPTOR="contract" ent_type="PRO" instance_id="PRO39474658517363164" m_id="178"/>
<ENTITY TAG_DESCRIPTOR=" U.S. Department of Defense (The Pentagon)" ent_type="ORG" external_ref="http://dbpedia.org/resource/United_States_Department_of_Defense" instance_id="ORG27737261489113519" m_id="177"/>
<ENTITY TAG_DESCRIPTOR="e-mails" ent_type="PRO" instance_id="PRO39474701485860973" m_id="209"/>
<ENTITY TAG_DESCRIPTOR="congressional record" ent_type="PRO" instance_id="PRO39474446636121909" m_id="208"/>
<ENTITY TAG_DESCRIPTOR="USAF" ent_type="ORG" external_ref="http://dbpedia.org/page/United_States_Air_Force" instance_id="ORG37154720392556611" m_id="207"/>
</Markables>
<Relations>
<SLINK r_id="244404">
<source m_id="33"/>
<target m_id="35"/>
</SLINK>
<SLINK r_id="244405">
<source m_id="36"/>
<target m_id="38"/>
</SLINK>
<CLINK c-signalID="1" comment="" r_id="244406">
<source m_id="36"/>
<target m_id="35"/>
</CLINK>
<TLINK comment="" r_id="244407" reltype="BEFORE" signalID="">
<source m_id="25"/>
<target m_id="44"/>
</TLINK>
<TLINK comment="" r_id="244408" reltype="BEFORE" signalID="">
<source m_id="27"/>
<target m_id="44"/>
</TLINK>
<TLINK comment="" r_id="244409" reltype="SIMULTANEOUS" signalID="41">
<source m_id="27"/>
<target m_id="28"/>
</TLINK>
<TLINK comment="" r_id="244410" reltype="INCLUDES" signalID="">
<source m_id="29"/>
<target m_id="30"/>
</TLINK>
<TLINK comment="" r_id="244411" reltype="IS_INCLUDED" signalID="">
<source m_id="28"/>
<target m_id="43"/>
</TLINK>
<TLINK comment="" r_id="244412" reltype="BEFORE" signalID="">
<source m_id="43"/>
<target m_id="44"/>
</TLINK>
<TLINK comment="" r_id="244413" reltype="IS_INCLUDED" signalID="42">
<source m_id="31"/>
<target m_id="45"/>
</TLINK>
<TLINK comment="" r_id="244414" reltype="AFTER" signalID="">
<source m_id="31"/>
<target m_id="32"/>
</TLINK>
<TLINK comment="" r_id="244415" reltype="SIMULTANEOUS" signalID="">
<source m_id="33"/>
<target m_id="44"/>
</TLINK>
<TLINK comment="" r_id="244416" reltype="AFTER" signalID="">
<source m_id="33"/>
<target m_id="35"/>
</TLINK>
<TLINK comment="" r_id="244417" reltype="AFTER" signalID="">
<source m_id="36"/>
<target m_id="38"/>
</TLINK>
<TLINK comment="" r_id="244418" reltype="BEFORE" signalID="">
<source m_id="39"/>
<target m_id="44"/>
</TLINK>
<HAS_PARTICIPANT comment="" frame="" frame_element="" r_id="244419" sem_role="Arg1" sem_role_framework="PROPBANK">
<source m_id="26"/>
<target m_id="10"/>
</HAS_PARTICIPANT>
<HAS_PARTICIPANT comment="" frame="" frame_element="" r_id="244420" sem_role="Arg0" sem_role_framework="PROPBANK">
<source m_id="26"/>
<target m_id="16"/>
</HAS_PARTICIPANT>
<HAS_PARTICIPANT comment="" frame="" frame_element="" r_id="244421" sem_role="Arg1" sem_role_framework="PROPBANK">
<source m_id="25"/>
<target m_id="8"/>
</HAS_PARTICIPANT>
<HAS_PARTICIPANT comment="" frame="" frame_element="" r_id="244422" sem_role="Arg2" sem_role_framework="PROPBANK">
<source m_id="25"/>
<target m_id="11"/>
</HAS_PARTICIPANT>
<HAS_PARTICIPANT comment="" frame="" frame_element="" r_id="244423" sem_role="Arg0" sem_role_framework="PROPBANK">
<source m_id="27"/>
<target m_id="13"/>
</HAS_PARTICIPANT>
<HAS_PARTICIPANT comment="" frame="" frame_element="" r_id="244424" sem_role="Arg1" sem_role_framework="PROPBANK">
<source m_id="27"/>
<target m_id="14"/>
</HAS_PARTICIPANT>
<HAS_PARTICIPANT comment="" frame="" frame_element="" r_id="244425" sem_role="Arg2" sem_role_framework="PROPBANK">
<source m_id="27"/>
<target m_id="15"/>
</HAS_PARTICIPANT>
<HAS_PARTICIPANT comment="" frame="" frame_element="" r_id="244426" sem_role="Arg1" sem_role_framework="PROPBANK">
<source m_id="30"/>
<target m_id="17"/>
</HAS_PARTICIPANT>
<HAS_PARTICIPANT comment="" frame="" frame_element="" r_id="244427" sem_role="Arg2" sem_role_framework="PROPBANK">
<source m_id="30"/>
<target m_id="18"/>
</HAS_PARTICIPANT>
<HAS_PARTICIPANT comment="" frame="" frame_element="" r_id="244428" sem_role="Arg0" sem_role_framework="PROPBANK">
<source m_id="31"/>
<target m_id="21"/>
</HAS_PARTICIPANT>
<HAS_PARTICIPANT comment="" frame="" frame_element="" r_id="244429" sem_role="Arg0" sem_role_framework="PROPBANK">
<source m_id="33"/>
<target m_id="2"/>
</HAS_PARTICIPANT>
<HAS_PARTICIPANT comment="" frame="" frame_element="" r_id="244430" sem_role="Arg0" sem_role_framework="PROPBANK">
<source m_id="35"/>
<target m_id="3"/>
</HAS_PARTICIPANT>
<HAS_PARTICIPANT comment="" frame="" frame_element="" r_id="244431" sem_role="Arg0" sem_role_framework="PROPBANK">
<source m_id="36"/>
<target m_id="12"/>
</HAS_PARTICIPANT>
<HAS_PARTICIPANT comment="" frame="" frame_element="" r_id="244432" sem_role="Arg1" sem_role_framework="PROPBANK">
<source m_id="38"/>
<target m_id="4"/>
</HAS_PARTICIPANT>
<HAS_PARTICIPANT comment="" frame="" frame_element="" r_id="244433" sem_role="Arg1" sem_role_framework="PROPBANK">
<source m_id="39"/>
<target m_id="6"/>
</HAS_PARTICIPANT>
<HAS_PARTICIPANT comment="" frame="" frame_element="" r_id="244434" sem_role="Arg2" sem_role_framework="PROPBANK">
<source m_id="39"/>
<target m_id="7"/>
</HAS_PARTICIPANT>
<TLINK comment="" r_id="244435" reltype="BEFORE" signalID="">
<source m_id="45"/>
<target m_id="44"/>
</TLINK>
<SLINK r_id="244441">
<source m_id="23"/>
<target m_id="24"/>
</SLINK>
<HAS_PARTICIPANT comment="" frame="" frame_element="" r_id="244442" sem_role="Arg0" sem_role_framework="PROPBANK">
<source m_id="23"/>
<target m_id="22"/>
</HAS_PARTICIPANT>
<HAS_PARTICIPANT comment="" frame="" frame_element="" r_id="244443" sem_role="Arg0" sem_role_framework="PROPBANK">
<source m_id="24"/>
<target m_id="20"/>
</HAS_PARTICIPANT>
<HAS_PARTICIPANT comment="" frame="" frame_element="" r_id="244444" sem_role="Arg1" sem_role_framework="PROPBANK">
<source m_id="24"/>
<target m_id="5"/>
</HAS_PARTICIPANT>
<TLINK comment="" r_id="244445" reltype="BEFORE" signalID="">
<source m_id="34"/>
<target m_id="35"/>
</TLINK>
<TLINK comment="" r_id="244446" reltype="SIMULTANEOUS" signalID="">
<source m_id="40"/>
<target m_id="39"/>
</TLINK>
<SLINK r_id="244447">
<source m_id="31"/>
<target m_id="32"/>
</SLINK>









































<REFERS_TO r_id="162112">
<source m_id="13"/>
<source m_id="7"/>
<source m_id="6"/>
<target m_id="199"/>
</REFERS_TO>
<REFERS_TO r_id="162113">
<source m_id="77"/>
<source m_id="81"/>
<source m_id="111"/>
<source m_id="136"/>
<source m_id="139"/>
<source m_id="152"/>
<source m_id="155"/>
<source m_id="156"/>
<source m_id="158"/>
<source m_id="169"/>
<target m_id="198"/>
</REFERS_TO>
<REFERS_TO r_id="162114">
<source m_id="32"/>
<target m_id="210"/>
</REFERS_TO>
<REFERS_TO r_id="162115">
<source m_id="94"/>
<target m_id="211"/>
</REFERS_TO>
<REFERS_TO r_id="162116">
<source m_id="129"/>
<target m_id="195"/>
</REFERS_TO>
<REFERS_TO r_id="162117">
<source m_id="36"/>
<target m_id="194"/>
</REFERS_TO>
<REFERS_TO r_id="162118">
<source m_id="39"/>
<target m_id="197"/>
</REFERS_TO>
<REFERS_TO r_id="162119">
<source m_id="17"/>
<target m_id="196"/>
</REFERS_TO>
<REFERS_TO r_id="162120">
<source m_id="9"/>
<target m_id="191"/>
</REFERS_TO>
<REFERS_TO r_id="162121">
<source m_id="130"/>
<target m_id="190"/>
</REFERS_TO>
<REFERS_TO r_id="162122">
<source m_id="2"/>
<target m_id="193"/>
</REFERS_TO>
<REFERS_TO r_id="162123">
<source m_id="76"/>
<source m_id="85"/>
<source m_id="86"/>
<source m_id="87"/>
<source m_id="93"/>
<source m_id="95"/>
<source m_id="101"/>
<source m_id="103"/>
<source m_id="108"/>
<source m_id="4"/>
<source m_id="128"/>
<source m_id="132"/>
<source m_id="18"/>
<source m_id="145"/>
<source m_id="147"/>
<source m_id="153"/>
<source m_id="10"/>
<source m_id="161"/>
<source m_id="170"/>
<target m_id="192"/>
</REFERS_TO>
<REFERS_TO r_id="162124">
<source m_id="25"/>
<source m_id="27"/>
<target m_id="179"/>
</REFERS_TO>
<REFERS_TO r_id="162125">
<source m_id="5"/>
<target m_id="178"/>
</REFERS_TO>
<REFERS_TO r_id="162126">
<source m_id="3"/>
<target m_id="177"/>
</REFERS_TO>
<REFERS_TO r_id="162127">
<source m_id="23"/>
<target m_id="176"/>
</REFERS_TO>
<REFERS_TO r_id="162128">
<source m_id="33"/>
<target m_id="175"/>
</REFERS_TO>
<REFERS_TO r_id="162129">
<source m_id="92"/>
<target m_id="174"/>
</REFERS_TO>
<REFERS_TO r_id="162130">
<source m_id="146"/>
<target m_id="173"/>
</REFERS_TO>
<REFERS_TO r_id="162131">
<source m_id="35"/>
<target m_id="172"/>
</REFERS_TO>
<REFERS_TO r_id="162132">
<source m_id="134"/>
<target m_id="182"/>
</REFERS_TO>
<REFERS_TO r_id="162133">
<source m_id="24"/>
<target m_id="183"/>
</REFERS_TO>
<REFERS_TO r_id="162134">
<source m_id="28"/>
<target m_id="180"/>
</REFERS_TO>
<REFERS_TO r_id="162135">
<source m_id="30"/>
<target m_id="181"/>
</REFERS_TO>
<REFERS_TO r_id="162136">
<source m_id="38"/>
<target m_id="186"/>
</REFERS_TO>
<REFERS_TO r_id="162137">
<source m_id="162"/>
<target m_id="187"/>
</REFERS_TO>
<REFERS_TO r_id="162138">
<source m_id="12"/>
<target m_id="184"/>
</REFERS_TO>
<REFERS_TO r_id="162139">
<source m_id="133"/>
<target m_id="185"/>
</REFERS_TO>
<REFERS_TO r_id="162140">
<source m_id="149"/>
<target m_id="188"/>
</REFERS_TO>
<REFERS_TO r_id="162141">
<source m_id="154"/>
<target m_id="189"/>
</REFERS_TO>
<REFERS_TO r_id="162142">
<source m_id="21"/>
<target m_id="201"/>
</REFERS_TO>
<REFERS_TO r_id="162143">
<source m_id="19"/>
<target m_id="200"/>
</REFERS_TO>
<REFERS_TO r_id="162144">
<source m_id="83"/>
<source m_id="131"/>
<source m_id="151"/>
<target m_id="203"/>
</REFERS_TO>
<REFERS_TO r_id="162145">
<source m_id="26"/>
<source m_id="40"/>
<source m_id="37"/>
<source m_id="34"/>
<target m_id="202"/>
</REFERS_TO>
<REFERS_TO r_id="162146">
<source m_id="168"/>
<target m_id="205"/>
</REFERS_TO>
<REFERS_TO r_id="162147">
<source m_id="160"/>
<target m_id="204"/>
</REFERS_TO>
<REFERS_TO r_id="162148">
<source m_id="16"/>
<source m_id="80"/>
<source m_id="84"/>
<source m_id="90"/>
<source m_id="100"/>
<source m_id="102"/>
<source m_id="104"/>
<source m_id="105"/>
<source m_id="106"/>
<source m_id="110"/>
<source m_id="114"/>
<source m_id="116"/>
<source m_id="118"/>
<source m_id="120"/>
<source m_id="122"/>
<source m_id="126"/>
<source m_id="127"/>
<source m_id="135"/>
<source m_id="137"/>
<source m_id="141"/>
<target m_id="207"/>
</REFERS_TO>
<REFERS_TO r_id="162149">
<source m_id="88"/>
<target m_id="206"/>
</REFERS_TO>
<REFERS_TO r_id="162150">
<source m_id="22"/>
<source m_id="8"/>
<source m_id="14"/>
<target m_id="209"/>
</REFERS_TO>
<REFERS_TO r_id="162151">
<source m_id="11"/>
<source m_id="15"/>
<target m_id="208"/>
</REFERS_TO>
<REFERS_TO r_id="162152">
<source m_id="29"/>
<target m_id="74"/>
</REFERS_TO>
<REFERS_TO r_id="162153">
<source m_id="31"/>
<target m_id="56"/>
</REFERS_TO>
</Relations>
</Document>