<?xml version="1.0" ?><Document doc_id="128016" doc_name="128016_China_Eastern_Airlines_to_purchase_twenty_new_Airbus_A320_jets" lang="en" url="http://en.wikinews.org/wiki/China_Eastern_Airlines_to_purchase_twenty_new_Airbus_A320_jets">
<token number="0" sentence="0" t_id="1">China</token>
<token number="1" sentence="0" t_id="2">Eastern</token>
<token number="2" sentence="0" t_id="3">Airlines</token>
<token number="3" sentence="0" t_id="4">to</token>
<token number="4" sentence="0" t_id="5">purchase</token>
<token number="5" sentence="0" t_id="6">twenty</token>
<token number="6" sentence="0" t_id="7">new</token>
<token number="7" sentence="0" t_id="8">Airbus</token>
<token number="8" sentence="0" t_id="9">A320</token>
<token number="9" sentence="0" t_id="10">jets</token>
<token number="10" sentence="1" t_id="11">June</token>
<token number="11" sentence="1" t_id="12">18</token>
<token number="12" sentence="1" t_id="13">,</token>
<token number="13" sentence="1" t_id="14">2009</token>
<token number="14" sentence="2" t_id="15">China</token>
<token number="15" sentence="2" t_id="16">Eastern</token>
<token number="16" sentence="2" t_id="17">Airlines</token>
<token number="17" sentence="2" t_id="18">stated</token>
<token number="18" sentence="2" t_id="19">on</token>
<token number="19" sentence="2" t_id="20">Thursday</token>
<token number="20" sentence="2" t_id="21">that</token>
<token number="21" sentence="2" t_id="22">it</token>
<token number="22" sentence="2" t_id="23">had</token>
<token number="23" sentence="2" t_id="24">signed</token>
<token number="24" sentence="2" t_id="25">a</token>
<token number="25" sentence="2" t_id="26">contract</token>
<token number="26" sentence="2" t_id="27">to</token>
<token number="27" sentence="2" t_id="28">purchase</token>
<token number="28" sentence="2" t_id="29">a</token>
<token number="29" sentence="2" t_id="30">score</token>
<token number="30" sentence="2" t_id="31">of</token>
<token number="31" sentence="2" t_id="32">Airbus</token>
<token number="32" sentence="2" t_id="33">A320</token>
<token number="33" sentence="2" t_id="34">passenger</token>
<token number="34" sentence="2" t_id="35">jets</token>
<token number="35" sentence="2" t_id="36">for</token>
<token number="36" sentence="2" t_id="37">9.9</token>
<token number="37" sentence="2" t_id="38">billion</token>
<token number="38" sentence="2" t_id="39">yuan</token>
<token number="39" sentence="2" t_id="40">(</token>
<token number="40" sentence="2" t_id="41">about</token>
<token number="41" sentence="2" t_id="42">US$</token>
<token number="42" sentence="2" t_id="43">1.4</token>
<token number="43" sentence="2" t_id="44">billion</token>
<token number="44" sentence="2" t_id="45">)</token>
<token number="45" sentence="2" t_id="46">.</token>
<token number="46" sentence="3" t_id="47">The</token>
<token number="47" sentence="3" t_id="48">airline</token>
<token number="48" sentence="3" t_id="49">,</token>
<token number="49" sentence="3" t_id="50">which</token>
<token number="50" sentence="3" t_id="51">is</token>
<token number="51" sentence="3" t_id="52">the</token>
<token number="52" sentence="3" t_id="53">third</token>
<token number="53" sentence="3" t_id="54">largest</token>
<token number="54" sentence="3" t_id="55">in</token>
<token number="55" sentence="3" t_id="56">China</token>
<token number="56" sentence="3" t_id="57">,</token>
<token number="57" sentence="3" t_id="58">signed</token>
<token number="58" sentence="3" t_id="59">the</token>
<token number="59" sentence="3" t_id="60">agreement</token>
<token number="60" sentence="3" t_id="61">in</token>
<token number="61" sentence="3" t_id="62">Paris</token>
<token number="62" sentence="3" t_id="63">on</token>
<token number="63" sentence="3" t_id="64">June</token>
<token number="64" sentence="3" t_id="65">15</token>
<token number="65" sentence="3" t_id="66">.</token>
<token number="66" sentence="4" t_id="67">The</token>
<token number="67" sentence="4" t_id="68">company</token>
<token number="68" sentence="4" t_id="69">said</token>
<token number="69" sentence="4" t_id="70">that</token>
<token number="70" sentence="4" t_id="71">the</token>
<token number="71" sentence="4" t_id="72">planes</token>
<token number="72" sentence="4" t_id="73">would</token>
<token number="73" sentence="4" t_id="74">meet</token>
<token number="74" sentence="4" t_id="75">additional</token>
<token number="75" sentence="4" t_id="76">demand</token>
<token number="76" sentence="4" t_id="77">for</token>
<token number="77" sentence="4" t_id="78">domestic</token>
<token number="78" sentence="4" t_id="79">passenger</token>
<token number="79" sentence="4" t_id="80">routes</token>
<token number="80" sentence="4" t_id="81">.</token>
<token number="81" sentence="5" t_id="82">The</token>
<token number="82" sentence="5" t_id="83">deal</token>
<token number="83" sentence="5" t_id="84">was</token>
<token number="84" sentence="5" t_id="85">approved</token>
<token number="85" sentence="5" t_id="86">unanimously</token>
<token number="86" sentence="5" t_id="87">by</token>
<token number="87" sentence="5" t_id="88">China</token>
<token number="88" sentence="5" t_id="89">Eastern</token>
<token number="89" sentence="5" t_id="90">'s</token>
<token number="90" sentence="5" t_id="91">board</token>
<token number="91" sentence="5" t_id="92">of</token>
<token number="92" sentence="5" t_id="93">directors</token>
<token number="93" sentence="5" t_id="94">.</token>
<token number="94" sentence="6" t_id="95">The</token>
<token number="95" sentence="6" t_id="96">China</token>
<token number="96" sentence="6" t_id="97">Daily</token>
<token number="97" sentence="6" t_id="98">newspaper</token>
<token number="98" sentence="6" t_id="99">reported</token>
<token number="99" sentence="6" t_id="100">that</token>
<token number="100" sentence="6" t_id="101">the</token>
<token number="101" sentence="6" t_id="102">deal</token>
<token number="102" sentence="6" t_id="103">is</token>
<token number="103" sentence="6" t_id="104">waiting</token>
<token number="104" sentence="6" t_id="105">for</token>
<token number="105" sentence="6" t_id="106">an</token>
<token number="106" sentence="6" t_id="107">approval</token>
<token number="107" sentence="6" t_id="108">by</token>
<token number="108" sentence="6" t_id="109">Chinese</token>
<token number="109" sentence="6" t_id="110">aviation</token>
<token number="110" sentence="6" t_id="111">authorities</token>
<token number="111" sentence="6" t_id="112">.</token>
<token number="112" sentence="7" t_id="113">The</token>
<token number="113" sentence="7" t_id="114">planes</token>
<token number="114" sentence="7" t_id="115">are</token>
<token number="115" sentence="7" t_id="116">expected</token>
<token number="116" sentence="7" t_id="117">to</token>
<token number="117" sentence="7" t_id="118">start</token>
<token number="118" sentence="7" t_id="119">delivering</token>
<token number="119" sentence="7" t_id="120">in</token>
<token number="120" sentence="7" t_id="121">2011</token>
<token number="121" sentence="7" t_id="122">and</token>
<token number="122" sentence="7" t_id="123">end</token>
<token number="123" sentence="7" t_id="124">two</token>
<token number="124" sentence="7" t_id="125">years</token>
<token number="125" sentence="7" t_id="126">later</token>
<token number="126" sentence="7" t_id="127">.</token>
<token number="127" sentence="8" t_id="128">The</token>
<token number="128" sentence="8" t_id="129">Airbus</token>
<token number="129" sentence="8" t_id="130">A320</token>
<token number="130" sentence="8" t_id="131">is</token>
<token number="131" sentence="8" t_id="132">a</token>
<token number="132" sentence="8" t_id="133">single-aisle</token>
<token number="133" sentence="8" t_id="134">airplane</token>
<token number="134" sentence="8" t_id="135">,</token>
<token number="135" sentence="8" t_id="136">and</token>
<token number="136" sentence="8" t_id="137">Airbus</token>
<token number="137" sentence="8" t_id="138">'</token>
<token number="138" sentence="8" t_id="139">best</token>
<token number="139" sentence="8" t_id="140">selling</token>
<token number="140" sentence="8" t_id="141">jet</token>
<token number="141" sentence="8" t_id="142">.</token>
<token number="142" sentence="9" t_id="143">It</token>
<token number="143" sentence="9" t_id="144">can</token>
<token number="144" sentence="9" t_id="145">seat</token>
<token number="145" sentence="9" t_id="146">up</token>
<token number="146" sentence="9" t_id="147">to</token>
<token number="147" sentence="9" t_id="148">150</token>
<token number="148" sentence="9" t_id="149">people</token>
<token number="149" sentence="9" t_id="150">and</token>
<token number="150" sentence="9" t_id="151">is</token>
<token number="151" sentence="9" t_id="152">used</token>
<token number="152" sentence="9" t_id="153">primarily</token>
<token number="153" sentence="9" t_id="154">for</token>
<token number="154" sentence="9" t_id="155">medium</token>
<token number="155" sentence="9" t_id="156">-</token>
<token number="156" sentence="9" t_id="157">and</token>
<token number="157" sentence="9" t_id="158">short-haul</token>
<token number="158" sentence="9" t_id="159">routes</token>
<token number="159" sentence="9" t_id="160">.</token>
<Markables>
<ENTITY_MENTION comment="" head="" m_id="1" syntactic_type="">
<token_anchor t_id="71"/>
<token_anchor t_id="72"/>
</ENTITY_MENTION>
<ENTITY_MENTION comment="" head="" m_id="2" syntactic_type="NAM">
<token_anchor t_id="88"/>
<token_anchor t_id="89"/>
</ENTITY_MENTION>
<ENTITY_MENTION comment="" head="" m_id="3" syntactic_type="">
<token_anchor t_id="22"/>
</ENTITY_MENTION>
<ENTITY_MENTION comment="" head="" m_id="4" syntactic_type="">
<token_anchor t_id="25"/>
<token_anchor t_id="26"/>
</ENTITY_MENTION>
<ENTITY_MENTION comment="" head="" m_id="5" syntactic_type="">
<token_anchor t_id="78"/>
<token_anchor t_id="79"/>
<token_anchor t_id="80"/>
</ENTITY_MENTION>
<ENTITY_MENTION comment="" head="" m_id="7" syntactic_type="NAM">
<token_anchor t_id="56"/>
</ENTITY_MENTION>
<ENTITY_MENTION comment="" head="" m_id="8" syntactic_type="">
<token_anchor t_id="29"/>
<token_anchor t_id="30"/>
<token_anchor t_id="31"/>
<token_anchor t_id="32"/>
<token_anchor t_id="33"/>
<token_anchor t_id="34"/>
<token_anchor t_id="35"/>
</ENTITY_MENTION>
<ENTITY_MENTION comment="" head="" m_id="9" syntactic_type="NAM">
<token_anchor t_id="1"/>
<token_anchor t_id="2"/>
<token_anchor t_id="3"/>
</ENTITY_MENTION>
<ENTITY_MENTION comment="" head="" m_id="10" syntactic_type="">
<token_anchor t_id="6"/>
<token_anchor t_id="7"/>
<token_anchor t_id="8"/>
<token_anchor t_id="9"/>
<token_anchor t_id="10"/>
</ENTITY_MENTION>
<ENTITY_MENTION comment="" head="" m_id="11" syntactic_type="">
<token_anchor t_id="8"/>
<token_anchor t_id="9"/>
<token_anchor t_id="10"/>
</ENTITY_MENTION>
<ENTITY_MENTION comment="" head="" m_id="12" syntactic_type="NAM">
<token_anchor t_id="15"/>
<token_anchor t_id="16"/>
<token_anchor t_id="17"/>
</ENTITY_MENTION>
<ENTITY_MENTION comment="" head="" m_id="13" syntactic_type="">
<token_anchor t_id="32"/>
<token_anchor t_id="33"/>
<token_anchor t_id="34"/>
<token_anchor t_id="35"/>
</ENTITY_MENTION>
<ENTITY_MENTION comment="" head="" m_id="14" syntactic_type="">
<token_anchor t_id="47"/>
<token_anchor t_id="48"/>
</ENTITY_MENTION>
<ENTITY_MENTION comment="" head="" m_id="15" syntactic_type="NAM">
<token_anchor t_id="62"/>
</ENTITY_MENTION>
<ENTITY_MENTION comment="" head="" m_id="16" syntactic_type="">
<token_anchor t_id="50"/>
</ENTITY_MENTION>
<ENTITY_MENTION comment="" head="" m_id="17" syntactic_type="">
<token_anchor t_id="67"/>
<token_anchor t_id="68"/>
</ENTITY_MENTION>
<EVENT_MENTION aspect="PERFECTIVE" certainty="CERTAIN" comment="" m_id="19" modality="" polarity="POS" pos="VERB" pred="sign" special_cases="NONE" tense="PAST" time="NON_FUTURE">
<token_anchor t_id="24"/>
</EVENT_MENTION>
<EVENT_MENTION aspect="NONE" certainty="CERTAIN" comment="" m_id="20" modality="" polarity="POS" pos="VERB" pred="purchase" special_cases="NONE" tense="INFINITIVE" time="NON_FUTURE">
<token_anchor t_id="28"/>
</EVENT_MENTION>
<EVENT_MENTION aspect="NONE" certainty="CERTAIN" comment="" m_id="21" modality="" polarity="POS" pos="VERB" pred="sign" special_cases="NONE" tense="PAST" time="NON_FUTURE">
<token_anchor t_id="58"/>
</EVENT_MENTION>
<EVENT_MENTION aspect="NONE" certainty="CERTAIN" comment="" m_id="22" modality="" polarity="POS" pos="NOUN" pred="agreement" special_cases="NONE" tense="NONE" time="NON_FUTURE">
<token_anchor t_id="60"/>
</EVENT_MENTION>
<EVENT_MENTION aspect="NONE" certainty="CERTAIN" comment="" m_id="23" modality="" polarity="POS" pos="VERB" pred="say" special_cases="NONE" tense="PAST" time="NON_FUTURE">
<token_anchor t_id="69"/>
</EVENT_MENTION>
<EVENT_MENTION aspect="NONE" certainty="CERTAIN" comment="" m_id="24" modality="would" polarity="POS" pos="VERB" pred="meet" special_cases="NONE" tense="NONE" time="FUTURE">
<token_anchor t_id="74"/>
</EVENT_MENTION>
<EVENT_MENTION aspect="NONE" certainty="CERTAIN" comment="" m_id="25" modality="" polarity="POS" pos="NOUN" pred="demand" special_cases="NONE" tense="NONE" time="UNDERSPECIFIED">
<token_anchor t_id="76"/>
</EVENT_MENTION>
<EVENT_MENTION aspect="NONE" certainty="CERTAIN" comment="" m_id="26" modality="" polarity="POS" pos="NOUN" pred="deal" special_cases="NONE" tense="NONE" time="NON_FUTURE">
<token_anchor t_id="83"/>
</EVENT_MENTION>
<EVENT_MENTION aspect="NONE" certainty="CERTAIN" comment="" m_id="27" modality="" polarity="POS" pos="VERB" pred="approve" special_cases="NONE" tense="PAST" time="NON_FUTURE">
<token_anchor t_id="85"/>
</EVENT_MENTION>
<EVENT_MENTION aspect="NONE" certainty="CERTAIN" comment="" m_id="28" modality="" polarity="POS" pos="VERB" pred="be" special_cases="GEN" tense="PRESENT" time="NON_FUTURE">
<token_anchor t_id="51"/>
</EVENT_MENTION>
<EVENT_MENTION aspect="NONE" certainty="CERTAIN" comment="" m_id="29" modality="" polarity="POS" pos="VERB" pred="purchase" special_cases="NONE" tense="INFINITIVE" time="NON_FUTURE">
<token_anchor t_id="5"/>
</EVENT_MENTION>
<EVENT_MENTION aspect="NONE" certainty="CERTAIN" comment="" m_id="18" modality="" polarity="POS" pos="VERB" pred="state" special_cases="NONE" tense="PAST" time="NON_FUTURE">
<token_anchor t_id="18"/>
</EVENT_MENTION>
<SIGNAL comment="" m_id="30">
<token_anchor t_id="63"/>
</SIGNAL>
<SIGNAL comment="" m_id="31">
<token_anchor t_id="19"/>
</SIGNAL>
<TIMEX3 anchorTimeID="32" beginPoint="" comment="" endPoint="" functionInDocument="CREATION_TIME" m_id="32" type="DATE" value="2009-06-18">
<token_anchor t_id="11"/>
<token_anchor t_id="12"/>
<token_anchor t_id="13"/>
<token_anchor t_id="14"/>
</TIMEX3>
<TIMEX3 anchorTimeID="32" beginPoint="" comment="" endPoint="" functionInDocument="NONE" m_id="33" type="DATE" value="2009-06-18">
<token_anchor t_id="20"/>
</TIMEX3>
<TIMEX3 anchorTimeID="" beginPoint="" comment="" endPoint="" functionInDocument="NONE" m_id="34" type="DATE" value="2009-06-15">
<token_anchor t_id="64"/>
<token_anchor t_id="65"/>
</TIMEX3>
<VALUE comment="" m_id="35" type="QUANTITY">
<token_anchor t_id="29"/>
<token_anchor t_id="30"/>
<token_anchor t_id="31"/>
</VALUE>
<VALUE comment="" m_id="36" type="QUANTITY">
<token_anchor t_id="6"/>
</VALUE>
<VALUE comment="" m_id="37" type="MONEY">
<token_anchor t_id="37"/>
<token_anchor t_id="38"/>
<token_anchor t_id="39"/>
</VALUE>
<VALUE comment="" m_id="38" type="MONEY">
<token_anchor t_id="41"/>
<token_anchor t_id="42"/>
<token_anchor t_id="43"/>
<token_anchor t_id="44"/>
</VALUE>
<EVENT_MENTION m_id="68">
  <token_anchor t_id="102"/>
</EVENT_MENTION>
<ENTITY_MENTION m_id="60">
  <token_anchor t_id="137"/>
</ENTITY_MENTION>
<ENTITY_MENTION m_id="63" syntactic_type="NAM">
  <token_anchor t_id="88"/>
  <token_anchor t_id="89"/>
  <token_anchor t_id="90"/>
  <token_anchor t_id="91"/>
  <token_anchor t_id="92"/>
  <token_anchor t_id="93"/>
</ENTITY_MENTION>
<ENTITY_MENTION m_id="67">
  <token_anchor t_id="60"/>
</ENTITY_MENTION>
<ENTITY_MENTION m_id="76">
  <token_anchor t_id="129"/>
</ENTITY_MENTION>
<EVENT TAG_DESCRIPTOR="agreement" class="OTHER" comment="" external_ref="" m_id="100"/>
<EVENT TAG_DESCRIPTOR="deal VUA" class="OTHER" instance_id="OTH40081124947827651" m_id="96"/>
<EVENT TAG_DESCRIPTOR="sign VUA" class="OTHER" instance_id="OTH40081949333720874" m_id="95"/>
<EVENT TAG_DESCRIPTOR="purchase VUA" class="OTHER" instance_id="OTH40081812192112402" m_id="91"/>
<EVENT TAG_DESCRIPTOR="say VUA" class="SPEECH_COGNITIVE" instance_id="SPE40082085069533987" m_id="90"/>
<EVENT TAG_DESCRIPTOR="is" class="GRAMMATICAL" comment="" external_ref="" m_id="49"/>
<EVENT TAG_DESCRIPTOR="meet" class="OTHER" comment="" external_ref="" m_id="43"/>
<EVENT TAG_DESCRIPTOR="demand VUA" class="OTHER" instance_id="OTH40081548755494057" m_id="89"/>
<EVENT TAG_DESCRIPTOR="approve VUA" class="OTHER" instance_id="OTH40080871570026459" m_id="86"/>
<ENTITY TAG_DESCRIPTOR="Domestic routes" ent_type="PRO" instance_id="PRO39500250682445994" m_id="99"/>
<ENTITY TAG_DESCRIPTOR="board of directors" ent_type="PER" instance_id="PER40080981428295056" m_id="98"/>
<ENTITY TAG_DESCRIPTOR="China Eastern Airlines" ent_type="ORG" external_ref="http://dbpedia.org/page/China_Eastern_Airlines" instance_id="ORG37154719868821189" m_id="97"/>
<ENTITY TAG_DESCRIPTOR="Paris, France" ent_type="LOC" external_ref="http://dbpedia.org/page/Paris" instance_id="LOC27982687598341744" m_id="94"/>
<ENTITY TAG_DESCRIPTOR="China (People's Republic of China)" ent_type="LOC" external_ref="http://dbpedia.org/resource/China" instance_id="LOC27743980691187312" m_id="93"/>
<ENTITY TAG_DESCRIPTOR="Airbus A320 aircraft " ent_type="PRO" instance_id="PRO27734476499966231" m_id="92"/>
<ENTITY TAG_DESCRIPTOR="Contract" ent_type="FIN" instance_id="FIN39500172694950632" m_id="88"/>
<ENTITY TAG_DESCRIPTOR="Airbus" ent_type="ORG" external_ref="http://dbpedia.org/page/Airbus" instance_id="ORG37154719430036883" m_id="87"/>
</Markables>
<Relations>
<SLINK r_id="246346">
<source m_id="18"/>
<target m_id="19"/>
</SLINK>
<SLINK r_id="246347">
<source m_id="23"/>
<target m_id="24"/>
</SLINK>
<HAS_PARTICIPANT comment="" frame="" frame_element="" r_id="246348" sem_role="Arg0" sem_role_framework="PROPBANK">
<source m_id="18"/>
<target m_id="12"/>
</HAS_PARTICIPANT>
<HAS_PARTICIPANT comment="" frame="" frame_element="" r_id="246349" sem_role="Arg0" sem_role_framework="PROPBANK">
<source m_id="19"/>
<target m_id="3"/>
</HAS_PARTICIPANT>
<HAS_PARTICIPANT comment="" frame="" frame_element="" r_id="246350" sem_role="Arg1" sem_role_framework="PROPBANK">
<source m_id="19"/>
<target m_id="4"/>
</HAS_PARTICIPANT>
<HAS_PARTICIPANT comment="" frame="" frame_element="" r_id="246351" sem_role="Arg0" sem_role_framework="PROPBANK">
<source m_id="20"/>
<target m_id="12"/>
</HAS_PARTICIPANT>
<HAS_PARTICIPANT comment="" frame="" frame_element="" r_id="246352" sem_role="Arg1" sem_role_framework="PROPBANK">
<source m_id="20"/>
<target m_id="8"/>
</HAS_PARTICIPANT>
<HAS_PARTICIPANT comment="" frame="" frame_element="" r_id="246353" sem_role="Arg0" sem_role_framework="PROPBANK">
<source m_id="21"/>
<target m_id="14"/>
</HAS_PARTICIPANT>
<HAS_PARTICIPANT comment="" frame="" frame_element="" r_id="246354" sem_role="Arg0" sem_role_framework="PROPBANK">
<source m_id="22"/>
<target m_id="14"/>
</HAS_PARTICIPANT>
<HAS_PARTICIPANT comment="" frame="" frame_element="" r_id="246355" sem_role="Arg0" sem_role_framework="PROPBANK">
<source m_id="23"/>
<target m_id="17"/>
</HAS_PARTICIPANT>
<HAS_PARTICIPANT comment="" frame="" frame_element="" r_id="246356" sem_role="Arg0" sem_role_framework="PROPBANK">
<source m_id="24"/>
<target m_id="1"/>
</HAS_PARTICIPANT>
<HAS_PARTICIPANT comment="" frame="" frame_element="" r_id="246357" sem_role="Arg2" sem_role_framework="PROPBANK">
<source m_id="25"/>
<target m_id="1"/>
</HAS_PARTICIPANT>
<HAS_PARTICIPANT comment="" frame="" frame_element="" r_id="246358" sem_role="Arg1" sem_role_framework="PROPBANK">
<source m_id="25"/>
<target m_id="5"/>
</HAS_PARTICIPANT>
<HAS_PARTICIPANT comment="" frame="" frame_element="" r_id="246359" sem_role="Arg3" sem_role_framework="PROPBANK">
<source m_id="26"/>
<target m_id="37"/>
</HAS_PARTICIPANT>
<HAS_PARTICIPANT comment="" frame="" frame_element="" r_id="246360" sem_role="Arg0" sem_role_framework="PROPBANK">
<source m_id="26"/>
<target m_id="12"/>
</HAS_PARTICIPANT>
<HAS_PARTICIPANT comment="" frame="" frame_element="" r_id="246361" sem_role="Arg0" sem_role_framework="PROPBANK">
<source m_id="27"/>
<target m_id="63"/>
</HAS_PARTICIPANT>
<TLINK comment="" r_id="246362" reltype="IS_INCLUDED" signalID="31">
<source m_id="18"/>
<target m_id="33"/>
</TLINK>
<TLINK comment="" r_id="246363" reltype="SIMULTANEOUS" signalID="">
<source m_id="32"/>
<target m_id="33"/>
</TLINK>
<TLINK comment="" r_id="246364" reltype="AFTER" signalID="">
<source m_id="18"/>
<target m_id="19"/>
</TLINK>
<TLINK comment="" r_id="246365" reltype="BEFORE" signalID="">
<source m_id="19"/>
<target m_id="20"/>
</TLINK>
<TLINK comment="" r_id="246366" reltype="IS_INCLUDED" signalID="30">
<source m_id="21"/>
<target m_id="34"/>
</TLINK>
<TLINK comment="" r_id="246367" reltype="AFTER" signalID="">
<source m_id="21"/>
<target m_id="22"/>
</TLINK>
<TLINK comment="" r_id="246368" reltype="BEFORE" signalID="">
<source m_id="23"/>
<target m_id="24"/>
</TLINK>
<TLINK comment="" r_id="246369" reltype="BEFORE" signalID="">
<source m_id="23"/>
<target m_id="25"/>
</TLINK>
<TLINK comment="" r_id="246370" reltype="SIMULTANEOUS" signalID="">
<source m_id="22"/>
<target m_id="26"/>
</TLINK>
<TLINK comment="" r_id="246371" reltype="AFTER" signalID="">
<source m_id="26"/>
<target m_id="27"/>
</TLINK>
<HAS_PARTICIPANT comment="" frame="" frame_element="" r_id="246376" sem_role="Arg0" sem_role_framework="PROPBANK">
<source m_id="29"/>
<target m_id="9"/>
</HAS_PARTICIPANT>
<HAS_PARTICIPANT comment="" frame="" frame_element="" r_id="246377" sem_role="Arg1" sem_role_framework="PROPBANK">
<source m_id="29"/>
<target m_id="10"/>
</HAS_PARTICIPANT>
<TLINK comment="" r_id="246378" reltype="AFTER" signalID="">
<source m_id="32"/>
<target m_id="34"/>
</TLINK>
<TLINK comment="" r_id="246379" reltype="INCLUDES" signalID="">
<source m_id="32"/>
<target m_id="28"/>
</TLINK>
















<REFERS_TO r_id="246335">
<source m_id="7"/>
<target m_id="93"/>
</REFERS_TO>
<REFERS_TO r_id="246336">
<source m_id="28"/>
<target m_id="49"/>
</REFERS_TO>
<REFERS_TO r_id="246337">
<source m_id="21"/>
<source m_id="19"/>
<target m_id="95"/>
</REFERS_TO>
<REFERS_TO r_id="246338">
<source m_id="24"/>
<target m_id="43"/>
</REFERS_TO>
<REFERS_TO r_id="246339">
<source m_id="15"/>
<target m_id="94"/>
</REFERS_TO>
<REFERS_TO r_id="246340">
<source m_id="5"/>
<target m_id="99"/>
</REFERS_TO>
<REFERS_TO r_id="246341">
<source m_id="63"/>
<target m_id="98"/>
</REFERS_TO>
<REFERS_TO r_id="246342">
<source m_id="67"/>
<source m_id="4"/>
<target m_id="88"/>
</REFERS_TO>
<REFERS_TO r_id="246343">
<source m_id="25"/>
<target m_id="89"/>
</REFERS_TO>
<REFERS_TO r_id="246344">
<source m_id="20"/>
<source m_id="29"/>
<target m_id="91"/>
</REFERS_TO>
<REFERS_TO r_id="246345">
<source m_id="18"/>
<source m_id="23"/>
<target m_id="90"/>
</REFERS_TO>
<REFERS_TO r_id="246380">
<source m_id="22"/>
<target m_id="100"/>
</REFERS_TO>
<REFERS_TO r_id="246381">
<source m_id="10"/>
<source m_id="1"/>
<source m_id="13"/>
<source m_id="11"/>
<source m_id="8"/>
<target m_id="92"/>
</REFERS_TO>
<REFERS_TO r_id="246382">
<source m_id="27"/>
<target m_id="86"/>
</REFERS_TO>
<REFERS_TO r_id="246383">
<source m_id="60"/>
<source m_id="76"/>
<target m_id="87"/>
</REFERS_TO>
<REFERS_TO r_id="246384">
<source m_id="17"/>
<source m_id="2"/>
<source m_id="9"/>
<source m_id="3"/>
<source m_id="12"/>
<source m_id="14"/>
<source m_id="16"/>
<target m_id="97"/>
</REFERS_TO>
<REFERS_TO r_id="246385">
<source m_id="26"/>
<source m_id="68"/>
<target m_id="96"/>
</REFERS_TO>
</Relations>
</Document>