<?xml version="1.0" ?><Document doc_id="145930" doc_name="145930_Boeing_787_Dreamliner_makes_maiden_flight" lang="en" url="http://en.wikinews.org/wiki/Boeing_787_&quot;Dreamliner&quot;_makes_maiden_flight">
<token number="0" sentence="0" t_id="1">Boeing</token>
<token number="1" sentence="0" t_id="2">787</token>
<token number="2" sentence="0" t_id="3">``</token>
<token number="3" sentence="0" t_id="4">Dreamliner</token>
<token number="4" sentence="0" t_id="5">''</token>
<token number="5" sentence="0" t_id="6">makes</token>
<token number="6" sentence="0" t_id="7">maiden</token>
<token number="7" sentence="0" t_id="8">flight</token>
<token number="8" sentence="1" t_id="9">December</token>
<token number="9" sentence="1" t_id="10">16</token>
<token number="10" sentence="1" t_id="11">,</token>
<token number="11" sentence="1" t_id="12">2009</token>
<token number="12" sentence="2" t_id="13">Boeing</token>
<token number="13" sentence="2" t_id="14">'s</token>
<token number="14" sentence="2" t_id="15">newest</token>
<token number="15" sentence="2" t_id="16">commercial</token>
<token number="16" sentence="2" t_id="17">aircraft</token>
<token number="17" sentence="2" t_id="18">,</token>
<token number="18" sentence="2" t_id="19">the</token>
<token number="19" sentence="2" t_id="20">787</token>
<token number="20" sentence="2" t_id="21">``</token>
<token number="21" sentence="2" t_id="22">Dreamliner</token>
<token number="22" sentence="2" t_id="23">''</token>
<token number="23" sentence="2" t_id="24">,</token>
<token number="24" sentence="2" t_id="25">made</token>
<token number="25" sentence="2" t_id="26">its</token>
<token number="26" sentence="2" t_id="27">first</token>
<token number="27" sentence="2" t_id="28">test</token>
<token number="28" sentence="2" t_id="29">flight</token>
<token number="29" sentence="2" t_id="30">Tuesday</token>
<token number="30" sentence="2" t_id="31">in</token>
<token number="31" sentence="2" t_id="32">Everett</token>
<token number="32" sentence="2" t_id="33">,</token>
<token number="33" sentence="2" t_id="34">Washington</token>
<token number="34" sentence="2" t_id="35">at</token>
<token number="35" sentence="2" t_id="36">18:00</token>
<token number="36" sentence="2" t_id="37">UTC</token>
<token number="37" sentence="2" t_id="38">.</token>
<token number="38" sentence="3" t_id="39">Boeing</token>
<token number="39" sentence="3" t_id="40">claims</token>
<token number="40" sentence="3" t_id="41">that</token>
<token number="41" sentence="3" t_id="42">the</token>
<token number="42" sentence="3" t_id="43">new</token>
<token number="43" sentence="3" t_id="44">290</token>
<token number="44" sentence="3" t_id="45">+</token>
<token number="45" sentence="3" t_id="46">seat</token>
<token number="46" sentence="3" t_id="47">wide-body</token>
<token number="47" sentence="3" t_id="48">,</token>
<token number="48" sentence="3" t_id="49">twin</token>
<token number="49" sentence="3" t_id="50">engine</token>
<token number="50" sentence="3" t_id="51">jetliner</token>
<token number="51" sentence="3" t_id="52">is</token>
<token number="52" sentence="3" t_id="53">more</token>
<token number="53" sentence="3" t_id="54">fuel</token>
<token number="54" sentence="3" t_id="55">efficient</token>
<token number="55" sentence="3" t_id="56">than</token>
<token number="56" sentence="3" t_id="57">previous</token>
<token number="57" sentence="3" t_id="58">Boeing</token>
<token number="58" sentence="3" t_id="59">models</token>
<token number="59" sentence="3" t_id="60">.</token>
<token number="60" sentence="4" t_id="61">The</token>
<token number="61" sentence="4" t_id="62">release</token>
<token number="62" sentence="4" t_id="63">of</token>
<token number="63" sentence="4" t_id="64">the</token>
<token number="64" sentence="4" t_id="65">``</token>
<token number="65" sentence="4" t_id="66">Dreamliner</token>
<token number="66" sentence="4" t_id="67">''</token>
<token number="67" sentence="4" t_id="68">is</token>
<token number="68" sentence="4" t_id="69">almost</token>
<token number="69" sentence="4" t_id="70">two</token>
<token number="70" sentence="4" t_id="71">and</token>
<token number="71" sentence="4" t_id="72">a</token>
<token number="72" sentence="4" t_id="73">half</token>
<token number="73" sentence="4" t_id="74">years</token>
<token number="74" sentence="4" t_id="75">behind</token>
<token number="75" sentence="4" t_id="76">schedule</token>
<token number="76" sentence="4" t_id="77">.</token>
<token number="77" sentence="5" t_id="78">The</token>
<token number="78" sentence="5" t_id="79">project</token>
<token number="79" sentence="5" t_id="80">has</token>
<token number="80" sentence="5" t_id="81">been</token>
<token number="81" sentence="5" t_id="82">plagued</token>
<token number="82" sentence="5" t_id="83">by</token>
<token number="83" sentence="5" t_id="84">various</token>
<token number="84" sentence="5" t_id="85">issues</token>
<token number="85" sentence="5" t_id="86">,</token>
<token number="86" sentence="5" t_id="87">including</token>
<token number="87" sentence="5" t_id="88">strike</token>
<token number="88" sentence="5" t_id="89">action</token>
<token number="89" sentence="5" t_id="90">,</token>
<token number="90" sentence="5" t_id="91">parts</token>
<token number="91" sentence="5" t_id="92">shortages</token>
<token number="92" sentence="5" t_id="93">and</token>
<token number="93" sentence="5" t_id="94">design</token>
<token number="94" sentence="5" t_id="95">problems</token>
<token number="95" sentence="5" t_id="96">.</token>
<token number="96" sentence="6" t_id="97">The</token>
<token number="97" sentence="6" t_id="98">aircraft</token>
<token number="98" sentence="6" t_id="99">is</token>
<token number="99" sentence="6" t_id="100">thought</token>
<token number="100" sentence="6" t_id="101">to</token>
<token number="101" sentence="6" t_id="102">have</token>
<token number="102" sentence="6" t_id="103">attracted</token>
<token number="103" sentence="6" t_id="104">840</token>
<token number="104" sentence="6" t_id="105">orders</token>
<token number="105" sentence="6" t_id="106">to</token>
<token number="106" sentence="6" t_id="107">date</token>
<token number="107" sentence="6" t_id="108">,</token>
<token number="108" sentence="6" t_id="109">though</token>
<token number="109" sentence="6" t_id="110">some</token>
<token number="110" sentence="6" t_id="111">have</token>
<token number="111" sentence="6" t_id="112">been</token>
<token number="112" sentence="6" t_id="113">cancelled</token>
<token number="113" sentence="6" t_id="114">due</token>
<token number="114" sentence="6" t_id="115">to</token>
<token number="115" sentence="6" t_id="116">the</token>
<token number="116" sentence="6" t_id="117">delays</token>
<token number="117" sentence="6" t_id="118">,</token>
<token number="118" sentence="6" t_id="119">making</token>
<token number="119" sentence="6" t_id="120">the</token>
<token number="120" sentence="6" t_id="121">787</token>
<token number="121" sentence="6" t_id="122">worth</token>
<token number="122" sentence="6" t_id="123">in</token>
<token number="123" sentence="6" t_id="124">the</token>
<token number="124" sentence="6" t_id="125">region</token>
<token number="125" sentence="6" t_id="126">of</token>
<token number="126" sentence="6" t_id="127">US$</token>
<token number="127" sentence="6" t_id="128">140bn</token>
<token number="128" sentence="6" t_id="129">(</token>
<token number="129" sentence="6" t_id="130">$</token>
<token number="130" sentence="6" t_id="131">96bn</token>
<token number="131" sentence="6" t_id="132">,</token>
<token number="132" sentence="6" t_id="133">#</token>
<token number="133" sentence="6" t_id="134">86bn</token>
<token number="134" sentence="6" t_id="135">)</token>
<token number="135" sentence="6" t_id="136">for</token>
<token number="136" sentence="6" t_id="137">Boeing</token>
<token number="137" sentence="6" t_id="138">.</token>
<token number="138" sentence="7" t_id="139">An</token>
<token number="139" sentence="7" t_id="140">aerospace</token>
<token number="140" sentence="7" t_id="141">analyst</token>
<token number="141" sentence="7" t_id="142">,</token>
<token number="142" sentence="7" t_id="143">Richard</token>
<token number="143" sentence="7" t_id="144">Aboulafia</token>
<token number="144" sentence="7" t_id="145">,</token>
<token number="145" sentence="7" t_id="146">said</token>
<token number="146" sentence="7" t_id="147">that</token>
<token number="147" sentence="7" t_id="148">``</token>
<token number="148" sentence="7" t_id="149">The</token>
<token number="149" sentence="7" t_id="150">test</token>
<token number="150" sentence="7" t_id="151">flight</token>
<token number="151" sentence="7" t_id="152">]</token>
<token number="152" sentence="7" t_id="153">will</token>
<token number="153" sentence="7" t_id="154">provide</token>
<token number="154" sentence="7" t_id="155">a</token>
<token number="155" sentence="7" t_id="156">badly</token>
<token number="156" sentence="7" t_id="157">needed</token>
<token number="157" sentence="7" t_id="158">perception</token>
<token number="158" sentence="7" t_id="159">that</token>
<token number="159" sentence="7" t_id="160">the</token>
<token number="160" sentence="7" t_id="161">program</token>
<token number="161" sentence="7" t_id="162">is</token>
<token number="162" sentence="7" t_id="163">on</token>
<token number="163" sentence="7" t_id="164">some</token>
<token number="164" sentence="7" t_id="165">kind</token>
<token number="165" sentence="7" t_id="166">of</token>
<token number="166" sentence="7" t_id="167">schedule</token>
<token number="167" sentence="7" t_id="168">again</token>
<token number="168" sentence="7" t_id="169">,</token>
<token number="169" sentence="7" t_id="170">but</token>
<token number="170" sentence="7" t_id="171">it</token>
<token number="171" sentence="7" t_id="172">'s</token>
<token number="172" sentence="7" t_id="173">still</token>
<token number="173" sentence="7" t_id="174">a</token>
<token number="174" sentence="7" t_id="175">long</token>
<token number="175" sentence="7" t_id="176">way</token>
<token number="176" sentence="7" t_id="177">from</token>
<token number="177" sentence="7" t_id="178">the</token>
<token number="178" sentence="7" t_id="179">ultimate</token>
<token number="179" sentence="7" t_id="180">result</token>
<token number="180" sentence="7" t_id="181">.</token>
<token number="181" sentence="7" t_id="182">''</token>
<token number="182" sentence="8" t_id="183">Boeing</token>
<token number="183" sentence="8" t_id="184">'s</token>
<token number="184" sentence="8" t_id="185">European</token>
<token number="185" sentence="8" t_id="186">rival</token>
<token number="186" sentence="8" t_id="187">,</token>
<token number="187" sentence="8" t_id="188">Airbus</token>
<token number="188" sentence="8" t_id="189">,</token>
<token number="189" sentence="8" t_id="190">is</token>
<token number="190" sentence="8" t_id="191">preparing</token>
<token number="191" sentence="8" t_id="192">to</token>
<token number="192" sentence="8" t_id="193">release</token>
<token number="193" sentence="8" t_id="194">a</token>
<token number="194" sentence="8" t_id="195">similar</token>
<token number="195" sentence="8" t_id="196">aircraft</token>
<token number="196" sentence="8" t_id="197">,</token>
<token number="197" sentence="8" t_id="198">the</token>
<token number="198" sentence="8" t_id="199">A350</token>
<token number="199" sentence="8" t_id="200">,</token>
<token number="200" sentence="8" t_id="201">in</token>
<token number="201" sentence="8" t_id="202">2013</token>
<token number="202" sentence="8" t_id="203">.</token>
<Markables>
<ENTITY_MENTION comment="" head="" m_id="1" syntactic_type="NAM">
<token_anchor t_id="13"/>
<token_anchor t_id="14"/>
<token_anchor t_id="15"/>
<token_anchor t_id="16"/>
<token_anchor t_id="17"/>
<token_anchor t_id="18"/>
<token_anchor t_id="19"/>
<token_anchor t_id="20"/>
<token_anchor t_id="21"/>
<token_anchor t_id="22"/>
</ENTITY_MENTION>
<ENTITY_MENTION comment="" head="" m_id="2" syntactic_type="NAM">
<token_anchor t_id="32"/>
<token_anchor t_id="33"/>
<token_anchor t_id="34"/>
</ENTITY_MENTION>
<ENTITY_MENTION comment="" head="" m_id="54" syntactic_type="">
<token_anchor t_id="13"/>
<token_anchor t_id="14"/>
<token_anchor t_id="15"/>
<token_anchor t_id="16"/>
<token_anchor t_id="17"/>
</ENTITY_MENTION>
<ENTITY_MENTION comment="" head="" m_id="3" syntactic_type="NAM">
<token_anchor t_id="1"/>
<token_anchor t_id="2"/>
<token_anchor t_id="3"/>
<token_anchor t_id="4"/>
</ENTITY_MENTION>
<ENTITY_MENTION comment="" head="" m_id="55" syntactic_type="">
<token_anchor t_id="19"/>
<token_anchor t_id="20"/>
<token_anchor t_id="21"/>
<token_anchor t_id="22"/>
</ENTITY_MENTION>
<ENTITY_MENTION comment="" head="" m_id="4" syntactic_type="NAM">
<token_anchor t_id="13"/>
</ENTITY_MENTION>
<ENTITY_MENTION comment="" head="" m_id="5" syntactic_type="">
<token_anchor t_id="26"/>
</ENTITY_MENTION>
<ENTITY_MENTION comment="" head="" m_id="6" syntactic_type="NAM">
<token_anchor t_id="34"/>
</ENTITY_MENTION>
<ENTITY_MENTION comment="" head="" m_id="7" syntactic_type="NAM">
<token_anchor t_id="39"/>
</ENTITY_MENTION>
<ENTITY_MENTION comment="" head="" m_id="8" syntactic_type="">
<token_anchor t_id="42"/>
<token_anchor t_id="43"/>
<token_anchor t_id="44"/>
<token_anchor t_id="45"/>
<token_anchor t_id="46"/>
<token_anchor t_id="47"/>
<token_anchor t_id="48"/>
<token_anchor t_id="49"/>
<token_anchor t_id="50"/>
<token_anchor t_id="51"/>
</ENTITY_MENTION>
<ENTITY_MENTION comment="" head="" m_id="9" syntactic_type="PRE.NAM">
<token_anchor t_id="58"/>
</ENTITY_MENTION>
<ENTITY_MENTION comment="" head="" m_id="10" syntactic_type="">
<token_anchor t_id="57"/>
<token_anchor t_id="58"/>
<token_anchor t_id="59"/>
</ENTITY_MENTION>
<ENTITY_MENTION comment="" head="" m_id="11" syntactic_type="NAM">
<token_anchor t_id="64"/>
<token_anchor t_id="65"/>
<token_anchor t_id="66"/>
</ENTITY_MENTION>
<EVENT_MENTION aspect="NONE" certainty="CERTAIN" comment="" m_id="19" modality="" polarity="POS" pos="VERB" pred="be" special_cases="GEN" tense="PRESENT" time="NON_FUTURE">
<token_anchor t_id="52"/>
</EVENT_MENTION>
<EVENT_MENTION aspect="NONE" certainty="CERTAIN" comment="" m_id="20" modality="" polarity="POS" pos="NOUN" pred="action" special_cases="NONE" tense="NONE" time="NON_FUTURE">
<token_anchor t_id="89"/>
</EVENT_MENTION>
<EVENT_MENTION aspect="NONE" certainty="CERTAIN" comment="" m_id="21" modality="" polarity="POS" pos="NOUN" pred="shortage" special_cases="NONE" tense="NONE" time="NON_FUTURE">
<token_anchor t_id="92"/>
</EVENT_MENTION>
<EVENT_MENTION aspect="NONE" certainty="CERTAIN" comment="" m_id="22" modality="" polarity="POS" pos="NOUN" pred="problem" special_cases="NONE" tense="NONE" time="NON_FUTURE">
<token_anchor t_id="95"/>
</EVENT_MENTION>
<EVENT_MENTION aspect="NONE" certainty="CERTAIN" comment="" m_id="23" modality="" polarity="POS" pos="NOUN" pred="project" special_cases="NONE" tense="NONE" time="NON_FUTURE">
<token_anchor t_id="79"/>
</EVENT_MENTION>
<EVENT_MENTION aspect="NONE" certainty="CERTAIN" comment="" m_id="24" modality="" polarity="POS" pos="VERB" pred="be" special_cases="NONE" tense="PRESENT" time="NON_FUTURE">
<token_anchor t_id="68"/>
</EVENT_MENTION>
<EVENT_MENTION aspect="NONE" certainty="CERTAIN" comment="" m_id="25" modality="" polarity="POS" pos="VERB" pred="make" special_cases="NONE" tense="PRESENT" time="NON_FUTURE">
<token_anchor t_id="6"/>
</EVENT_MENTION>
<EVENT_MENTION aspect="NONE" certainty="CERTAIN" comment="" m_id="26" modality="" polarity="POS" pos="NOUN" pred="flight" special_cases="NONE" tense="NONE" time="NON_FUTURE">
<token_anchor t_id="8"/>
</EVENT_MENTION>
<EVENT_MENTION aspect="NONE" certainty="CERTAIN" comment="" m_id="12" modality="" polarity="POS" pos="VERB" pred="make" special_cases="NONE" tense="PAST" time="NON_FUTURE">
<token_anchor t_id="25"/>
</EVENT_MENTION>
<EVENT_MENTION aspect="NONE" certainty="CERTAIN" comment="" m_id="13" modality="" polarity="POS" pos="NOUN" pred="test flight" special_cases="NONE" tense="NONE" time="NON_FUTURE">
<token_anchor t_id="28"/>
<token_anchor t_id="29"/>
</EVENT_MENTION>
<EVENT_MENTION aspect="NONE" certainty="CERTAIN" comment="" m_id="14" modality="" polarity="POS" pos="VERB" pred="claim" special_cases="NONE" tense="PRESENT" time="NON_FUTURE">
<token_anchor t_id="40"/>
</EVENT_MENTION>
<EVENT_MENTION aspect="NONE" certainty="CERTAIN" comment="" m_id="15" modality="" polarity="POS" pos="OTHER" pred="fuel-efficient" special_cases="NONE" tense="NONE" time="NON_FUTURE">
<token_anchor t_id="54"/>
<token_anchor t_id="55"/>
</EVENT_MENTION>
<EVENT_MENTION aspect="NONE" certainty="CERTAIN" comment="" m_id="16" modality="" polarity="POS" pos="NOUN" pred="release" special_cases="NONE" tense="NONE" time="NON_FUTURE">
<token_anchor t_id="62"/>
</EVENT_MENTION>
<EVENT_MENTION aspect="PERFECTIVE" certainty="CERTAIN" comment="" m_id="17" modality="" polarity="POS" pos="VERB" pred="plague" special_cases="NONE" tense="PRESENT" time="NON_FUTURE">
<token_anchor t_id="82"/>
</EVENT_MENTION>
<EVENT_MENTION aspect="NONE" certainty="CERTAIN" comment="" m_id="18" modality="" polarity="POS" pos="NOUN" pred="issue" special_cases="NONE" tense="NONE" time="NON_FUTURE">
<token_anchor t_id="85"/>
</EVENT_MENTION>
<SIGNAL comment="" m_id="27">
<token_anchor t_id="35"/>
</SIGNAL>
<SIGNAL comment="" m_id="28">
<token_anchor t_id="75"/>
<token_anchor t_id="76"/>
</SIGNAL>
<TIMEX3 anchorTimeID="29" beginPoint="" comment="" endPoint="" functionInDocument="CREATION_TIME" m_id="29" type="DATE" value="2009-12-16">
<token_anchor t_id="9"/>
<token_anchor t_id="10"/>
<token_anchor t_id="11"/>
<token_anchor t_id="12"/>
</TIMEX3>
<TIMEX3 anchorTimeID="29" beginPoint="" comment="" endPoint="" functionInDocument="NONE" m_id="30" type="DATE" value="2009-12-15">
<token_anchor t_id="30"/>
</TIMEX3>
<TIMEX3 anchorTimeID="29" beginPoint="" comment="" endPoint="" functionInDocument="NONE" m_id="31" type="TIME" value="2009-12-15T18:00Z">
<token_anchor t_id="36"/>
<token_anchor t_id="37"/>
</TIMEX3>
<TIMEX3 anchorTimeID="" beginPoint="52" comment="" endPoint="29" functionInDocument="NONE" m_id="32" type="DURATION" value="P2.5Y">
<token_anchor t_id="69"/>
<token_anchor t_id="70"/>
<token_anchor t_id="71"/>
<token_anchor t_id="72"/>
<token_anchor t_id="73"/>
<token_anchor t_id="74"/>
</TIMEX3>
<VALUE comment="" m_id="33" type="QUANTITY">
<token_anchor t_id="44"/>
</VALUE>
<TIMEX3 TAG_DESCRIPTOR="June-2007" anchorTimeID="" beginPoint="" comment="" endPoint="" functionInDocument="NONE" m_id="52" type="DATE" value="2007-06-16"/>
<EVENT_MENTION m_id="60">
  <token_anchor t_id="191"/>
</EVENT_MENTION>
<EVENT_MENTION m_id="63">
  <token_anchor t_id="193"/>
</EVENT_MENTION>
<EVENT_MENTION m_id="69">
  <token_anchor t_id="103"/>
</EVENT_MENTION>
<ENTITY_MENTION m_id="102">
  <token_anchor t_id="97"/>
  <token_anchor t_id="98"/>
</ENTITY_MENTION>
<ENTITY_MENTION m_id="58">
  <token_anchor t_id="137"/>
</ENTITY_MENTION>
<ENTITY_MENTION m_id="64">
  <token_anchor t_id="120"/>
  <token_anchor t_id="121"/>
</ENTITY_MENTION>
<ENTITY_MENTION m_id="70">
  <token_anchor t_id="183"/>
  <token_anchor t_id="184"/>
  <token_anchor t_id="185"/>
  <token_anchor t_id="186"/>
</ENTITY_MENTION>
<ENTITY_MENTION m_id="75">
  <token_anchor t_id="188"/>
</ENTITY_MENTION>
<ENTITY_MENTION m_id="79">
  <token_anchor t_id="183"/>
</ENTITY_MENTION>
<ENTITY TAG_DESCRIPTOR="previous Boeing models" comment="" ent_class="" ent_type="PRO" external_ref="" m_id="38"/>
<EVENT TAG_DESCRIPTOR="made" class="GRAMMATICAL" comment="" external_ref="" m_id="103"/>
<EVENT TAG_DESCRIPTOR="issue VUA" class="OTHER" instance_id="OTH40792037690843725" m_id="89"/>
<EVENT TAG_DESCRIPTOR="release VUA" class="OTHER" instance_id="OTH40793184141860329" m_id="100"/>
<EVENT TAG_DESCRIPTOR="shortage VUA" class="OTHER" instance_id="OTH40792419574018472" m_id="86"/>
<EVENT TAG_DESCRIPTOR="action VUA" class="OTHER" instance_id="OTH40791917672763394" m_id="85"/>
<EVENT TAG_DESCRIPTOR="makes" class="GRAMMATICAL" comment="" external_ref="" m_id="104"/>
<EVENT TAG_DESCRIPTOR="problem VUA" class="OTHER" instance_id="OTH40792151396981370" m_id="84"/>
<EVENT TAG_DESCRIPTOR="is" class="GRAMMATICAL" comment="" external_ref="" m_id="47"/>
<EVENT TAG_DESCRIPTOR="prepare VUA" class="OTHER" instance_id="OTH40793034693137731" m_id="99"/>
<EVENT TAG_DESCRIPTOR="release VUA" class="OTHER" instance_id="OTH40792352074671384" m_id="98"/>
<EVENT TAG_DESCRIPTOR="project VUA" class="OTHER" instance_id="OTH40792231014795711" m_id="96"/>
<EVENT TAG_DESCRIPTOR="is" class="GRAMMATICAL" comment="" external_ref="" m_id="105"/>
<EVENT TAG_DESCRIPTOR="plague VUA" class="OTHER" instance_id="OTH40792100429882477" m_id="94"/>
<EVENT TAG_DESCRIPTOR="attract VUA" class="OTHER" instance_id="OTH40792746320291067" m_id="93"/>
<EVENT TAG_DESCRIPTOR="test flight" class="OTHER" instance_id="OTH40792549323746209" m_id="92"/>
<EVENT TAG_DESCRIPTOR="claim VUA" class="SPEECH_COGNITIVE" instance_id="SPE40097094226693104" m_id="91"/>
<EVENT TAG_DESCRIPTOR="fuel efficiency" class="OTHER" instance_id="OTH40105343779700492" m_id="90"/>
<ENTITY TAG_DESCRIPTOR="Airbus" ent_type="ORG" external_ref="http://dbpedia.org/page/Airbus" instance_id="ORG37154719430036883" m_id="88"/>
<ENTITY TAG_DESCRIPTOR="Boeing" ent_type="ORG" external_ref="http://dbpedia.org/page/Boeing" instance_id="ORG37154719725500990" m_id="101"/>
<ENTITY TAG_DESCRIPTOR="787 Dreamliner" ent_type="PRO" external_ref="http://dbpedia.org/page/Boeing_787_Dreamliner" instance_id="PRO37154719263852456" m_id="87"/>
<ENTITY TAG_DESCRIPTOR="Washington, USA" ent_type="LOC" external_ref="http://dbpedia.org/page/Washington_(state)" instance_id="LOC27983754804682607" m_id="97"/>
<ENTITY TAG_DESCRIPTOR="Everett, Washington" ent_type="LOC" external_ref="http://dbpedia.org/page/Everett,_Washington" instance_id="LOC27983802992666349" m_id="95"/>
</Markables>
<Relations>
<SLINK r_id="246479">
<source m_id="14"/>
<target m_id="15"/>
</SLINK>
<GLINK r_id="246530">
<source m_id="12"/>
<target m_id="13"/>
</GLINK>
<GLINK r_id="246531">
<source m_id="19"/>
<target m_id="15"/>
</GLINK>
<HAS_PARTICIPANT comment="" frame="" frame_element="" r_id="246482" sem_role="Arg0" sem_role_framework="PROPBANK">
<source m_id="12"/>
<target m_id="1"/>
</HAS_PARTICIPANT>
<HAS_PARTICIPANT comment="" frame="" frame_element="" r_id="246483" sem_role="Arg0" sem_role_framework="PROPBANK">
<source m_id="13"/>
<target m_id="1"/>
</HAS_PARTICIPANT>
<HAS_PARTICIPANT comment="" frame="" frame_element="" r_id="246484" sem_role="Arg0" sem_role_framework="PROPBANK">
<source m_id="14"/>
<target m_id="7"/>
</HAS_PARTICIPANT>
<HAS_PARTICIPANT comment="" frame="" frame_element="" r_id="246485" sem_role="Arg0" sem_role_framework="PROPBANK">
<source m_id="19"/>
<target m_id="8"/>
</HAS_PARTICIPANT>
<HAS_PARTICIPANT comment="" frame="" frame_element="" r_id="246486" sem_role="Arg1" sem_role_framework="PROPBANK">
<source m_id="16"/>
<target m_id="11"/>
</HAS_PARTICIPANT>
<TLINK comment="" r_id="246487" reltype="AFTER" signalID="">
<source m_id="29"/>
<target m_id="30"/>
</TLINK>
<TLINK comment="" r_id="246488" reltype="INCLUDES" signalID="">
<source m_id="30"/>
<target m_id="31"/>
</TLINK>
<TLINK comment="" r_id="246489" reltype="BEGUN_BY" signalID="27">
<source m_id="13"/>
<target m_id="31"/>
</TLINK>
<TLINK comment="" r_id="246490" reltype="INCLUDES" signalID="">
<source m_id="29"/>
<target m_id="14"/>
</TLINK>
<TLINK comment="" r_id="246491" reltype="SIMULTANEOUS" signalID="">
<source m_id="14"/>
<target m_id="15"/>
</TLINK>
<TLINK comment="" r_id="246492" reltype="AFTER" signalID="28">
<source m_id="29"/>
<target m_id="32"/>
</TLINK>
<TLINK comment="" r_id="246493" reltype="AFTER" signalID="">
<source m_id="16"/>
<target m_id="17"/>
</TLINK>
<TLINK comment="" r_id="246494" reltype="SIMULTANEOUS" signalID="">
<source m_id="17"/>
<target m_id="18"/>
</TLINK>
<TLINK comment="" r_id="246499" reltype="INCLUDES" signalID="">
<source m_id="23"/>
<target m_id="17"/>
</TLINK>
<TLINK comment="" r_id="246500" reltype="INCLUDES" signalID="">
<source m_id="18"/>
<target m_id="20"/>
</TLINK>
<TLINK comment="" r_id="246501" reltype="INCLUDES" signalID="">
<source m_id="18"/>
<target m_id="21"/>
</TLINK>
<TLINK comment="" r_id="246502" reltype="INCLUDES" signalID="">
<source m_id="18"/>
<target m_id="22"/>
</TLINK>
<HAS_PARTICIPANT comment="" frame="" frame_element="" r_id="246504" sem_role="Argm-LOC" sem_role_framework="PROPBANK">
<source m_id="13"/>
<target m_id="2"/>
</HAS_PARTICIPANT>
<HAS_PARTICIPANT comment="" frame="" frame_element="" r_id="246505" sem_role="Arg0" sem_role_framework="PROPBANK">
<source m_id="23"/>
<target m_id="4"/>
</HAS_PARTICIPANT>
<GLINK r_id="246506">
<source m_id="25"/>
<target m_id="26"/>
</GLINK>
<HAS_PARTICIPANT comment="" frame="" frame_element="" r_id="246510" sem_role="Arg0" sem_role_framework="PROPBANK">
<source m_id="25"/>
<target m_id="3"/>
</HAS_PARTICIPANT>
<TLINK comment="" r_id="246511" reltype="MEASURE" signalID="">
<source m_id="16"/>
<target m_id="32"/>
</TLINK>
<HAS_PARTICIPANT comment="" frame="" frame_element="" r_id="246512" sem_role="Arg1" sem_role_framework="PROPBANK">
<source m_id="15"/>
<target m_id="8"/>
</HAS_PARTICIPANT>
<TLINK comment="" r_id="246513" reltype="AFTER" signalID="">
<source m_id="29"/>
<target m_id="12"/>
</TLINK>
<TLINK comment="" r_id="246514" reltype="INCLUDES" signalID="">
<source m_id="29"/>
<target m_id="19"/>
</TLINK>
<TLINK comment="" r_id="246515" reltype="INCLUDES" signalID="">
<source m_id="29"/>
<target m_id="24"/>
</TLINK>






















<REFERS_TO r_id="246474">
<source m_id="70"/>
<source m_id="75"/>
<target m_id="88"/>
</REFERS_TO>
<REFERS_TO r_id="246475">
<source m_id="18"/>
<target m_id="89"/>
</REFERS_TO>
<REFERS_TO r_id="246476">
<source m_id="12"/>
<target m_id="103"/>
</REFERS_TO>
<REFERS_TO r_id="246477">
<source m_id="21"/>
<target m_id="86"/>
</REFERS_TO>
<REFERS_TO r_id="246478">
<source m_id="69"/>
<target m_id="93"/>
</REFERS_TO>
<REFERS_TO r_id="246516">
<source m_id="22"/>
<target m_id="84"/>
</REFERS_TO>
<REFERS_TO r_id="246480">
<source m_id="20"/>
<target m_id="85"/>
</REFERS_TO>
<REFERS_TO r_id="246481">
<source m_id="9"/>
<source m_id="58"/>
<source m_id="7"/>
<source m_id="4"/>
<source m_id="79"/>
<target m_id="101"/>
</REFERS_TO>
<REFERS_TO r_id="246517">
<source m_id="24"/>
<target m_id="47"/>
</REFERS_TO>
<REFERS_TO r_id="246518">
<source m_id="102"/>
<source m_id="3"/>
<source m_id="64"/>
<source m_id="1"/>
<source m_id="5"/>
<source m_id="11"/>
<source m_id="8"/>
<source m_id="55"/>
<source m_id="54"/>
<target m_id="87"/>
</REFERS_TO>
<REFERS_TO r_id="246519">
<source m_id="25"/>
<target m_id="104"/>
</REFERS_TO>
<REFERS_TO r_id="246520">
<source m_id="19"/>
<target m_id="105"/>
</REFERS_TO>
<REFERS_TO r_id="246521">
<source m_id="60"/>
<target m_id="99"/>
</REFERS_TO>
<REFERS_TO r_id="246522">
<source m_id="16"/>
<target m_id="98"/>
</REFERS_TO>
<REFERS_TO r_id="246523">
<source m_id="14"/>
<target m_id="91"/>
</REFERS_TO>
<REFERS_TO r_id="246524">
<source m_id="15"/>
<target m_id="90"/>
</REFERS_TO>
<REFERS_TO r_id="246525">
<source m_id="63"/>
<target m_id="100"/>
</REFERS_TO>
<REFERS_TO r_id="246526">
<source m_id="13"/>
<source m_id="26"/>
<target m_id="92"/>
</REFERS_TO>
<REFERS_TO r_id="246527">
<source m_id="2"/>
<target m_id="95"/>
</REFERS_TO>
<REFERS_TO r_id="246528">
<source m_id="17"/>
<target m_id="94"/>
</REFERS_TO>
<REFERS_TO r_id="246529">
<source m_id="6"/>
<target m_id="97"/>
</REFERS_TO>
<REFERS_TO r_id="246495">
<source m_id="23"/>
<target m_id="96"/>
</REFERS_TO>
<REFERS_TO r_id="246496">
<source m_id="10"/>
<target m_id="38"/>
</REFERS_TO>
</Relations>
</Document>