<?xml version="1.0" ?><Document doc_id="8983" doc_name="8983_Boeing_secures_11bn_of_aircraft_deals" lang="en" url="http://en.wikinews.org/wiki/Boeing_secures_$11bn_of_aircraft_deals">
<token number="0" sentence="0" t_id="1">Boeing</token>
<token number="1" sentence="0" t_id="2">secures</token>
<token number="2" sentence="0" t_id="3">$</token>
<token number="3" sentence="0" t_id="4">11bn</token>
<token number="4" sentence="0" t_id="5">of</token>
<token number="5" sentence="0" t_id="6">aircraft</token>
<token number="6" sentence="0" t_id="7">deals</token>
<token number="7" sentence="1" t_id="8">April</token>
<token number="8" sentence="1" t_id="9">27</token>
<token number="9" sentence="1" t_id="10">,</token>
<token number="10" sentence="1" t_id="11">2005</token>
<token number="11" sentence="2" t_id="12">An</token>
<token number="12" sentence="2" t_id="13">American</token>
<token number="13" sentence="2" t_id="14">Airlines</token>
<token number="14" sentence="2" t_id="15">777</token>
<token number="15" sentence="2" t_id="16">landing</token>
<token number="16" sentence="2" t_id="17">at</token>
<token number="17" sentence="2" t_id="18">Heathrow</token>
<token number="18" sentence="2" t_id="19">airport</token>
<token number="19" sentence="2" t_id="20">Boeing</token>
<token number="20" sentence="2" t_id="21">has</token>
<token number="21" sentence="2" t_id="22">secured</token>
<token number="22" sentence="2" t_id="23">two</token>
<token number="23" sentence="2" t_id="24">large</token>
<token number="24" sentence="2" t_id="25">orders</token>
<token number="25" sentence="2" t_id="26">for</token>
<token number="26" sentence="2" t_id="27">new</token>
<token number="27" sentence="2" t_id="28">aircraft</token>
<token number="28" sentence="2" t_id="29">.</token>
<token number="29" sentence="3" t_id="30">Air</token>
<token number="30" sentence="3" t_id="31">Canada</token>
<token number="31" sentence="3" t_id="32">has</token>
<token number="32" sentence="3" t_id="33">ordered</token>
<token number="33" sentence="3" t_id="34">US$</token>
<token number="34" sentence="3" t_id="35">6</token>
<token number="35" sentence="3" t_id="36">billion</token>
<token number="36" sentence="3" t_id="37">in</token>
<token number="37" sentence="3" t_id="38">new</token>
<token number="38" sentence="3" t_id="39">airliners</token>
<token number="39" sentence="3" t_id="40">,</token>
<token number="40" sentence="3" t_id="41">while</token>
<token number="41" sentence="3" t_id="42">Air</token>
<token number="42" sentence="3" t_id="43">India</token>
<token number="43" sentence="3" t_id="44">has</token>
<token number="44" sentence="3" t_id="45">signed</token>
<token number="45" sentence="3" t_id="46">a</token>
<token number="46" sentence="3" t_id="47">deal</token>
<token number="47" sentence="3" t_id="48">for</token>
<token number="48" sentence="3" t_id="49">a</token>
<token number="49" sentence="3" t_id="50">further</token>
<token number="50" sentence="3" t_id="51">US$</token>
<token number="51" sentence="3" t_id="52">7</token>
<token number="52" sentence="3" t_id="53">billion</token>
<token number="53" sentence="3" t_id="54">.</token>
<token number="54" sentence="4" t_id="55">The</token>
<token number="55" sentence="4" t_id="56">Air</token>
<token number="56" sentence="4" t_id="57">Canada</token>
<token number="57" sentence="4" t_id="58">deal</token>
<token number="58" sentence="4" t_id="59">includes</token>
<token number="59" sentence="4" t_id="60">firm</token>
<token number="60" sentence="4" t_id="61">orders</token>
<token number="61" sentence="4" t_id="62">for</token>
<token number="62" sentence="4" t_id="63">18</token>
<token number="63" sentence="4" t_id="64">777s</token>
<token number="64" sentence="4" t_id="65">and</token>
<token number="65" sentence="4" t_id="66">14</token>
<token number="66" sentence="4" t_id="67">of</token>
<token number="67" sentence="4" t_id="68">the</token>
<token number="68" sentence="4" t_id="69">new</token>
<token number="69" sentence="4" t_id="70">mid-size</token>
<token number="70" sentence="4" t_id="71">,</token>
<token number="71" sentence="4" t_id="72">long-range</token>
<token number="72" sentence="4" t_id="73">787</token>
<token number="73" sentence="4" t_id="74">Dreamliner</token>
<token number="74" sentence="4" t_id="75">.</token>
<token number="75" sentence="5" t_id="76">Options</token>
<token number="76" sentence="5" t_id="77">are</token>
<token number="77" sentence="5" t_id="78">included</token>
<token number="78" sentence="5" t_id="79">for</token>
<token number="79" sentence="5" t_id="80">18</token>
<token number="80" sentence="5" t_id="81">more</token>
<token number="81" sentence="5" t_id="82">777s</token>
<token number="82" sentence="5" t_id="83">and</token>
<token number="83" sentence="5" t_id="84">46</token>
<token number="84" sentence="5" t_id="85">more</token>
<token number="85" sentence="5" t_id="86">787s</token>
<token number="86" sentence="5" t_id="87">.</token>
<token number="87" sentence="6" t_id="88">The</token>
<token number="88" sentence="6" t_id="89">Air</token>
<token number="89" sentence="6" t_id="90">India</token>
<token number="90" sentence="6" t_id="91">order</token>
<token number="91" sentence="6" t_id="92">is</token>
<token number="92" sentence="6" t_id="93">worth</token>
<token number="93" sentence="6" t_id="94">US$</token>
<token number="94" sentence="6" t_id="95">6.8</token>
<token number="95" sentence="6" t_id="96">billion</token>
<token number="96" sentence="6" t_id="97">for</token>
<token number="97" sentence="6" t_id="98">50</token>
<token number="98" sentence="6" t_id="99">787s</token>
<token number="99" sentence="6" t_id="100">.</token>
<token number="100" sentence="7" t_id="101">Air</token>
<token number="101" sentence="7" t_id="102">India</token>
<token number="102" sentence="7" t_id="103">says</token>
<token number="103" sentence="7" t_id="104">the</token>
<token number="104" sentence="7" t_id="105">new</token>
<token number="105" sentence="7" t_id="106">fuel-efficient</token>
<token number="106" sentence="7" t_id="107">airliner</token>
<token number="107" sentence="7" t_id="108">will</token>
<token number="108" sentence="7" t_id="109">save</token>
<token number="109" sentence="7" t_id="110">US$</token>
<token number="110" sentence="7" t_id="111">300</token>
<token number="111" sentence="7" t_id="112">million</token>
<token number="112" sentence="7" t_id="113">in</token>
<token number="113" sentence="7" t_id="114">fuel</token>
<token number="114" sentence="7" t_id="115">a</token>
<token number="115" sentence="7" t_id="116">year</token>
<token number="116" sentence="7" t_id="117">,</token>
<token number="117" sentence="7" t_id="118">while</token>
<token number="118" sentence="7" t_id="119">Air</token>
<token number="119" sentence="7" t_id="120">Canada</token>
<token number="120" sentence="7" t_id="121">has</token>
<token number="121" sentence="7" t_id="122">estimated</token>
<token number="122" sentence="7" t_id="123">a</token>
<token number="123" sentence="7" t_id="124">30</token>
<token number="124" sentence="7" t_id="125">%</token>
<token number="125" sentence="7" t_id="126">fuel</token>
<token number="126" sentence="7" t_id="127">saving</token>
<token number="127" sentence="7" t_id="128">over</token>
<token number="128" sentence="7" t_id="129">their</token>
<token number="129" sentence="7" t_id="130">existing</token>
<token number="130" sentence="7" t_id="131">767s</token>
<token number="131" sentence="7" t_id="132">.</token>
<token number="132" sentence="8" t_id="133">Air</token>
<token number="133" sentence="8" t_id="134">India</token>
<token number="134" sentence="8" t_id="135">have</token>
<token number="135" sentence="8" t_id="136">also</token>
<token number="136" sentence="8" t_id="137">said</token>
<token number="137" sentence="8" t_id="138">that</token>
<token number="138" sentence="8" t_id="139">the</token>
<token number="139" sentence="8" t_id="140">20</token>
<token number="140" sentence="8" t_id="141">extra</token>
<token number="141" sentence="8" t_id="142">seats</token>
<token number="142" sentence="8" t_id="143">the</token>
<token number="143" sentence="8" t_id="144">787</token>
<token number="144" sentence="8" t_id="145">offers</token>
<token number="145" sentence="8" t_id="146">over</token>
<token number="146" sentence="8" t_id="147">a</token>
<token number="147" sentence="8" t_id="148">similarly-sized</token>
<token number="148" sentence="8" t_id="149">Airbus</token>
<token number="149" sentence="8" t_id="150">A330</token>
<token number="150" sentence="8" t_id="151">was</token>
<token number="151" sentence="8" t_id="152">a</token>
<token number="152" sentence="8" t_id="153">decisive</token>
<token number="153" sentence="8" t_id="154">factor</token>
<token number="154" sentence="8" t_id="155">.</token>
<token number="155" sentence="9" t_id="156">Korean</token>
<token number="156" sentence="9" t_id="157">Air</token>
<token number="157" sentence="9" t_id="158">also</token>
<token number="158" sentence="9" t_id="159">bought</token>
<token number="159" sentence="9" t_id="160">20</token>
<token number="160" sentence="9" t_id="161">Dreamliners</token>
<token number="161" sentence="9" t_id="162">earlier</token>
<token number="162" sentence="9" t_id="163">this</token>
<token number="163" sentence="9" t_id="164">month</token>
<token number="164" sentence="9" t_id="165">.</token>
<token number="165" sentence="10" t_id="166">Boeing</token>
<token number="166" sentence="10" t_id="167">now</token>
<token number="167" sentence="10" t_id="168">has</token>
<token number="168" sentence="10" t_id="169">a</token>
<token number="169" sentence="10" t_id="170">total</token>
<token number="170" sentence="10" t_id="171">of</token>
<token number="171" sentence="10" t_id="172">237</token>
<token number="172" sentence="10" t_id="173">orders</token>
<token number="173" sentence="10" t_id="174">and</token>
<token number="174" sentence="10" t_id="175">commitments</token>
<token number="175" sentence="10" t_id="176">for</token>
<token number="176" sentence="10" t_id="177">the</token>
<token number="177" sentence="10" t_id="178">787</token>
<token number="178" sentence="10" t_id="179">.</token>
<token number="179" sentence="11" t_id="180">The</token>
<token number="180" sentence="11" t_id="181">Boeing</token>
<token number="181" sentence="11" t_id="182">777</token>
<token number="182" sentence="11" t_id="183">is</token>
<token number="183" sentence="11" t_id="184">a</token>
<token number="184" sentence="11" t_id="185">family</token>
<token number="185" sentence="11" t_id="186">of</token>
<token number="186" sentence="11" t_id="187">long</token>
<token number="187" sentence="11" t_id="188">range</token>
<token number="188" sentence="11" t_id="189">widebody</token>
<token number="189" sentence="11" t_id="190">twin</token>
<token number="190" sentence="11" t_id="191">engine</token>
<token number="191" sentence="11" t_id="192">airliners</token>
<token number="192" sentence="11" t_id="193">built</token>
<token number="193" sentence="11" t_id="194">by</token>
<token number="194" sentence="11" t_id="195">Boeing</token>
<token number="195" sentence="11" t_id="196">Commercial</token>
<token number="196" sentence="11" t_id="197">Airplanes</token>
<token number="197" sentence="11" t_id="198">.</token>
<token number="198" sentence="12" t_id="199">It</token>
<token number="199" sentence="12" t_id="200">carries</token>
<token number="200" sentence="12" t_id="201">between</token>
<token number="201" sentence="12" t_id="202">305</token>
<token number="202" sentence="12" t_id="203">and</token>
<token number="203" sentence="12" t_id="204">550</token>
<token number="204" sentence="12" t_id="205">passengers</token>
<token number="205" sentence="12" t_id="206">and</token>
<token number="206" sentence="12" t_id="207">has</token>
<token number="207" sentence="12" t_id="208">a</token>
<token number="208" sentence="12" t_id="209">range</token>
<token number="209" sentence="12" t_id="210">from</token>
<token number="210" sentence="12" t_id="211">5,600</token>
<token number="211" sentence="12" t_id="212">to</token>
<token number="212" sentence="12" t_id="213">8,870</token>
<token number="213" sentence="12" t_id="214">nautical</token>
<token number="214" sentence="12" t_id="215">miles</token>
<token number="215" sentence="12" t_id="216">(</token>
<token number="216" sentence="12" t_id="217">10,400</token>
<token number="217" sentence="12" t_id="218">to</token>
<token number="218" sentence="12" t_id="219">16,400</token>
<token number="219" sentence="12" t_id="220">km</token>
<token number="220" sentence="12" t_id="221">)</token>
<token number="221" sentence="12" t_id="222">.</token>
<token number="222" sentence="13" t_id="223">The</token>
<token number="223" sentence="13" t_id="224">first</token>
<token number="224" sentence="13" t_id="225">flight</token>
<token number="225" sentence="13" t_id="226">of</token>
<token number="226" sentence="13" t_id="227">the</token>
<token number="227" sentence="13" t_id="228">777</token>
<token number="228" sentence="13" t_id="229">was</token>
<token number="229" sentence="13" t_id="230">in</token>
<token number="230" sentence="13" t_id="231">1994</token>
<token number="231" sentence="13" t_id="232">.</token>
<token number="232" sentence="14" t_id="233">The</token>
<token number="233" sentence="14" t_id="234">Boeing</token>
<token number="234" sentence="14" t_id="235">787</token>
<token number="235" sentence="14" t_id="236">,</token>
<token number="236" sentence="14" t_id="237">or</token>
<token number="237" sentence="14" t_id="238">Dreamliner</token>
<token number="238" sentence="14" t_id="239">,</token>
<token number="239" sentence="14" t_id="240">is</token>
<token number="240" sentence="14" t_id="241">a</token>
<token number="241" sentence="14" t_id="242">mid-sized</token>
<token number="242" sentence="14" t_id="243">passenger</token>
<token number="243" sentence="14" t_id="244">airliner</token>
<token number="244" sentence="14" t_id="245">currently</token>
<token number="245" sentence="14" t_id="246">under</token>
<token number="246" sentence="14" t_id="247">development</token>
<token number="247" sentence="14" t_id="248">by</token>
<token number="248" sentence="14" t_id="249">Boeing</token>
<token number="249" sentence="14" t_id="250">Commercial</token>
<token number="250" sentence="14" t_id="251">Airplanes</token>
<token number="251" sentence="14" t_id="252">and</token>
<token number="252" sentence="14" t_id="253">scheduled</token>
<token number="253" sentence="14" t_id="254">to</token>
<token number="254" sentence="14" t_id="255">enter</token>
<token number="255" sentence="14" t_id="256">service</token>
<token number="256" sentence="14" t_id="257">in</token>
<token number="257" sentence="14" t_id="258">2008</token>
<token number="258" sentence="14" t_id="259">.</token>
<token number="259" sentence="15" t_id="260">It</token>
<token number="260" sentence="15" t_id="261">will</token>
<token number="261" sentence="15" t_id="262">carry</token>
<token number="262" sentence="15" t_id="263">between</token>
<token number="263" sentence="15" t_id="264">200</token>
<token number="264" sentence="15" t_id="265">and</token>
<token number="265" sentence="15" t_id="266">350</token>
<token number="266" sentence="15" t_id="267">passengers</token>
<token number="267" sentence="15" t_id="268">depending</token>
<token number="268" sentence="15" t_id="269">on</token>
<token number="269" sentence="15" t_id="270">the</token>
<token number="270" sentence="15" t_id="271">seating</token>
<token number="271" sentence="15" t_id="272">configuration</token>
<token number="272" sentence="15" t_id="273">,</token>
<token number="273" sentence="15" t_id="274">and</token>
<token number="274" sentence="15" t_id="275">be</token>
<token number="275" sentence="15" t_id="276">more</token>
<token number="276" sentence="15" t_id="277">fuel-efficient</token>
<token number="277" sentence="15" t_id="278">than</token>
<token number="278" sentence="15" t_id="279">earlier</token>
<token number="279" sentence="15" t_id="280">airliners</token>
<token number="280" sentence="15" t_id="281">.</token>
<token number="281" sentence="16" t_id="282">In</token>
<token number="282" sentence="16" t_id="283">addition</token>
<token number="283" sentence="16" t_id="284">,</token>
<token number="284" sentence="16" t_id="285">it</token>
<token number="285" sentence="16" t_id="286">will</token>
<token number="286" sentence="16" t_id="287">be</token>
<token number="287" sentence="16" t_id="288">the</token>
<token number="288" sentence="16" t_id="289">first</token>
<token number="289" sentence="16" t_id="290">major</token>
<token number="290" sentence="16" t_id="291">airliner</token>
<token number="291" sentence="16" t_id="292">to</token>
<token number="292" sentence="16" t_id="293">use</token>
<token number="293" sentence="16" t_id="294">composite</token>
<token number="294" sentence="16" t_id="295">material</token>
<token number="295" sentence="16" t_id="296">in</token>
<token number="296" sentence="16" t_id="297">the</token>
<token number="297" sentence="16" t_id="298">majority</token>
<token number="298" sentence="16" t_id="299">of</token>
<token number="299" sentence="16" t_id="300">its</token>
<token number="300" sentence="16" t_id="301">construction</token>
<token number="301" sentence="16" t_id="302">.</token>
<Markables>
<ENTITY_MENTION comment="" head="" m_id="19" syntactic_type="NAM">
<token_anchor t_id="18"/>
<token_anchor t_id="19"/>
</ENTITY_MENTION>
<ENTITY_MENTION comment="" head="" m_id="1" syntactic_type="NAM">
<token_anchor t_id="20"/>
</ENTITY_MENTION>
<ENTITY_MENTION comment="" head="" m_id="2" syntactic_type="NAM">
<token_anchor t_id="13"/>
<token_anchor t_id="14"/>
<token_anchor t_id="15"/>
</ENTITY_MENTION>
<ENTITY_MENTION comment="" head="" m_id="3" syntactic_type="NAM">
<token_anchor t_id="30"/>
<token_anchor t_id="31"/>
</ENTITY_MENTION>
<ENTITY_MENTION comment="" head="" m_id="4" syntactic_type="">
<token_anchor t_id="38"/>
<token_anchor t_id="39"/>
</ENTITY_MENTION>
<ENTITY_MENTION comment="" head="" m_id="5" syntactic_type="NAM">
<token_anchor t_id="42"/>
<token_anchor t_id="43"/>
</ENTITY_MENTION>
<ENTITY_MENTION comment="" head="" m_id="6" syntactic_type="PRE.NAM">
<token_anchor t_id="56"/>
<token_anchor t_id="57"/>
</ENTITY_MENTION>
<ENTITY_MENTION comment="" head="" m_id="7" syntactic_type="NAM">
<token_anchor t_id="64"/>
</ENTITY_MENTION>
<ENTITY_MENTION comment="" head="" m_id="8" syntactic_type="NAM">
<token_anchor t_id="68"/>
<token_anchor t_id="69"/>
<token_anchor t_id="70"/>
<token_anchor t_id="71"/>
<token_anchor t_id="72"/>
<token_anchor t_id="73"/>
<token_anchor t_id="74"/>
</ENTITY_MENTION>
<ENTITY_MENTION comment="" head="" m_id="9" syntactic_type="NAM">
<token_anchor t_id="82"/>
</ENTITY_MENTION>
<ENTITY_MENTION comment="" head="" m_id="10" syntactic_type="PRE.NAM">
<token_anchor t_id="89"/>
<token_anchor t_id="90"/>
</ENTITY_MENTION>
<ENTITY_MENTION comment="" head="" m_id="11" syntactic_type="NAM">
<token_anchor t_id="86"/>
</ENTITY_MENTION>
<ENTITY_MENTION comment="" head="" m_id="12" syntactic_type="NAM">
<token_anchor t_id="99"/>
</ENTITY_MENTION>
<ENTITY_MENTION comment="" head="" m_id="13" syntactic_type="">
<token_anchor t_id="76"/>
</ENTITY_MENTION>
<ENTITY_MENTION comment="" head="" m_id="14" syntactic_type="">
<token_anchor t_id="63"/>
<token_anchor t_id="64"/>
<token_anchor t_id="65"/>
<token_anchor t_id="66"/>
<token_anchor t_id="67"/>
<token_anchor t_id="68"/>
<token_anchor t_id="69"/>
<token_anchor t_id="70"/>
<token_anchor t_id="71"/>
<token_anchor t_id="72"/>
<token_anchor t_id="73"/>
<token_anchor t_id="74"/>
</ENTITY_MENTION>
<ENTITY_MENTION comment="" head="" m_id="15" syntactic_type="">
<token_anchor t_id="80"/>
<token_anchor t_id="81"/>
<token_anchor t_id="82"/>
<token_anchor t_id="83"/>
<token_anchor t_id="84"/>
<token_anchor t_id="85"/>
<token_anchor t_id="86"/>
</ENTITY_MENTION>
<ENTITY_MENTION comment="" head="" m_id="74" syntactic_type="">
<token_anchor t_id="66"/>
<token_anchor t_id="67"/>
<token_anchor t_id="68"/>
<token_anchor t_id="69"/>
<token_anchor t_id="70"/>
<token_anchor t_id="71"/>
<token_anchor t_id="72"/>
<token_anchor t_id="73"/>
<token_anchor t_id="74"/>
</ENTITY_MENTION>
<ENTITY_MENTION comment="" head="" m_id="16" syntactic_type="">
<token_anchor t_id="98"/>
<token_anchor t_id="99"/>
</ENTITY_MENTION>
<ENTITY_MENTION comment="" head="" m_id="76" syntactic_type="">
<token_anchor t_id="80"/>
<token_anchor t_id="81"/>
<token_anchor t_id="82"/>
</ENTITY_MENTION>
<ENTITY_MENTION comment="" head="" m_id="17" syntactic_type="NAM">
<token_anchor t_id="1"/>
</ENTITY_MENTION>
<ENTITY_MENTION comment="" head="" m_id="77" syntactic_type="">
<token_anchor t_id="84"/>
<token_anchor t_id="85"/>
<token_anchor t_id="86"/>
</ENTITY_MENTION>
<ENTITY_MENTION comment="" head="" m_id="18" syntactic_type="">
<token_anchor t_id="27"/>
<token_anchor t_id="28"/>
</ENTITY_MENTION>
<EVENT_MENTION aspect="NONE" certainty="CERTAIN" comment="" m_id="20" modality="" polarity="POS" pos="NOUN" pred="deal" special_cases="NONE" tense="NONE" time="NON_FUTURE">
<token_anchor t_id="7"/>
</EVENT_MENTION>
<EVENT_MENTION aspect="NONE" certainty="CERTAIN" comment="" m_id="21" modality="" polarity="POS" pos="VERB" pred="be" special_cases="NONE" tense="PRESENT" time="NON_FUTURE">
<token_anchor t_id="77"/>
</EVENT_MENTION>
<EVENT_MENTION aspect="NONE" certainty="CERTAIN" comment="" m_id="22" modality="" polarity="POS" pos="VERB" pred="be" special_cases="NONE" tense="PRESENT" time="NON_FUTURE">
<token_anchor t_id="92"/>
</EVENT_MENTION>
<EVENT_MENTION aspect="NONE" certainty="CERTAIN" comment="" m_id="23" modality="" polarity="POS" pos="NOUN" pred="landing" special_cases="NONE" tense="NONE" time="NON_FUTURE">
<token_anchor t_id="16"/>
</EVENT_MENTION>
<EVENT_MENTION aspect="PERFECTIVE" certainty="CERTAIN" comment="" m_id="24" modality="" polarity="POS" pos="VERB" pred="secure" special_cases="NONE" tense="PRESENT" time="NON_FUTURE">
<token_anchor t_id="22"/>
</EVENT_MENTION>
<EVENT_MENTION aspect="NONE" certainty="CERTAIN" comment="" m_id="25" modality="" polarity="POS" pos="NOUN" pred="order" special_cases="NONE" tense="NONE" time="NON_FUTURE">
<token_anchor t_id="25"/>
</EVENT_MENTION>
<EVENT_MENTION aspect="PERFECTIVE" certainty="CERTAIN" comment="" m_id="26" modality="" polarity="POS" pos="VERB" pred="order" special_cases="NONE" tense="PRESENT" time="NON_FUTURE">
<token_anchor t_id="33"/>
</EVENT_MENTION>
<EVENT_MENTION aspect="PERFECTIVE" certainty="CERTAIN" comment="" m_id="27" modality="" polarity="POS" pos="VERB" pred="sign" special_cases="NONE" tense="PRESENT" time="NON_FUTURE">
<token_anchor t_id="45"/>
</EVENT_MENTION>
<EVENT_MENTION aspect="NONE" certainty="CERTAIN" comment="" m_id="28" modality="" polarity="POS" pos="NOUN" pred="deal" special_cases="NONE" tense="NONE" time="NON_FUTURE">
<token_anchor t_id="47"/>
</EVENT_MENTION>
<EVENT_MENTION aspect="NONE" certainty="CERTAIN" comment="" m_id="29" modality="" polarity="POS" pos="NOUN" pred="deal" special_cases="NONE" tense="NONE" time="NON_FUTURE">
<token_anchor t_id="58"/>
</EVENT_MENTION>
<EVENT_MENTION aspect="NONE" certainty="CERTAIN" comment="" m_id="30" modality="" polarity="POS" pos="VERB" pred="include" special_cases="NONE" tense="PRESENT" time="NON_FUTURE">
<token_anchor t_id="59"/>
</EVENT_MENTION>
<EVENT_MENTION aspect="NONE" certainty="CERTAIN" comment="" m_id="31" modality="" polarity="POS" pos="NOUN" pred="order" special_cases="NONE" tense="NONE" time="NON_FUTURE">
<token_anchor t_id="61"/>
</EVENT_MENTION>
<EVENT_MENTION aspect="NONE" certainty="CERTAIN" comment="" m_id="32" modality="" polarity="POS" pos="OTHER" pred="included" special_cases="NONE" tense="NONE" time="NON_FUTURE">
<token_anchor t_id="78"/>
</EVENT_MENTION>
<EVENT_MENTION aspect="NONE" certainty="CERTAIN" comment="" m_id="33" modality="" polarity="POS" pos="NOUN" pred="order" special_cases="NONE" tense="NONE" time="NON_FUTURE">
<token_anchor t_id="91"/>
</EVENT_MENTION>
<EVENT_MENTION aspect="NONE" certainty="CERTAIN" comment="" m_id="34" modality="" polarity="POS" pos="OTHER" pred="worth" special_cases="NONE" tense="NONE" time="NON_FUTURE">
<token_anchor t_id="93"/>
</EVENT_MENTION>
<EVENT_MENTION aspect="NONE" certainty="CERTAIN" comment="" m_id="35" modality="" polarity="POS" pos="VERB" pred="secure" special_cases="NONE" tense="PRESENT" time="NON_FUTURE">
<token_anchor t_id="2"/>
</EVENT_MENTION>
<SIGNAL comment="" m_id="36">
<token_anchor t_id="41"/>
</SIGNAL>
<TIMEX3 anchorTimeID="37" beginPoint="" comment="" endPoint="" functionInDocument="CREATION_TIME" m_id="37" type="DATE" value="2005-04-27">
<token_anchor t_id="8"/>
<token_anchor t_id="9"/>
<token_anchor t_id="10"/>
<token_anchor t_id="11"/>
</TIMEX3>
<VALUE comment="" m_id="38" type="QUANTITY">
<token_anchor t_id="23"/>
</VALUE>
<VALUE comment="" m_id="39" type="MONEY">
<token_anchor t_id="34"/>
<token_anchor t_id="35"/>
<token_anchor t_id="36"/>
</VALUE>
<VALUE comment="" m_id="40" type="MONEY">
<token_anchor t_id="51"/>
<token_anchor t_id="52"/>
<token_anchor t_id="53"/>
</VALUE>
<VALUE comment="" m_id="41" type="QUANTITY">
<token_anchor t_id="63"/>
</VALUE>
<VALUE comment="" m_id="42" type="QUANTITY">
<token_anchor t_id="66"/>
</VALUE>
<VALUE comment="" m_id="43" type="QUANTITY">
<token_anchor t_id="80"/>
</VALUE>
<VALUE comment="" m_id="44" type="QUANTITY">
<token_anchor t_id="84"/>
</VALUE>
<VALUE comment="" m_id="45" type="MONEY">
<token_anchor t_id="94"/>
<token_anchor t_id="95"/>
<token_anchor t_id="96"/>
</VALUE>
<VALUE comment="" m_id="46" type="QUANTITY">
<token_anchor t_id="98"/>
</VALUE>
<VALUE comment="" m_id="47" type="MONEY">
<token_anchor t_id="3"/>
<token_anchor t_id="4"/>
</VALUE>
<EVENT_MENTION m_id="75">
  <token_anchor t_id="240"/>
</EVENT_MENTION>
<EVENT_MENTION m_id="79">
  <token_anchor t_id="193"/>
</EVENT_MENTION>
<EVENT_MENTION m_id="80">
  <token_anchor t_id="287"/>
</EVENT_MENTION>
<EVENT_MENTION m_id="85">
  <token_anchor t_id="247"/>
</EVENT_MENTION>
<EVENT_MENTION m_id="87">
  <token_anchor t_id="200"/>
</EVENT_MENTION>
<EVENT_MENTION m_id="91">
  <token_anchor t_id="207"/>
</EVENT_MENTION>
<EVENT_MENTION m_id="92">
  <token_anchor t_id="168"/>
</EVENT_MENTION>
<EVENT_MENTION m_id="96">
  <token_anchor t_id="277"/>
</EVENT_MENTION>
<EVENT_MENTION m_id="102">
  <token_anchor t_id="262"/>
</EVENT_MENTION>
<EVENT_MENTION m_id="114">
  <token_anchor t_id="175"/>
</EVENT_MENTION>
<EVENT_MENTION m_id="115">
  <token_anchor t_id="109"/>
</EVENT_MENTION>
<EVENT_MENTION m_id="117">
  <token_anchor t_id="173"/>
</EVENT_MENTION>
<EVENT_MENTION m_id="123">
  <token_anchor t_id="145"/>
</EVENT_MENTION>
<EVENT_MENTION m_id="126">
  <token_anchor t_id="225"/>
</EVENT_MENTION>
<EVENT_MENTION m_id="130">
  <token_anchor t_id="183"/>
</EVENT_MENTION>
<EVENT_MENTION m_id="132">
  <token_anchor t_id="253"/>
</EVENT_MENTION>
<ENTITY_MENTION m_id="167">
  <token_anchor t_id="195"/>
</ENTITY_MENTION>
<ENTITY_MENTION m_id="78">
  <token_anchor t_id="285"/>
</ENTITY_MENTION>
<ENTITY_MENTION m_id="81">
  <token_anchor t_id="199"/>
</ENTITY_MENTION>
<ENTITY_MENTION m_id="84">
  <token_anchor t_id="249"/>
</ENTITY_MENTION>
<ENTITY_MENTION m_id="86">
  <token_anchor t_id="300"/>
</ENTITY_MENTION>
<ENTITY_MENTION m_id="90">
  <token_anchor t_id="166"/>
</ENTITY_MENTION>
<ENTITY_MENTION m_id="93">
  <token_anchor t_id="161"/>
</ENTITY_MENTION>
<ENTITY_MENTION m_id="94">
  <token_anchor t_id="180"/>
  <token_anchor t_id="181"/>
  <token_anchor t_id="182"/>
</ENTITY_MENTION>
<ENTITY_MENTION m_id="101">
  <token_anchor t_id="104"/>
  <token_anchor t_id="105"/>
  <token_anchor t_id="106"/>
  <token_anchor t_id="107"/>
</ENTITY_MENTION>
<ENTITY_MENTION m_id="103">
  <token_anchor t_id="260"/>
</ENTITY_MENTION>
<ENTITY_MENTION m_id="108">
  <token_anchor t_id="143"/>
  <token_anchor t_id="144"/>
</ENTITY_MENTION>
<ENTITY_MENTION m_id="109">
  <token_anchor t_id="15"/>
</ENTITY_MENTION>
<ENTITY_MENTION m_id="112">
  <token_anchor t_id="227"/>
  <token_anchor t_id="228"/>
</ENTITY_MENTION>
<ENTITY_MENTION m_id="121">
  <token_anchor t_id="177"/>
  <token_anchor t_id="178"/>
</ENTITY_MENTION>
<ENTITY_MENTION m_id="122">
  <token_anchor t_id="233"/>
  <token_anchor t_id="234"/>
  <token_anchor t_id="235"/>
  <token_anchor t_id="236"/>
  <token_anchor t_id="237"/>
  <token_anchor t_id="238"/>
</ENTITY_MENTION>
<ENTITY TAG_DESCRIPTOR="50 787s" comment="" ent_class="" ent_type="PRO" external_ref="" m_id="70"/>
<ENTITY TAG_DESCRIPTOR="14 new 787 dreamliners" comment="" ent_class="" ent_type="PRO" external_ref="" m_id="170"/>
<ENTITY TAG_DESCRIPTOR="46 more 787" comment="" ent_class="" ent_type="PRO" external_ref="" m_id="171"/>
<ENTITY TAG_DESCRIPTOR="18 777s and 14 787s" comment="" ent_class="" ent_type="PRO" external_ref="" m_id="68"/>
<ENTITY TAG_DESCRIPTOR="18 777s and 46 787s" comment="" ent_class="" ent_type="PRO" external_ref="" m_id="69"/>
<ENTITY TAG_DESCRIPTOR="18 more 777s" comment="" ent_class="" ent_type="PRO" external_ref="" m_id="172"/>
<EVENT TAG_DESCRIPTOR="is" class="GRAMMATICAL" comment="" external_ref="" m_id="73"/>
<EVENT TAG_DESCRIPTOR="included VUA" class="OTHER" instance_id="OTH39906590277023568" m_id="139"/>
<EVENT TAG_DESCRIPTOR="be VUA" class="OTHER" instance_id="OTH39909430672357979" m_id="138"/>
<EVENT TAG_DESCRIPTOR="carry VUA" class="OTHER" instance_id="OTH39909540580321801" m_id="137"/>
<EVENT TAG_DESCRIPTOR="fuel efficiency" class="OTHER" instance_id="OTH40105343779700492" m_id="136"/>
<EVENT TAG_DESCRIPTOR="worth" class="OTHER" comment="" external_ref="" m_id="57"/>
<EVENT TAG_DESCRIPTOR="have VUA" class="OTHER" instance_id="OTH39907989366590408" m_id="135"/>
<EVENT TAG_DESCRIPTOR="have VUA" class="OTHER" instance_id="OTH39909668176956350" m_id="134"/>
<EVENT TAG_DESCRIPTOR="8983-14-development " class="OTHER" instance_id="OTH41486767222958580" m_id="165"/>
<EVENT TAG_DESCRIPTOR="orders VUA" class="OTHER" instance_id="OTH39907115142743821" m_id="133"/>
<EVENT TAG_DESCRIPTOR="be VUA" class="OTHER" instance_id="OTH39909881915370780" m_id="163"/>
<EVENT TAG_DESCRIPTOR="commitment VUA" class="OTHER" instance_id="OTH40888597510554909" m_id="162"/>
<EVENT TAG_DESCRIPTOR="deal2 VUA" class="OTHER" instance_id="OTH39905582916217232" m_id="160"/>
<EVENT TAG_DESCRIPTOR="order VUA" class="OTHER" instance_id="OTH39906854517317554" m_id="159"/>
<EVENT TAG_DESCRIPTOR="includes VUA" class="OTHER" instance_id="OTH39906689377210941" m_id="158"/>
<EVENT TAG_DESCRIPTOR="ordered VUA" class="OTHER" instance_id="OTH39906959183304884" m_id="157"/>
<EVENT TAG_DESCRIPTOR="sign VUA" class="OTHER" instance_id="OTH39907495151433427" m_id="156"/>
<EVENT TAG_DESCRIPTOR="secure VUA" class="OTHER" instance_id="OTH39907394939134075" m_id="155"/>
<EVENT TAG_DESCRIPTOR="save VUA" class="OTHER" instance_id="OTH39907674031091701" m_id="153"/>
<EVENT TAG_DESCRIPTOR="landing VUA" class="OTHER" instance_id="OTH39906761859928246" m_id="152"/>
<EVENT TAG_DESCRIPTOR="are" class="GRAMMATICAL" comment="" external_ref="" m_id="71"/>
<EVENT TAG_DESCRIPTOR="flight VUA" class="OTHER" instance_id="OTH39909780677225132" m_id="149"/>
<EVENT TAG_DESCRIPTOR="be2 VUA" class="OTHER" instance_id="OTH39910273383111989" m_id="148"/>
<EVENT TAG_DESCRIPTOR="carry2 VUA" class="OTHER" instance_id="OTH39910139293336401" m_id="147"/>
<EVENT TAG_DESCRIPTOR="deal VUA" class="OTHER" instance_id="OTH39905444115998914" m_id="146"/>
<EVENT TAG_DESCRIPTOR="offer VUA" class="OTHER" instance_id="OTH39907804410043461" m_id="144"/>
<EVENT TAG_DESCRIPTOR="built VUA" class="OTHER" instance_id="OTH39909305919839605" m_id="143"/>
<EVENT TAG_DESCRIPTOR="orders VUA" class="OTHER" instance_id="OTH39908080265766512" m_id="141"/>
<EVENT TAG_DESCRIPTOR="schedule VUA" class="OTHER" instance_id="OTH39910021085715950" m_id="140"/>
<ENTITY TAG_DESCRIPTOR="Air Canada" ent_type="ORG" external_ref="http://dbpedia.org/page/Air_Canada" instance_id="ORG27982380989913573" m_id="166"/>
<ENTITY TAG_DESCRIPTOR="New aircraft" ent_type="PRO" instance_id="PRO39490040631884820" m_id="164"/>
<ENTITY TAG_DESCRIPTOR="Air India" ent_type="ORG" external_ref="http://dbpedia.org/page/Air_India" instance_id="ORG27982217241958735" m_id="161"/>
<ENTITY TAG_DESCRIPTOR="787 Dreamliner" ent_type="PRO" external_ref="http://dbpedia.org/page/Boeing_787_Dreamliner" instance_id="PRO37154719263852456" m_id="154"/>
<ENTITY TAG_DESCRIPTOR="option (finance)" ent_type="FIN" instance_id="FIN39490094871843196" m_id="151"/>
<ENTITY TAG_DESCRIPTOR="Boeing" ent_type="ORG" external_ref="http://dbpedia.org/page/Boeing" instance_id="ORG37154719725500990" m_id="150"/>
<ENTITY TAG_DESCRIPTOR="London Heathrow Airport" ent_type="LOC" external_ref="http://dbpedia.org/page/London_Heathrow_Airport" instance_id="LOC27982530746170229" m_id="145"/>
<ENTITY TAG_DESCRIPTOR="Boeing 777" ent_type="PRO" external_ref="http://dbpedia.org/page/Boeing_777" instance_id="PRO37154720946869865" m_id="142"/>
</Markables>
<Relations>
<HAS_PARTICIPANT comment="" frame="" frame_element="" r_id="244823" sem_role="Arg1" sem_role_framework="PROPBANK">
<source m_id="23"/>
<target m_id="2"/>
</HAS_PARTICIPANT>
<HAS_PARTICIPANT comment="" frame="" frame_element="" r_id="244824" sem_role="Argm-LOC" sem_role_framework="PROPBANK">
<source m_id="23"/>
<target m_id="19"/>
</HAS_PARTICIPANT>
<HAS_PARTICIPANT comment="" frame="" frame_element="" r_id="244825" sem_role="Arg0" sem_role_framework="PROPBANK">
<source m_id="24"/>
<target m_id="1"/>
</HAS_PARTICIPANT>
<HAS_PARTICIPANT comment="" frame="" frame_element="" r_id="244826" sem_role="Arg1" sem_role_framework="PROPBANK">
<source m_id="25"/>
<target m_id="18"/>
</HAS_PARTICIPANT>
<HAS_PARTICIPANT comment="" frame="" frame_element="" r_id="244827" sem_role="Arg2" sem_role_framework="PROPBANK">
<source m_id="25"/>
<target m_id="1"/>
</HAS_PARTICIPANT>
<HAS_PARTICIPANT comment="" frame="" frame_element="" r_id="244828" sem_role="Arg0" sem_role_framework="PROPBANK">
<source m_id="26"/>
<target m_id="3"/>
</HAS_PARTICIPANT>
<HAS_PARTICIPANT comment="" frame="" frame_element="" r_id="244829" sem_role="Arg1" sem_role_framework="PROPBANK">
<source m_id="26"/>
<target m_id="4"/>
</HAS_PARTICIPANT>
<HAS_PARTICIPANT comment="" frame="" frame_element="" r_id="244830" sem_role="Arg0" sem_role_framework="PROPBANK">
<source m_id="27"/>
<target m_id="5"/>
</HAS_PARTICIPANT>
<HAS_PARTICIPANT comment="" frame="" frame_element="" r_id="244831" sem_role="Arg3" sem_role_framework="PROPBANK">
<source m_id="28"/>
<target m_id="40"/>
</HAS_PARTICIPANT>
<HAS_PARTICIPANT comment="" frame="" frame_element="" r_id="244832" sem_role="Arg1" sem_role_framework="PROPBANK">
<source m_id="29"/>
<target m_id="6"/>
</HAS_PARTICIPANT>
<HAS_PARTICIPANT comment="" frame="" frame_element="" r_id="244833" sem_role="Arg1" sem_role_framework="PROPBANK">
<source m_id="31"/>
<target m_id="14"/>
</HAS_PARTICIPANT>
<HAS_PARTICIPANT comment="" frame="" frame_element="" r_id="244834" sem_role="Arg0" sem_role_framework="PROPBANK">
<source m_id="31"/>
<target m_id="6"/>
</HAS_PARTICIPANT>
<HAS_PARTICIPANT comment="" frame="" frame_element="" r_id="244835" sem_role="Arg1" sem_role_framework="PROPBANK">
<source m_id="32"/>
<target m_id="13"/>
</HAS_PARTICIPANT>
<HAS_PARTICIPANT comment="" frame="" frame_element="" r_id="244836" sem_role="Arg0" sem_role_framework="PROPBANK">
<source m_id="33"/>
<target m_id="10"/>
</HAS_PARTICIPANT>
<HAS_PARTICIPANT comment="" frame="" frame_element="" r_id="244837" sem_role="Arg2" sem_role_framework="PROPBANK">
<source m_id="34"/>
<target m_id="45"/>
</HAS_PARTICIPANT>
<TLINK comment="" r_id="244838" reltype="BEFORE" signalID="">
<source m_id="24"/>
<target m_id="25"/>
</TLINK>
<TLINK comment="" r_id="244839" reltype="SIMULTANEOUS" signalID="36">
<source m_id="26"/>
<target m_id="27"/>
</TLINK>
<TLINK comment="" r_id="244840" reltype="SIMULTANEOUS" signalID="">
<source m_id="27"/>
<target m_id="28"/>
</TLINK>
<TLINK comment="" r_id="244841" reltype="INCLUDES" signalID="">
<source m_id="29"/>
<target m_id="31"/>
</TLINK>
<TLINK comment="" r_id="244842" reltype="INCLUDES" signalID="">
<source m_id="37"/>
<target m_id="32"/>
</TLINK>
<TLINK comment="" r_id="244843" reltype="INCLUDES" signalID="">
<source m_id="37"/>
<target m_id="30"/>
</TLINK>
<TLINK comment="" r_id="244844" reltype="SIMULTANEOUS" signalID="">
<source m_id="33"/>
<target m_id="34"/>
</TLINK>
<HAS_PARTICIPANT comment="" frame="" frame_element="" r_id="244848" sem_role="Arg0" sem_role_framework="PROPBANK">
<source m_id="35"/>
<target m_id="17"/>
</HAS_PARTICIPANT>
<HAS_PARTICIPANT comment="" frame="" frame_element="" r_id="244849" sem_role="Arg0" sem_role_framework="PROPBANK">
<source m_id="20"/>
<target m_id="17"/>
</HAS_PARTICIPANT>
<GLINK r_id="244851">
<source m_id="21"/>
<target m_id="32"/>
</GLINK>
<GLINK r_id="244852">
<source m_id="22"/>
<target m_id="34"/>
</GLINK>
<TLINK comment="" r_id="244853" reltype="SIMULTANEOUS" signalID="">
<source m_id="23"/>
<target m_id="24"/>
</TLINK>










































<REFERS_TO r_id="319385">
<source m_id="13"/>
<target m_id="151"/>
</REFERS_TO>
<REFERS_TO r_id="319386">
<source m_id="167"/>
<source m_id="84"/>
<source m_id="90"/>
<source m_id="17"/>
<source m_id="1"/>
<target m_id="150"/>
</REFERS_TO>
<REFERS_TO r_id="319387">
<source m_id="115"/>
<target m_id="153"/>
</REFERS_TO>
<REFERS_TO r_id="319388">
<source m_id="23"/>
<target m_id="152"/>
</REFERS_TO>
<REFERS_TO r_id="319389">
<source m_id="24"/>
<source m_id="35"/>
<target m_id="155"/>
</REFERS_TO>
<REFERS_TO r_id="319390">
<source m_id="78"/>
<source m_id="11"/>
<source m_id="86"/>
<source m_id="93"/>
<source m_id="101"/>
<source m_id="103"/>
<source m_id="108"/>
<source m_id="12"/>
<source m_id="121"/>
<source m_id="122"/>
<source m_id="8"/>
<target m_id="154"/>
</REFERS_TO>
<REFERS_TO r_id="319391">
<source m_id="26"/>
<target m_id="157"/>
</REFERS_TO>
<REFERS_TO r_id="319392">
<source m_id="27"/>
<target m_id="156"/>
</REFERS_TO>
<REFERS_TO r_id="319393">
<source m_id="33"/>
<target m_id="159"/>
</REFERS_TO>
<REFERS_TO r_id="319394">
<source m_id="30"/>
<target m_id="158"/>
</REFERS_TO>
<REFERS_TO r_id="319395">
<source m_id="25"/>
<source m_id="20"/>
<source m_id="31"/>
<target m_id="133"/>
</REFERS_TO>
<REFERS_TO r_id="319396">
<source m_id="87"/>
<target m_id="137"/>
</REFERS_TO>
<REFERS_TO r_id="319397">
<source m_id="96"/>
<target m_id="136"/>
</REFERS_TO>
<REFERS_TO r_id="319398">
<source m_id="92"/>
<target m_id="135"/>
</REFERS_TO>
<REFERS_TO r_id="319399">
<source m_id="91"/>
<target m_id="134"/>
</REFERS_TO>
<REFERS_TO r_id="319400">
<source m_id="14"/>
<target m_id="68"/>
</REFERS_TO>
<REFERS_TO r_id="319401">
<source m_id="15"/>
<target m_id="69"/>
</REFERS_TO>
<REFERS_TO r_id="319402">
<source m_id="32"/>
<target m_id="139"/>
</REFERS_TO>
<REFERS_TO r_id="319403">
<source m_id="130"/>
<target m_id="138"/>
</REFERS_TO>
<REFERS_TO r_id="319404">
<source m_id="76"/>
<target m_id="172"/>
</REFERS_TO>
<REFERS_TO r_id="319405">
<source m_id="77"/>
<target m_id="171"/>
</REFERS_TO>
<REFERS_TO r_id="319406">
<source m_id="74"/>
<target m_id="170"/>
</REFERS_TO>
<REFERS_TO r_id="319407">
<source m_id="29"/>
<target m_id="146"/>
</REFERS_TO>
<REFERS_TO r_id="319408">
<source m_id="102"/>
<target m_id="147"/>
</REFERS_TO>
<REFERS_TO r_id="319409">
<source m_id="123"/>
<target m_id="144"/>
</REFERS_TO>
<REFERS_TO r_id="319410">
<source m_id="19"/>
<target m_id="145"/>
</REFERS_TO>
<REFERS_TO r_id="319411">
<source m_id="81"/>
<source m_id="9"/>
<source m_id="94"/>
<source m_id="109"/>
<source m_id="112"/>
<source m_id="7"/>
<target m_id="142"/>
</REFERS_TO>
<REFERS_TO r_id="319412">
<source m_id="79"/>
<target m_id="143"/>
</REFERS_TO>
<REFERS_TO r_id="319413">
<source m_id="132"/>
<target m_id="140"/>
</REFERS_TO>
<REFERS_TO r_id="319414">
<source m_id="117"/>
<target m_id="141"/>
</REFERS_TO>
<REFERS_TO r_id="319415">
<source m_id="80"/>
<target m_id="148"/>
</REFERS_TO>
<REFERS_TO r_id="319416">
<source m_id="126"/>
<target m_id="149"/>
</REFERS_TO>
<REFERS_TO r_id="319417">
<source m_id="22"/>
<target m_id="73"/>
</REFERS_TO>
<REFERS_TO r_id="319418">
<source m_id="21"/>
<target m_id="71"/>
</REFERS_TO>
<REFERS_TO r_id="319419">
<source m_id="16"/>
<target m_id="70"/>
</REFERS_TO>
<REFERS_TO r_id="319420">
<source m_id="18"/>
<source m_id="4"/>
<target m_id="164"/>
</REFERS_TO>
<REFERS_TO r_id="319421">
<source m_id="85"/>
<target m_id="165"/>
</REFERS_TO>
<REFERS_TO r_id="319422">
<source m_id="6"/>
<source m_id="3"/>
<target m_id="166"/>
</REFERS_TO>
<REFERS_TO r_id="319423">
<source m_id="28"/>
<target m_id="160"/>
</REFERS_TO>
<REFERS_TO r_id="319424">
<source m_id="10"/>
<source m_id="5"/>
<target m_id="161"/>
</REFERS_TO>
<REFERS_TO r_id="319425">
<source m_id="114"/>
<target m_id="162"/>
</REFERS_TO>
<REFERS_TO r_id="319426">
<source m_id="75"/>
<target m_id="163"/>
</REFERS_TO>
<REFERS_TO r_id="319427">
<source m_id="34"/>
<target m_id="57"/>
</REFERS_TO>
</Relations>
</Document>