<?xml version="1.0" ?><Document doc_id="113227" doc_name="113227_Russian_stock_markets_suspended_amid_market_turmoil" lang="en" url="http://en.wikinews.org/wiki/Russian_stock_markets_suspended_amid_market_turmoil">
<token number="0" sentence="0" t_id="1">Russian</token>
<token number="1" sentence="0" t_id="2">stock</token>
<token number="2" sentence="0" t_id="3">markets</token>
<token number="3" sentence="0" t_id="4">suspended</token>
<token number="4" sentence="0" t_id="5">amid</token>
<token number="5" sentence="0" t_id="6">market</token>
<token number="6" sentence="0" t_id="7">turmoil</token>
<token number="7" sentence="1" t_id="8">September</token>
<token number="8" sentence="1" t_id="9">17</token>
<token number="9" sentence="1" t_id="10">,</token>
<token number="10" sentence="1" t_id="11">2008</token>
<token number="11" sentence="2" t_id="12">Trading</token>
<token number="12" sentence="2" t_id="13">on</token>
<token number="13" sentence="2" t_id="14">Russia</token>
<token number="14" sentence="2" t_id="15">'s</token>
<token number="15" sentence="2" t_id="16">major</token>
<token number="16" sentence="2" t_id="17">stock</token>
<token number="17" sentence="2" t_id="18">markets</token>
<token number="18" sentence="2" t_id="19">has</token>
<token number="19" sentence="2" t_id="20">been</token>
<token number="20" sentence="2" t_id="21">suspended</token>
<token number="21" sentence="2" t_id="22">for</token>
<token number="22" sentence="2" t_id="23">a</token>
<token number="23" sentence="2" t_id="24">second</token>
<token number="24" sentence="2" t_id="25">consecutive</token>
<token number="25" sentence="2" t_id="26">day</token>
<token number="26" sentence="2" t_id="27">due</token>
<token number="27" sentence="2" t_id="28">to</token>
<token number="28" sentence="2" t_id="29">the</token>
<token number="29" sentence="2" t_id="30">ongoing</token>
<token number="30" sentence="2" t_id="31">turmoil</token>
<token number="31" sentence="2" t_id="32">in</token>
<token number="32" sentence="2" t_id="33">the</token>
<token number="33" sentence="2" t_id="34">financial</token>
<token number="34" sentence="2" t_id="35">markets</token>
<token number="35" sentence="2" t_id="36">around</token>
<token number="36" sentence="2" t_id="37">the</token>
<token number="37" sentence="2" t_id="38">world</token>
<token number="38" sentence="2" t_id="39">.</token>
<token number="39" sentence="3" t_id="40">The</token>
<token number="40" sentence="3" t_id="41">suspension</token>
<token number="41" sentence="3" t_id="42">took</token>
<token number="42" sentence="3" t_id="43">place</token>
<token number="43" sentence="3" t_id="44">due</token>
<token number="44" sentence="3" t_id="45">to</token>
<token number="45" sentence="3" t_id="46">an</token>
<token number="46" sentence="3" t_id="47">order</token>
<token number="47" sentence="3" t_id="48">of</token>
<token number="48" sentence="3" t_id="49">the</token>
<token number="49" sentence="3" t_id="50">Russian</token>
<token number="50" sentence="3" t_id="51">government</token>
<token number="51" sentence="3" t_id="52">'s</token>
<token number="52" sentence="3" t_id="53">Federal</token>
<token number="53" sentence="3" t_id="54">Service</token>
<token number="54" sentence="3" t_id="55">for</token>
<token number="55" sentence="3" t_id="56">the</token>
<token number="56" sentence="3" t_id="57">Financial</token>
<token number="57" sentence="3" t_id="58">Markets</token>
<token number="58" sentence="3" t_id="59">,</token>
<token number="59" sentence="3" t_id="60">which</token>
<token number="60" sentence="3" t_id="61">demanded</token>
<token number="61" sentence="3" t_id="62">the</token>
<token number="62" sentence="3" t_id="63">suspension</token>
<token number="63" sentence="3" t_id="64">.</token>
<token number="64" sentence="4" t_id="65">``</token>
<token number="65" sentence="4" t_id="66">It</token>
<token number="66" sentence="4" t_id="67">took</token>
<token number="67" sentence="4" t_id="68">too</token>
<token number="68" sentence="4" t_id="69">long</token>
<token number="69" sentence="4" t_id="70">for</token>
<token number="70" sentence="4" t_id="71">the</token>
<token number="71" sentence="4" t_id="72">money</token>
<token number="72" sentence="4" t_id="73">to</token>
<token number="73" sentence="4" t_id="74">get</token>
<token number="74" sentence="4" t_id="75">into</token>
<token number="75" sentence="4" t_id="76">the</token>
<token number="76" sentence="4" t_id="77">system</token>
<token number="77" sentence="4" t_id="78">,</token>
<token number="78" sentence="4" t_id="79">''</token>
<token number="79" sentence="4" t_id="80">said</token>
<token number="80" sentence="4" t_id="81">Uralsib</token>
<token number="81" sentence="4" t_id="82">analyst</token>
<token number="82" sentence="4" t_id="83">Chris</token>
<token number="83" sentence="4" t_id="84">Weafer</token>
<token number="84" sentence="4" t_id="85">commenting</token>
<token number="85" sentence="4" t_id="86">on</token>
<token number="86" sentence="4" t_id="87">this</token>
<token number="87" sentence="4" t_id="88">decision</token>
<token number="88" sentence="4" t_id="89">.</token>
<token number="89" sentence="5" t_id="90">``</token>
<token number="90" sentence="5" t_id="91">They</token>
<token number="91" sentence="5" t_id="92">were</token>
<token number="92" sentence="5" t_id="93">afraid</token>
<token number="93" sentence="5" t_id="94">of</token>
<token number="94" sentence="5" t_id="95">panic</token>
<token number="95" sentence="5" t_id="96">selling</token>
<token number="96" sentence="5" t_id="97">so</token>
<token number="97" sentence="5" t_id="98">they</token>
<token number="98" sentence="5" t_id="99">stopped</token>
<token number="99" sentence="5" t_id="100">the</token>
<token number="100" sentence="5" t_id="101">market</token>
<token number="101" sentence="5" t_id="102">.</token>
<token number="102" sentence="5" t_id="103">''</token>
<token number="103" sentence="6" t_id="104">Before</token>
<token number="104" sentence="6" t_id="105">the</token>
<token number="105" sentence="6" t_id="106">suspension</token>
<token number="106" sentence="6" t_id="107">,</token>
<token number="107" sentence="6" t_id="108">the</token>
<token number="108" sentence="6" t_id="109">RTS</token>
<token number="109" sentence="6" t_id="110">exchange</token>
<token number="110" sentence="6" t_id="111">fell</token>
<token number="111" sentence="6" t_id="112">by</token>
<token number="112" sentence="6" t_id="113">6.39</token>
<token number="113" sentence="6" t_id="114">percent</token>
<token number="114" sentence="6" t_id="115">in</token>
<token number="115" sentence="6" t_id="116">just</token>
<token number="116" sentence="6" t_id="117">two</token>
<token number="117" sentence="6" t_id="118">hours</token>
<token number="118" sentence="6" t_id="119">,</token>
<token number="119" sentence="6" t_id="120">while</token>
<token number="120" sentence="6" t_id="121">the</token>
<token number="121" sentence="6" t_id="122">MICEX</token>
<token number="122" sentence="6" t_id="123">index</token>
<token number="123" sentence="6" t_id="124">started</token>
<token number="124" sentence="6" t_id="125">the</token>
<token number="125" sentence="6" t_id="126">day</token>
<token number="126" sentence="6" t_id="127">with</token>
<token number="127" sentence="6" t_id="128">an</token>
<token number="128" sentence="6" t_id="129">increase</token>
<token number="129" sentence="6" t_id="130">,</token>
<token number="130" sentence="6" t_id="131">before</token>
<token number="131" sentence="6" t_id="132">falling</token>
<token number="132" sentence="6" t_id="133">again</token>
<token number="133" sentence="6" t_id="134">.</token>
<token number="134" sentence="7" t_id="135">This</token>
<token number="135" sentence="7" t_id="136">day</token>
<token number="136" sentence="7" t_id="137">was</token>
<token number="137" sentence="7" t_id="138">the</token>
<token number="138" sentence="7" t_id="139">worst</token>
<token number="139" sentence="7" t_id="140">day</token>
<token number="140" sentence="7" t_id="141">in</token>
<token number="141" sentence="7" t_id="142">Russia</token>
<token number="142" sentence="7" t_id="143">'s</token>
<token number="143" sentence="7" t_id="144">market</token>
<token number="144" sentence="7" t_id="145">since</token>
<token number="145" sentence="7" t_id="146">the</token>
<token number="146" sentence="7" t_id="147">country</token>
<token number="147" sentence="7" t_id="148">'s</token>
<token number="148" sentence="7" t_id="149">1998</token>
<token number="149" sentence="7" t_id="150">financial</token>
<token number="150" sentence="7" t_id="151">crisis</token>
<token number="151" sentence="7" t_id="152">Several</token>
<token number="152" sentence="7" t_id="153">financial</token>
<token number="153" sentence="7" t_id="154">markets</token>
<token number="154" sentence="7" t_id="155">have</token>
<token number="155" sentence="7" t_id="156">continued</token>
<token number="156" sentence="7" t_id="157">to</token>
<token number="157" sentence="7" t_id="158">lose</token>
<token number="158" sentence="7" t_id="159">value</token>
<token number="159" sentence="7" t_id="160">.</token>
<token number="160" sentence="8" t_id="161">The</token>
<token number="161" sentence="8" t_id="162">primary</token>
<token number="162" sentence="8" t_id="163">British</token>
<token number="163" sentence="8" t_id="164">index</token>
<token number="164" sentence="8" t_id="165">,</token>
<token number="165" sentence="8" t_id="166">the</token>
<token number="166" sentence="8" t_id="167">FTSE</token>
<token number="167" sentence="8" t_id="168">100</token>
<token number="168" sentence="8" t_id="169">,</token>
<token number="169" sentence="8" t_id="170">dropped</token>
<token number="170" sentence="8" t_id="171">in</token>
<token number="171" sentence="8" t_id="172">value</token>
<token number="172" sentence="8" t_id="173">by</token>
<token number="173" sentence="8" t_id="174">2.36</token>
<token number="174" sentence="8" t_id="175">%</token>
<token number="175" sentence="8" t_id="176">,</token>
<token number="176" sentence="8" t_id="177">which</token>
<token number="177" sentence="8" t_id="178">is</token>
<token number="178" sentence="8" t_id="179">118.40</token>
<token number="179" sentence="8" t_id="180">points</token>
<token number="180" sentence="8" t_id="181">,</token>
<token number="181" sentence="8" t_id="182">to</token>
<token number="182" sentence="8" t_id="183">below</token>
<token number="183" sentence="8" t_id="184">the</token>
<token number="184" sentence="8" t_id="185">5000</token>
<token number="185" sentence="8" t_id="186">mark</token>
<token number="186" sentence="8" t_id="187">at</token>
<token number="187" sentence="8" t_id="188">4907.20</token>
<token number="188" sentence="8" t_id="189">.</token>
<token number="189" sentence="9" t_id="190">The</token>
<token number="190" sentence="9" t_id="191">Dow</token>
<token number="191" sentence="9" t_id="192">Jones</token>
<token number="192" sentence="9" t_id="193">,</token>
<token number="193" sentence="9" t_id="194">was</token>
<token number="194" sentence="9" t_id="195">down</token>
<token number="195" sentence="9" t_id="196">2.62</token>
<token number="196" sentence="9" t_id="197">%</token>
<token number="197" sentence="9" t_id="198">at</token>
<token number="198" sentence="9" t_id="199">16:08</token>
<token number="199" sentence="9" t_id="200">UTC</token>
<token number="200" sentence="9" t_id="201">,</token>
<token number="201" sentence="9" t_id="202">a</token>
<token number="202" sentence="9" t_id="203">slight</token>
<token number="203" sentence="9" t_id="204">increase</token>
<token number="204" sentence="9" t_id="205">from</token>
<token number="205" sentence="9" t_id="206">earlier</token>
<token number="206" sentence="9" t_id="207">today</token>
<token number="207" sentence="9" t_id="208">.</token>
<token number="208" sentence="10" t_id="209">The</token>
<token number="209" sentence="10" t_id="210">Dow</token>
<token number="210" sentence="10" t_id="211">Jones</token>
<token number="211" sentence="10" t_id="212">currently</token>
<token number="212" sentence="10" t_id="213">has</token>
<token number="213" sentence="10" t_id="214">a</token>
<token number="214" sentence="10" t_id="215">value</token>
<token number="215" sentence="10" t_id="216">of</token>
<token number="216" sentence="10" t_id="217">10769.00</token>
<token number="217" sentence="10" t_id="218">points</token>
<token number="218" sentence="10" t_id="219">.</token>
<token number="219" sentence="11" t_id="220">The</token>
<token number="220" sentence="11" t_id="221">NASDAQ</token>
<token number="221" sentence="11" t_id="222">index</token>
<token number="222" sentence="11" t_id="223">has</token>
<token number="223" sentence="11" t_id="224">fallen</token>
<token number="224" sentence="11" t_id="225">by</token>
<token number="225" sentence="11" t_id="226">-3.16</token>
<token number="226" sentence="11" t_id="227">%</token>
<token number="227" sentence="11" t_id="228">to</token>
<token number="228" sentence="11" t_id="229">2138.14</token>
<token number="229" sentence="11" t_id="230">,</token>
<token number="230" sentence="11" t_id="231">while</token>
<token number="231" sentence="11" t_id="232">the</token>
<token number="232" sentence="11" t_id="233">Dax</token>
<token number="233" sentence="11" t_id="234">was</token>
<token number="234" sentence="11" t_id="235">1.75</token>
<token number="235" sentence="11" t_id="236">%</token>
<token number="236" sentence="11" t_id="237">lower</token>
<token number="237" sentence="11" t_id="238">than</token>
<token number="238" sentence="11" t_id="239">the</token>
<token number="239" sentence="11" t_id="240">start</token>
<token number="240" sentence="11" t_id="241">of</token>
<token number="241" sentence="11" t_id="242">the</token>
<token number="242" sentence="11" t_id="243">day</token>
<token number="243" sentence="11" t_id="244">at</token>
<token number="244" sentence="11" t_id="245">16:08</token>
<token number="245" sentence="11" t_id="246">UTC</token>
<token number="246" sentence="11" t_id="247">.</token>
<token number="247" sentence="12" t_id="248">The</token>
<token number="248" sentence="12" t_id="249">Russian</token>
<token number="249" sentence="12" t_id="250">Government</token>
<token number="250" sentence="12" t_id="251">has</token>
<token number="251" sentence="12" t_id="252">also</token>
<token number="252" sentence="12" t_id="253">announced</token>
<token number="253" sentence="12" t_id="254">the</token>
<token number="254" sentence="12" t_id="255">injection</token>
<token number="255" sentence="12" t_id="256">of</token>
<token number="256" sentence="12" t_id="257">44</token>
<token number="257" sentence="12" t_id="258">billion</token>
<token number="258" sentence="12" t_id="259">dollars</token>
<token number="259" sentence="12" t_id="260">into</token>
<token number="260" sentence="12" t_id="261">the</token>
<token number="261" sentence="12" t_id="262">Russian</token>
<token number="262" sentence="12" t_id="263">economy</token>
<token number="263" sentence="12" t_id="264">.</token>
<token number="264" sentence="13" t_id="265">The</token>
<token number="265" sentence="13" t_id="266">cash</token>
<token number="266" sentence="13" t_id="267">injection</token>
<token number="267" sentence="13" t_id="268">will</token>
<token number="268" sentence="13" t_id="269">take</token>
<token number="269" sentence="13" t_id="270">place</token>
<token number="270" sentence="13" t_id="271">through</token>
<token number="271" sentence="13" t_id="272">VTB</token>
<token number="272" sentence="13" t_id="273">,</token>
<token number="273" sentence="13" t_id="274">Sberbank</token>
<token number="274" sentence="13" t_id="275">and</token>
<token number="275" sentence="13" t_id="276">Gazprom</token>
<token number="276" sentence="13" t_id="277">Bank</token>
<token number="277" sentence="13" t_id="278">,</token>
<token number="278" sentence="13" t_id="279">which</token>
<token number="279" sentence="13" t_id="280">are</token>
<token number="280" sentence="13" t_id="281">all</token>
<token number="281" sentence="13" t_id="282">state</token>
<token number="282" sentence="13" t_id="283">run</token>
<token number="283" sentence="13" t_id="284">banks</token>
<token number="284" sentence="13" t_id="285">.</token>
<Markables>
<C-SIGNAL comment="" m_id="7">
<token_anchor t_id="27"/>
<token_anchor t_id="28"/>
</C-SIGNAL>
<C-SIGNAL comment="" m_id="14">
<token_anchor t_id="44"/>
<token_anchor t_id="45"/>
</C-SIGNAL>
<ENTITY_MENTION comment="" head="money" m_id="21" syntactic_type="NOM">
<token_anchor t_id="71"/>
<token_anchor t_id="72"/>
</ENTITY_MENTION>
<ENTITY_MENTION comment="" head="system" m_id="23" syntactic_type="NOM">
<token_anchor t_id="76"/>
<token_anchor t_id="77"/>
</ENTITY_MENTION>
<ENTITY_MENTION comment="" head="Chris Weafer" m_id="25" syntactic_type="NAM">
<token_anchor t_id="81"/>
<token_anchor t_id="82"/>
<token_anchor t_id="83"/>
<token_anchor t_id="84"/>
</ENTITY_MENTION>
<ENTITY_MENTION comment="" head="" m_id="26" syntactic_type="">
<token_anchor t_id="83"/>
<token_anchor t_id="84"/>
</ENTITY_MENTION>
<ENTITY_MENTION comment="" head="Uralsib" m_id="27" syntactic_type="PRE.NAM">
<token_anchor t_id="81"/>
</ENTITY_MENTION>
<ENTITY_MENTION comment="" head="analyst" m_id="28" syntactic_type="PRE.NOM">
<token_anchor t_id="81"/>
<token_anchor t_id="82"/>
</ENTITY_MENTION>
<ENTITY_MENTION comment="" head="they" m_id="31" syntactic_type="PRO">
<token_anchor t_id="91"/>
</ENTITY_MENTION>
<ENTITY_MENTION comment="" head="stock markets" m_id="3" syntactic_type="NOM">
<token_anchor t_id="14"/>
<token_anchor t_id="15"/>
<token_anchor t_id="16"/>
<token_anchor t_id="17"/>
<token_anchor t_id="18"/>
</ENTITY_MENTION>
<ENTITY_MENTION comment="" head="they" m_id="35" syntactic_type="PRO">
<token_anchor t_id="98"/>
</ENTITY_MENTION>
<ENTITY_MENTION comment="" head="Russia" m_id="4" syntactic_type="PRE.NAM">
<token_anchor t_id="14"/>
</ENTITY_MENTION>
<ENTITY_MENTION comment="" head="market" m_id="37" syntactic_type="NOM">
<token_anchor t_id="100"/>
<token_anchor t_id="101"/>
</ENTITY_MENTION>
<ENTITY_MENTION comment="" head="stock markets" m_id="67" syntactic_type="NOM">
<token_anchor t_id="1"/>
<token_anchor t_id="2"/>
<token_anchor t_id="3"/>
</ENTITY_MENTION>
<ENTITY_MENTION comment="" head="russian" m_id="68" syntactic_type="NOM">
<token_anchor t_id="1"/>
</ENTITY_MENTION>
<ENTITY_MENTION comment="" head="markets" m_id="10" syntactic_type="NOM">
<token_anchor t_id="33"/>
<token_anchor t_id="34"/>
<token_anchor t_id="35"/>
<token_anchor t_id="36"/>
<token_anchor t_id="37"/>
<token_anchor t_id="38"/>
</ENTITY_MENTION>
<ENTITY_MENTION comment="" head="market" m_id="71" syntactic_type="NOM">
<token_anchor t_id="6"/>
</ENTITY_MENTION>
<ENTITY_MENTION comment="" head="world" m_id="11" syntactic_type="NOM">
<token_anchor t_id="37"/>
<token_anchor t_id="38"/>
</ENTITY_MENTION>
<ENTITY_MENTION comment="" head="government" m_id="72" syntactic_type="PRE.NOM">
<token_anchor t_id="49"/>
<token_anchor t_id="50"/>
<token_anchor t_id="51"/>
</ENTITY_MENTION>
<ENTITY_MENTION comment="" head="Federal Service for the Financial Markets" m_id="16" syntactic_type="NOM">
<token_anchor t_id="49"/>
<token_anchor t_id="50"/>
<token_anchor t_id="51"/>
<token_anchor t_id="52"/>
<token_anchor t_id="53"/>
<token_anchor t_id="54"/>
<token_anchor t_id="55"/>
<token_anchor t_id="56"/>
<token_anchor t_id="57"/>
<token_anchor t_id="58"/>
<token_anchor t_id="59"/>
<token_anchor t_id="60"/>
<token_anchor t_id="61"/>
<token_anchor t_id="62"/>
<token_anchor t_id="63"/>
</ENTITY_MENTION>
<ENTITY_MENTION comment="" head="which" m_id="17" syntactic_type="PRO">
<token_anchor t_id="60"/>
</ENTITY_MENTION>
<EVENT_MENTION aspect="NONE" certainty="CERTAIN" comment="" m_id="19" modality="" polarity="POS" pos="NOUN" pred="suspension" special_cases="NONE" tense="NONE" time="FUTURE">
<token_anchor t_id="63"/>
</EVENT_MENTION>
<EVENT_MENTION aspect="NONE" certainty="CERTAIN" comment="" m_id="20" modality="" polarity="POS" pos="VERB" pred="take" special_cases="NONE" tense="PAST" time="NON_FUTURE">
<token_anchor t_id="67"/>
</EVENT_MENTION>
<EVENT_MENTION aspect="NONE" certainty="CERTAIN" comment="" m_id="22" modality="" polarity="POS" pos="VERB" pred="get" special_cases="NONE" tense="INFINITIVE" time="FUTURE">
<token_anchor t_id="74"/>
</EVENT_MENTION>
<EVENT_MENTION aspect="NONE" certainty="CERTAIN" comment="" m_id="24" modality="" polarity="POS" pos="VERB" pred="say" special_cases="NONE" tense="PAST" time="NON_FUTURE">
<token_anchor t_id="80"/>
</EVENT_MENTION>
<EVENT_MENTION aspect="NONE" certainty="CERTAIN" comment="" m_id="29" modality="" polarity="POS" pos="VERB" pred="comment" special_cases="NONE" tense="PRESPART" time="FUTURE">
<token_anchor t_id="85"/>
</EVENT_MENTION>
<EVENT_MENTION aspect="NONE" certainty="CERTAIN" comment="" m_id="30" modality="" polarity="POS" pos="NOUN" pred="decision" special_cases="NONE" tense="NONE" time="NON_FUTURE">
<token_anchor t_id="88"/>
</EVENT_MENTION>
<EVENT_MENTION aspect="NONE" certainty="CERTAIN" comment="" m_id="32" modality="" polarity="POS" pos="OTHER" pred="afraid" special_cases="NONE" tense="NONE" time="NON_FUTURE">
<token_anchor t_id="93"/>
</EVENT_MENTION>
<EVENT_MENTION aspect="NONE" certainty="CERTAIN" comment="" m_id="33" modality="" polarity="POS" pos="VERB" pred="be" special_cases="NONE" tense="PAST" time="NON_FUTURE">
<token_anchor t_id="92"/>
</EVENT_MENTION>
<EVENT_MENTION aspect="NONE" certainty="CERTAIN" comment="" m_id="2" modality="" polarity="POS" pos="NOUN" pred="trading" special_cases="NONE" tense="NONE" time="NON_FUTURE">
<token_anchor t_id="12"/>
</EVENT_MENTION>
<EVENT_MENTION aspect="NONE" certainty="POSSIBLE" comment="" m_id="34" modality="" polarity="POS" pos="NOUN" pred="selling" special_cases="NONE" tense="NONE" time="FUTURE">
<token_anchor t_id="96"/>
</EVENT_MENTION>
<EVENT_MENTION aspect="NONE" certainty="CERTAIN" comment="" m_id="36" modality="" polarity="POS" pos="VERB" pred="stop" special_cases="NONE" tense="PAST" time="NON_FUTURE">
<token_anchor t_id="99"/>
</EVENT_MENTION>
<EVENT_MENTION aspect="PERFECTIVE" certainty="CERTAIN" comment="" m_id="5" modality="" polarity="POS" pos="VERB" pred="suspend" special_cases="NONE" tense="PRESENT" time="NON_FUTURE">
<token_anchor t_id="21"/>
</EVENT_MENTION>
<EVENT_MENTION aspect="NONE" certainty="CERTAIN" comment="" m_id="8" modality="" polarity="POS" pos="OTHER" pred="ongoing" special_cases="NONE" tense="NONE" time="NON_FUTURE">
<token_anchor t_id="30"/>
</EVENT_MENTION>
<EVENT_MENTION aspect="NONE" certainty="CERTAIN" comment="" m_id="69" modality="" polarity="POS" pos="VERB" pred="suspend" special_cases="NONE" tense="PAST" time="NON_FUTURE">
<token_anchor t_id="4"/>
</EVENT_MENTION>
<EVENT_MENTION aspect="NONE" certainty="CERTAIN" comment="" m_id="9" modality="" polarity="POS" pos="NOUN" pred="turmoil" special_cases="NONE" tense="NONE" time="NON_FUTURE">
<token_anchor t_id="31"/>
</EVENT_MENTION>
<EVENT_MENTION aspect="" certainty="CERTAIN" comment="" m_id="70" modality="" polarity="POS" pos="NOUN" pred="turmoil" special_cases="NONE" tense="" time="NON_FUTURE">
<token_anchor t_id="7"/>
</EVENT_MENTION>
<EVENT_MENTION aspect="NONE" certainty="CERTAIN" comment="" m_id="12" modality="" polarity="POS" pos="NOUN" pred="suspension" special_cases="NONE" tense="NONE" time="NON_FUTURE">
<token_anchor t_id="41"/>
</EVENT_MENTION>
<EVENT_MENTION aspect="NONE" certainty="CERTAIN" comment="" m_id="13" modality="" polarity="POS" pos="VERB" pred="take place" special_cases="NONE" tense="NONE" time="NON_FUTURE">
<token_anchor t_id="42"/>
<token_anchor t_id="43"/>
</EVENT_MENTION>
<EVENT_MENTION aspect="NONE" certainty="CERTAIN" comment="" m_id="15" modality="" polarity="POS" pos="NOUN" pred="order" special_cases="NONE" tense="NONE" time="NON_FUTURE">
<token_anchor t_id="47"/>
</EVENT_MENTION>
<EVENT_MENTION aspect="NONE" certainty="CERTAIN" comment="" m_id="18" modality="" polarity="POS" pos="VERB" pred="deman" special_cases="NONE" tense="NONE" time="NON_FUTURE">
<token_anchor t_id="61"/>
</EVENT_MENTION>
<SIGNAL comment="" m_id="64">
<token_anchor t_id="22"/>
</SIGNAL>
<TIMEX3 anchorTimeID="" beginPoint="" comment="" endPoint="" functionInDocument="CREATION_TIME" m_id="1" type="DATE" value="2008-09-17">
<token_anchor t_id="8"/>
<token_anchor t_id="9"/>
<token_anchor t_id="10"/>
<token_anchor t_id="11"/>
</TIMEX3>
<TIMEX3 anchorTimeID="" beginPoint="66" comment="" endPoint="1" functionInDocument="NONE" m_id="6" type="DATE" value="2008-09-17">
<token_anchor t_id="23"/>
<token_anchor t_id="24"/>
<token_anchor t_id="25"/>
<token_anchor t_id="26"/>
</TIMEX3>
<TIMEX3 TAG_DESCRIPTOR="2008-09-16" anchorTimeID="" beginPoint="" comment="" endPoint="" functionInDocument="NONE" m_id="66" type="DATE" value="2008-09-16"/>
<EVENT_MENTION m_id="118">
  <token_anchor t_id="213"/>
</EVENT_MENTION>
<EVENT_MENTION m_id="73">
  <token_anchor t_id="194"/>
</EVENT_MENTION>
<EVENT_MENTION m_id="79">
  <token_anchor t_id="170"/>
</EVENT_MENTION>
<EVENT_MENTION m_id="88">
  <token_anchor t_id="204"/>
</EVENT_MENTION>
<EVENT_MENTION m_id="91">
  <token_anchor t_id="224"/>
</EVENT_MENTION>
<ENTITY_MENTION m_id="78">
  <token_anchor t_id="49"/>
  <token_anchor t_id="50"/>
  <token_anchor t_id="51"/>
  <token_anchor t_id="52"/>
  <token_anchor t_id="53"/>
  <token_anchor t_id="54"/>
  <token_anchor t_id="55"/>
  <token_anchor t_id="56"/>
  <token_anchor t_id="57"/>
  <token_anchor t_id="58"/>
</ENTITY_MENTION>
<ENTITY_MENTION m_id="81">
  <token_anchor t_id="220"/>
  <token_anchor t_id="221"/>
  <token_anchor t_id="222"/>
</ENTITY_MENTION>
<ENTITY_MENTION m_id="84">
  <token_anchor t_id="161"/>
  <token_anchor t_id="162"/>
  <token_anchor t_id="163"/>
  <token_anchor t_id="164"/>
</ENTITY_MENTION>
<ENTITY_MENTION m_id="86">
  <token_anchor t_id="166"/>
  <token_anchor t_id="167"/>
  <token_anchor t_id="168"/>
</ENTITY_MENTION>
<ENTITY_MENTION m_id="89">
  <token_anchor t_id="209"/>
  <token_anchor t_id="210"/>
  <token_anchor t_id="211"/>
</ENTITY_MENTION>
<ENTITY_MENTION m_id="90">
  <token_anchor t_id="161"/>
  <token_anchor t_id="162"/>
  <token_anchor t_id="163"/>
  <token_anchor t_id="164"/>
  <token_anchor t_id="165"/>
  <token_anchor t_id="166"/>
  <token_anchor t_id="167"/>
  <token_anchor t_id="168"/>
</ENTITY_MENTION>
<ENTITY_MENTION m_id="96">
  <token_anchor t_id="190"/>
  <token_anchor t_id="191"/>
  <token_anchor t_id="192"/>
</ENTITY_MENTION>
<EVENT TAG_DESCRIPTOR="drop 17 september 2008 ftse" class="OTHER" instance_id="OTH40450698783472352" m_id="109"/><EVENT TAG_DESCRIPTOR="has 17 september 2008 dow" class="OTHER" instance_id="OTH40792079731723284" m_id="108"/>
<EVENT TAG_DESCRIPTOR="decision" class="SPEECH_COGNITIVE" comment="" external_ref="" m_id="59"/><EVENT TAG_DESCRIPTOR="comment" class="SPEECH_COGNITIVE" comment="" external_ref="" m_id="58"/>
<EVENT TAG_DESCRIPTOR="was 17 september 2008 dow" class="OTHER" instance_id="OTH40790967944118929" m_id="103"/><EVENT TAG_DESCRIPTOR="fall 17 sept 2008 nasdaq" class="OTHER" instance_id="OTH40430224197253940" m_id="101"/>
<EVENT TAG_DESCRIPTOR="say" class="SPEECH_COGNITIVE" comment="" external_ref="" m_id="54"/><EVENT TAG_DESCRIPTOR="get" class="GRAMMATICAL" comment="" external_ref="" m_id="52"/>
<EVENT TAG_DESCRIPTOR="take" class="GRAMMATICAL" comment="" external_ref="" m_id="50"/><EVENT TAG_DESCRIPTOR="suspension" class="OTHER" comment="" external_ref="" m_id="49"/>
<EVENT TAG_DESCRIPTOR="demand" class="SPEECH_COGNITIVE" comment="" external_ref="" m_id="48"/><EVENT TAG_DESCRIPTOR="order" class="SPEECH_COGNITIVE" comment="" external_ref="" m_id="46"/>
<EVENT TAG_DESCRIPTOR="take place" class="GRAMMATICAL" comment="" external_ref="" m_id="44"/><EVENT TAG_DESCRIPTOR="ongoing" class="GRAMMATICAL" comment="" external_ref="" m_id="41"/>
<EVENT TAG_DESCRIPTOR="turmoil" class="OTHER" comment="" external_ref="" m_id="40"/><EVENT TAG_DESCRIPTOR="trading" class="OTHER" comment="" external_ref="" m_id="38"/>
<EVENT TAG_DESCRIPTOR="increase 17 september 2008 dow" class="OTHER" instance_id="OTH40794264711471679" m_id="110"/><EVENT TAG_DESCRIPTOR="stop" class="GRAMMATICAL" comment="" external_ref="" m_id="63"/>
<EVENT TAG_DESCRIPTOR="selling" class="OTHER" comment="" external_ref="" m_id="62"/><EVENT TAG_DESCRIPTOR="afraid" class="SPEECH_COGNITIVE" comment="" external_ref="" m_id="61"/>
<EVENT TAG_DESCRIPTOR="be" class="GRAMMATICAL" comment="" external_ref="" m_id="60"/><ENTITY TAG_DESCRIPTOR="Russian government's Federal Service" ent_type="ORG" instance_id="ORG44061513211425458" m_id="107"/>
<ENTITY TAG_DESCRIPTOR="Chris Weafer" ent_type="PER" instance_id="PER44061193159864674" m_id="106"/><ENTITY TAG_DESCRIPTOR="financial markets around the world" ent_type="FIN" instance_id="FIN44168897806601481" m_id="105"/>
<ENTITY TAG_DESCRIPTOR="Earth" ent_type="LOC" external_ref="http://dbpedia.org/resource/Earth" instance_id="LOC27738550854291187" m_id="104"/><ENTITY TAG_DESCRIPTOR="FTSE 100 index" ent_type="FIN" external_ref="http://dbpedia.org/resource/FTSE_100_Index" instance_id="FIN39676646219701103" m_id="102"/>
<ENTITY TAG_DESCRIPTOR="Russian financial system" ent_type="FIN" instance_id="FIN44169257552181928" m_id="117"/><ENTITY TAG_DESCRIPTOR="Uralsib" ent_type="ORG" external_ref="http://dbpedia.org/resource/Uralsib" instance_id="ORG44061063194202943" m_id="116"/>
<ENTITY TAG_DESCRIPTOR="Russia" ent_type="LOC" external_ref="http://dbpedia.org/resource/Russia" instance_id="LOC27733949478998230" m_id="115"/><ENTITY TAG_DESCRIPTOR="Dow Jones Industrial Average" ent_type="FIN" external_ref="http://dbpedia.org/resource/Dow_Jones_Industrial_Average" instance_id="FIN39323676120351079" m_id="114"/>
<ENTITY TAG_DESCRIPTOR="money" ent_type="FIN" external_ref="http://dbpedia.org/resource/Money" instance_id="FIN44168215648930637" m_id="113"/><ENTITY TAG_DESCRIPTOR="NASDAQ Index (NASDAQ composite)" ent_type="FIN" external_ref="http://dbpedia.org/page/Nasdaq_Composite" instance_id="FIN39324663297288769" m_id="112"/>
<ENTITY TAG_DESCRIPTOR="Russian stock markets" ent_type="FIN" instance_id="FIN44061602416744416" m_id="111"/></Markables>
<Relations>
<GLINK r_id="114127">
<source m_id="8"/>
<target m_id="9"/>
</GLINK>
<CLINK r_id="114128">
<source m_id="9"/>
<target m_id="5"/>
</CLINK>
<GLINK r_id="114133">
<source m_id="13"/>
<target m_id="12"/>
</GLINK>
<CLINK r_id="114135">
<source m_id="15"/>
<target m_id="12"/>
</CLINK>
<SLINK r_id="114145">
<source m_id="24"/>
<target m_id="20"/>
</SLINK>
<GLINK r_id="114153">
<source m_id="33"/>
<target m_id="32"/>
</GLINK>
<SLINK r_id="114156">
<source m_id="32"/>
<target m_id="34"/>
</SLINK>
<TLINK comment="" r_id="114157" reltype="BEGINS" signalID="">
<source m_id="1"/>
<target m_id="5"/>
</TLINK>
<TLINK comment="" r_id="114158" reltype="INCLUDES" signalID="">
<source m_id="1"/>
<target m_id="13"/>
</TLINK>
<TLINK comment="" r_id="114159" reltype="INCLUDES" signalID="">
<source m_id="1"/>
<target m_id="18"/>
</TLINK>
<TLINK comment="" r_id="114160" reltype="INCLUDES" signalID="">
<source m_id="1"/>
<target m_id="24"/>
</TLINK>
<TLINK comment="" r_id="114161" reltype="INCLUDES" signalID="">
<source m_id="1"/>
<target m_id="36"/>
</TLINK>
<TLINK comment="" r_id="114162" reltype="BEGINS" signalID="">
<source m_id="1"/>
<target m_id="33"/>
</TLINK>
<CLINK r_id="114164">
<source m_id="36"/>
<target m_id="32"/>
</CLINK>
<TLINK comment="" r_id="114165" reltype="AFTER" signalID="">
<source m_id="5"/>
<target m_id="18"/>
</TLINK>
<TLINK comment="" r_id="114166" reltype="BEFORE" signalID="">
<source m_id="18"/>
<target m_id="24"/>
</TLINK>
<TLINK comment="" r_id="114167" reltype="AFTER" signalID="">
<source m_id="24"/>
<target m_id="36"/>
</TLINK>
<TLINK comment="" r_id="114168" reltype="BEFORE" signalID="64">
<source m_id="5"/>
<target m_id="6"/>
</TLINK>
<SLINK r_id="114169">
<source m_id="18"/>
<target m_id="19"/>
</SLINK>
<SLINK r_id="114170">
<source m_id="29"/>
<target m_id="30"/>
</SLINK>
<HAS_PARTICIPANT comment="" r_id="114171" sem_role="Argm-OTHER" sem_role_framework="PROPBANK">
<source m_id="2"/>
<target m_id="3"/>
</HAS_PARTICIPANT>
<HAS_PARTICIPANT comment="" r_id="114172" sem_role="Arg1" sem_role_framework="PROPBANK">
<source m_id="9"/>
<target m_id="10"/>
</HAS_PARTICIPANT>
<HAS_PARTICIPANT comment="" r_id="114173" sem_role="Arg0" sem_role_framework="PROPBANK">
<source m_id="15"/>
<target m_id="16"/>
</HAS_PARTICIPANT>
<HAS_PARTICIPANT comment="" r_id="114174" sem_role="Arg2" sem_role_framework="PROPBANK">
<source m_id="20"/>
<target m_id="21"/>
</HAS_PARTICIPANT>
<HAS_PARTICIPANT comment="" r_id="114175" sem_role="Arg2" sem_role_framework="PROPBANK">
<source m_id="22"/>
<target m_id="23"/>
</HAS_PARTICIPANT>
<HAS_PARTICIPANT comment="" r_id="114176" sem_role="Arg0" sem_role_framework="PROPBANK">
<source m_id="24"/>
<target m_id="25"/>
</HAS_PARTICIPANT>
<HAS_PARTICIPANT comment="" r_id="114177" sem_role="Arg0" sem_role_framework="PROPBANK">
<source m_id="33"/>
<target m_id="31"/>
</HAS_PARTICIPANT>
<HAS_PARTICIPANT comment="" r_id="114178" sem_role="Arg0" sem_role_framework="PROPBANK">
<source m_id="36"/>
<target m_id="35"/>
</HAS_PARTICIPANT>
<HAS_PARTICIPANT comment="" r_id="114179" sem_role="Arg1" sem_role_framework="PROPBANK">
<source m_id="36"/>
<target m_id="37"/>
</HAS_PARTICIPANT>
<HAS_PARTICIPANT comment="" r_id="163015" sem_role="Arg1" sem_role_framework="PROPBANK">
<source m_id="5"/>
<target m_id="3"/>
</HAS_PARTICIPANT>
<HAS_PARTICIPANT comment="" r_id="163016" sem_role="Arg1" sem_role_framework="PROPBANK">
<source m_id="69"/>
<target m_id="67"/>
</HAS_PARTICIPANT>
<HAS_PARTICIPANT comment="" r_id="163017" sem_role="Arg1" sem_role_framework="PROPBANK">
<source m_id="70"/>
<target m_id="71"/>
</HAS_PARTICIPANT>
































<REFERS_TO r_id="163035">
<source m_id="33"/>
<target m_id="60"/>
</REFERS_TO>
<REFERS_TO r_id="163036">
<source m_id="32"/>
<target m_id="61"/>
</REFERS_TO>
<REFERS_TO r_id="163037">
<source m_id="34"/>
<target m_id="62"/>
</REFERS_TO>
<REFERS_TO r_id="163038">
<source m_id="36"/>
<target m_id="63"/>
</REFERS_TO>
<REFERS_TO r_id="163039">
<source m_id="3"/>
<source m_id="67"/>
<source m_id="37"/>
<target m_id="111"/>
</REFERS_TO>
<REFERS_TO r_id="163040">
<source m_id="88"/>
<target m_id="110"/>
</REFERS_TO>
<REFERS_TO r_id="163041">
<source m_id="21"/>
<target m_id="113"/>
</REFERS_TO>
<REFERS_TO r_id="163042">
<source m_id="81"/>
<target m_id="112"/>
</REFERS_TO>
<REFERS_TO r_id="163043">
<source m_id="18"/>
<target m_id="48"/>
</REFERS_TO>
<REFERS_TO r_id="163044">
<source m_id="5"/>
<source m_id="12"/>
<source m_id="19"/>
<source m_id="69"/>
<target m_id="49"/>
</REFERS_TO>
<REFERS_TO r_id="163045">
<source m_id="15"/>
<target m_id="46"/>
</REFERS_TO>
<REFERS_TO r_id="163046">
<source m_id="13"/>
<target m_id="44"/>
</REFERS_TO>
<REFERS_TO r_id="163047">
<source m_id="9"/>
<source m_id="70"/>
<target m_id="40"/>
</REFERS_TO>
<REFERS_TO r_id="163048">
<source m_id="8"/>
<target m_id="41"/>
</REFERS_TO>
<REFERS_TO r_id="163049">
<source m_id="118"/>
<target m_id="108"/>
</REFERS_TO>
<REFERS_TO r_id="163050">
<source m_id="79"/>
<target m_id="109"/>
</REFERS_TO>
<REFERS_TO r_id="163051">
<source m_id="84"/>
<source m_id="86"/>
<source m_id="90"/>
<target m_id="102"/>
</REFERS_TO>
<REFERS_TO r_id="163052">
<source m_id="73"/>
<target m_id="103"/>
</REFERS_TO>
<REFERS_TO r_id="163053">
<source m_id="91"/>
<target m_id="101"/>
</REFERS_TO>
<REFERS_TO r_id="163054">
<source m_id="28"/>
<source m_id="25"/>
<source m_id="26"/>
<target m_id="106"/>
</REFERS_TO>
<REFERS_TO r_id="163055">
<source m_id="78"/>
<source m_id="17"/>
<source m_id="35"/>
<source m_id="31"/>
<target m_id="107"/>
</REFERS_TO>
<REFERS_TO r_id="163056">
<source m_id="11"/>
<target m_id="104"/>
</REFERS_TO>
<REFERS_TO r_id="163057">
<source m_id="10"/>
<source m_id="71"/>
<target m_id="105"/>
</REFERS_TO>
<REFERS_TO r_id="163058">
<source m_id="4"/>
<source m_id="68"/>
<target m_id="115"/>
</REFERS_TO>
<REFERS_TO r_id="163059">
<source m_id="2"/>
<target m_id="38"/>
</REFERS_TO>
<REFERS_TO r_id="163060">
<source m_id="30"/>
<target m_id="59"/>
</REFERS_TO>
<REFERS_TO r_id="163061">
<source m_id="29"/>
<target m_id="58"/>
</REFERS_TO>
<REFERS_TO r_id="163062">
<source m_id="89"/>
<source m_id="96"/>
<target m_id="114"/>
</REFERS_TO>
<REFERS_TO r_id="163063">
<source m_id="24"/>
<target m_id="54"/>
</REFERS_TO>
<REFERS_TO r_id="163064">
<source m_id="20"/>
<target m_id="50"/>
</REFERS_TO>
<REFERS_TO r_id="163065">
<source m_id="23"/>
<target m_id="117"/>
</REFERS_TO>
<REFERS_TO r_id="163066">
<source m_id="22"/>
<target m_id="52"/>
</REFERS_TO>
<REFERS_TO r_id="163067">
<source m_id="27"/>
<target m_id="116"/>
</REFERS_TO>
</Relations>
</Document>