<?xml version="1.0" ?><Document doc_id="113267" doc_name="113267_Russian_markets_to_remain_closed_until_Friday" lang="en" url="http://en.wikinews.org/wiki/Russian_markets_to_remain_closed_until_Friday">
<token number="0" sentence="0" t_id="1">Russian</token>
<token number="1" sentence="0" t_id="2">markets</token>
<token number="2" sentence="0" t_id="3">to</token>
<token number="3" sentence="0" t_id="4">remain</token>
<token number="4" sentence="0" t_id="5">closed</token>
<token number="5" sentence="0" t_id="6">until</token>
<token number="6" sentence="0" t_id="7">Friday</token>
<token number="7" sentence="1" t_id="8">September</token>
<token number="8" sentence="1" t_id="9">18</token>
<token number="9" sentence="1" t_id="10">,</token>
<token number="10" sentence="1" t_id="11">2008</token>
<token number="11" sentence="2" t_id="12">The</token>
<token number="12" sentence="2" t_id="13">Russian</token>
<token number="13" sentence="2" t_id="14">government</token>
<token number="14" sentence="2" t_id="15">has</token>
<token number="15" sentence="2" t_id="16">continued</token>
<token number="16" sentence="2" t_id="17">to</token>
<token number="17" sentence="2" t_id="18">hold</token>
<token number="18" sentence="2" t_id="19">all</token>
<token number="19" sentence="2" t_id="20">stock</token>
<token number="20" sentence="2" t_id="21">markets</token>
<token number="21" sentence="2" t_id="22">closed</token>
<token number="22" sentence="2" t_id="23">until</token>
<token number="23" sentence="2" t_id="24">Friday</token>
<token number="24" sentence="2" t_id="25">,</token>
<token number="25" sentence="2" t_id="26">including</token>
<token number="26" sentence="2" t_id="27">the</token>
<token number="27" sentence="2" t_id="28">MICEX</token>
<token number="28" sentence="2" t_id="29">and</token>
<token number="29" sentence="2" t_id="30">RTS</token>
<token number="30" sentence="2" t_id="31">exchanges</token>
<token number="31" sentence="2" t_id="32">.</token>
<token number="32" sentence="3" t_id="33">Facing</token>
<token number="33" sentence="3" t_id="34">its</token>
<token number="34" sentence="3" t_id="35">worst</token>
<token number="35" sentence="3" t_id="36">financial</token>
<token number="36" sentence="3" t_id="37">crisis</token>
<token number="37" sentence="3" t_id="38">since</token>
<token number="38" sentence="3" t_id="39">1989</token>
<token number="39" sentence="3" t_id="40">,</token>
<token number="40" sentence="3" t_id="41">the</token>
<token number="41" sentence="3" t_id="42">government</token>
<token number="42" sentence="3" t_id="43">is</token>
<token number="43" sentence="3" t_id="44">fighting</token>
<token number="44" sentence="3" t_id="45">to</token>
<token number="45" sentence="3" t_id="46">stem</token>
<token number="46" sentence="3" t_id="47">off</token>
<token number="47" sentence="3" t_id="48">a</token>
<token number="48" sentence="3" t_id="49">crash</token>
<token number="49" sentence="3" t_id="50">and</token>
<token number="50" sentence="3" t_id="51">restore</token>
<token number="51" sentence="3" t_id="52">consumer</token>
<token number="52" sentence="3" t_id="53">confidence</token>
<token number="53" sentence="3" t_id="54">.</token>
<token number="54" sentence="4" t_id="55">President</token>
<token number="55" sentence="4" t_id="56">Dmitry</token>
<token number="56" sentence="4" t_id="57">Medvedev</token>
<token number="57" sentence="4" t_id="58">went</token>
<token number="58" sentence="4" t_id="59">on</token>
<token number="59" sentence="4" t_id="60">national</token>
<token number="60" sentence="4" t_id="61">television</token>
<token number="61" sentence="4" t_id="62">to</token>
<token number="62" sentence="4" t_id="63">appease</token>
<token number="63" sentence="4" t_id="64">the</token>
<token number="64" sentence="4" t_id="65">public</token>
<token number="65" sentence="4" t_id="66">.</token>
<token number="66" sentence="5" t_id="67">``</token>
<token number="67" sentence="5" t_id="68">There</token>
<token number="68" sentence="5" t_id="69">is</token>
<token number="69" sentence="5" t_id="70">no</token>
<token number="70" sentence="5" t_id="71">more</token>
<token number="71" sentence="5" t_id="72">important</token>
<token number="72" sentence="5" t_id="73">task</token>
<token number="73" sentence="5" t_id="74">for</token>
<token number="74" sentence="5" t_id="75">Russian</token>
<token number="75" sentence="5" t_id="76">authorities</token>
<token number="76" sentence="5" t_id="77">than</token>
<token number="77" sentence="5" t_id="78">stability</token>
<token number="78" sentence="5" t_id="79">of</token>
<token number="79" sentence="5" t_id="80">our</token>
<token number="80" sentence="5" t_id="81">financial</token>
<token number="81" sentence="5" t_id="82">system</token>
<token number="82" sentence="5" t_id="83">under</token>
<token number="83" sentence="5" t_id="84">the</token>
<token number="84" sentence="5" t_id="85">current</token>
<token number="85" sentence="5" t_id="86">circumstances</token>
<token number="86" sentence="5" t_id="87">.</token>
<token number="87" sentence="6" t_id="88">This</token>
<token number="88" sentence="6" t_id="89">is</token>
<token number="89" sentence="6" t_id="90">our</token>
<token number="90" sentence="6" t_id="91">top</token>
<token number="91" sentence="6" t_id="92">priority</token>
<token number="92" sentence="6" t_id="93">,</token>
<token number="93" sentence="6" t_id="94">''</token>
<token number="94" sentence="6" t_id="95">Medvedev</token>
<token number="95" sentence="6" t_id="96">said</token>
<token number="96" sentence="6" t_id="97">.</token>
<token number="97" sentence="7" t_id="98">``</token>
<token number="98" sentence="7" t_id="99">The</token>
<token number="99" sentence="7" t_id="100">market</token>
<token number="100" sentence="7" t_id="101">should</token>
<token number="101" sentence="7" t_id="102">be</token>
<token number="102" sentence="7" t_id="103">given</token>
<token number="103" sentence="7" t_id="104">all</token>
<token number="104" sentence="7" t_id="105">the</token>
<token number="105" sentence="7" t_id="106">necessary</token>
<token number="106" sentence="7" t_id="107">support</token>
<token number="107" sentence="7" t_id="108">.</token>
<token number="108" sentence="7" t_id="109">''</token>
<token number="109" sentence="8" t_id="110">Finance</token>
<token number="110" sentence="8" t_id="111">Minister</token>
<token number="111" sentence="8" t_id="112">Alexei</token>
<token number="112" sentence="8" t_id="113">Kudrin</token>
<token number="113" sentence="8" t_id="114">announced</token>
<token number="114" sentence="8" t_id="115">that</token>
<token number="115" sentence="8" t_id="116">500</token>
<token number="116" sentence="8" t_id="117">billion</token>
<token number="117" sentence="8" t_id="118">rubles</token>
<token number="118" sentence="8" t_id="119">(</token>
<token number="119" sentence="8" t_id="120">US$</token>
<token number="120" sentence="8" t_id="121">19.7</token>
<token number="121" sentence="8" t_id="122">billion</token>
<token number="122" sentence="8" t_id="123">)</token>
<token number="123" sentence="8" t_id="124">would</token>
<token number="124" sentence="8" t_id="125">be</token>
<token number="125" sentence="8" t_id="126">infused</token>
<token number="126" sentence="8" t_id="127">into</token>
<token number="127" sentence="8" t_id="128">the</token>
<token number="128" sentence="8" t_id="129">stock</token>
<token number="129" sentence="8" t_id="130">markets</token>
<token number="130" sentence="8" t_id="131">when</token>
<token number="131" sentence="8" t_id="132">they</token>
<token number="132" sentence="8" t_id="133">opened</token>
<token number="133" sentence="8" t_id="134">on</token>
<token number="134" sentence="8" t_id="135">Friday</token>
<token number="135" sentence="8" t_id="136">,</token>
<token number="136" sentence="8" t_id="137">with</token>
<token number="137" sentence="8" t_id="138">half</token>
<token number="138" sentence="8" t_id="139">of</token>
<token number="139" sentence="8" t_id="140">that</token>
<token number="140" sentence="8" t_id="141">amount</token>
<token number="141" sentence="8" t_id="142">coming</token>
<token number="142" sentence="8" t_id="143">from</token>
<token number="143" sentence="8" t_id="144">the</token>
<token number="144" sentence="8" t_id="145">federal</token>
<token number="145" sentence="8" t_id="146">budget</token>
<token number="146" sentence="8" t_id="147">.</token>
<token number="147" sentence="9" t_id="148">In</token>
<token number="148" sentence="9" t_id="149">addition</token>
<token number="149" sentence="9" t_id="150">,</token>
<token number="150" sentence="9" t_id="151">the</token>
<token number="151" sentence="9" t_id="152">Central</token>
<token number="152" sentence="9" t_id="153">Bank</token>
<token number="153" sentence="9" t_id="154">responded</token>
<token number="154" sentence="9" t_id="155">by</token>
<token number="155" sentence="9" t_id="156">offering</token>
<token number="156" sentence="9" t_id="157">to</token>
<token number="157" sentence="9" t_id="158">loan</token>
<token number="158" sentence="9" t_id="159">an</token>
<token number="159" sentence="9" t_id="160">additional</token>
<token number="160" sentence="9" t_id="161">60</token>
<token number="161" sentence="9" t_id="162">billion</token>
<token number="162" sentence="9" t_id="163">rubles</token>
<token number="163" sentence="9" t_id="164">(</token>
<token number="164" sentence="9" t_id="165">US</token>
<token number="165" sentence="9" t_id="166">$</token>
<token number="166" sentence="9" t_id="167">2.63</token>
<token number="167" sentence="9" t_id="168">billion</token>
<token number="168" sentence="9" t_id="169">)</token>
<token number="169" sentence="9" t_id="170">on</token>
<token number="170" sentence="9" t_id="171">top</token>
<token number="171" sentence="9" t_id="172">of</token>
<token number="172" sentence="9" t_id="173">the</token>
<token number="173" sentence="9" t_id="174">1.13</token>
<token number="174" sentence="9" t_id="175">trillion</token>
<token number="175" sentence="9" t_id="176">rubles</token>
<token number="176" sentence="9" t_id="177">(</token>
<token number="177" sentence="9" t_id="178">US$</token>
<token number="178" sentence="9" t_id="179">44.6</token>
<token number="179" sentence="9" t_id="180">billion</token>
<token number="180" sentence="9" t_id="181">)</token>
<token number="181" sentence="9" t_id="182">that</token>
<token number="182" sentence="9" t_id="183">it</token>
<token number="183" sentence="9" t_id="184">offered</token>
<token number="184" sentence="9" t_id="185">yesterday</token>
<token number="185" sentence="9" t_id="186">to</token>
<token number="186" sentence="9" t_id="187">Sberbank</token>
<token number="187" sentence="9" t_id="188">,</token>
<token number="188" sentence="9" t_id="189">VTB</token>
<token number="189" sentence="9" t_id="190">Group</token>
<token number="190" sentence="9" t_id="191">and</token>
<token number="191" sentence="9" t_id="192">Gazprombank</token>
<token number="192" sentence="9" t_id="193">.</token>
<token number="193" sentence="10" t_id="194">The</token>
<token number="194" sentence="10" t_id="195">Central</token>
<token number="195" sentence="10" t_id="196">Bank</token>
<token number="196" sentence="10" t_id="197">is</token>
<token number="197" sentence="10" t_id="198">encouraging</token>
<token number="198" sentence="10" t_id="199">the</token>
<token number="199" sentence="10" t_id="200">nations</token>
<token number="200" sentence="10" t_id="201">top</token>
<token number="201" sentence="10" t_id="202">banks</token>
<token number="202" sentence="10" t_id="203">to</token>
<token number="203" sentence="10" t_id="204">provide</token>
<token number="204" sentence="10" t_id="205">the</token>
<token number="205" sentence="10" t_id="206">money</token>
<token number="206" sentence="10" t_id="207">to</token>
<token number="207" sentence="10" t_id="208">smaller</token>
<token number="208" sentence="10" t_id="209">lenders</token>
<token number="209" sentence="10" t_id="210">.</token>
<token number="210" sentence="11" t_id="211">Central</token>
<token number="211" sentence="11" t_id="212">Bank</token>
<token number="212" sentence="11" t_id="213">chairman</token>
<token number="213" sentence="11" t_id="214">Sergei</token>
<token number="214" sentence="11" t_id="215">Ignatiev</token>
<token number="215" sentence="11" t_id="216">also</token>
<token number="216" sentence="11" t_id="217">announced</token>
<token number="217" sentence="11" t_id="218">on</token>
<token number="218" sentence="11" t_id="219">Wednesday</token>
<token number="219" sentence="11" t_id="220">that</token>
<token number="220" sentence="11" t_id="221">mandatory</token>
<token number="221" sentence="11" t_id="222">reserve</token>
<token number="222" sentence="11" t_id="223">requirements</token>
<token number="223" sentence="11" t_id="224">for</token>
<token number="224" sentence="11" t_id="225">banks</token>
<token number="225" sentence="11" t_id="226">would</token>
<token number="226" sentence="11" t_id="227">be</token>
<token number="227" sentence="11" t_id="228">slashed</token>
<token number="228" sentence="11" t_id="229">,</token>
<token number="229" sentence="11" t_id="230">freeing</token>
<token number="230" sentence="11" t_id="231">up</token>
<token number="231" sentence="11" t_id="232">an</token>
<token number="232" sentence="11" t_id="233">additional</token>
<token number="233" sentence="11" t_id="234">300</token>
<token number="234" sentence="11" t_id="235">billion</token>
<token number="235" sentence="11" t_id="236">ruble</token>
<token number="236" sentence="11" t_id="237">.</token>
<token number="237" sentence="12" t_id="238">``</token>
<token number="238" sentence="12" t_id="239">We</token>
<token number="239" sentence="12" t_id="240">hope</token>
<token number="240" sentence="12" t_id="241">that</token>
<token number="241" sentence="12" t_id="242">banks</token>
<token number="242" sentence="12" t_id="243">will</token>
<token number="243" sentence="12" t_id="244">spend</token>
<token number="244" sentence="12" t_id="245">these</token>
<token number="245" sentence="12" t_id="246">funds</token>
<token number="246" sentence="12" t_id="247">not</token>
<token number="247" sentence="12" t_id="248">on</token>
<token number="248" sentence="12" t_id="249">long-term</token>
<token number="249" sentence="12" t_id="250">crediting</token>
<token number="250" sentence="12" t_id="251">or</token>
<token number="251" sentence="12" t_id="252">other</token>
<token number="252" sentence="12" t_id="253">kinds</token>
<token number="253" sentence="12" t_id="254">of</token>
<token number="254" sentence="12" t_id="255">crediting</token>
<token number="255" sentence="12" t_id="256">of</token>
<token number="256" sentence="12" t_id="257">clients</token>
<token number="257" sentence="12" t_id="258">,</token>
<token number="258" sentence="12" t_id="259">''</token>
<token number="259" sentence="12" t_id="260">he</token>
<token number="260" sentence="12" t_id="261">said</token>
<token number="261" sentence="12" t_id="262">,</token>
<token number="262" sentence="12" t_id="263">``</token>
<token number="263" sentence="12" t_id="264">but</token>
<token number="264" sentence="12" t_id="265">on</token>
<token number="265" sentence="12" t_id="266">the</token>
<token number="266" sentence="12" t_id="267">maintenance</token>
<token number="267" sentence="12" t_id="268">of</token>
<token number="268" sentence="12" t_id="269">the</token>
<token number="269" sentence="12" t_id="270">necessary</token>
<token number="270" sentence="12" t_id="271">volume</token>
<token number="271" sentence="12" t_id="272">of</token>
<token number="272" sentence="12" t_id="273">their</token>
<token number="273" sentence="12" t_id="274">liquidity</token>
<token number="274" sentence="12" t_id="275">and</token>
<token number="275" sentence="12" t_id="276">on</token>
<token number="276" sentence="12" t_id="277">making</token>
<token number="277" sentence="12" t_id="278">settlements</token>
<token number="278" sentence="12" t_id="279">.</token>
<token number="279" sentence="12" t_id="280">''</token>
<token number="280" sentence="13" t_id="281">In</token>
<token number="281" sentence="13" t_id="282">the</token>
<token number="282" sentence="13" t_id="283">aftermath</token>
<token number="283" sentence="13" t_id="284">of</token>
<token number="284" sentence="13" t_id="285">Russia</token>
<token number="285" sentence="13" t_id="286">'s</token>
<token number="286" sentence="13" t_id="287">invasion</token>
<token number="287" sentence="13" t_id="288">of</token>
<token number="288" sentence="13" t_id="289">neighboring</token>
<token number="289" sentence="13" t_id="290">Georgia</token>
<token number="290" sentence="13" t_id="291">,</token>
<token number="291" sentence="13" t_id="292">the</token>
<token number="292" sentence="13" t_id="293">markets</token>
<token number="293" sentence="13" t_id="294">saw</token>
<token number="294" sentence="13" t_id="295">investors</token>
<token number="295" sentence="13" t_id="296">pull</token>
<token number="296" sentence="13" t_id="297">out</token>
<token number="297" sentence="13" t_id="298">nearly</token>
<token number="298" sentence="13" t_id="299">US$</token>
<token number="299" sentence="13" t_id="300">36</token>
<token number="300" sentence="13" t_id="301">billion</token>
<token number="301" sentence="13" t_id="302">in</token>
<token number="302" sentence="13" t_id="303">wealth</token>
<token number="303" sentence="13" t_id="304">since</token>
<token number="304" sentence="13" t_id="305">early</token>
<token number="305" sentence="13" t_id="306">August</token>
<token number="306" sentence="13" t_id="307">.</token>
<token number="307" sentence="14" t_id="308">Further</token>
<token number="308" sentence="14" t_id="309">compounding</token>
<token number="309" sentence="14" t_id="310">economic</token>
<token number="310" sentence="14" t_id="311">woes</token>
<token number="311" sentence="14" t_id="312">are</token>
<token number="312" sentence="14" t_id="313">the</token>
<token number="313" sentence="14" t_id="314">recent</token>
<token number="314" sentence="14" t_id="315">slump</token>
<token number="315" sentence="14" t_id="316">in</token>
<token number="316" sentence="14" t_id="317">oil</token>
<token number="317" sentence="14" t_id="318">and</token>
<token number="318" sentence="14" t_id="319">gas</token>
<token number="319" sentence="14" t_id="320">prices</token>
<token number="320" sentence="14" t_id="321">,</token>
<token number="321" sentence="14" t_id="322">which</token>
<token number="322" sentence="14" t_id="323">have</token>
<token number="323" sentence="14" t_id="324">bolstered</token>
<token number="324" sentence="14" t_id="325">Russia</token>
<token number="325" sentence="14" t_id="326">'s</token>
<token number="326" sentence="14" t_id="327">economy</token>
<token number="327" sentence="14" t_id="328">for</token>
<token number="328" sentence="14" t_id="329">several</token>
<token number="329" sentence="14" t_id="330">years</token>
<token number="330" sentence="14" t_id="331">.</token>
<token number="331" sentence="15" t_id="332">To</token>
<token number="332" sentence="15" t_id="333">help</token>
<token number="333" sentence="15" t_id="334">with</token>
<token number="334" sentence="15" t_id="335">this</token>
<token number="335" sentence="15" t_id="336">,</token>
<token number="336" sentence="15" t_id="337">starting</token>
<token number="337" sentence="15" t_id="338">on</token>
<token number="338" sentence="15" t_id="339">October</token>
<token number="339" sentence="15" t_id="340">1</token>
<token number="340" sentence="15" t_id="341">regulators</token>
<token number="341" sentence="15" t_id="342">will</token>
<token number="342" sentence="15" t_id="343">lower</token>
<token number="343" sentence="15" t_id="344">the</token>
<token number="344" sentence="15" t_id="345">export</token>
<token number="345" sentence="15" t_id="346">duty</token>
<token number="346" sentence="15" t_id="347">on</token>
<token number="347" sentence="15" t_id="348">oil</token>
<token number="348" sentence="15" t_id="349">,</token>
<token number="349" sentence="15" t_id="350">saving</token>
<token number="350" sentence="15" t_id="351">Russian</token>
<token number="351" sentence="15" t_id="352">oil</token>
<token number="352" sentence="15" t_id="353">companies</token>
<token number="353" sentence="15" t_id="354">around</token>
<token number="354" sentence="15" t_id="355">US$</token>
<token number="355" sentence="15" t_id="356">5.5</token>
<token number="356" sentence="15" t_id="357">billion</token>
<token number="357" sentence="15" t_id="358">.</token>
<Markables>
<ENTITY_MENTION comment="" head="Dmitry Medvedev" m_id="23" syntactic_type="NAM">
<token_anchor t_id="55"/>
<token_anchor t_id="56"/>
<token_anchor t_id="57"/>
</ENTITY_MENTION>
<ENTITY_MENTION comment="" head="president" m_id="24" syntactic_type="PRE.NOM">
<token_anchor t_id="55"/>
</ENTITY_MENTION>
<ENTITY_MENTION comment="" head="public" m_id="27" syntactic_type="NOM">
<token_anchor t_id="64"/>
<token_anchor t_id="65"/>
</ENTITY_MENTION>
<ENTITY_MENTION comment="" head="authorities" m_id="30" syntactic_type="NOM">
<token_anchor t_id="75"/>
<token_anchor t_id="76"/>
</ENTITY_MENTION>
<ENTITY_MENTION comment="" head="system" m_id="32" syntactic_type="NOM">
<token_anchor t_id="80"/>
<token_anchor t_id="81"/>
<token_anchor t_id="82"/>
</ENTITY_MENTION>
<ENTITY_MENTION comment="" head="government" m_id="2" syntactic_type="NOM">
<token_anchor t_id="12"/>
<token_anchor t_id="13"/>
<token_anchor t_id="14"/>
</ENTITY_MENTION>
<ENTITY_MENTION comment="" head="russian" m_id="55" syntactic_type="PRE.NOM">
<token_anchor t_id="75"/>
</ENTITY_MENTION>
<ENTITY_MENTION comment="" head="our" m_id="60" syntactic_type="PRO">
<token_anchor t_id="80"/>
</ENTITY_MENTION>
<ENTITY_MENTION comment="" head="stock markets" m_id="5" syntactic_type="NOM">
<token_anchor t_id="19"/>
<token_anchor t_id="20"/>
<token_anchor t_id="21"/>
</ENTITY_MENTION>
<ENTITY_MENTION comment="" head="consumer" m_id="64" syntactic_type="NOM">
<token_anchor t_id="52"/>
</ENTITY_MENTION>
<ENTITY_MENTION comment="" head="markets" m_id="68" syntactic_type="NOM">
<token_anchor t_id="1"/>
<token_anchor t_id="2"/>
</ENTITY_MENTION>
<ENTITY_MENTION comment="" head="russian" m_id="69" syntactic_type="NOM">
<token_anchor t_id="1"/>
</ENTITY_MENTION>
<ENTITY_MENTION comment="" head="MICEX" m_id="9" syntactic_type="NAM">
<token_anchor t_id="27"/>
<token_anchor t_id="28"/>
</ENTITY_MENTION>
<ENTITY_MENTION comment="" head="RTS" m_id="10" syntactic_type="NAM">
<token_anchor t_id="30"/>
<token_anchor t_id="31"/>
</ENTITY_MENTION>
<ENTITY_MENTION comment="" head="" m_id="11" syntactic_type="CONJ">
<token_anchor t_id="27"/>
<token_anchor t_id="28"/>
<token_anchor t_id="29"/>
<token_anchor t_id="30"/>
<token_anchor t_id="31"/>
</ENTITY_MENTION>
<ENTITY_MENTION comment="" head="its" m_id="13" syntactic_type="PRO">
<token_anchor t_id="34"/>
</ENTITY_MENTION>
<ENTITY_MENTION comment="" head="government" m_id="17" syntactic_type="NOM">
<token_anchor t_id="41"/>
<token_anchor t_id="42"/>
</ENTITY_MENTION>
<EVENT_MENTION aspect="NONE" certainty="POSSIBLE" comment="" m_id="19" modality="" polarity="POS" pos="VERB" pred="stem" special_cases="NONE" tense="INFINITIVE" time="FUTURE">
<token_anchor t_id="46"/>
</EVENT_MENTION>
<EVENT_MENTION aspect="NONE" certainty="CERTAIN" comment="" m_id="20" modality="" polarity="POS" pos="NOUN" pred="crash" special_cases="NONE" tense="NONE" time="NON_FUTURE">
<token_anchor t_id="49"/>
</EVENT_MENTION>
<EVENT_MENTION aspect="NONE" certainty="POSSIBLE" comment="" m_id="21" modality="" polarity="POS" pos="VERB" pred="restore" special_cases="NONE" tense="INFINITIVE" time="FUTURE">
<token_anchor t_id="51"/>
</EVENT_MENTION>
<EVENT_MENTION aspect="NONE" certainty="POSSIBLE" comment="" m_id="22" modality="" polarity="POS" pos="NOUN" pred="confidence" special_cases="NONE" tense="NONE" time="FUTURE">
<token_anchor t_id="53"/>
</EVENT_MENTION>
<EVENT_MENTION aspect="NONE" certainty="CERTAIN" comment="" m_id="25" modality="" polarity="POS" pos="VERB" pred="go" special_cases="NONE" tense="PAST" time="NON_FUTURE">
<token_anchor t_id="58"/>
</EVENT_MENTION>
<EVENT_MENTION aspect="NONE" certainty="POSSIBLE" comment="" m_id="26" modality="" polarity="POS" pos="VERB" pred="appease" special_cases="NONE" tense="INFINITIVE" time="NON_FUTURE">
<token_anchor t_id="63"/>
</EVENT_MENTION>
<EVENT_MENTION aspect="NONE" certainty="CERTAIN" comment="" m_id="28" modality="" polarity="POS" pos="VERB" pred="be" special_cases="NONE" tense="PRESENT" time="NON_FUTURE">
<token_anchor t_id="69"/>
</EVENT_MENTION>
<EVENT_MENTION aspect="NONE" certainty="" comment="" m_id="29" modality="" polarity="" pos="NOUN" pred="task" special_cases="" tense="NONE" time="">
<token_anchor t_id="73"/>
</EVENT_MENTION>
<EVENT_MENTION aspect="NONE" certainty="" comment="" m_id="31" modality="" polarity="" pos="NOUN" pred="stability" special_cases="" tense="NONE" time="">
<token_anchor t_id="78"/>
</EVENT_MENTION>
<EVENT_MENTION aspect="NONE" certainty="CERTAIN" comment="" m_id="34" modality="" polarity="POS" pos="NOUN" pred="circumstance" special_cases="NONE" tense="NONE" time="NON_FUTURE">
<token_anchor t_id="86"/>
</EVENT_MENTION>
<EVENT_MENTION aspect="PERFECTIVE" certainty="CERTAIN" comment="" m_id="3" modality="" polarity="POS" pos="VERB" pred="continue" special_cases="NONE" tense="PRESENT" time="NON_FUTURE">
<token_anchor t_id="16"/>
</EVENT_MENTION>
<EVENT_MENTION aspect="NONE" certainty="CERTAIN" comment="" m_id="4" modality="" polarity="POS" pos="VERB" pred="hold" special_cases="NONE" tense="INFINITIVE" time="NON_FUTURE">
<token_anchor t_id="18"/>
</EVENT_MENTION>
<EVENT_MENTION aspect="NONE" certainty="CERTAIN" comment="" m_id="6" modality="" polarity="POS" pos="OTHER" pred="closed" special_cases="NONE" tense="NONE" time="NON_FUTURE">
<token_anchor t_id="22"/>
</EVENT_MENTION>
<EVENT_MENTION aspect="NONE" certainty="POSSIBLE" comment="" m_id="67" modality="" polarity="POS" pos="VERB" pred="" special_cases="NONE" tense="INFINITIVE" time="FUTURE">
<token_anchor t_id="46"/>
<token_anchor t_id="51"/>
</EVENT_MENTION>
<EVENT_MENTION aspect="NONE" certainty="CERTAIN" comment="" m_id="70" modality="" polarity="POS" pos="VERB" pred="remain" special_cases="NONE" tense="INFINITIVE" time="NON_FUTURE">
<token_anchor t_id="4"/>
</EVENT_MENTION>
<EVENT_MENTION aspect="" certainty="CERTAIN" comment="" m_id="71" modality="" polarity="POS" pos="OTHER" pred="closed" special_cases="NONE" tense="" time="NON_FUTURE">
<token_anchor t_id="5"/>
</EVENT_MENTION>
<EVENT_MENTION aspect="NONE" certainty="CERTAIN" comment="" m_id="12" modality="" polarity="POS" pos="VERB" pred="face" special_cases="NONE" tense="PRESPART" time="NON_FUTURE">
<token_anchor t_id="33"/>
</EVENT_MENTION>
<EVENT_MENTION aspect="NONE" certainty="CERTAIN" comment="" m_id="14" modality="" polarity="POS" pos="NOUN" pred="crisis" special_cases="NONE" tense="NONE" time="NON_FUTURE">
<token_anchor t_id="37"/>
</EVENT_MENTION>
<EVENT_MENTION aspect="PROGRESSIVE" certainty="CERTAIN" comment="" m_id="18" modality="" polarity="POS" pos="VERB" pred="fight" special_cases="NONE" tense="PRESENT" time="NON_FUTURE">
<token_anchor t_id="44"/>
</EVENT_MENTION>
<SIGNAL comment="" m_id="63">
<token_anchor t_id="83"/>
</SIGNAL>
<SIGNAL comment="" m_id="7">
<token_anchor t_id="23"/>
</SIGNAL>
<SIGNAL comment="" m_id="72">
<token_anchor t_id="6"/>
</SIGNAL>
<SIGNAL comment="" m_id="15">
<token_anchor t_id="38"/>
</SIGNAL>
<TIMEX3 anchorTimeID="" beginPoint="" comment="" endPoint="" functionInDocument="CREATION_TIME" m_id="1" type="DATE" value="2008-09-18">
<token_anchor t_id="8"/>
<token_anchor t_id="9"/>
<token_anchor t_id="10"/>
<token_anchor t_id="11"/>
</TIMEX3>
<TIMEX3 anchorTimeID="" beginPoint="" comment="" endPoint="" functionInDocument="NONE" m_id="33" type="DURATION" value="PRESENT_REF">
<token_anchor t_id="85"/>
</TIMEX3>
<TIMEX3 anchorTimeID="1" beginPoint="" comment="" endPoint="" functionInDocument="NONE" m_id="8" type="DATE" value="2008-09-19">
<token_anchor t_id="24"/>
</TIMEX3>
<TIMEX3 anchorTimeID="" beginPoint="" comment="" endPoint="" functionInDocument="NONE" m_id="73" type="DATE" value="2008-09-19">
<token_anchor t_id="7"/>
</TIMEX3>
<TIMEX3 anchorTimeID="" beginPoint="" comment="" endPoint="" functionInDocument="NONE" m_id="16" type="DATE" value="1989">
<token_anchor t_id="39"/>
</TIMEX3>
<EVENT TAG_DESCRIPTOR="stability" class="OTHER" comment="" external_ref="" m_id="58"/>
<EVENT TAG_DESCRIPTOR="task" class="OTHER" comment="" external_ref="" m_id="57"/><EVENT TAG_DESCRIPTOR="be" class="GRAMMATICAL" comment="" external_ref="" m_id="56"/>
<EVENT TAG_DESCRIPTOR="appease" class="OTHER" comment="" external_ref="" m_id="54"/><EVENT TAG_DESCRIPTOR="go" class="OTHER" comment="" external_ref="" m_id="50"/>
<EVENT TAG_DESCRIPTOR="confidence" class="SPEECH_COGNITIVE" comment="" external_ref="" m_id="49"/><EVENT TAG_DESCRIPTOR="restore" class="OTHER" comment="" external_ref="" m_id="48"/>
<EVENT TAG_DESCRIPTOR="crash" class="OTHER" comment="" external_ref="" m_id="47"/><EVENT TAG_DESCRIPTOR="stem" class="OTHER" comment="" external_ref="" m_id="46"/>
<EVENT TAG_DESCRIPTOR="fight" class="OTHER" comment="" external_ref="" m_id="45"/><EVENT TAG_DESCRIPTOR="crisis" class="OTHER" comment="" external_ref="" m_id="44"/>
<EVENT TAG_DESCRIPTOR="face" class="OTHER" comment="" external_ref="" m_id="43"/><EVENT TAG_DESCRIPTOR="closed" class="GRAMMATICAL" comment="" external_ref="" m_id="39"/>
<EVENT TAG_DESCRIPTOR="hold" class="OTHER" comment="" external_ref="" m_id="37"/><EVENT TAG_DESCRIPTOR="continue" class="GRAMMATICAL" comment="" external_ref="" m_id="36"/>
<EVENT TAG_DESCRIPTOR="stem and restore" class="OTHER" comment="" external_ref="" m_id="66"/><EVENT TAG_DESCRIPTOR="circumstance" class="OTHER" comment="" external_ref="" m_id="62"/>
<ENTITY TAG_DESCRIPTOR="consumer" ent_type="PER" external_ref="http://dbpedia.org/resource/Consumer" instance_id="PER44169614469330896" m_id="89"/><ENTITY TAG_DESCRIPTOR="Russian financial system" ent_type="FIN" instance_id="FIN44169257552181928" m_id="98"/>
<ENTITY TAG_DESCRIPTOR="Dmitry Medvedev" ent_type="PER" external_ref="http://dbpedia.org/resource/Dmitry_Medvedev" instance_id="PER44062767378816200" m_id="97"/><ENTITY TAG_DESCRIPTOR="RTS Stock Exchange" ent_type="ORG" external_ref="http://dbpedia.org/resource/Russian_Trading_System" instance_id="ORG44062376533904195" m_id="96"/>
<ENTITY TAG_DESCRIPTOR="Russia" ent_type="LOC" external_ref="http://dbpedia.org/resource/Russia" instance_id="LOC27733949478998230" m_id="95"/><ENTITY TAG_DESCRIPTOR="Russian stock markets" ent_type="FIN" instance_id="FIN44061602416744416" m_id="94"/>
<ENTITY TAG_DESCRIPTOR="MICEX" ent_type="ORG" external_ref="http://dbpedia.org/resource/Moscow_Interbank_Currency_Exchange" instance_id="ORG44062188932021238" m_id="93"/><ENTITY TAG_DESCRIPTOR="MICEX and RTS" ent_type="ORG" instance_id="ORG44062267768901707" m_id="92"/>
<ENTITY TAG_DESCRIPTOR="Russian authorities" ent_type="PER" instance_id="PER44062969178103801" m_id="91"/><ENTITY TAG_DESCRIPTOR="public of russian national television" ent_type="PER" instance_id="PER44169492280746451" m_id="90"/></Markables>
<Relations>
<HAS_PARTICIPANT comment="" r_id="114535" sem_role="Arg0" sem_role_framework="PROPBANK">
<source m_id="3"/>
<target m_id="2"/>
</HAS_PARTICIPANT>
<HAS_PARTICIPANT comment="" r_id="114536" sem_role="Arg1" sem_role_framework="PROPBANK">
<source m_id="4"/>
<target m_id="5"/>
</HAS_PARTICIPANT>
<HAS_PARTICIPANT comment="" r_id="114537" sem_role="Arg0" sem_role_framework="PROPBANK">
<source m_id="6"/>
<target m_id="5"/>
</HAS_PARTICIPANT>
<HAS_PARTICIPANT comment="" r_id="114538" sem_role="Arg0" sem_role_framework="PROPBANK">
<source m_id="18"/>
<target m_id="17"/>
</HAS_PARTICIPANT>
<HAS_PARTICIPANT comment="" r_id="114540" sem_role="Arg0" sem_role_framework="PROPBANK">
<source m_id="22"/>
<target m_id="64"/>
</HAS_PARTICIPANT>
<HAS_PARTICIPANT comment="" r_id="114541" sem_role="Arg0" sem_role_framework="PROPBANK">
<source m_id="25"/>
<target m_id="23"/>
</HAS_PARTICIPANT>
<HAS_PARTICIPANT comment="" r_id="114542" sem_role="Arg1" sem_role_framework="PROPBANK">
<source m_id="26"/>
<target m_id="27"/>
</HAS_PARTICIPANT>
<HAS_PARTICIPANT comment="" r_id="114543" sem_role="Arg2" sem_role_framework="PROPBANK">
<source m_id="29"/>
<target m_id="30"/>
</HAS_PARTICIPANT>
<HAS_PARTICIPANT comment="" r_id="114544" sem_role="Arg0" sem_role_framework="PROPBANK">
<source m_id="31"/>
<target m_id="32"/>
</HAS_PARTICIPANT>
<GLINK r_id="114545">
<source m_id="3"/>
<target m_id="4"/>
</GLINK>
<TLINK comment="" r_id="114834" reltype="BEGINS" signalID="">
<source m_id="1"/>
<target m_id="3"/>
</TLINK>
<TLINK comment="" r_id="114835" reltype="BEGINS" signalID="">
<source m_id="1"/>
<target m_id="18"/>
</TLINK>
<TLINK comment="" r_id="114836" reltype="INCLUDES" signalID="">
<source m_id="1"/>
<target m_id="25"/>
</TLINK>
<TLINK comment="" r_id="114837" reltype="ENDED_BY" signalID="7">
<source m_id="6"/>
<target m_id="8"/>
</TLINK>
<TLINK comment="" r_id="114838" reltype="AFTER" signalID="">
<source m_id="14"/>
<target m_id="16"/>
</TLINK>
<TLINK comment="" r_id="114839" reltype="SIMULTANEOUS" signalID="">
<source m_id="12"/>
<target m_id="18"/>
</TLINK>
<TLINK comment="" r_id="114840" reltype="BEGINS" signalID="">
<source m_id="25"/>
<target m_id="26"/>
</TLINK>
<TLINK comment="" r_id="114841" reltype="INCLUDES" signalID="63">
<source m_id="33"/>
<target m_id="34"/>
</TLINK>
<HAS_PARTICIPANT comment="" r_id="163013" sem_role="Arg1" sem_role_framework="PROPBANK">
<source m_id="70"/>
<target m_id="68"/>
</HAS_PARTICIPANT>


























<REFERS_TO r_id="163024">
<source m_id="25"/>
<target m_id="50"/>
</REFERS_TO>
<REFERS_TO r_id="163025">
<source m_id="34"/>
<target m_id="62"/>
</REFERS_TO>
<REFERS_TO r_id="163026">
<source m_id="64"/>
<target m_id="89"/>
</REFERS_TO>
<REFERS_TO r_id="163027">
<source m_id="67"/>
<target m_id="66"/>
</REFERS_TO>
<REFERS_TO r_id="163028">
<source m_id="21"/>
<target m_id="48"/>
</REFERS_TO>
<REFERS_TO r_id="163029">
<source m_id="22"/>
<target m_id="49"/>
</REFERS_TO>
<REFERS_TO r_id="163030">
<source m_id="19"/>
<target m_id="46"/>
</REFERS_TO>
<REFERS_TO r_id="163031">
<source m_id="20"/>
<target m_id="47"/>
</REFERS_TO>
<REFERS_TO r_id="163032">
<source m_id="14"/>
<target m_id="44"/>
</REFERS_TO>
<REFERS_TO r_id="163033">
<source m_id="18"/>
<target m_id="45"/>
</REFERS_TO>
<REFERS_TO r_id="163034">
<source m_id="12"/>
<target m_id="43"/>
</REFERS_TO>
<REFERS_TO r_id="163035">
<source m_id="32"/>
<target m_id="98"/>
</REFERS_TO>
<REFERS_TO r_id="163036">
<source m_id="30"/>
<target m_id="91"/>
</REFERS_TO>
<REFERS_TO r_id="163037">
<source m_id="27"/>
<target m_id="90"/>
</REFERS_TO>
<REFERS_TO r_id="163038">
<source m_id="9"/>
<target m_id="93"/>
</REFERS_TO>
<REFERS_TO r_id="163039">
<source m_id="11"/>
<target m_id="92"/>
</REFERS_TO>
<REFERS_TO r_id="163040">
<source m_id="13"/>
<source m_id="69"/>
<source m_id="2"/>
<source m_id="60"/>
<source m_id="55"/>
<source m_id="17"/>
<target m_id="95"/>
</REFERS_TO>
<REFERS_TO r_id="163041">
<source m_id="5"/>
<target m_id="94"/>
</REFERS_TO>
<REFERS_TO r_id="163042">
<source m_id="23"/>
<target m_id="97"/>
</REFERS_TO>
<REFERS_TO r_id="163043">
<source m_id="10"/>
<target m_id="96"/>
</REFERS_TO>
<REFERS_TO r_id="163044">
<source m_id="6"/>
<source m_id="71"/>
<target m_id="39"/>
</REFERS_TO>
<REFERS_TO r_id="163045">
<source m_id="31"/>
<target m_id="58"/>
</REFERS_TO>
<REFERS_TO r_id="163046">
<source m_id="26"/>
<target m_id="54"/>
</REFERS_TO>
<REFERS_TO r_id="163047">
<source m_id="29"/>
<target m_id="57"/>
</REFERS_TO>
<REFERS_TO r_id="163048">
<source m_id="28"/>
<target m_id="56"/>
</REFERS_TO>
<REFERS_TO r_id="163049">
<source m_id="4"/>
<source m_id="70"/>
<target m_id="37"/>
</REFERS_TO>
<REFERS_TO r_id="163050">
<source m_id="3"/>
<target m_id="36"/>
</REFERS_TO>
</Relations>
</Document>