<?xml version="1.0" ?><Document doc_id="114613" doc_name="114613_Stock_markets_worldwide_continue_to_fall" lang="en" url="http://en.wikinews.org/wiki/Stock_markets_worldwide_continue_to_fall">
<token number="0" sentence="0" t_id="1">Stock</token>
<token number="1" sentence="0" t_id="2">markets</token>
<token number="2" sentence="0" t_id="3">worldwide</token>
<token number="3" sentence="0" t_id="4">continue</token>
<token number="4" sentence="0" t_id="5">to</token>
<token number="5" sentence="0" t_id="6">fall</token>
<token number="6" sentence="1" t_id="7">October</token>
<token number="7" sentence="1" t_id="8">7</token>
<token number="8" sentence="1" t_id="9">,</token>
<token number="9" sentence="1" t_id="10">2008</token>
<token number="10" sentence="2" t_id="11">Stock</token>
<token number="11" sentence="2" t_id="12">markets</token>
<token number="12" sentence="2" t_id="13">around</token>
<token number="13" sentence="2" t_id="14">the</token>
<token number="14" sentence="2" t_id="15">world</token>
<token number="15" sentence="2" t_id="16">continued</token>
<token number="16" sentence="2" t_id="17">to</token>
<token number="17" sentence="2" t_id="18">fall</token>
<token number="18" sentence="2" t_id="19">dramatically</token>
<token number="19" sentence="2" t_id="20">today</token>
<token number="20" sentence="2" t_id="21">.</token>
<token number="21" sentence="3" t_id="22">This</token>
<token number="22" sentence="3" t_id="23">is</token>
<token number="23" sentence="3" t_id="24">following</token>
<token number="24" sentence="3" t_id="25">the</token>
<token number="25" sentence="3" t_id="26">ongoing</token>
<token number="26" sentence="3" t_id="27">events</token>
<token number="27" sentence="3" t_id="28">in</token>
<token number="28" sentence="3" t_id="29">the</token>
<token number="29" sentence="3" t_id="30">financial</token>
<token number="30" sentence="3" t_id="31">world</token>
<token number="31" sentence="3" t_id="32">,</token>
<token number="32" sentence="3" t_id="33">including</token>
<token number="33" sentence="3" t_id="34">the</token>
<token number="34" sentence="3" t_id="35">US</token>
<token number="35" sentence="3" t_id="36">Government</token>
<token number="36" sentence="3" t_id="37">'s</token>
<token number="37" sentence="3" t_id="38">$</token>
<token number="38" sentence="3" t_id="39">700</token>
<token number="39" sentence="3" t_id="40">billion</token>
<token number="40" sentence="3" t_id="41">bail</token>
<token number="41" sentence="3" t_id="42">out</token>
<token number="42" sentence="3" t_id="43">of</token>
<token number="43" sentence="3" t_id="44">the</token>
<token number="44" sentence="3" t_id="45">financial</token>
<token number="45" sentence="3" t_id="46">sector</token>
<token number="46" sentence="3" t_id="47">.</token>
<token number="47" sentence="4" t_id="48">As</token>
<token number="48" sentence="4" t_id="49">of</token>
<token number="49" sentence="4" t_id="50">18:00</token>
<token number="50" sentence="4" t_id="51">UTC</token>
<token number="51" sentence="4" t_id="52">,</token>
<token number="52" sentence="4" t_id="53">the</token>
<token number="53" sentence="4" t_id="54">primary</token>
<token number="54" sentence="4" t_id="55">UK</token>
<token number="55" sentence="4" t_id="56">index</token>
<token number="56" sentence="4" t_id="57">,</token>
<token number="57" sentence="4" t_id="58">the</token>
<token number="58" sentence="4" t_id="59">FTSE</token>
<token number="59" sentence="4" t_id="60">100</token>
<token number="60" sentence="4" t_id="61">,</token>
<token number="61" sentence="4" t_id="62">was</token>
<token number="62" sentence="4" t_id="63">one</token>
<token number="63" sentence="4" t_id="64">of</token>
<token number="64" sentence="4" t_id="65">the</token>
<token number="65" sentence="4" t_id="66">few</token>
<token number="66" sentence="4" t_id="67">indexes</token>
<token number="67" sentence="4" t_id="68">to</token>
<token number="68" sentence="4" t_id="69">increase</token>
<token number="69" sentence="4" t_id="70">in</token>
<token number="70" sentence="4" t_id="71">value</token>
<token number="71" sentence="4" t_id="72">.</token>
<token number="72" sentence="5" t_id="73">It</token>
<token number="73" sentence="5" t_id="74">went</token>
<token number="74" sentence="5" t_id="75">up</token>
<token number="75" sentence="5" t_id="76">by</token>
<token number="76" sentence="5" t_id="77">0.16</token>
<token number="77" sentence="5" t_id="78">%</token>
<token number="78" sentence="5" t_id="79">(</token>
<token number="79" sentence="5" t_id="80">16.03</token>
<token number="80" sentence="5" t_id="81">points</token>
<token number="81" sentence="5" t_id="82">)</token>
<token number="82" sentence="5" t_id="83">,</token>
<token number="83" sentence="5" t_id="84">but</token>
<token number="84" sentence="5" t_id="85">stayed</token>
<token number="85" sentence="5" t_id="86">below</token>
<token number="86" sentence="5" t_id="87">5000</token>
<token number="87" sentence="5" t_id="88">mark</token>
<token number="88" sentence="5" t_id="89">at</token>
<token number="89" sentence="5" t_id="90">4605.22</token>
<token number="90" sentence="5" t_id="91">.</token>
<token number="91" sentence="6" t_id="92">Some</token>
<token number="92" sentence="6" t_id="93">shares</token>
<token number="93" sentence="6" t_id="94">in</token>
<token number="94" sentence="6" t_id="95">this</token>
<token number="95" sentence="6" t_id="96">index</token>
<token number="96" sentence="6" t_id="97">,</token>
<token number="97" sentence="6" t_id="98">however</token>
<token number="98" sentence="6" t_id="99">,</token>
<token number="99" sentence="6" t_id="100">fared</token>
<token number="100" sentence="6" t_id="101">very</token>
<token number="101" sentence="6" t_id="102">poorly</token>
<token number="102" sentence="6" t_id="103">,</token>
<token number="103" sentence="6" t_id="104">with</token>
<token number="104" sentence="6" t_id="105">shares</token>
<token number="105" sentence="6" t_id="106">in</token>
<token number="106" sentence="6" t_id="107">HBOS</token>
<token number="107" sentence="6" t_id="108">falling</token>
<token number="108" sentence="6" t_id="109">by</token>
<token number="109" sentence="6" t_id="110">an</token>
<token number="110" sentence="6" t_id="111">incredible</token>
<token number="111" sentence="6" t_id="112">41.54</token>
<token number="112" sentence="6" t_id="113">%</token>
<token number="113" sentence="6" t_id="114">to</token>
<token number="114" sentence="6" t_id="115">end</token>
<token number="115" sentence="6" t_id="116">the</token>
<token number="116" sentence="6" t_id="117">day</token>
<token number="117" sentence="6" t_id="118">on</token>
<token number="118" sentence="6" t_id="119">94</token>
<token number="119" sentence="6" t_id="120">points</token>
<token number="120" sentence="6" t_id="121">.</token>
<token number="121" sentence="7" t_id="122">The</token>
<token number="122" sentence="7" t_id="123">Dow</token>
<token number="123" sentence="7" t_id="124">Jones</token>
<token number="124" sentence="7" t_id="125">index</token>
<token number="125" sentence="7" t_id="126">continued</token>
<token number="126" sentence="7" t_id="127">to</token>
<token number="127" sentence="7" t_id="128">fall</token>
<token number="128" sentence="7" t_id="129">today</token>
<token number="129" sentence="7" t_id="130">,</token>
<token number="130" sentence="7" t_id="131">and</token>
<token number="131" sentence="7" t_id="132">,</token>
<token number="132" sentence="7" t_id="133">as</token>
<token number="133" sentence="7" t_id="134">of</token>
<token number="134" sentence="7" t_id="135">18:00</token>
<token number="135" sentence="7" t_id="136">UTC</token>
<token number="136" sentence="7" t_id="137">,</token>
<token number="137" sentence="7" t_id="138">it</token>
<token number="138" sentence="7" t_id="139">had</token>
<token number="139" sentence="7" t_id="140">fallen</token>
<token number="140" sentence="7" t_id="141">260.77</token>
<token number="141" sentence="7" t_id="142">points</token>
<token number="142" sentence="7" t_id="143">,</token>
<token number="143" sentence="7" t_id="144">or</token>
<token number="144" sentence="7" t_id="145">2.62</token>
<token number="145" sentence="7" t_id="146">%</token>
<token number="146" sentence="7" t_id="147">to</token>
<token number="147" sentence="7" t_id="148">9694.73</token>
<token number="148" sentence="7" t_id="149">,</token>
<token number="149" sentence="7" t_id="150">continuing</token>
<token number="150" sentence="7" t_id="151">its</token>
<token number="151" sentence="7" t_id="152">run</token>
<token number="152" sentence="7" t_id="153">below</token>
<token number="153" sentence="7" t_id="154">10,000</token>
<token number="154" sentence="7" t_id="155">.</token>
<token number="155" sentence="8" t_id="156">Bank</token>
<token number="156" sentence="8" t_id="157">of</token>
<token number="157" sentence="8" t_id="158">America</token>
<token number="158" sentence="8" t_id="159">fared</token>
<token number="159" sentence="8" t_id="160">worse</token>
<token number="160" sentence="8" t_id="161">,</token>
<token number="161" sentence="8" t_id="162">with</token>
<token number="162" sentence="8" t_id="163">a</token>
<token number="163" sentence="8" t_id="164">fall</token>
<token number="164" sentence="8" t_id="165">of</token>
<token number="165" sentence="8" t_id="166">17.38</token>
<token number="166" sentence="8" t_id="167">%</token>
<token number="167" sentence="8" t_id="168">.</token>
<token number="168" sentence="9" t_id="169">The</token>
<token number="169" sentence="9" t_id="170">Nasdaq</token>
<token number="170" sentence="9" t_id="171">index</token>
<token number="171" sentence="9" t_id="172">also</token>
<token number="172" sentence="9" t_id="173">fell</token>
<token number="173" sentence="9" t_id="174">dramatically</token>
<token number="174" sentence="9" t_id="175">today</token>
<token number="175" sentence="9" t_id="176">,</token>
<token number="176" sentence="9" t_id="177">down</token>
<token number="177" sentence="9" t_id="178">2.95</token>
<token number="178" sentence="9" t_id="179">%</token>
<token number="179" sentence="9" t_id="180">(</token>
<token number="180" sentence="9" t_id="181">54.97</token>
<token number="181" sentence="9" t_id="182">points</token>
<token number="182" sentence="9" t_id="183">)</token>
<token number="183" sentence="9" t_id="184">to</token>
<token number="184" sentence="9" t_id="185">1807.99</token>
<token number="185" sentence="9" t_id="186">points</token>
<token number="186" sentence="9" t_id="187">.</token>
<token number="187" sentence="10" t_id="188">YRC</token>
<token number="188" sentence="10" t_id="189">Worldwide</token>
<token number="189" sentence="10" t_id="190">,</token>
<token number="190" sentence="10" t_id="191">Inc.</token>
<token number="191" sentence="10" t_id="192">was</token>
<token number="192" sentence="10" t_id="193">the</token>
<token number="193" sentence="10" t_id="194">biggest</token>
<token number="194" sentence="10" t_id="195">faller</token>
<token number="195" sentence="10" t_id="196">in</token>
<token number="196" sentence="10" t_id="197">this</token>
<token number="197" sentence="10" t_id="198">index</token>
<token number="198" sentence="10" t_id="199">,</token>
<token number="199" sentence="10" t_id="200">with</token>
<token number="200" sentence="10" t_id="201">its</token>
<token number="201" sentence="10" t_id="202">loss</token>
<token number="202" sentence="10" t_id="203">of</token>
<token number="203" sentence="10" t_id="204">27.30</token>
<token number="204" sentence="10" t_id="205">%</token>
<token number="205" sentence="10" t_id="206">that</token>
<token number="206" sentence="10" t_id="207">took</token>
<token number="207" sentence="10" t_id="208">the</token>
<token number="208" sentence="10" t_id="209">company</token>
<token number="209" sentence="10" t_id="210">'s</token>
<token number="210" sentence="10" t_id="211">share</token>
<token number="211" sentence="10" t_id="212">price</token>
<token number="212" sentence="10" t_id="213">down</token>
<token number="213" sentence="10" t_id="214">to</token>
<token number="214" sentence="10" t_id="215">5.13</token>
<token number="215" sentence="10" t_id="216">.</token>
<token number="216" sentence="11" t_id="217">Dana</token>
<token number="217" sentence="11" t_id="218">Perino</token>
<token number="218" sentence="11" t_id="219">,</token>
<token number="219" sentence="11" t_id="220">a</token>
<token number="220" sentence="11" t_id="221">spokesperson</token>
<token number="221" sentence="11" t_id="222">for</token>
<token number="222" sentence="11" t_id="223">the</token>
<token number="223" sentence="11" t_id="224">White</token>
<token number="224" sentence="11" t_id="225">House</token>
<token number="225" sentence="11" t_id="226">,</token>
<token number="226" sentence="11" t_id="227">commented</token>
<token number="227" sentence="11" t_id="228">today</token>
<token number="228" sentence="11" t_id="229">on</token>
<token number="229" sentence="11" t_id="230">the</token>
<token number="230" sentence="11" t_id="231">recent</token>
<token number="231" sentence="11" t_id="232">falls</token>
<token number="232" sentence="11" t_id="233">in</token>
<token number="233" sentence="11" t_id="234">the</token>
<token number="234" sentence="11" t_id="235">stock</token>
<token number="235" sentence="11" t_id="236">market</token>
<token number="236" sentence="11" t_id="237">that</token>
<token number="237" sentence="11" t_id="238">are</token>
<token number="238" sentence="11" t_id="239">described</token>
<token number="239" sentence="11" t_id="240">above</token>
<token number="240" sentence="11" t_id="241">.</token>
<token number="241" sentence="12" t_id="242">``</token>
<token number="242" sentence="12" t_id="243">One</token>
<token number="243" sentence="12" t_id="244">of</token>
<token number="244" sentence="12" t_id="245">the</token>
<token number="245" sentence="12" t_id="246">things</token>
<token number="246" sentence="12" t_id="247">that</token>
<token number="247" sentence="12" t_id="248">the</token>
<token number="248" sentence="12" t_id="249">President</token>
<token number="249" sentence="12" t_id="250">can</token>
<token number="250" sentence="12" t_id="251">do</token>
<token number="251" sentence="12" t_id="252">is</token>
<token number="252" sentence="12" t_id="253">to</token>
<token number="253" sentence="12" t_id="254">remind</token>
<token number="254" sentence="12" t_id="255">them</token>
<token number="255" sentence="12" t_id="256">what</token>
<token number="256" sentence="12" t_id="257">this</token>
<token number="257" sentence="12" t_id="258">rescue</token>
<token number="258" sentence="12" t_id="259">package</token>
<token number="259" sentence="12" t_id="260">would</token>
<token number="260" sentence="12" t_id="261">do.</token>
<token number="261" sentence="12" t_id="262">.</token>
<token number="262" sentence="13" t_id="263">One</token>
<token number="263" sentence="13" t_id="264">of</token>
<token number="264" sentence="13" t_id="265">the</token>
<token number="265" sentence="13" t_id="266">most</token>
<token number="266" sentence="13" t_id="267">important</token>
<token number="267" sentence="13" t_id="268">things</token>
<token number="268" sentence="13" t_id="269">that</token>
<token number="269" sentence="13" t_id="270">it</token>
<token number="270" sentence="13" t_id="271">would</token>
<token number="271" sentence="13" t_id="272">do</token>
<token number="272" sentence="13" t_id="273">is</token>
<token number="273" sentence="13" t_id="274">to</token>
<token number="274" sentence="13" t_id="275">make</token>
<token number="275" sentence="13" t_id="276">sure</token>
<token number="276" sentence="13" t_id="277">that</token>
<token number="277" sentence="13" t_id="278">everybody</token>
<token number="278" sentence="13" t_id="279">knows</token>
<token number="279" sentence="13" t_id="280">that</token>
<token number="280" sentence="13" t_id="281">their</token>
<token number="281" sentence="13" t_id="282">bank</token>
<token number="282" sentence="13" t_id="283">deposit</token>
<token number="283" sentence="13" t_id="284">is</token>
<token number="284" sentence="13" t_id="285">safe</token>
<token number="285" sentence="13" t_id="286">,</token>
<token number="286" sentence="13" t_id="287">insured</token>
<token number="287" sentence="13" t_id="288">by</token>
<token number="288" sentence="13" t_id="289">the</token>
<token number="289" sentence="13" t_id="290">FDIC</token>
<token number="290" sentence="13" t_id="291">,</token>
<token number="291" sentence="13" t_id="292">and</token>
<token number="292" sentence="13" t_id="293">the</token>
<token number="293" sentence="13" t_id="294">legislation</token>
<token number="294" sentence="13" t_id="295">allowed</token>
<token number="295" sentence="13" t_id="296">for</token>
<token number="296" sentence="13" t_id="297">a</token>
<token number="297" sentence="13" t_id="298">temporary</token>
<token number="298" sentence="13" t_id="299">increase</token>
<token number="299" sentence="13" t_id="300">from</token>
<token number="300" sentence="13" t_id="301">$</token>
<token number="301" sentence="13" t_id="302">100,000</token>
<token number="302" sentence="13" t_id="303">to</token>
<token number="303" sentence="13" t_id="304">$</token>
<token number="304" sentence="13" t_id="305">250,000</token>
<token number="305" sentence="13" t_id="306">.</token>
<token number="306" sentence="14" t_id="307">This</token>
<token number="307" sentence="14" t_id="308">reassures</token>
<token number="308" sentence="14" t_id="309">people</token>
<token number="309" sentence="14" t_id="310">that</token>
<token number="310" sentence="14" t_id="311">their</token>
<token number="311" sentence="14" t_id="312">bank</token>
<token number="312" sentence="14" t_id="313">accounts</token>
<token number="313" sentence="14" t_id="314">are</token>
<token number="314" sentence="14" t_id="315">safe</token>
<token number="315" sentence="14" t_id="316">,</token>
<token number="316" sentence="14" t_id="317">and</token>
<token number="317" sentence="14" t_id="318">that</token>
<token number="318" sentence="14" t_id="319">'s</token>
<token number="319" sentence="14" t_id="320">an</token>
<token number="320" sentence="14" t_id="321">important</token>
<token number="321" sentence="14" t_id="322">message</token>
<token number="322" sentence="14" t_id="323">,</token>
<token number="323" sentence="14" t_id="324">''</token>
<token number="324" sentence="14" t_id="325">she</token>
<token number="325" sentence="14" t_id="326">stated</token>
<token number="326" sentence="14" t_id="327">,</token>
<token number="327" sentence="14" t_id="328">trying</token>
<token number="328" sentence="14" t_id="329">to</token>
<token number="329" sentence="14" t_id="330">reassure</token>
<token number="330" sentence="14" t_id="331">citizens</token>
<token number="331" sentence="14" t_id="332">.</token>
<token number="332" sentence="15" t_id="333">``</token>
<token number="333" sentence="15" t_id="334">But</token>
<token number="334" sentence="15" t_id="335">remember</token>
<token number="335" sentence="15" t_id="336">,</token>
<token number="336" sentence="15" t_id="337">with</token>
<token number="337" sentence="15" t_id="338">this</token>
<token number="338" sentence="15" t_id="339">rescue</token>
<token number="339" sentence="15" t_id="340">package</token>
<token number="340" sentence="15" t_id="341">,</token>
<token number="341" sentence="15" t_id="342">we</token>
<token number="342" sentence="15" t_id="343">asked</token>
<token number="343" sentence="15" t_id="344">the</token>
<token number="344" sentence="15" t_id="345">American</token>
<token number="345" sentence="15" t_id="346">people</token>
<token number="346" sentence="15" t_id="347">to</token>
<token number="347" sentence="15" t_id="348">do</token>
<token number="348" sentence="15" t_id="349">a</token>
<token number="349" sentence="15" t_id="350">really</token>
<token number="350" sentence="15" t_id="351">big</token>
<token number="351" sentence="15" t_id="352">thing</token>
<token number="352" sentence="15" t_id="353">and</token>
<token number="353" sentence="15" t_id="354">commit</token>
<token number="354" sentence="15" t_id="355">a</token>
<token number="355" sentence="15" t_id="356">lot</token>
<token number="356" sentence="15" t_id="357">of</token>
<token number="357" sentence="15" t_id="358">money</token>
<token number="358" sentence="15" t_id="359">in</token>
<token number="359" sentence="15" t_id="360">order</token>
<token number="360" sentence="15" t_id="361">to</token>
<token number="361" sentence="15" t_id="362">help</token>
<token number="362" sentence="15" t_id="363">prevent</token>
<token number="363" sentence="15" t_id="364">the</token>
<token number="364" sentence="15" t_id="365">credit</token>
<token number="365" sentence="15" t_id="366">freeze</token>
<token number="366" sentence="15" t_id="367">from</token>
<token number="367" sentence="15" t_id="368">affecting</token>
<token number="368" sentence="15" t_id="369">everybody</token>
<token number="369" sentence="15" t_id="370">lower</token>
<token number="370" sentence="15" t_id="371">on</token>
<token number="371" sentence="15" t_id="372">down</token>
<token number="372" sentence="15" t_id="373">the</token>
<token number="373" sentence="15" t_id="374">food</token>
<token number="374" sentence="15" t_id="375">chain</token>
<token number="375" sentence="15" t_id="376">.</token>
<token number="376" sentence="16" t_id="377">And</token>
<token number="377" sentence="16" t_id="378">to</token>
<token number="378" sentence="16" t_id="379">that</token>
<token number="379" sentence="16" t_id="380">extent</token>
<token number="380" sentence="16" t_id="381">,</token>
<token number="381" sentence="16" t_id="382">yes</token>
<token number="382" sentence="16" t_id="383">,</token>
<token number="383" sentence="16" t_id="384">the</token>
<token number="384" sentence="16" t_id="385">President</token>
<token number="385" sentence="16" t_id="386">thinks</token>
<token number="386" sentence="16" t_id="387">that</token>
<token number="387" sentence="16" t_id="388">it</token>
<token number="388" sentence="16" t_id="389">'s</token>
<token number="389" sentence="16" t_id="390">important</token>
<token number="390" sentence="16" t_id="391">that</token>
<token number="391" sentence="16" t_id="392">they</token>
<token number="392" sentence="16" t_id="393">hear</token>
<token number="393" sentence="16" t_id="394">from</token>
<token number="394" sentence="16" t_id="395">the</token>
<token number="395" sentence="16" t_id="396">President</token>
<token number="396" sentence="16" t_id="397">of</token>
<token number="397" sentence="16" t_id="398">the</token>
<token number="398" sentence="16" t_id="399">United</token>
<token number="399" sentence="16" t_id="400">States</token>
<token number="400" sentence="16" t_id="401">about</token>
<token number="401" sentence="16" t_id="402">how</token>
<token number="402" sentence="16" t_id="403">he</token>
<token number="403" sentence="16" t_id="404">understands</token>
<token number="404" sentence="16" t_id="405">that</token>
<token number="405" sentence="16" t_id="406">nobody</token>
<token number="406" sentence="16" t_id="407">wanted</token>
<token number="407" sentence="16" t_id="408">to</token>
<token number="408" sentence="16" t_id="409">do</token>
<token number="409" sentence="16" t_id="410">this</token>
<token number="410" sentence="16" t_id="411">legislation</token>
<token number="411" sentence="16" t_id="412">,</token>
<token number="412" sentence="16" t_id="413">however</token>
<token number="413" sentence="16" t_id="414">,</token>
<token number="414" sentence="16" t_id="415">it</token>
<token number="415" sentence="16" t_id="416">was</token>
<token number="416" sentence="16" t_id="417">the</token>
<token number="417" sentence="16" t_id="418">right</token>
<token number="418" sentence="16" t_id="419">thing</token>
<token number="419" sentence="16" t_id="420">to</token>
<token number="420" sentence="16" t_id="421">do.</token>
<token number="421" sentence="16" t_id="422">.</token>
<token number="422" sentence="17" t_id="423">And</token>
<token number="423" sentence="17" t_id="424">now</token>
<token number="424" sentence="17" t_id="425">that</token>
<token number="425" sentence="17" t_id="426">we</token>
<token number="426" sentence="17" t_id="427">'ve</token>
<token number="427" sentence="17" t_id="428">done</token>
<token number="428" sentence="17" t_id="429">it</token>
<token number="429" sentence="17" t_id="430">,</token>
<token number="430" sentence="17" t_id="431">the</token>
<token number="431" sentence="17" t_id="432">most</token>
<token number="432" sentence="17" t_id="433">important</token>
<token number="433" sentence="17" t_id="434">thing</token>
<token number="434" sentence="17" t_id="435">is</token>
<token number="435" sentence="17" t_id="436">that</token>
<token number="436" sentence="17" t_id="437">Treasury</token>
<token number="437" sentence="17" t_id="438">move</token>
<token number="438" sentence="17" t_id="439">in</token>
<token number="439" sentence="17" t_id="440">the</token>
<token number="440" sentence="17" t_id="441">most</token>
<token number="441" sentence="17" t_id="442">expeditious</token>
<token number="442" sentence="17" t_id="443">way</token>
<token number="443" sentence="17" t_id="444">possible</token>
<token number="444" sentence="17" t_id="445">,</token>
<token number="445" sentence="17" t_id="446">to</token>
<token number="446" sentence="17" t_id="447">be</token>
<token number="447" sentence="17" t_id="448">efficient</token>
<token number="448" sentence="17" t_id="449">and</token>
<token number="449" sentence="17" t_id="450">to</token>
<token number="450" sentence="17" t_id="451">be</token>
<token number="451" sentence="17" t_id="452">effective</token>
<token number="452" sentence="17" t_id="453">,</token>
<token number="453" sentence="17" t_id="454">to</token>
<token number="454" sentence="17" t_id="455">make</token>
<token number="455" sentence="17" t_id="456">sure</token>
<token number="456" sentence="17" t_id="457">that</token>
<token number="457" sentence="17" t_id="458">the</token>
<token number="458" sentence="17" t_id="459">plan</token>
<token number="459" sentence="17" t_id="460">will</token>
<token number="460" sentence="17" t_id="461">do</token>
<token number="461" sentence="17" t_id="462">what</token>
<token number="462" sentence="17" t_id="463">it</token>
<token number="463" sentence="17" t_id="464">'s</token>
<token number="464" sentence="17" t_id="465">supposed</token>
<token number="465" sentence="17" t_id="466">to</token>
<token number="466" sentence="17" t_id="467">do</token>
<token number="467" sentence="17" t_id="468">and</token>
<token number="468" sentence="17" t_id="469">un-freeze</token>
<token number="469" sentence="17" t_id="470">these</token>
<token number="470" sentence="17" t_id="471">credit</token>
<token number="471" sentence="17" t_id="472">markets</token>
<token number="472" sentence="17" t_id="473">.</token>
<token number="473" sentence="17" t_id="474">''</token>
<Markables>
<ENTITY_MENTION comment="" head="FTSE 100" m_id="19" syntactic_type="NAM">
<token_anchor t_id="58"/>
<token_anchor t_id="59"/>
<token_anchor t_id="60"/>
</ENTITY_MENTION>
<ENTITY_MENTION comment="" head="one" m_id="21" syntactic_type="PTV">
<token_anchor t_id="63"/>
<token_anchor t_id="64"/>
<token_anchor t_id="65"/>
<token_anchor t_id="66"/>
<token_anchor t_id="67"/>
<token_anchor t_id="68"/>
<token_anchor t_id="69"/>
<token_anchor t_id="70"/>
<token_anchor t_id="71"/>
</ENTITY_MENTION>
<ENTITY_MENTION comment="" head="it" m_id="23" syntactic_type="PRO">
<token_anchor t_id="73"/>
</ENTITY_MENTION>
<ENTITY_MENTION comment="" head="UK" m_id="43" syntactic_type="NAM">
<token_anchor t_id="55"/>
</ENTITY_MENTION>
<ENTITY_MENTION comment="" head="stock markets" m_id="51" syntactic_type="NOM">
<token_anchor t_id="1"/>
<token_anchor t_id="2"/>
<token_anchor t_id="3"/>
</ENTITY_MENTION>
<ENTITY_MENTION comment="" head="stock markets" m_id="2" syntactic_type="NOM">
<token_anchor t_id="11"/>
<token_anchor t_id="12"/>
<token_anchor t_id="13"/>
<token_anchor t_id="14"/>
<token_anchor t_id="15"/>
</ENTITY_MENTION>
<ENTITY_MENTION comment="" head="world" m_id="4" syntactic_type="NOM">
<token_anchor t_id="14"/>
<token_anchor t_id="15"/>
</ENTITY_MENTION>
<ENTITY_MENTION comment="" head="world" m_id="10" syntactic_type="NOM">
<token_anchor t_id="29"/>
<token_anchor t_id="30"/>
<token_anchor t_id="31"/>
</ENTITY_MENTION>
<ENTITY_MENTION comment="" head="US Government" m_id="11" syntactic_type="NAM">
<token_anchor t_id="34"/>
<token_anchor t_id="35"/>
<token_anchor t_id="36"/>
</ENTITY_MENTION>
<ENTITY_MENTION comment="" head="sector" m_id="14" syntactic_type="NOM">
<token_anchor t_id="44"/>
<token_anchor t_id="45"/>
<token_anchor t_id="46"/>
</ENTITY_MENTION>
<ENTITY_MENTION comment="" head="" m_id="17" syntactic_type="APP">
<token_anchor t_id="53"/>
<token_anchor t_id="54"/>
<token_anchor t_id="55"/>
<token_anchor t_id="56"/>
<token_anchor t_id="57"/>
<token_anchor t_id="58"/>
<token_anchor t_id="59"/>
<token_anchor t_id="60"/>
</ENTITY_MENTION>
<ENTITY_MENTION comment="" head="Index" m_id="18" syntactic_type="NOM">
<token_anchor t_id="53"/>
<token_anchor t_id="54"/>
<token_anchor t_id="55"/>
<token_anchor t_id="56"/>
</ENTITY_MENTION>
<EVENT_MENTION aspect="NONE" certainty="CERTAIN" comment="" m_id="20" modality="" polarity="POS" pos="VERB" pred="be" special_cases="NONE" tense="PAST" time="NON_FUTURE">
<token_anchor t_id="62"/>
</EVENT_MENTION>
<EVENT_MENTION aspect="NONE" certainty="CERTAIN" comment="" m_id="22" modality="" polarity="POS" pos="VERB" pred="increase" special_cases="NONE" tense="INFINITIVE" time="NON_FUTURE">
<token_anchor t_id="69"/>
</EVENT_MENTION>
<EVENT_MENTION aspect="NONE" certainty="CERTAIN" comment="" m_id="24" modality="" polarity="POS" pos="VERB" pred="go up" special_cases="NONE" tense="PAST" time="NON_FUTURE">
<token_anchor t_id="74"/>
<token_anchor t_id="75"/>
</EVENT_MENTION>
<EVENT_MENTION aspect="NONE" certainty="CERTAIN" comment="" m_id="27" modality="" polarity="POS" pos="VERB" pred="stay" special_cases="NONE" tense="PAST" time="NON_FUTURE">
<token_anchor t_id="85"/>
</EVENT_MENTION>
<EVENT_MENTION aspect="NONE" certainty="CERTAIN" comment="" m_id="34" modality="" polarity="POS" pos="VERB" pred="be" special_cases="NONE" tense="PRESENT" time="NON_FUTURE">
<token_anchor t_id="23"/>
</EVENT_MENTION>
<EVENT_MENTION aspect="NONE" certainty="CERTAIN" comment="" m_id="52" modality="" polarity="POS" pos="VERB" pred="continue" special_cases="NONE" tense="PRESENT" time="NON_FUTURE">
<token_anchor t_id="4"/>
</EVENT_MENTION>
<EVENT_MENTION aspect="NONE" certainty="CERTAIN" comment="" m_id="3" modality="" polarity="POS" pos="VERB" pred="continue" special_cases="NONE" tense="PAST" time="NON_FUTURE">
<token_anchor t_id="16"/>
</EVENT_MENTION>
<EVENT_MENTION aspect="NONE" certainty="CERTAIN" comment="" m_id="53" modality="" polarity="POS" pos="VERB" pred="fall" special_cases="NONE" tense="INFINITIVE" time="NON_FUTURE">
<token_anchor t_id="6"/>
</EVENT_MENTION>
<EVENT_MENTION aspect="NONE" certainty="CERTAIN" comment="" m_id="5" modality="" polarity="POS" pos="VERB" pred="fall" special_cases="NONE" tense="INFINITIVE" time="NON_FUTURE">
<token_anchor t_id="18"/>
</EVENT_MENTION>
<EVENT_MENTION aspect="NONE" certainty="CERTAIN" comment="" m_id="7" modality="" polarity="POS" pos="OTHER" pred="this" special_cases="NONE" tense="NONE" time="NON_FUTURE">
<token_anchor t_id="22"/>
</EVENT_MENTION>
<EVENT_MENTION aspect="NONE" certainty="CERTAIN" comment="" m_id="8" modality="" polarity="POS" pos="OTHER" pred="ongoing" special_cases="NONE" tense="NONE" time="NON_FUTURE">
<token_anchor t_id="26"/>
</EVENT_MENTION>
<EVENT_MENTION aspect="NONE" certainty="CERTAIN" comment="" m_id="9" modality="" polarity="POS" pos="NOUN" pred="event" special_cases="NONE" tense="NONE" time="NON_FUTURE">
<token_anchor t_id="27"/>
</EVENT_MENTION>
<EVENT_MENTION aspect="NONE" certainty="CERTAIN" comment="" m_id="13" modality="" polarity="POS" pos="NOUN" pred="bail out" special_cases="NONE" tense="NONE" time="NON_FUTURE">
<token_anchor t_id="41"/>
<token_anchor t_id="42"/>
</EVENT_MENTION>
<SIGNAL comment="" m_id="35">
<token_anchor t_id="24"/>
</SIGNAL>
<SIGNAL comment="" m_id="16">
<token_anchor t_id="48"/>
<token_anchor t_id="49"/>
</SIGNAL>
<TIMEX3 anchorTimeID="" beginPoint="" comment="" endPoint="" functionInDocument="CREATION_TIME" m_id="1" type="DATE" value="2008-10-07">
<token_anchor t_id="7"/>
<token_anchor t_id="8"/>
<token_anchor t_id="9"/>
<token_anchor t_id="10"/>
</TIMEX3>
<TIMEX3 anchorTimeID="1" beginPoint="" comment="" endPoint="" functionInDocument="NONE" m_id="6" type="DATE" value="2008-10-07">
<token_anchor t_id="20"/>
</TIMEX3>
<TIMEX3 anchorTimeID="1" beginPoint="" comment="" endPoint="" functionInDocument="NONE" m_id="15" type="TIME" value="2008-10-07T18:00Z">
<token_anchor t_id="50"/>
<token_anchor t_id="51"/>
</TIMEX3>
<VALUE comment="" m_id="25" type="PERCENT">
<token_anchor t_id="77"/>
<token_anchor t_id="78"/>
</VALUE>
<VALUE comment="" m_id="26" type="QUANTITY">
<token_anchor t_id="80"/>
<token_anchor t_id="81"/>
</VALUE>
<VALUE comment="" m_id="28" type="QUANTITY">
<token_anchor t_id="90"/>
</VALUE>
<VALUE comment="" m_id="29" type="QUANTITY">
<token_anchor t_id="87"/>
<token_anchor t_id="88"/>
</VALUE>
<VALUE comment="" m_id="12" type="MONEY">
<token_anchor t_id="38"/>
<token_anchor t_id="39"/>
<token_anchor t_id="40"/>
</VALUE>
<EVENT_MENTION m_id="60">
  <token_anchor t_id="159"/>
</EVENT_MENTION>
<EVENT_MENTION m_id="61">
  <token_anchor t_id="152"/>
</EVENT_MENTION>
<EVENT_MENTION m_id="65">
  <token_anchor t_id="173"/>
</EVENT_MENTION>
<EVENT_MENTION m_id="72">
  <token_anchor t_id="128"/>
</EVENT_MENTION>
<EVENT_MENTION m_id="79">
  <token_anchor t_id="232"/>
</EVENT_MENTION>
<EVENT_MENTION m_id="82">
  <token_anchor t_id="140"/>
</EVENT_MENTION>
<EVENT_MENTION m_id="85">
  <token_anchor t_id="237"/>
</EVENT_MENTION>
<ENTITY_MENTION m_id="56">
  <token_anchor t_id="138"/>
</ENTITY_MENTION>
<ENTITY_MENTION m_id="57">
  <token_anchor t_id="197"/>
  <token_anchor t_id="198"/>
</ENTITY_MENTION>
<ENTITY_MENTION m_id="63">
  <token_anchor t_id="151"/>
</ENTITY_MENTION>
<ENTITY_MENTION m_id="70">
  <token_anchor t_id="169"/>
  <token_anchor t_id="170"/>
  <token_anchor t_id="171"/>
</ENTITY_MENTION>
<ENTITY_MENTION m_id="74">
  <token_anchor t_id="234"/>
  <token_anchor t_id="235"/>
  <token_anchor t_id="236"/>
</ENTITY_MENTION>
<ENTITY_MENTION m_id="75">
  <token_anchor t_id="156"/>
  <token_anchor t_id="157"/>
  <token_anchor t_id="158"/>
</ENTITY_MENTION>
<ENTITY_MENTION m_id="80">
  <token_anchor t_id="122"/>
  <token_anchor t_id="123"/>
  <token_anchor t_id="124"/>
  <token_anchor t_id="125"/>
</ENTITY_MENTION>
<ENTITY_MENTION m_id="84">
  <token_anchor t_id="95"/>
  <token_anchor t_id="96"/>
</ENTITY_MENTION>
<EVENT TAG_DESCRIPTOR="event" class="OTHER" comment="" external_ref="" m_id="38"/><EVENT TAG_DESCRIPTOR="ongoing" class="GRAMMATICAL" comment="" external_ref="" m_id="37"/>
<EVENT TAG_DESCRIPTOR="be" class="GRAMMATICAL" comment="" external_ref="" m_id="36"/><EVENT TAG_DESCRIPTOR="fare" class="OTHER" instance_id="OTH39739817061799526" m_id="97"/>
<EVENT TAG_DESCRIPTOR="run 7 october 2008 dow" class="OTHER" instance_id="OTH40798905040981065" m_id="95"/><EVENT TAG_DESCRIPTOR="continue" class="GRAMMATICAL" comment="" external_ref="" m_id="32"/>
<EVENT TAG_DESCRIPTOR="to fall 7 october 2008 dow" class="OTHER" instance_id="OTH40798640722000176" m_id="93"/><EVENT TAG_DESCRIPTOR="go up 7 october 2008 ftse" class="OTHER" instance_id="OTH40454791504548956" m_id="91"/>
<EVENT TAG_DESCRIPTOR="had fallen 7 october 2008 dow" class="OTHER" instance_id="OTH40798694649733006" m_id="102"/><EVENT TAG_DESCRIPTOR="fall 7 october nasdaq" class="OTHER" instance_id="OTH40431016013142485" m_id="101"/>
<EVENT TAG_DESCRIPTOR="fall" class="OTHER" instance_id="OTH40865090618979097" m_id="100"/><EVENT TAG_DESCRIPTOR="increase" class="OTHER" comment="" external_ref="" m_id="47"/>
<EVENT TAG_DESCRIPTOR="be one of the few" class="GRAMMATICAL" comment="" external_ref="" m_id="46"/><EVENT TAG_DESCRIPTOR="bail out" class="OTHER" comment="" external_ref="" m_id="41"/>
<EVENT TAG_DESCRIPTOR="stay 7 october 2008 ftse" class="OTHER" instance_id="OTH40454915176423226" m_id="86"/><ENTITY TAG_DESCRIPTOR="Worldwide stock markets" ent_type="FIN" external_ref="http://dbpedia.org/resource/Stock_market" instance_id="FIN40197049224228580" m_id="99"/>
<ENTITY TAG_DESCRIPTOR="Dow Jones Industrial Average" ent_type="FIN" external_ref="http://dbpedia.org/resource/Dow_Jones_Industrial_Average" instance_id="FIN39323676120351079" m_id="98"/><ENTITY TAG_DESCRIPTOR="NASDAQ Index (NASDAQ composite)" ent_type="FIN" external_ref="http://dbpedia.org/page/Nasdaq_Composite" instance_id="FIN39324663297288769" m_id="96"/>
<ENTITY TAG_DESCRIPTOR="United Kingdom" ent_type="LOC" external_ref="http://dbpedia.org/resource/United_Kingdom" instance_id="LOC27735930596276101" m_id="94"/><ENTITY TAG_DESCRIPTOR="financial world" ent_type="FIN" instance_id="FIN44060642242291052" m_id="92"/>
<ENTITY TAG_DESCRIPTOR="Earth" ent_type="LOC" external_ref="http://dbpedia.org/resource/Earth" instance_id="LOC27738550854291187" m_id="90"/><ENTITY TAG_DESCRIPTOR="Bank of America" ent_type="ORG" external_ref="http://dbpedia.org/resource/Bank_of_America" instance_id="ORG39669852667789054" m_id="89"/>
<ENTITY TAG_DESCRIPTOR="United States of America " ent_type="LOC" external_ref="http://dbpedia.org/resource/United_States" instance_id="LOC27735327659249054" m_id="88"/><ENTITY TAG_DESCRIPTOR="FTSE 100 index" ent_type="FIN" external_ref="http://dbpedia.org/resource/FTSE_100_Index" instance_id="FIN39676646219701103" m_id="87"/></Markables>
<Relations>
<GLINK r_id="152537">
<source m_id="3"/>
<target m_id="5"/>
</GLINK>
<GLINK r_id="152568">
<source m_id="8"/>
<target m_id="9"/>
</GLINK>
<TLINK comment="" r_id="152710" reltype="IS_INCLUDED" signalID="">
<source m_id="1"/>
<target m_id="5"/>
</TLINK>
<TLINK comment="" r_id="152711" reltype="INCLUDES" signalID="">
<source m_id="5"/>
<target m_id="6"/>
</TLINK>
<TLINK comment="" r_id="152713" reltype="IS_INCLUDED" signalID="">
<source m_id="1"/>
<target m_id="34"/>
</TLINK>
<TLINK comment="" r_id="152714" reltype="INCLUDES" signalID="">
<source m_id="1"/>
<target m_id="20"/>
</TLINK>
<TLINK comment="" r_id="152715" reltype="INCLUDES" signalID="">
<source m_id="1"/>
<target m_id="24"/>
</TLINK>
<TLINK comment="" r_id="152716" reltype="SIMULTANEOUS" signalID="">
<source m_id="5"/>
<target m_id="34"/>
</TLINK>
<TLINK comment="" r_id="152717" reltype="INCLUDES" signalID="">
<source m_id="34"/>
<target m_id="20"/>
</TLINK>
<TLINK comment="" r_id="152718" reltype="BEGUN_BY" signalID="">
<source m_id="20"/>
<target m_id="24"/>
</TLINK>
<TLINK comment="" r_id="152719" reltype="IS_INCLUDED" signalID="">
<source m_id="5"/>
<target m_id="6"/>
</TLINK>
<TLINK comment="" r_id="152720" reltype="AFTER" signalID="35">
<source m_id="34"/>
<target m_id="9"/>
</TLINK>
<TLINK comment="" r_id="152721" reltype="INCLUDES" signalID="">
<source m_id="9"/>
<target m_id="13"/>
</TLINK>
<TLINK comment="" r_id="152722" reltype="SIMULTANEOUS" signalID="15">
<source m_id="15"/>
<target m_id="20"/>
</TLINK>
<TLINK comment="" r_id="152723" reltype="SIMULTANEOUS" signalID="">
<source m_id="24"/>
<target m_id="27"/>
</TLINK>
<HAS_PARTICIPANT comment="" r_id="152724" sem_role="Arg0" sem_role_framework="PROPBANK">
<source m_id="3"/>
<target m_id="2"/>
</HAS_PARTICIPANT>
<HAS_PARTICIPANT comment="" r_id="152726" sem_role="Argm-OTHER" sem_role_framework="PROPBANK">
<source m_id="9"/>
<target m_id="10"/>
</HAS_PARTICIPANT>
<HAS_PARTICIPANT comment="" r_id="152727" sem_role="Arg1" sem_role_framework="PROPBANK">
<source m_id="13"/>
<target m_id="14"/>
</HAS_PARTICIPANT>
<HAS_PARTICIPANT comment="" r_id="152728" sem_role="Arg0" sem_role_framework="PROPBANK">
<source m_id="13"/>
<target m_id="11"/>
</HAS_PARTICIPANT>
<HAS_PARTICIPANT comment="" r_id="152729" sem_role="Arg0" sem_role_framework="PROPBANK">
<source m_id="20"/>
<target m_id="17"/>
</HAS_PARTICIPANT>
<HAS_PARTICIPANT comment="" r_id="152730" sem_role="Arg1" sem_role_framework="PROPBANK">
<source m_id="20"/>
<target m_id="21"/>
</HAS_PARTICIPANT>
<HAS_PARTICIPANT comment="" r_id="152731" sem_role="Arg1" sem_role_framework="PROPBANK">
<source m_id="24"/>
<target m_id="23"/>
</HAS_PARTICIPANT>
<HAS_PARTICIPANT comment="" r_id="152734" sem_role="Arg2" sem_role_framework="PROPBANK">
<source m_id="24"/>
<target m_id="25"/>
</HAS_PARTICIPANT>
<HAS_PARTICIPANT comment="" r_id="152735" sem_role="Arg2" sem_role_framework="PROPBANK">
<source m_id="24"/>
<target m_id="26"/>
</HAS_PARTICIPANT>
<HAS_PARTICIPANT comment="" r_id="152736" sem_role="Arg1" sem_role_framework="PROPBANK">
<source m_id="27"/>
<target m_id="23"/>
</HAS_PARTICIPANT>
<HAS_PARTICIPANT comment="" r_id="152737" sem_role="Arg3" sem_role_framework="PROPBANK">
<source m_id="27"/>
<target m_id="29"/>
</HAS_PARTICIPANT>
<HAS_PARTICIPANT comment="" r_id="152738" sem_role="Arg3" sem_role_framework="PROPBANK">
<source m_id="27"/>
<target m_id="28"/>
</HAS_PARTICIPANT>
<GLINK r_id="163023">
<source m_id="52"/>
<target m_id="53"/>
</GLINK>
<HAS_PARTICIPANT comment="" r_id="163024" sem_role="Arg0" sem_role_framework="PROPBANK">
<source m_id="52"/>
<target m_id="51"/>
</HAS_PARTICIPANT>























<REFERS_TO r_id="163042">
<source m_id="82"/>
<target m_id="102"/>
</REFERS_TO>
<REFERS_TO r_id="163043">
<source m_id="11"/>
<target m_id="88"/>
</REFERS_TO>
<REFERS_TO r_id="163044">
<source m_id="75"/>
<target m_id="89"/>
</REFERS_TO>
<REFERS_TO r_id="163045">
<source m_id="27"/>
<target m_id="86"/>
</REFERS_TO>
<REFERS_TO r_id="163046">
<source m_id="72"/>
<target m_id="93"/>
</REFERS_TO>
<REFERS_TO r_id="163047">
<source m_id="65"/>
<target m_id="101"/>
</REFERS_TO>
<REFERS_TO r_id="163048">
<source m_id="20"/>
<target m_id="46"/>
</REFERS_TO>
<REFERS_TO r_id="163049">
<source m_id="22"/>
<target m_id="47"/>
</REFERS_TO>
<REFERS_TO r_id="163050">
<source m_id="13"/>
<target m_id="41"/>
</REFERS_TO>
<REFERS_TO r_id="163051">
<source m_id="21"/>
<source m_id="18"/>
<source m_id="19"/>
<source m_id="17"/>
<source m_id="23"/>
<source m_id="84"/>
<target m_id="87"/>
</REFERS_TO>
<REFERS_TO r_id="163052">
<source m_id="51"/>
<source m_id="74"/>
<source m_id="2"/>
<target m_id="99"/>
</REFERS_TO>
<REFERS_TO r_id="163053">
<source m_id="56"/>
<source m_id="63"/>
<source m_id="80"/>
<target m_id="98"/>
</REFERS_TO>
<REFERS_TO r_id="163054">
<source m_id="24"/>
<target m_id="91"/>
</REFERS_TO>
<REFERS_TO r_id="163055">
<source m_id="4"/>
<target m_id="90"/>
</REFERS_TO>
<REFERS_TO r_id="163056">
<source m_id="5"/>
<source m_id="7"/>
<source m_id="53"/>
<source m_id="79"/>
<source m_id="85"/>
<target m_id="100"/>
</REFERS_TO>
<REFERS_TO r_id="163057">
<source m_id="14"/>
<source m_id="10"/>
<target m_id="92"/>
</REFERS_TO>
<REFERS_TO r_id="163058">
<source m_id="61"/>
<target m_id="95"/>
</REFERS_TO>
<REFERS_TO r_id="163059">
<source m_id="43"/>
<target m_id="94"/>
</REFERS_TO>
<REFERS_TO r_id="163060">
<source m_id="60"/>
<target m_id="97"/>
</REFERS_TO>
<REFERS_TO r_id="163061">
<source m_id="57"/>
<source m_id="70"/>
<target m_id="96"/>
</REFERS_TO>
<REFERS_TO r_id="163062">
<source m_id="9"/>
<target m_id="38"/>
</REFERS_TO>
<REFERS_TO r_id="163063">
<source m_id="3"/>
<source m_id="52"/>
<target m_id="32"/>
</REFERS_TO>
<REFERS_TO r_id="163064">
<source m_id="8"/>
<target m_id="37"/>
</REFERS_TO>
<REFERS_TO r_id="163065">
<source m_id="34"/>
<target m_id="36"/>
</REFERS_TO>
</Relations>
</Document>