<?xml version="1.0" ?><Document doc_id="114864" doc_name="114864_Global_markets_plunge" lang="en" url="http://en.wikinews.org/wiki/Global_markets_plunge">
<token number="0" sentence="0" t_id="1">Global</token>
<token number="1" sentence="0" t_id="2">markets</token>
<token number="2" sentence="0" t_id="3">plunge</token>
<token number="3" sentence="1" t_id="4">October</token>
<token number="4" sentence="1" t_id="5">10</token>
<token number="5" sentence="1" t_id="6">,</token>
<token number="6" sentence="1" t_id="7">2008</token>
<token number="7" sentence="2" t_id="8">Stock</token>
<token number="8" sentence="2" t_id="9">markets</token>
<token number="9" sentence="2" t_id="10">across</token>
<token number="10" sentence="2" t_id="11">the</token>
<token number="11" sentence="2" t_id="12">world</token>
<token number="12" sentence="2" t_id="13">have</token>
<token number="13" sentence="2" t_id="14">fallen</token>
<token number="14" sentence="2" t_id="15">sharply</token>
<token number="15" sentence="2" t_id="16">with</token>
<token number="16" sentence="2" t_id="17">several</token>
<token number="17" sentence="2" t_id="18">seeing</token>
<token number="18" sentence="2" t_id="19">the</token>
<token number="19" sentence="2" t_id="20">biggest</token>
<token number="20" sentence="2" t_id="21">drop</token>
<token number="21" sentence="2" t_id="22">in</token>
<token number="22" sentence="2" t_id="23">their</token>
<token number="23" sentence="2" t_id="24">history</token>
<token number="24" sentence="2" t_id="25">.</token>
<token number="25" sentence="3" t_id="26">Asian</token>
<token number="26" sentence="3" t_id="27">markets</token>
<token number="27" sentence="3" t_id="28">saw</token>
<token number="28" sentence="3" t_id="29">the</token>
<token number="29" sentence="3" t_id="30">biggest</token>
<token number="30" sentence="3" t_id="31">sell-off</token>
<token number="31" sentence="3" t_id="32">.</token>
<token number="32" sentence="4" t_id="33">The</token>
<token number="33" sentence="4" t_id="34">Nikkei</token>
<token number="34" sentence="4" t_id="35">dropped</token>
<token number="35" sentence="4" t_id="36">9.62</token>
<token number="36" sentence="4" t_id="37">%</token>
<token number="37" sentence="4" t_id="38">to</token>
<token number="38" sentence="4" t_id="39">reach</token>
<token number="39" sentence="4" t_id="40">a</token>
<token number="40" sentence="4" t_id="41">20</token>
<token number="41" sentence="4" t_id="42">year</token>
<token number="42" sentence="4" t_id="43">low</token>
<token number="43" sentence="4" t_id="44">.</token>
<token number="44" sentence="5" t_id="45">Japan</token>
<token number="45" sentence="5" t_id="46">also</token>
<token number="46" sentence="5" t_id="47">saw</token>
<token number="47" sentence="5" t_id="48">a</token>
<token number="48" sentence="5" t_id="49">collapse</token>
<token number="49" sentence="5" t_id="50">of</token>
<token number="50" sentence="5" t_id="51">a</token>
<token number="51" sentence="5" t_id="52">mid-size</token>
<token number="52" sentence="5" t_id="53">insurance</token>
<token number="53" sentence="5" t_id="54">company</token>
<token number="54" sentence="5" t_id="55">,</token>
<token number="55" sentence="5" t_id="56">Yamato</token>
<token number="56" sentence="5" t_id="57">Life</token>
<token number="57" sentence="5" t_id="58">Insurance</token>
<token number="58" sentence="5" t_id="59">Company</token>
<token number="59" sentence="5" t_id="60">,</token>
<token number="60" sentence="5" t_id="61">which</token>
<token number="61" sentence="5" t_id="62">declared</token>
<token number="62" sentence="5" t_id="63">bankruptcy</token>
<token number="63" sentence="5" t_id="64">.</token>
<token number="64" sentence="6" t_id="65">The</token>
<token number="65" sentence="6" t_id="66">Hang</token>
<token number="66" sentence="6" t_id="67">Seng</token>
<token number="67" sentence="6" t_id="68">,</token>
<token number="68" sentence="6" t_id="69">which</token>
<token number="69" sentence="6" t_id="70">was</token>
<token number="70" sentence="6" t_id="71">one</token>
<token number="71" sentence="6" t_id="72">of</token>
<token number="72" sentence="6" t_id="73">the</token>
<token number="73" sentence="6" t_id="74">few</token>
<token number="74" sentence="6" t_id="75">markets</token>
<token number="75" sentence="6" t_id="76">that</token>
<token number="76" sentence="6" t_id="77">was</token>
<token number="77" sentence="6" t_id="78">positive</token>
<token number="78" sentence="6" t_id="79">yesterday</token>
<token number="79" sentence="6" t_id="80">,</token>
<token number="80" sentence="6" t_id="81">fell</token>
<token number="81" sentence="6" t_id="82">7.19</token>
<token number="82" sentence="6" t_id="83">%</token>
<token number="83" sentence="6" t_id="84">.</token>
<token number="84" sentence="7" t_id="85">Australia</token>
<token number="85" sentence="7" t_id="86">dropped</token>
<token number="86" sentence="7" t_id="87">by</token>
<token number="87" sentence="7" t_id="88">8.4</token>
<token number="88" sentence="7" t_id="89">%</token>
<token number="89" sentence="7" t_id="90">and</token>
<token number="90" sentence="7" t_id="91">South</token>
<token number="91" sentence="7" t_id="92">Korea</token>
<token number="92" sentence="7" t_id="93">saw</token>
<token number="93" sentence="7" t_id="94">a</token>
<token number="94" sentence="7" t_id="95">9</token>
<token number="95" sentence="7" t_id="96">%</token>
<token number="96" sentence="7" t_id="97">fall</token>
<token number="97" sentence="7" t_id="98">.</token>
<token number="98" sentence="8" t_id="99">In</token>
<token number="99" sentence="8" t_id="100">Europe</token>
<token number="100" sentence="8" t_id="101">,</token>
<token number="101" sentence="8" t_id="102">markets</token>
<token number="102" sentence="8" t_id="103">dropped</token>
<token number="103" sentence="8" t_id="104">at</token>
<token number="104" sentence="8" t_id="105">the</token>
<token number="105" sentence="8" t_id="106">open</token>
<token number="106" sentence="8" t_id="107">with</token>
<token number="107" sentence="8" t_id="108">the</token>
<token number="108" sentence="8" t_id="109">FTSE</token>
<token number="109" sentence="8" t_id="110">losing</token>
<token number="110" sentence="8" t_id="111">11</token>
<token number="111" sentence="8" t_id="112">%</token>
<token number="112" sentence="8" t_id="113">.</token>
<token number="113" sentence="9" t_id="114">They</token>
<token number="114" sentence="9" t_id="115">have</token>
<token number="115" sentence="9" t_id="116">recovered</token>
<token number="116" sentence="9" t_id="117">only</token>
<token number="117" sentence="9" t_id="118">sightly</token>
<token number="118" sentence="9" t_id="119">with</token>
<token number="119" sentence="9" t_id="120">all</token>
<token number="120" sentence="9" t_id="121">European</token>
<token number="121" sentence="9" t_id="122">markets</token>
<token number="122" sentence="9" t_id="123">losing</token>
<token number="123" sentence="9" t_id="124">more</token>
<token number="124" sentence="9" t_id="125">than</token>
<token number="125" sentence="9" t_id="126">5</token>
<token number="126" sentence="9" t_id="127">%</token>
<token number="127" sentence="9" t_id="128">.</token>
<token number="128" sentence="10" t_id="129">The</token>
<token number="129" sentence="10" t_id="130">European</token>
<token number="130" sentence="10" t_id="131">sell</token>
<token number="131" sentence="10" t_id="132">off</token>
<token number="132" sentence="10" t_id="133">was</token>
<token number="133" sentence="10" t_id="134">more</token>
<token number="134" sentence="10" t_id="135">about</token>
<token number="135" sentence="10" t_id="136">the</token>
<token number="136" sentence="10" t_id="137">Asian</token>
<token number="137" sentence="10" t_id="138">lows</token>
<token number="138" sentence="10" t_id="139">then</token>
<token number="139" sentence="10" t_id="140">any</token>
<token number="140" sentence="10" t_id="141">specific</token>
<token number="141" sentence="10" t_id="142">news</token>
<token number="142" sentence="10" t_id="143">.</token>
<token number="143" sentence="11" t_id="144">European</token>
<token number="144" sentence="11" t_id="145">banks</token>
<token number="145" sentence="11" t_id="146">and</token>
<token number="146" sentence="11" t_id="147">financial</token>
<token number="147" sentence="11" t_id="148">institutes</token>
<token number="148" sentence="11" t_id="149">saw</token>
<token number="149" sentence="11" t_id="150">the</token>
<token number="150" sentence="11" t_id="151">most</token>
<token number="151" sentence="11" t_id="152">selling</token>
<token number="152" sentence="11" t_id="153">.</token>
<token number="153" sentence="12" t_id="154">Also</token>
<token number="154" sentence="12" t_id="155">,</token>
<token number="155" sentence="12" t_id="156">oil</token>
<token number="156" sentence="12" t_id="157">related</token>
<token number="157" sentence="12" t_id="158">companies</token>
<token number="158" sentence="12" t_id="159">saw</token>
<token number="159" sentence="12" t_id="160">large</token>
<token number="160" sentence="12" t_id="161">drops</token>
<token number="161" sentence="12" t_id="162">as</token>
<token number="162" sentence="12" t_id="163">an</token>
<token number="163" sentence="12" t_id="164">result</token>
<token number="164" sentence="12" t_id="165">of</token>
<token number="165" sentence="12" t_id="166">an</token>
<token number="166" sentence="12" t_id="167">expected</token>
<token number="167" sentence="12" t_id="168">decrease</token>
<token number="168" sentence="12" t_id="169">in</token>
<token number="169" sentence="12" t_id="170">oil</token>
<token number="170" sentence="12" t_id="171">consumption</token>
<token number="171" sentence="12" t_id="172">.</token>
<token number="172" sentence="13" t_id="173">The</token>
<token number="173" sentence="13" t_id="174">U.S.</token>
<token number="174" sentence="13" t_id="175">markets</token>
<token number="175" sentence="13" t_id="176">opened</token>
<token number="176" sentence="13" t_id="177">lower</token>
<token number="177" sentence="13" t_id="178">with</token>
<token number="178" sentence="13" t_id="179">the</token>
<token number="179" sentence="13" t_id="180">Dow</token>
<token number="180" sentence="13" t_id="181">Jones</token>
<token number="181" sentence="13" t_id="182">Industrial</token>
<token number="182" sentence="13" t_id="183">Average</token>
<token number="183" sentence="13" t_id="184">falling</token>
<token number="184" sentence="13" t_id="185">below</token>
<token number="185" sentence="13" t_id="186">8,000</token>
<token number="186" sentence="13" t_id="187">,</token>
<token number="187" sentence="13" t_id="188">before</token>
<token number="188" sentence="13" t_id="189">recovering</token>
<token number="189" sentence="13" t_id="190">slightly</token>
<token number="190" sentence="13" t_id="191">.</token>
<token number="191" sentence="14" t_id="192">President</token>
<token number="192" sentence="14" t_id="193">George</token>
<token number="193" sentence="14" t_id="194">W.</token>
<token number="194" sentence="14" t_id="195">Bush</token>
<token number="195" sentence="14" t_id="196">made</token>
<token number="196" sentence="14" t_id="197">an</token>
<token number="197" sentence="14" t_id="198">address</token>
<token number="198" sentence="14" t_id="199">on</token>
<token number="199" sentence="14" t_id="200">the</token>
<token number="200" sentence="14" t_id="201">economy</token>
<token number="201" sentence="14" t_id="202">and</token>
<token number="202" sentence="14" t_id="203">said</token>
<token number="203" sentence="14" t_id="204">markets</token>
<token number="204" sentence="14" t_id="205">were</token>
<token number="205" sentence="14" t_id="206">being</token>
<token number="206" sentence="14" t_id="207">``</token>
<token number="207" sentence="14" t_id="208">driven</token>
<token number="208" sentence="14" t_id="209">by</token>
<token number="209" sentence="14" t_id="210">uncertainty</token>
<token number="210" sentence="14" t_id="211">and</token>
<token number="211" sentence="14" t_id="212">fear</token>
<token number="212" sentence="14" t_id="213">.</token>
<token number="213" sentence="14" t_id="214">''</token>
<token number="214" sentence="15" t_id="215">Oil</token>
<token number="215" sentence="15" t_id="216">has</token>
<token number="216" sentence="15" t_id="217">seen</token>
<token number="217" sentence="15" t_id="218">losses</token>
<token number="218" sentence="15" t_id="219">of</token>
<token number="219" sentence="15" t_id="220">more</token>
<token number="220" sentence="15" t_id="221">than</token>
<token number="221" sentence="15" t_id="222">US$</token>
<token number="222" sentence="15" t_id="223">6</token>
<token number="223" sentence="15" t_id="224">in</token>
<token number="224" sentence="15" t_id="225">trading</token>
<token number="225" sentence="15" t_id="226">with</token>
<token number="226" sentence="15" t_id="227">the</token>
<token number="227" sentence="15" t_id="228">current</token>
<token number="228" sentence="15" t_id="229">price</token>
<token number="229" sentence="15" t_id="230">of</token>
<token number="230" sentence="15" t_id="231">a</token>
<token number="231" sentence="15" t_id="232">barrel</token>
<token number="232" sentence="15" t_id="233">of</token>
<token number="233" sentence="15" t_id="234">oil</token>
<token number="234" sentence="15" t_id="235">less</token>
<token number="235" sentence="15" t_id="236">than</token>
<token number="236" sentence="15" t_id="237">$</token>
<token number="237" sentence="15" t_id="238">80</token>
<token number="238" sentence="15" t_id="239">.</token>
<token number="239" sentence="16" t_id="240">This</token>
<token number="240" sentence="16" t_id="241">is</token>
<token number="241" sentence="16" t_id="242">a</token>
<token number="242" sentence="16" t_id="243">year</token>
<token number="243" sentence="16" t_id="244">low</token>
<token number="244" sentence="16" t_id="245">for</token>
<token number="245" sentence="16" t_id="246">oil</token>
<token number="246" sentence="16" t_id="247">.</token>
<token number="247" sentence="17" t_id="248">News</token>
<token number="248" sentence="17" t_id="249">also</token>
<token number="249" sentence="17" t_id="250">came</token>
<token number="250" sentence="17" t_id="251">out</token>
<token number="251" sentence="17" t_id="252">that</token>
<token number="252" sentence="17" t_id="253">OPEC</token>
<token number="253" sentence="17" t_id="254">will</token>
<token number="254" sentence="17" t_id="255">hold</token>
<token number="255" sentence="17" t_id="256">an</token>
<token number="256" sentence="17" t_id="257">emergency</token>
<token number="257" sentence="17" t_id="258">meeting</token>
<token number="258" sentence="17" t_id="259">on</token>
<token number="259" sentence="17" t_id="260">November</token>
<token number="260" sentence="17" t_id="261">18</token>
<token number="261" sentence="17" t_id="262">to</token>
<token number="262" sentence="17" t_id="263">discuss</token>
<token number="263" sentence="17" t_id="264">the</token>
<token number="264" sentence="17" t_id="265">falling</token>
<token number="265" sentence="17" t_id="266">price</token>
<token number="266" sentence="17" t_id="267">of</token>
<token number="267" sentence="17" t_id="268">oil</token>
<token number="268" sentence="17" t_id="269">.</token>
<token number="269" sentence="18" t_id="270">Charities</token>
<token number="270" sentence="18" t_id="271">,</token>
<token number="271" sentence="18" t_id="272">such</token>
<token number="272" sentence="18" t_id="273">as</token>
<token number="273" sentence="18" t_id="274">Cats</token>
<token number="274" sentence="18" t_id="275">Protection</token>
<token number="275" sentence="18" t_id="276">,</token>
<token number="276" sentence="18" t_id="277">today</token>
<token number="277" sentence="18" t_id="278">said</token>
<token number="278" sentence="18" t_id="279">that</token>
<token number="279" sentence="18" t_id="280">they</token>
<token number="280" sentence="18" t_id="281">have</token>
<token number="281" sentence="18" t_id="282">lost</token>
<token number="282" sentence="18" t_id="283">much</token>
<token number="283" sentence="18" t_id="284">of</token>
<token number="284" sentence="18" t_id="285">their</token>
<token number="285" sentence="18" t_id="286">funds</token>
<token number="286" sentence="18" t_id="287">in</token>
<token number="287" sentence="18" t_id="288">collapsing</token>
<token number="288" sentence="18" t_id="289">banks</token>
<token number="289" sentence="18" t_id="290">.</token>
<token number="290" sentence="19" t_id="291">Cats</token>
<token number="291" sentence="19" t_id="292">Protection</token>
<token number="292" sentence="19" t_id="293">had</token>
<token number="293" sentence="19" t_id="294">a</token>
<token number="294" sentence="19" t_id="295">total</token>
<token number="295" sentence="19" t_id="296">of</token>
<token number="296" sentence="19" t_id="297">#</token>
<token number="297" sentence="19" t_id="298">11.2</token>
<token number="298" sentence="19" t_id="299">million</token>
<token number="299" sentence="19" t_id="300">saved</token>
<token number="300" sentence="19" t_id="301">in</token>
<token number="301" sentence="19" t_id="302">the</token>
<token number="302" sentence="19" t_id="303">now-collapsed</token>
<token number="303" sentence="19" t_id="304">Kaupthing</token>
<token number="304" sentence="19" t_id="305">bank</token>
<token number="305" sentence="19" t_id="306">.</token>
<token number="306" sentence="20" t_id="307">The</token>
<token number="307" sentence="20" t_id="308">British</token>
<token number="308" sentence="20" t_id="309">National</token>
<token number="309" sentence="20" t_id="310">Council</token>
<token number="310" sentence="20" t_id="311">for</token>
<token number="311" sentence="20" t_id="312">Voluntary</token>
<token number="312" sentence="20" t_id="313">Organisations</token>
<token number="313" sentence="20" t_id="314">said</token>
<token number="314" sentence="20" t_id="315">that</token>
<token number="315" sentence="20" t_id="316">60</token>
<token number="316" sentence="20" t_id="317">of</token>
<token number="317" sentence="20" t_id="318">its</token>
<token number="318" sentence="20" t_id="319">6,500</token>
<token number="319" sentence="20" t_id="320">have</token>
<token number="320" sentence="20" t_id="321">lost</token>
<token number="321" sentence="20" t_id="322">money</token>
<token number="322" sentence="20" t_id="323">due</token>
<token number="323" sentence="20" t_id="324">to</token>
<token number="324" sentence="20" t_id="325">the</token>
<token number="325" sentence="20" t_id="326">collapse</token>
<token number="326" sentence="20" t_id="327">of</token>
<token number="327" sentence="20" t_id="328">banks</token>
<token number="328" sentence="20" t_id="329">.</token>
<Markables>
<ENTITY_MENTION comment="" head="Yamato Life Insurance Company" m_id="19" syntactic_type="NAM">
<token_anchor t_id="56"/>
<token_anchor t_id="57"/>
<token_anchor t_id="58"/>
<token_anchor t_id="59"/>
</ENTITY_MENTION>
<ENTITY_MENTION comment="" head="" m_id="20" syntactic_type="APP">
<token_anchor t_id="51"/>
<token_anchor t_id="52"/>
<token_anchor t_id="53"/>
<token_anchor t_id="54"/>
<token_anchor t_id="55"/>
<token_anchor t_id="56"/>
<token_anchor t_id="57"/>
<token_anchor t_id="58"/>
<token_anchor t_id="59"/>
</ENTITY_MENTION>
<ENTITY_MENTION comment="" head="which" m_id="21" syntactic_type="PRO">
<token_anchor t_id="61"/>
</ENTITY_MENTION>
<ENTITY_MENTION comment="" head="world" m_id="24" syntactic_type="NOM">
<token_anchor t_id="11"/>
<token_anchor t_id="12"/>
</ENTITY_MENTION>
<ENTITY_MENTION comment="" head="Japan" m_id="38" syntactic_type="NAM">
<token_anchor t_id="45"/>
</ENTITY_MENTION>
<ENTITY_MENTION comment="" head="markets" m_id="47" syntactic_type="NOM">
<token_anchor t_id="1"/>
<token_anchor t_id="2"/>
</ENTITY_MENTION>
<ENTITY_MENTION comment="" head="Asian" m_id="49" syntactic_type="PRE.NAM">
<token_anchor t_id="26"/>
</ENTITY_MENTION>
<ENTITY_MENTION comment="" head="stock markets" m_id="2" syntactic_type="NOM">
<token_anchor t_id="8"/>
<token_anchor t_id="9"/>
<token_anchor t_id="10"/>
<token_anchor t_id="11"/>
<token_anchor t_id="12"/>
</ENTITY_MENTION>
<ENTITY_MENTION comment="" head="" m_id="4" syntactic_type="HLS">
<token_anchor t_id="17"/>
</ENTITY_MENTION>
<ENTITY_MENTION comment="" head="their" m_id="7" syntactic_type="PRO">
<token_anchor t_id="23"/>
</ENTITY_MENTION>
<ENTITY_MENTION comment="" head="markets" m_id="8" syntactic_type="NOM">
<token_anchor t_id="26"/>
<token_anchor t_id="27"/>
</ENTITY_MENTION>
<ENTITY_MENTION comment="" head="Nikkei" m_id="11" syntactic_type="NAM">
<token_anchor t_id="33"/>
<token_anchor t_id="34"/>
</ENTITY_MENTION>
<ENTITY_MENTION comment="" head="company" m_id="18" syntactic_type="NOM">
<token_anchor t_id="51"/>
<token_anchor t_id="52"/>
<token_anchor t_id="53"/>
<token_anchor t_id="54"/>
</ENTITY_MENTION>
<EVENT_MENTION aspect="NONE" certainty="CERTAIN" comment="" m_id="22" modality="" polarity="POS" pos="VERB" pred="declare" special_cases="NONE" tense="PAST" time="NON_FUTURE">
<token_anchor t_id="62"/>
</EVENT_MENTION>
<EVENT_MENTION aspect="NONE" certainty="CERTAIN" comment="" m_id="23" modality="" polarity="POS" pos="NOUN" pred="bankruptcy" special_cases="NONE" tense="NONE" time="FUTURE">
<token_anchor t_id="63"/>
</EVENT_MENTION>
<EVENT_MENTION aspect="NONE" certainty="CERTAIN" comment="" m_id="36" modality="" polarity="POS" pos="NOUN" pred="low" special_cases="NONE" tense="NONE" time="NON_FUTURE">
<token_anchor t_id="43"/>
</EVENT_MENTION>
<EVENT_MENTION aspect="NONE" certainty="CERTAIN" comment="" m_id="48" modality="" polarity="POS" pos="VERB" pred="plunge" special_cases="NONE" tense="PRESENT" time="NON_FUTURE">
<token_anchor t_id="3"/>
</EVENT_MENTION>
<EVENT_MENTION aspect="PERFECTIVE" certainty="CERTAIN" comment="" m_id="3" modality="" polarity="POS" pos="VERB" pred="fall" special_cases="NONE" tense="PRESENT" time="NON_FUTURE">
<token_anchor t_id="14"/>
</EVENT_MENTION>
<EVENT_MENTION aspect="NONE" certainty="CERTAIN" comment="" m_id="5" modality="" polarity="POS" pos="VERB" pred="see" special_cases="NONE" tense="PRESPART" time="NON_FUTURE">
<token_anchor t_id="18"/>
</EVENT_MENTION>
<EVENT_MENTION aspect="NONE" certainty="CERTAIN" comment="" m_id="6" modality="" polarity="POS" pos="NOUN" pred="drop" special_cases="NONE" tense="NONE" time="NON_FUTURE">
<token_anchor t_id="21"/>
</EVENT_MENTION>
<EVENT_MENTION aspect="NONE" certainty="CERTAIN" comment="" m_id="9" modality="" polarity="POS" pos="VERB" pred="see" special_cases="NONE" tense="PAST" time="NON_FUTURE">
<token_anchor t_id="28"/>
</EVENT_MENTION>
<EVENT_MENTION aspect="PERFECTIVE" certainty="CERTAIN" comment="" m_id="10" modality="" polarity="POS" pos="NOUN" pred="sell-off" special_cases="NONE" tense="NONE" time="NON_FUTURE">
<token_anchor t_id="31"/>
</EVENT_MENTION>
<EVENT_MENTION aspect="NONE" certainty="CERTAIN" comment="" m_id="12" modality="" polarity="POS" pos="VERB" pred="drop" special_cases="NONE" tense="PAST" time="NON_FUTURE">
<token_anchor t_id="35"/>
</EVENT_MENTION>
<EVENT_MENTION aspect="NONE" certainty="CERTAIN" comment="" m_id="14" modality="" polarity="POS" pos="VERB" pred="reach" special_cases="NONE" tense="INFINITIVE" time="NON_FUTURE">
<token_anchor t_id="39"/>
</EVENT_MENTION>
<EVENT_MENTION aspect="NONE" certainty="CERTAIN" comment="" m_id="16" modality="" polarity="POS" pos="VERB" pred="see" special_cases="NONE" tense="PAST" time="NON_FUTURE">
<token_anchor t_id="47"/>
</EVENT_MENTION>
<EVENT_MENTION aspect="NONE" certainty="CERTAIN" comment="" m_id="17" modality="" polarity="POS" pos="NOUN" pred="collapse" special_cases="NONE" tense="FUTURE" time="NON_FUTURE">
<token_anchor t_id="49"/>
</EVENT_MENTION>
<TIMEX3 anchorTimeID="" beginPoint="" comment="" endPoint="" functionInDocument="CREATION_TIME" m_id="1" type="DATE" value="2008-10-10">
<token_anchor t_id="4"/>
<token_anchor t_id="5"/>
<token_anchor t_id="6"/>
<token_anchor t_id="7"/>
</TIMEX3>
<TIMEX3 anchorTimeID="" beginPoint="46" comment="" endPoint="1" functionInDocument="NONE" m_id="15" type="DURATION" value="P20Y">
<token_anchor t_id="40"/>
<token_anchor t_id="41"/>
<token_anchor t_id="42"/>
</TIMEX3>
<VALUE comment="" m_id="13" type="PERCENT">
<token_anchor t_id="36"/>
<token_anchor t_id="37"/>
</VALUE>
<TIMEX3 TAG_DESCRIPTOR="1988" anchorTimeID="" beginPoint="" comment="" endPoint="" functionInDocument="NONE" m_id="46" type="DATE" value="1988"/>
<EVENT_MENTION m_id="50">
  <token_anchor t_id="110"/>
</EVENT_MENTION>
<EVENT_MENTION m_id="53">
  <token_anchor t_id="176"/>
</EVENT_MENTION>
<EVENT_MENTION m_id="67">
  <token_anchor t_id="189"/>
</EVENT_MENTION>
<EVENT_MENTION m_id="69">
  <token_anchor t_id="208"/>
</EVENT_MENTION>
<EVENT_MENTION m_id="72">
  <token_anchor t_id="184"/>
</EVENT_MENTION>
<ENTITY_MENTION m_id="58">
  <token_anchor t_id="108"/>
  <token_anchor t_id="109"/>
</ENTITY_MENTION>
<ENTITY_MENTION m_id="59">
  <token_anchor t_id="173"/>
  <token_anchor t_id="174"/>
  <token_anchor t_id="175"/>
</ENTITY_MENTION>
<ENTITY_MENTION m_id="63">
  <token_anchor t_id="204"/>
</ENTITY_MENTION>
<ENTITY_MENTION m_id="73">
  <token_anchor t_id="179"/>
  <token_anchor t_id="180"/>
  <token_anchor t_id="181"/>
  <token_anchor t_id="182"/>
  <token_anchor t_id="183"/>
</ENTITY_MENTION>
<EVENT TAG_DESCRIPTOR="see" class="SPEECH_COGNITIVE" comment="" external_ref="" m_id="29"/><EVENT TAG_DESCRIPTOR="driven" class="OTHER" instance_id="OTH40887201652752097" m_id="85"/>
<EVENT TAG_DESCRIPTOR="reach" class="OTHER" instance_id="OTH39923775740237822" m_id="83"/><EVENT TAG_DESCRIPTOR="recover" class="OTHER" instance_id="OTH40781841093824947" m_id="82"/>
<EVENT TAG_DESCRIPTOR="open" class="OTHER" instance_id="OTH40616741658095917" m_id="81"/><EVENT TAG_DESCRIPTOR="lose 10 october 2008 ftse" class="OTHER" instance_id="OTH40455637135004600" m_id="79"/>
<EVENT TAG_DESCRIPTOR="collapse" class="OTHER" comment="" external_ref="" m_id="45"/><EVENT TAG_DESCRIPTOR="drop" class="OTHER" instance_id="OTH39923711525558557" m_id="77"/>
<EVENT TAG_DESCRIPTOR="bankruptcy" class="OTHER" comment="" external_ref="" m_id="44"/><EVENT TAG_DESCRIPTOR="large fall start of day 10 october 2008 dow" class="OTHER" instance_id="OTH40803131539499803" m_id="76"/>
<EVENT TAG_DESCRIPTOR="declare" class="SPEECH_COGNITIVE" comment="" external_ref="" m_id="43"/><EVENT TAG_DESCRIPTOR="see collapse" class="SPEECH_COGNITIVE" comment="" external_ref="" m_id="40"/>
<EVENT TAG_DESCRIPTOR="low" class="OTHER" comment="" external_ref="" m_id="37"/><EVENT TAG_DESCRIPTOR="sell-off" class="OTHER" comment="" external_ref="" m_id="33"/>
<EVENT TAG_DESCRIPTOR="see sell-off" class="GRAMMATICAL" comment="" external_ref="" m_id="32"/><EVENT TAG_DESCRIPTOR="drop" class="OTHER" comment="" external_ref="" m_id="30"/>
<EVENT TAG_DESCRIPTOR="fall" class="OTHER" instance_id="OTH40873348555594505" m_id="91"/><ENTITY TAG_DESCRIPTOR="Worldwide stock markets" ent_type="FIN" external_ref="http://dbpedia.org/resource/Stock_market" instance_id="FIN40197049224228580" m_id="89"/>
<ENTITY TAG_DESCRIPTOR="Dow Jones Industrial Average" ent_type="FIN" external_ref="http://dbpedia.org/resource/Dow_Jones_Industrial_Average" instance_id="FIN39323676120351079" m_id="88"/><ENTITY TAG_DESCRIPTOR="Yamato Life Insurance company" ent_type="ORG" external_ref="http://dbpedia.org/resource/Yamato_Life" instance_id="ORG44084909736537488" m_id="87"/>
<ENTITY TAG_DESCRIPTOR="NIKKEI" ent_type="FIN" external_ref="http://dbpedia.org/resource/Nikkei_225" instance_id="FIN39755153334854979" m_id="86"/><ENTITY TAG_DESCRIPTOR="Japan" ent_type="LOC" external_ref="http://dbpedia.org/resource/Japan" instance_id="LOC43998085463520095" m_id="84"/>
<ENTITY TAG_DESCRIPTOR="Earth" ent_type="LOC" external_ref="http://dbpedia.org/resource/Earth" instance_id="LOC27738550854291187" m_id="80"/><ENTITY TAG_DESCRIPTOR="FTSE 100 index" ent_type="FIN" external_ref="http://dbpedia.org/resource/FTSE_100_Index" instance_id="FIN39676646219701103" m_id="78"/>
<ENTITY TAG_DESCRIPTOR="several worldwide stock markets" ent_type="FIN" instance_id="FIN44170042898462974" m_id="75"/><ENTITY TAG_DESCRIPTOR="asian stock markets" ent_type="FIN" instance_id="FIN44084625053963775" m_id="74"/>
<ENTITY TAG_DESCRIPTOR="US stock markets" ent_type="FIN" instance_id="FIN39326930888384754" m_id="90"/></Markables>
<Relations>
<SLINK r_id="153295">
<source m_id="22"/>
<target m_id="23"/>
</SLINK>
<TLINK comment="" r_id="153300" reltype="AFTER" signalID="">
<source m_id="1"/>
<target m_id="3"/>
</TLINK>
<TLINK comment="" r_id="153301" reltype="AFTER" signalID="">
<source m_id="1"/>
<target m_id="9"/>
</TLINK>
<TLINK comment="" r_id="153302" reltype="AFTER" signalID="">
<source m_id="1"/>
<target m_id="12"/>
</TLINK>
<TLINK comment="" r_id="153303" reltype="AFTER" signalID="">
<source m_id="1"/>
<target m_id="16"/>
</TLINK>
<TLINK comment="" r_id="153304" reltype="AFTER" signalID="">
<source m_id="1"/>
<target m_id="22"/>
</TLINK>
<TLINK comment="" r_id="153305" reltype="INCLUDES" signalID="">
<source m_id="3"/>
<target m_id="9"/>
</TLINK>
<TLINK comment="" r_id="153306" reltype="INCLUDES" signalID="">
<source m_id="9"/>
<target m_id="12"/>
</TLINK>
<TLINK comment="" r_id="153308" reltype="BEFORE" signalID="">
<source m_id="17"/>
<target m_id="22"/>
</TLINK>
<TLINK comment="" r_id="153309" reltype="ENDED_BY" signalID="">
<source m_id="15"/>
<target m_id="36"/>
</TLINK>
<TLINK comment="" r_id="153314" reltype="SIMULTANEOUS" signalID="">
<source m_id="12"/>
<target m_id="16"/>
</TLINK>
<TLINK comment="" r_id="153320" reltype="SIMULTANEOUS" signalID="">
<source m_id="16"/>
<target m_id="17"/>
</TLINK>
<TLINK comment="" r_id="153322" reltype="BEGINS" signalID="">
<source m_id="12"/>
<target m_id="14"/>
</TLINK>
<TLINK comment="" r_id="153323" reltype="INCLUDES" signalID="">
<source m_id="3"/>
<target m_id="5"/>
</TLINK>
<TLINK comment="" r_id="153325" reltype="SIMULTANEOUS" signalID="">
<source m_id="5"/>
<target m_id="6"/>
</TLINK>
<HAS_PARTICIPANT comment="" r_id="153328" sem_role="Arg1" sem_role_framework="PROPBANK">
<source m_id="3"/>
<target m_id="2"/>
</HAS_PARTICIPANT>
<HAS_PARTICIPANT comment="" r_id="153329" sem_role="Arg0" sem_role_framework="PROPBANK">
<source m_id="5"/>
<target m_id="4"/>
</HAS_PARTICIPANT>
<HAS_PARTICIPANT comment="" r_id="153330" sem_role="Arg0" sem_role_framework="PROPBANK">
<source m_id="9"/>
<target m_id="8"/>
</HAS_PARTICIPANT>
<HAS_PARTICIPANT comment="" r_id="153332" sem_role="Arg1" sem_role_framework="PROPBANK">
<source m_id="12"/>
<target m_id="11"/>
</HAS_PARTICIPANT>
<HAS_PARTICIPANT comment="" r_id="153333" sem_role="Arg2" sem_role_framework="PROPBANK">
<source m_id="12"/>
<target m_id="13"/>
</HAS_PARTICIPANT>
<HAS_PARTICIPANT comment="" r_id="153334" sem_role="Arg0" sem_role_framework="PROPBANK">
<source m_id="16"/>
<target m_id="38"/>
</HAS_PARTICIPANT>
<HAS_PARTICIPANT comment="" r_id="153335" sem_role="Arg1" sem_role_framework="PROPBANK">
<source m_id="17"/>
<target m_id="20"/>
</HAS_PARTICIPANT>
<HAS_PARTICIPANT comment="" r_id="153336" sem_role="Arg0" sem_role_framework="PROPBANK">
<source m_id="22"/>
<target m_id="21"/>
</HAS_PARTICIPANT>
<HAS_PARTICIPANT comment="" r_id="163020" sem_role="Arg1" sem_role_framework="PROPBANK">
<source m_id="48"/>
<target m_id="47"/>
</HAS_PARTICIPANT>


























<REFERS_TO r_id="163039">
<source m_id="22"/>
<target m_id="43"/>
</REFERS_TO>
<REFERS_TO r_id="163040">
<source m_id="73"/>
<target m_id="88"/>
</REFERS_TO>
<REFERS_TO r_id="163041">
<source m_id="2"/>
<source m_id="47"/>
<target m_id="89"/>
</REFERS_TO>
<REFERS_TO r_id="163042">
<source m_id="67"/>
<target m_id="82"/>
</REFERS_TO>
<REFERS_TO r_id="163043">
<source m_id="14"/>
<target m_id="83"/>
</REFERS_TO>
<REFERS_TO r_id="163044">
<source m_id="24"/>
<target m_id="80"/>
</REFERS_TO>
<REFERS_TO r_id="163045">
<source m_id="53"/>
<target m_id="81"/>
</REFERS_TO>
<REFERS_TO r_id="163046">
<source m_id="11"/>
<target m_id="86"/>
</REFERS_TO>
<REFERS_TO r_id="163047">
<source m_id="18"/>
<source m_id="21"/>
<source m_id="19"/>
<source m_id="20"/>
<target m_id="87"/>
</REFERS_TO>
<REFERS_TO r_id="163048">
<source m_id="38"/>
<target m_id="84"/>
</REFERS_TO>
<REFERS_TO r_id="163049">
<source m_id="69"/>
<target m_id="85"/>
</REFERS_TO>
<REFERS_TO r_id="163050">
<source m_id="23"/>
<target m_id="44"/>
</REFERS_TO>
<REFERS_TO r_id="163051">
<source m_id="17"/>
<target m_id="45"/>
</REFERS_TO>
<REFERS_TO r_id="163052">
<source m_id="5"/>
<target m_id="29"/>
</REFERS_TO>
<REFERS_TO r_id="163053">
<source m_id="16"/>
<target m_id="40"/>
</REFERS_TO>
<REFERS_TO r_id="163054">
<source m_id="12"/>
<target m_id="77"/>
</REFERS_TO>
<REFERS_TO r_id="163055">
<source m_id="72"/>
<target m_id="76"/>
</REFERS_TO>
<REFERS_TO r_id="163056">
<source m_id="4"/>
<source m_id="7"/>
<target m_id="75"/>
</REFERS_TO>
<REFERS_TO r_id="163057">
<source m_id="8"/>
<target m_id="74"/>
</REFERS_TO>
<REFERS_TO r_id="163058">
<source m_id="3"/>
<source m_id="48"/>
<target m_id="91"/>
</REFERS_TO>
<REFERS_TO r_id="163059">
<source m_id="59"/>
<source m_id="63"/>
<target m_id="90"/>
</REFERS_TO>
<REFERS_TO r_id="163060">
<source m_id="50"/>
<target m_id="79"/>
</REFERS_TO>
<REFERS_TO r_id="163061">
<source m_id="58"/>
<target m_id="78"/>
</REFERS_TO>
<REFERS_TO r_id="163062">
<source m_id="10"/>
<target m_id="33"/>
</REFERS_TO>
<REFERS_TO r_id="163063">
<source m_id="9"/>
<target m_id="32"/>
</REFERS_TO>
<REFERS_TO r_id="163064">
<source m_id="6"/>
<target m_id="30"/>
</REFERS_TO>
<REFERS_TO r_id="163065">
<source m_id="36"/>
<target m_id="37"/>
</REFERS_TO>
</Relations>
</Document>