<?xml version="1.0" ?><Document doc_id="114904" doc_name="114904_Dow_Jones_recovers_hundreds_of_points,_before_losing_them_in_minutes" lang="en" url="http://en.wikinews.org/wiki/Dow_Jones_recovers_hundreds_of_points,_before_losing_them_in_minutes">
<token number="0" sentence="0" t_id="1">Dow</token>
<token number="1" sentence="0" t_id="2">Jones</token>
<token number="2" sentence="0" t_id="3">recovers</token>
<token number="3" sentence="0" t_id="4">hundreds</token>
<token number="4" sentence="0" t_id="5">of</token>
<token number="5" sentence="0" t_id="6">points</token>
<token number="6" sentence="0" t_id="7">,</token>
<token number="7" sentence="0" t_id="8">before</token>
<token number="8" sentence="0" t_id="9">losing</token>
<token number="9" sentence="0" t_id="10">them</token>
<token number="10" sentence="0" t_id="11">in</token>
<token number="11" sentence="0" t_id="12">minutes</token>
<token number="12" sentence="1" t_id="13">October</token>
<token number="13" sentence="1" t_id="14">10</token>
<token number="14" sentence="1" t_id="15">,</token>
<token number="15" sentence="1" t_id="16">2008</token>
<token number="16" sentence="2" t_id="17">Following</token>
<token number="17" sentence="2" t_id="18">a</token>
<token number="18" sentence="2" t_id="19">large</token>
<token number="19" sentence="2" t_id="20">fall</token>
<token number="20" sentence="2" t_id="21">at</token>
<token number="21" sentence="2" t_id="22">the</token>
<token number="22" sentence="2" t_id="23">start</token>
<token number="23" sentence="2" t_id="24">of</token>
<token number="24" sentence="2" t_id="25">the</token>
<token number="25" sentence="2" t_id="26">day</token>
<token number="26" sentence="2" t_id="27">,</token>
<token number="27" sentence="2" t_id="28">the</token>
<token number="28" sentence="2" t_id="29">Dow</token>
<token number="29" sentence="2" t_id="30">Jones</token>
<token number="30" sentence="2" t_id="31">Industrial</token>
<token number="31" sentence="2" t_id="32">Average</token>
<token number="32" sentence="2" t_id="33">has</token>
<token number="33" sentence="2" t_id="34">recovered</token>
<token number="34" sentence="2" t_id="35">by</token>
<token number="35" sentence="2" t_id="36">hundreds</token>
<token number="36" sentence="2" t_id="37">of</token>
<token number="37" sentence="2" t_id="38">points</token>
<token number="38" sentence="2" t_id="39">,</token>
<token number="39" sentence="2" t_id="40">with</token>
<token number="40" sentence="2" t_id="41">it</token>
<token number="41" sentence="2" t_id="42">climbing</token>
<token number="42" sentence="2" t_id="43">over</token>
<token number="43" sentence="2" t_id="44">250</token>
<token number="44" sentence="2" t_id="45">points</token>
<token number="45" sentence="2" t_id="46">again</token>
<token number="46" sentence="2" t_id="47">before</token>
<token number="47" sentence="2" t_id="48">dropping</token>
<token number="48" sentence="2" t_id="49">off</token>
<token number="49" sentence="2" t_id="50">to</token>
<token number="50" sentence="2" t_id="51">down</token>
<token number="51" sentence="2" t_id="52">100</token>
<token number="52" sentence="2" t_id="53">in</token>
<token number="53" sentence="2" t_id="54">just</token>
<token number="54" sentence="2" t_id="55">minutes</token>
<token number="55" sentence="2" t_id="56">.</token>
<token number="56" sentence="3" t_id="57">After</token>
<token number="57" sentence="3" t_id="58">going</token>
<token number="58" sentence="3" t_id="59">to</token>
<token number="59" sentence="3" t_id="60">down</token>
<token number="60" sentence="3" t_id="61">100</token>
<token number="61" sentence="3" t_id="62">,</token>
<token number="62" sentence="3" t_id="63">it</token>
<token number="63" sentence="3" t_id="64">climbed</token>
<token number="64" sentence="3" t_id="65">to</token>
<token number="65" sentence="3" t_id="66">12</token>
<token number="66" sentence="3" t_id="67">up</token>
<token number="67" sentence="3" t_id="68">then</token>
<token number="68" sentence="3" t_id="69">three</token>
<token number="69" sentence="3" t_id="70">down</token>
<token number="70" sentence="3" t_id="71">.</token>
<token number="71" sentence="4" t_id="72">Following</token>
<token number="72" sentence="4" t_id="73">going</token>
<token number="73" sentence="4" t_id="74">three</token>
<token number="74" sentence="4" t_id="75">down</token>
<token number="75" sentence="4" t_id="76">,</token>
<token number="76" sentence="4" t_id="77">it</token>
<token number="77" sentence="4" t_id="78">kept</token>
<token number="78" sentence="4" t_id="79">going</token>
<token number="79" sentence="4" t_id="80">up</token>
<token number="80" sentence="4" t_id="81">and</token>
<token number="81" sentence="4" t_id="82">down</token>
<token number="82" sentence="4" t_id="83">between</token>
<token number="83" sentence="4" t_id="84">slightly</token>
<token number="84" sentence="4" t_id="85">up</token>
<token number="85" sentence="4" t_id="86">and</token>
<token number="86" sentence="4" t_id="87">below</token>
<token number="87" sentence="4" t_id="88">zero</token>
<token number="88" sentence="4" t_id="89">.</token>
<token number="89" sentence="5" t_id="90">Following</token>
<token number="90" sentence="5" t_id="91">this</token>
<token number="91" sentence="5" t_id="92">,</token>
<token number="92" sentence="5" t_id="93">the</token>
<token number="93" sentence="5" t_id="94">market</token>
<token number="94" sentence="5" t_id="95">went</token>
<token number="95" sentence="5" t_id="96">to</token>
<token number="96" sentence="5" t_id="97">sixty</token>
<token number="97" sentence="5" t_id="98">down</token>
<token number="98" sentence="5" t_id="99">,</token>
<token number="99" sentence="5" t_id="100">before</token>
<token number="100" sentence="5" t_id="101">recovering</token>
<token number="101" sentence="5" t_id="102">slightly</token>
<token number="102" sentence="5" t_id="103">to</token>
<token number="103" sentence="5" t_id="104">-36</token>
<token number="104" sentence="5" t_id="105">.</token>
<token number="105" sentence="6" t_id="106">That</token>
<token number="106" sentence="6" t_id="107">market</token>
<token number="107" sentence="6" t_id="108">then</token>
<token number="108" sentence="6" t_id="109">hovered</token>
<token number="109" sentence="6" t_id="110">for</token>
<token number="110" sentence="6" t_id="111">a</token>
<token number="111" sentence="6" t_id="112">few</token>
<token number="112" sentence="6" t_id="113">minutes</token>
<token number="113" sentence="6" t_id="114">between</token>
<token number="114" sentence="6" t_id="115">-30</token>
<token number="115" sentence="6" t_id="116">and</token>
<token number="116" sentence="6" t_id="117">-60</token>
<token number="117" sentence="6" t_id="118">,</token>
<token number="118" sentence="6" t_id="119">before</token>
<token number="119" sentence="6" t_id="120">recovering</token>
<token number="120" sentence="6" t_id="121">slightly</token>
<token number="121" sentence="6" t_id="122">to</token>
<token number="122" sentence="6" t_id="123">-11</token>
<token number="123" sentence="6" t_id="124">,</token>
<token number="124" sentence="6" t_id="125">they</token>
<token number="125" sentence="6" t_id="126">going</token>
<token number="126" sentence="6" t_id="127">down</token>
<token number="127" sentence="6" t_id="128">to</token>
<token number="128" sentence="6" t_id="129">-82</token>
<token number="129" sentence="6" t_id="130">again</token>
<token number="130" sentence="6" t_id="131">.</token>
<token number="131" sentence="7" t_id="132">The</token>
<token number="132" sentence="7" t_id="133">index</token>
<token number="133" sentence="7" t_id="134">fell</token>
<token number="134" sentence="7" t_id="135">to</token>
<token number="135" sentence="7" t_id="136">its</token>
<token number="136" sentence="7" t_id="137">lowest</token>
<token number="137" sentence="7" t_id="138">level</token>
<token number="138" sentence="7" t_id="139">in</token>
<token number="139" sentence="7" t_id="140">five</token>
<token number="140" sentence="7" t_id="141">years</token>
<token number="141" sentence="7" t_id="142">at</token>
<token number="142" sentence="7" t_id="143">8,579.19</token>
<token number="143" sentence="7" t_id="144">,</token>
<token number="144" sentence="7" t_id="145">falling</token>
<token number="145" sentence="7" t_id="146">679</token>
<token number="146" sentence="7" t_id="147">points</token>
<token number="147" sentence="7" t_id="148">in</token>
<token number="148" sentence="7" t_id="149">one</token>
<token number="149" sentence="7" t_id="150">day</token>
<token number="150" sentence="7" t_id="151">.</token>
<token number="151" sentence="8" t_id="152">This</token>
<token number="152" sentence="8" t_id="153">,</token>
<token number="153" sentence="8" t_id="154">at</token>
<token number="154" sentence="8" t_id="155">7.3</token>
<token number="155" sentence="8" t_id="156">%</token>
<token number="156" sentence="8" t_id="157">,</token>
<token number="157" sentence="8" t_id="158">is</token>
<token number="158" sentence="8" t_id="159">the</token>
<token number="159" sentence="8" t_id="160">eleventh</token>
<token number="160" sentence="8" t_id="161">largest</token>
<token number="161" sentence="8" t_id="162">percentage</token>
<token number="162" sentence="8" t_id="163">fall</token>
<token number="163" sentence="8" t_id="164">in</token>
<token number="164" sentence="8" t_id="165">the</token>
<token number="165" sentence="8" t_id="166">history</token>
<token number="166" sentence="8" t_id="167">of</token>
<token number="167" sentence="8" t_id="168">the</token>
<token number="168" sentence="8" t_id="169">index</token>
<token number="169" sentence="8" t_id="170">.</token>
<token number="170" sentence="9" t_id="171">The</token>
<token number="171" sentence="9" t_id="172">growth</token>
<token number="172" sentence="9" t_id="173">then</token>
<token number="173" sentence="9" t_id="174">continued</token>
<token number="174" sentence="9" t_id="175">,</token>
<token number="175" sentence="9" t_id="176">with</token>
<token number="176" sentence="9" t_id="177">the</token>
<token number="177" sentence="9" t_id="178">index</token>
<token number="178" sentence="9" t_id="179">being</token>
<token number="179" sentence="9" t_id="180">up</token>
<token number="180" sentence="9" t_id="181">over</token>
<token number="181" sentence="9" t_id="182">150</token>
<token number="182" sentence="9" t_id="183">points</token>
<token number="183" sentence="9" t_id="184">on</token>
<token number="184" sentence="9" t_id="185">the</token>
<token number="185" sentence="9" t_id="186">start</token>
<token number="186" sentence="9" t_id="187">of</token>
<token number="187" sentence="9" t_id="188">the</token>
<token number="188" sentence="9" t_id="189">day</token>
<token number="189" sentence="9" t_id="190">at</token>
<token number="190" sentence="9" t_id="191">one</token>
<token number="191" sentence="9" t_id="192">point</token>
<token number="192" sentence="9" t_id="193">.</token>
<token number="193" sentence="10" t_id="194">Peter</token>
<token number="194" sentence="10" t_id="195">Cardillo</token>
<token number="195" sentence="10" t_id="196">,</token>
<token number="196" sentence="10" t_id="197">chief</token>
<token number="197" sentence="10" t_id="198">market</token>
<token number="198" sentence="10" t_id="199">economist</token>
<token number="199" sentence="10" t_id="200">at</token>
<token number="200" sentence="10" t_id="201">Avalon</token>
<token number="201" sentence="10" t_id="202">Partners</token>
<token number="202" sentence="10" t_id="203">,</token>
<token number="203" sentence="10" t_id="204">commented</token>
<token number="204" sentence="10" t_id="205">on</token>
<token number="205" sentence="10" t_id="206">the</token>
<token number="206" sentence="10" t_id="207">current</token>
<token number="207" sentence="10" t_id="208">financial</token>
<token number="208" sentence="10" t_id="209">situation</token>
<token number="209" sentence="10" t_id="210">in</token>
<token number="210" sentence="10" t_id="211">the</token>
<token number="211" sentence="10" t_id="212">US</token>
<token number="212" sentence="10" t_id="213">.</token>
<token number="213" sentence="11" t_id="214">``</token>
<token number="214" sentence="11" t_id="215">What</token>
<token number="215" sentence="11" t_id="216">we</token>
<token number="216" sentence="11" t_id="217">'ve</token>
<token number="217" sentence="11" t_id="218">seen</token>
<token number="218" sentence="11" t_id="219">here</token>
<token number="219" sentence="11" t_id="220">was</token>
<token number="220" sentence="11" t_id="221">one</token>
<token number="221" sentence="11" t_id="222">big</token>
<token number="222" sentence="11" t_id="223">margin</token>
<token number="223" sentence="11" t_id="224">call</token>
<token number="224" sentence="11" t_id="225">that</token>
<token number="225" sentence="11" t_id="226">just</token>
<token number="226" sentence="11" t_id="227">kept</token>
<token number="227" sentence="11" t_id="228">feeding</token>
<token number="228" sentence="11" t_id="229">on</token>
<token number="229" sentence="11" t_id="230">itself</token>
<token number="230" sentence="11" t_id="231">,</token>
<token number="231" sentence="11" t_id="232">so</token>
<token number="232" sentence="11" t_id="233">the</token>
<token number="233" sentence="11" t_id="234">opposite</token>
<token number="234" sentence="11" t_id="235">could</token>
<token number="235" sentence="11" t_id="236">happen</token>
<token number="236" sentence="11" t_id="237">.</token>
<token number="237" sentence="12" t_id="238">But</token>
<token number="238" sentence="12" t_id="239">you</token>
<token number="239" sentence="12" t_id="240">need</token>
<token number="240" sentence="12" t_id="241">a</token>
<token number="241" sentence="12" t_id="242">catalyst</token>
<token number="242" sentence="12" t_id="243">,</token>
<token number="243" sentence="12" t_id="244">''</token>
<token number="244" sentence="12" t_id="245">he</token>
<token number="245" sentence="12" t_id="246">said</token>
<token number="246" sentence="12" t_id="247">.</token>
<token number="247" sentence="13" t_id="248">''I'</token>
<token number="248" sentence="13" t_id="249">m</token>
<token number="249" sentence="13" t_id="250">more</token>
<token number="250" sentence="13" t_id="251">convinced</token>
<token number="251" sentence="13" t_id="252">now</token>
<token number="252" sentence="13" t_id="253">than</token>
<token number="253" sentence="13" t_id="254">ever</token>
<token number="254" sentence="13" t_id="255">that</token>
<token number="255" sentence="13" t_id="256">this</token>
<token number="256" sentence="13" t_id="257">market</token>
<token number="257" sentence="13" t_id="258">has</token>
<token number="258" sentence="13" t_id="259">made</token>
<token number="259" sentence="13" t_id="260">a</token>
<token number="260" sentence="13" t_id="261">bottom</token>
<token number="261" sentence="13" t_id="262">.</token>
<token number="262" sentence="14" t_id="263">The</token>
<token number="263" sentence="14" t_id="264">capitulation</token>
<token number="264" sentence="14" t_id="265">came</token>
<token number="265" sentence="14" t_id="266">when</token>
<token number="266" sentence="14" t_id="267">we</token>
<token number="267" sentence="14" t_id="268">breached</token>
<token number="268" sentence="14" t_id="269">8,000</token>
<token number="269" sentence="14" t_id="270">,</token>
<token number="270" sentence="14" t_id="271">''</token>
<token number="271" sentence="14" t_id="272">he</token>
<token number="272" sentence="14" t_id="273">continued</token>
<token number="273" sentence="14" t_id="274">.</token>
<token number="274" sentence="15" t_id="275">``</token>
<token number="275" sentence="15" t_id="276">It</token>
<token number="276" sentence="15" t_id="277">does</token>
<token number="277" sentence="15" t_id="278">n't</token>
<token number="278" sentence="15" t_id="279">mean</token>
<token number="279" sentence="15" t_id="280">we</token>
<token number="280" sentence="15" t_id="281">ca</token>
<token number="281" sentence="15" t_id="282">n't</token>
<token number="282" sentence="15" t_id="283">go</token>
<token number="283" sentence="15" t_id="284">back</token>
<token number="284" sentence="15" t_id="285">and</token>
<token number="285" sentence="15" t_id="286">revisit</token>
<token number="286" sentence="15" t_id="287">that</token>
<token number="287" sentence="15" t_id="288">level</token>
<token number="288" sentence="15" t_id="289">.</token>
<token number="289" sentence="15" t_id="290">''</token>
<Markables>
<ENTITY_MENTION comment="" head="it" m_id="27" syntactic_type="PRO">
<token_anchor t_id="77"/>
</ENTITY_MENTION>
<ENTITY_MENTION comment="" head="Dow Jones Industrial Average" m_id="3" syntactic_type="NAM">
<token_anchor t_id="28"/>
<token_anchor t_id="29"/>
<token_anchor t_id="30"/>
<token_anchor t_id="31"/>
<token_anchor t_id="32"/>
</ENTITY_MENTION>
<ENTITY_MENTION comment="" head="market" m_id="36" syntactic_type="NOM">
<token_anchor t_id="93"/>
<token_anchor t_id="94"/>
</ENTITY_MENTION>
<ENTITY_MENTION comment="" head="it" m_id="6" syntactic_type="PRO">
<token_anchor t_id="41"/>
</ENTITY_MENTION>
<ENTITY_MENTION comment="" head="Dow Jones" m_id="50" syntactic_type="NAM">
<token_anchor t_id="1"/>
<token_anchor t_id="2"/>
</ENTITY_MENTION>
<ENTITY_MENTION comment="" head="it" m_id="17" syntactic_type="PRO">
<token_anchor t_id="63"/>
</ENTITY_MENTION>
<EVENT_MENTION aspect="NONE" certainty="CERTAIN" comment="" m_id="25" modality="" polarity="POS" pos="VERB" pred="go" special_cases="NONE" tense="PRESPART" time="NON_FUTURE">
<token_anchor t_id="73"/>
</EVENT_MENTION>
<EVENT_MENTION aspect="" certainty="CERTAIN" comment="" m_id="29" modality="" polarity="POS" pos="OTHER" pred="this" special_cases="NONE" tense="" time="NON_FUTURE">
<token_anchor t_id="91"/>
</EVENT_MENTION>
<EVENT_MENTION aspect="NONE" certainty="CERTAIN" comment="" m_id="30" modality="" polarity="POS" pos="VERB" pred="go" special_cases="NONE" tense="PAST" time="NON_FUTURE">
<token_anchor t_id="95"/>
</EVENT_MENTION>
<EVENT_MENTION aspect="NONE" certainty="CERTAIN" comment="" m_id="33" modality="" polarity="POS" pos="VERB" pred="recover" special_cases="NONE" tense="PRESPART" time="NON_FUTURE">
<token_anchor t_id="101"/>
</EVENT_MENTION>
<EVENT_MENTION aspect="NONE" certainty="CERTAIN" comment="" m_id="35" modality="" polarity="POS" pos="NOUN" pred="" special_cases="NONE" tense="NONE" time="NON_FUTURE">
<token_anchor t_id="20"/>
</EVENT_MENTION>
<EVENT_MENTION aspect="PERFECTIVE" certainty="CERTAIN" comment="" m_id="4" modality="" polarity="POS" pos="VERB" pred="recover" special_cases="NONE" tense="PRESENT" time="NON_FUTURE">
<token_anchor t_id="34"/>
</EVENT_MENTION>
<EVENT_MENTION aspect="NONE" certainty="CERTAIN" comment="" m_id="43" modality="" polarity="POS" pos="VERB" pred="keep" special_cases="NONE" tense="PAST" time="NON_FUTURE">
<token_anchor t_id="78"/>
</EVENT_MENTION>
<EVENT_MENTION aspect="NONE" certainty="CERTAIN" comment="" m_id="44" modality="" polarity="POS" pos="VERB" pred="go" special_cases="NONE" tense="PRESPART" time="NON_FUTURE">
<token_anchor t_id="79"/>
</EVENT_MENTION>
<EVENT_MENTION aspect="NONE" certainty="CERTAIN" comment="" m_id="7" modality="" polarity="POS" pos="VERB" pred="climb" special_cases="NONE" tense="PRESPART" time="NON_FUTURE">
<token_anchor t_id="42"/>
</EVENT_MENTION>
<EVENT_MENTION aspect="NONE" certainty="CERTAIN" comment="" m_id="51" modality="" polarity="POS" pos="VERB" pred="recover" special_cases="NONE" tense="PRESENT" time="NON_FUTURE">
<token_anchor t_id="3"/>
</EVENT_MENTION>
<EVENT_MENTION aspect="NONE" certainty="CERTAIN" comment="" m_id="10" modality="" polarity="POS" pos="VERB" pred="drop off" special_cases="NONE" tense="PRESPART" time="NON_FUTURE">
<token_anchor t_id="48"/>
<token_anchor t_id="49"/>
</EVENT_MENTION>
<EVENT_MENTION aspect="NONE" certainty="CERTAIN" comment="" m_id="54" modality="" polarity="POS" pos="VERB" pred="lose" special_cases="NONE" tense="PRESPART" time="NON_FUTURE">
<token_anchor t_id="9"/>
</EVENT_MENTION>
<EVENT_MENTION aspect="NONE" certainty="CERTAIN" comment="" m_id="15" modality="" polarity="POS" pos="VERB" pred="go" special_cases="NONE" tense="PRESPART" time="NON_FUTURE">
<token_anchor t_id="58"/>
</EVENT_MENTION>
<EVENT_MENTION aspect="NONE" certainty="CERTAIN" comment="" m_id="18" modality="" polarity="POS" pos="VERB" pred="climb" special_cases="NONE" tense="PAST" time="NON_FUTURE">
<token_anchor t_id="64"/>
</EVENT_MENTION>
<SIGNAL comment="" m_id="20">
<token_anchor t_id="68"/>
</SIGNAL>
<SIGNAL comment="" m_id="22">
<token_anchor t_id="17"/>
</SIGNAL>
<SIGNAL comment="" m_id="23">
<token_anchor t_id="72"/>
</SIGNAL>
<SIGNAL comment="" m_id="24">
<token_anchor t_id="90"/>
</SIGNAL>
<SIGNAL comment="" m_id="32">
<token_anchor t_id="100"/>
</SIGNAL>
<SIGNAL comment="" m_id="9">
<token_anchor t_id="47"/>
</SIGNAL>
<SIGNAL comment="" m_id="53">
<token_anchor t_id="8"/>
</SIGNAL>
<SIGNAL comment="" m_id="55">
<token_anchor t_id="11"/>
</SIGNAL>
<SIGNAL comment="" m_id="12">
<token_anchor t_id="53"/>
</SIGNAL>
<SIGNAL comment="" m_id="14">
<token_anchor t_id="57"/>
</SIGNAL>
<TIMEX3 anchorTimeID="" beginPoint="" comment="" endPoint="" functionInDocument="CREATION_TIME" m_id="1" type="DATE" value="2008-10-20">
<token_anchor t_id="13"/>
<token_anchor t_id="14"/>
<token_anchor t_id="15"/>
<token_anchor t_id="16"/>
</TIMEX3>
<TIMEX3 anchorTimeID="1" beginPoint="" comment="" endPoint="" functionInDocument="NONE" m_id="2" type="DATE" value="2008-10-10">
<token_anchor t_id="22"/>
<token_anchor t_id="23"/>
<token_anchor t_id="24"/>
<token_anchor t_id="25"/>
<token_anchor t_id="26"/>
</TIMEX3>
<TIMEX3 anchorTimeID="" beginPoint="" comment="" endPoint="" functionInDocument="NONE" m_id="56" type="DURATION" value="PTXM">
<token_anchor t_id="12"/>
</TIMEX3>
<TIMEX3 anchorTimeID="" beginPoint="" comment="" endPoint="" functionInDocument="NONE" m_id="13" type="DURATION" value="PTXM">
<token_anchor t_id="55"/>
</TIMEX3>
<VALUE comment="" m_id="19" type="QUANTITY">
<token_anchor t_id="66"/>
</VALUE>
<VALUE comment="" m_id="21" type="QUANTITY">
<token_anchor t_id="69"/>
</VALUE>
<VALUE comment="" m_id="26" type="QUANTITY">
<token_anchor t_id="74"/>
</VALUE>
<VALUE comment="" m_id="28" type="QUANTITY">
<token_anchor t_id="88"/>
</VALUE>
<VALUE comment="" m_id="31" type="QUANTITY">
<token_anchor t_id="97"/>
</VALUE>
<VALUE comment="" m_id="34" type="QUANTITY">
<token_anchor t_id="104"/>
</VALUE>
<VALUE comment="" m_id="5" type="QUANTITY">
<token_anchor t_id="36"/>
<token_anchor t_id="37"/>
<token_anchor t_id="38"/>
</VALUE>
<VALUE comment="" m_id="8" type="QUANTITY">
<token_anchor t_id="44"/>
<token_anchor t_id="45"/>
</VALUE>
<VALUE comment="" m_id="52" type="QUANTITY">
<token_anchor t_id="4"/>
<token_anchor t_id="5"/>
<token_anchor t_id="6"/>
</VALUE>
<VALUE comment="" m_id="11" type="QUANTITY">
<token_anchor t_id="52"/>
</VALUE>
<VALUE comment="" m_id="16" type="QUANTITY">
<token_anchor t_id="61"/>
</VALUE>
<EVENT_MENTION m_id="57">
  <token_anchor t_id="134"/>
</EVENT_MENTION>
<EVENT_MENTION m_id="62">
  <token_anchor t_id="179"/>
</EVENT_MENTION>
<EVENT_MENTION m_id="65">
  <token_anchor t_id="152"/>
</EVENT_MENTION>
<EVENT_MENTION m_id="67">
  <token_anchor t_id="109"/>
</EVENT_MENTION>
<EVENT_MENTION m_id="69">
  <token_anchor t_id="172"/>
</EVENT_MENTION>
<EVENT_MENTION m_id="77">
  <token_anchor t_id="145"/>
</EVENT_MENTION>
<EVENT_MENTION m_id="85">
  <token_anchor t_id="163"/>
</EVENT_MENTION>
<EVENT_MENTION m_id="87">
  <token_anchor t_id="126"/>
  <token_anchor t_id="127"/>
</EVENT_MENTION>
<EVENT_MENTION m_id="88">
  <token_anchor t_id="120"/>
</EVENT_MENTION>
<ENTITY_MENTION m_id="61">
  <token_anchor t_id="136"/>
</ENTITY_MENTION>
<ENTITY_MENTION m_id="63">
  <token_anchor t_id="106"/>
  <token_anchor t_id="107"/>
</ENTITY_MENTION>
<ENTITY_MENTION m_id="71">
  <token_anchor t_id="168"/>
  <token_anchor t_id="169"/>
</ENTITY_MENTION>
<ENTITY_MENTION m_id="75">
  <token_anchor t_id="256"/>
  <token_anchor t_id="257"/>
</ENTITY_MENTION>
<ENTITY_MENTION m_id="76">
  <token_anchor t_id="177"/>
  <token_anchor t_id="178"/>
</ENTITY_MENTION>
<ENTITY_MENTION m_id="86">
  <token_anchor t_id="132"/>
  <token_anchor t_id="133"/>
</ENTITY_MENTION>
<EVENT TAG_DESCRIPTOR="recover to -36 10 october 2008 dow" class="OTHER" instance_id="OTH40806714456044902" m_id="99"/><EVENT TAG_DESCRIPTOR="go 60 down 10 october 2008 dow" class="OTHER" instance_id="OTH40806630895065785" m_id="98"/>
<EVENT TAG_DESCRIPTOR="climb to 10 october 2008 dow" class="OTHER" instance_id="OTH40806300995787816" m_id="97"/><EVENT TAG_DESCRIPTOR="recover to -11 10 october 2008 dow" class="OTHER" instance_id="OTH40873439417813534" m_id="96"/>
<EVENT TAG_DESCRIPTOR="hover 10 october 2008 dow" class="OTHER" instance_id="OTH40873313743358599" m_id="107"/><EVENT TAG_DESCRIPTOR="climb over 10 october 2008 dow" class="OTHER" instance_id="OTH40803328887167918" m_id="95"/>
<EVENT TAG_DESCRIPTOR="large fall start of day 10 october 2008 dow" class="OTHER" instance_id="OTH40803131539499803" m_id="94"/><EVENT TAG_DESCRIPTOR="go up and down 10 october 2010 dow" class="OTHER" instance_id="OTH40806524171658669" m_id="105"/>
<EVENT TAG_DESCRIPTOR="go three down 10 october 2008 dow" class="OTHER" instance_id="OTH40806384642767822" m_id="93"/><EVENT TAG_DESCRIPTOR="recover 10 october 2008 dow" class="OTHER" instance_id="OTH40803191091371399" m_id="104"/>
<EVENT TAG_DESCRIPTOR="be 10 october 2008 dow" class="OTHER" instance_id="OTH40877894887274564" m_id="92"/><EVENT TAG_DESCRIPTOR="drop off 10 ocrober 2008 dow" class="OTHER" instance_id="OTH40803409854091025" m_id="103"/>
<EVENT TAG_DESCRIPTOR="fall at 8,579 10 october 2008 dow" class="OTHER" instance_id="OTH40873908419963245" m_id="91"/><EVENT TAG_DESCRIPTOR="go down to -82 10 october 2008 dow" class="OTHER" instance_id="OTH40873528334948674" m_id="102"/>
<EVENT TAG_DESCRIPTOR="fall 679 points 10 october 2009 dow" class="OTHER" instance_id="OTH40874011267367034" m_id="101"/><EVENT TAG_DESCRIPTOR="growth 10 october 2008 dow" class="OTHER" instance_id="OTH40877572804614759" m_id="100"/>
<EVENT TAG_DESCRIPTOR="keep" class="GRAMMATICAL" comment="" external_ref="" m_id="46"/><ENTITY TAG_DESCRIPTOR="Dow Jones Industrial Average" ent_type="FIN" external_ref="http://dbpedia.org/resource/Dow_Jones_Industrial_Average" instance_id="FIN39323676120351079" m_id="106"/></Markables>
<Relations>
<GLINK r_id="162587">
<source m_id="43"/>
<target m_id="44"/>
</GLINK>
<TLINK comment="" r_id="162591" reltype="INCLUDES" signalID="">
<source m_id="1"/>
<target m_id="4"/>
</TLINK>
<TLINK comment="" r_id="162592" reltype="IS_INCLUDED" signalID="">
<source m_id="35"/>
<target m_id="2"/>
</TLINK>
<TLINK comment="" r_id="162593" reltype="BEFORE" signalID="22">
<source m_id="35"/>
<target m_id="4"/>
</TLINK>
<TLINK comment="" r_id="162594" reltype="BEFORE" signalID="9">
<source m_id="7"/>
<target m_id="10"/>
</TLINK>
<TLINK comment="" r_id="162595" reltype="MEASURE" signalID="12">
<source m_id="10"/>
<target m_id="13"/>
</TLINK>
<TLINK comment="" r_id="162596" reltype="INCLUDES" signalID="">
<source m_id="1"/>
<target m_id="18"/>
</TLINK>
<TLINK comment="" r_id="162597" reltype="BEFORE" signalID="">
<source m_id="4"/>
<target m_id="18"/>
</TLINK>
<TLINK comment="" r_id="162598" reltype="BEFORE" signalID="14">
<source m_id="15"/>
<target m_id="18"/>
</TLINK>
<TLINK comment="" r_id="162599" reltype="BEFORE" signalID="">
<source m_id="18"/>
<target m_id="43"/>
</TLINK>
<TLINK comment="" r_id="162600" reltype="BEFORE" signalID="23">
<source m_id="25"/>
<target m_id="43"/>
</TLINK>
<TLINK comment="" r_id="162601" reltype="BEFORE" signalID="">
<source m_id="43"/>
<target m_id="30"/>
</TLINK>
<TLINK comment="" r_id="162602" reltype="BEFORE" signalID="24">
<source m_id="29"/>
<target m_id="30"/>
</TLINK>
<TLINK comment="" r_id="162603" reltype="BEFORE" signalID="32">
<source m_id="30"/>
<target m_id="33"/>
</TLINK>
<HAS_PARTICIPANT comment="" r_id="162605" sem_role="Arg1" sem_role_framework="PROPBANK">
<source m_id="43"/>
<target m_id="27"/>
</HAS_PARTICIPANT>
<HAS_PARTICIPANT comment="" r_id="162606" sem_role="Arg2" sem_role_framework="PROPBANK">
<source m_id="30"/>
<target m_id="31"/>
</HAS_PARTICIPANT>
<HAS_PARTICIPANT comment="" r_id="162607" sem_role="Arg2" sem_role_framework="PROPBANK">
<source m_id="25"/>
<target m_id="26"/>
</HAS_PARTICIPANT>
<HAS_PARTICIPANT comment="" r_id="162608" sem_role="Arg2" sem_role_framework="PROPBANK">
<source m_id="10"/>
<target m_id="11"/>
</HAS_PARTICIPANT>
<HAS_PARTICIPANT comment="" r_id="162609" sem_role="Arg1" sem_role_framework="PROPBANK">
<source m_id="30"/>
<target m_id="36"/>
</HAS_PARTICIPANT>
<HAS_PARTICIPANT comment="" r_id="162610" sem_role="Arg2" sem_role_framework="PROPBANK">
<source m_id="7"/>
<target m_id="8"/>
</HAS_PARTICIPANT>
<HAS_PARTICIPANT comment="" r_id="162611" sem_role="Arg1" sem_role_framework="PROPBANK">
<source m_id="7"/>
<target m_id="6"/>
</HAS_PARTICIPANT>
<HAS_PARTICIPANT comment="" r_id="162612" sem_role="Arg1" sem_role_framework="PROPBANK">
<source m_id="4"/>
<target m_id="5"/>
</HAS_PARTICIPANT>
<HAS_PARTICIPANT comment="" r_id="162613" sem_role="Arg0" sem_role_framework="PROPBANK">
<source m_id="4"/>
<target m_id="3"/>
</HAS_PARTICIPANT>
<HAS_PARTICIPANT comment="" r_id="162614" sem_role="Arg1" sem_role_framework="PROPBANK">
<source m_id="51"/>
<target m_id="52"/>
</HAS_PARTICIPANT>
<HAS_PARTICIPANT comment="" r_id="162615" sem_role="Arg0" sem_role_framework="PROPBANK">
<source m_id="51"/>
<target m_id="50"/>
</HAS_PARTICIPANT>
<HAS_PARTICIPANT comment="" r_id="162616" sem_role="Arg1" sem_role_framework="PROPBANK">
<source m_id="33"/>
<target m_id="34"/>
</HAS_PARTICIPANT>

















<REFERS_TO r_id="163064">
<source m_id="65"/>
<source m_id="77"/>
<source m_id="85"/>
<target m_id="101"/>
</REFERS_TO>
<REFERS_TO r_id="163065">
<source m_id="43"/>
<target m_id="46"/>
</REFERS_TO>
<REFERS_TO r_id="163066">
<source m_id="69"/>
<target m_id="100"/>
</REFERS_TO>
<REFERS_TO r_id="163067">
<source m_id="87"/>
<target m_id="102"/>
</REFERS_TO>
<REFERS_TO r_id="163068">
<source m_id="44"/>
<source m_id="29"/>
<target m_id="105"/>
</REFERS_TO>
<REFERS_TO r_id="163069">
<source m_id="67"/>
<target m_id="107"/>
</REFERS_TO>
<REFERS_TO r_id="163070">
<source m_id="33"/>
<target m_id="99"/>
</REFERS_TO>
<REFERS_TO r_id="163071">
<source m_id="30"/>
<target m_id="98"/>
</REFERS_TO>
<REFERS_TO r_id="163072">
<source m_id="27"/>
<source m_id="61"/>
<source m_id="63"/>
<source m_id="6"/>
<source m_id="71"/>
<source m_id="17"/>
<source m_id="75"/>
<source m_id="76"/>
<source m_id="3"/>
<source m_id="36"/>
<source m_id="50"/>
<source m_id="86"/>
<target m_id="106"/>
</REFERS_TO>
<REFERS_TO r_id="163073">
<source m_id="4"/>
<source m_id="51"/>
<target m_id="104"/>
</REFERS_TO>
<REFERS_TO r_id="163074">
<source m_id="57"/>
<target m_id="91"/>
</REFERS_TO>
<REFERS_TO r_id="163075">
<source m_id="15"/>
<source m_id="10"/>
<source m_id="54"/>
<target m_id="103"/>
</REFERS_TO>
<REFERS_TO r_id="163076">
<source m_id="25"/>
<target m_id="93"/>
</REFERS_TO>
<REFERS_TO r_id="163077">
<source m_id="62"/>
<target m_id="92"/>
</REFERS_TO>
<REFERS_TO r_id="163078">
<source m_id="7"/>
<target m_id="95"/>
</REFERS_TO>
<REFERS_TO r_id="163079">
<source m_id="35"/>
<target m_id="94"/>
</REFERS_TO>
<REFERS_TO r_id="163080">
<source m_id="18"/>
<target m_id="97"/>
</REFERS_TO>
<REFERS_TO r_id="163081">
<source m_id="88"/>
<target m_id="96"/>
</REFERS_TO>
</Relations>
</Document>