<?xml version="1.0" ?><Document doc_id="115064" doc_name="115064_Global_markets_surge_in_value" lang="en" url="http://en.wikinews.org/wiki/Global_markets_surge_in_value">
<token number="0" sentence="0" t_id="1">Global</token>
<token number="1" sentence="0" t_id="2">markets</token>
<token number="2" sentence="0" t_id="3">surge</token>
<token number="3" sentence="0" t_id="4">in</token>
<token number="4" sentence="0" t_id="5">value</token>
<token number="5" sentence="1" t_id="6">October</token>
<token number="6" sentence="1" t_id="7">13</token>
<token number="7" sentence="1" t_id="8">,</token>
<token number="8" sentence="1" t_id="9">2008</token>
<token number="9" sentence="2" t_id="10">Markets</token>
<token number="10" sentence="2" t_id="11">worldwide</token>
<token number="11" sentence="2" t_id="12">have</token>
<token number="12" sentence="2" t_id="13">surged</token>
<token number="13" sentence="2" t_id="14">in</token>
<token number="14" sentence="2" t_id="15">value</token>
<token number="15" sentence="2" t_id="16">following</token>
<token number="16" sentence="2" t_id="17">efforts</token>
<token number="17" sentence="2" t_id="18">by</token>
<token number="18" sentence="2" t_id="19">governments</token>
<token number="19" sentence="2" t_id="20">to</token>
<token number="20" sentence="2" t_id="21">ease</token>
<token number="21" sentence="2" t_id="22">the</token>
<token number="22" sentence="2" t_id="23">effect</token>
<token number="23" sentence="2" t_id="24">of</token>
<token number="24" sentence="2" t_id="25">the</token>
<token number="25" sentence="2" t_id="26">ongoing</token>
<token number="26" sentence="2" t_id="27">financial</token>
<token number="27" sentence="2" t_id="28">crisis</token>
<token number="28" sentence="2" t_id="29">,</token>
<token number="29" sentence="2" t_id="30">which</token>
<token number="30" sentence="2" t_id="31">has</token>
<token number="31" sentence="2" t_id="32">recently</token>
<token number="32" sentence="2" t_id="33">caused</token>
<token number="33" sentence="2" t_id="34">a</token>
<token number="34" sentence="2" t_id="35">massive</token>
<token number="35" sentence="2" t_id="36">decline</token>
<token number="36" sentence="2" t_id="37">in</token>
<token number="37" sentence="2" t_id="38">the</token>
<token number="38" sentence="2" t_id="39">value</token>
<token number="39" sentence="2" t_id="40">of</token>
<token number="40" sentence="2" t_id="41">stock</token>
<token number="41" sentence="2" t_id="42">markets</token>
<token number="42" sentence="2" t_id="43">.</token>
<token number="43" sentence="3" t_id="44">On</token>
<token number="44" sentence="3" t_id="45">Sunday</token>
<token number="45" sentence="3" t_id="46">,</token>
<token number="46" sentence="3" t_id="47">the</token>
<token number="47" sentence="3" t_id="48">fifteen</token>
<token number="48" sentence="3" t_id="49">countries</token>
<token number="49" sentence="3" t_id="50">from</token>
<token number="50" sentence="3" t_id="51">the</token>
<token number="51" sentence="3" t_id="52">Eurogroup</token>
<token number="52" sentence="3" t_id="53">--</token>
<token number="53" sentence="3" t_id="54">that</token>
<token number="54" sentence="3" t_id="55">is</token>
<token number="55" sentence="3" t_id="56">,</token>
<token number="56" sentence="3" t_id="57">those</token>
<token number="57" sentence="3" t_id="58">countries</token>
<token number="58" sentence="3" t_id="59">which</token>
<token number="59" sentence="3" t_id="60">use</token>
<token number="60" sentence="3" t_id="61">the</token>
<token number="61" sentence="3" t_id="62">euro</token>
<token number="62" sentence="3" t_id="63">as</token>
<token number="63" sentence="3" t_id="64">official</token>
<token number="64" sentence="3" t_id="65">currency</token>
<token number="65" sentence="3" t_id="66">--</token>
<token number="66" sentence="3" t_id="67">had</token>
<token number="67" sentence="3" t_id="68">agreed</token>
<token number="68" sentence="3" t_id="69">on</token>
<token number="69" sentence="3" t_id="70">a</token>
<token number="70" sentence="3" t_id="71">joint</token>
<token number="71" sentence="3" t_id="72">plan</token>
<token number="72" sentence="3" t_id="73">to</token>
<token number="73" sentence="3" t_id="74">face</token>
<token number="74" sentence="3" t_id="75">the</token>
<token number="75" sentence="3" t_id="76">crisis</token>
<token number="76" sentence="3" t_id="77">,</token>
<token number="77" sentence="3" t_id="78">which</token>
<token number="78" sentence="3" t_id="79">would</token>
<token number="79" sentence="3" t_id="80">consist</token>
<token number="80" sentence="3" t_id="81">in</token>
<token number="81" sentence="3" t_id="82">supporting</token>
<token number="82" sentence="3" t_id="83">financial</token>
<token number="83" sentence="3" t_id="84">institutions</token>
<token number="84" sentence="3" t_id="85">and</token>
<token number="85" sentence="3" t_id="86">by</token>
<token number="86" sentence="3" t_id="87">guaranteeing</token>
<token number="87" sentence="3" t_id="88">interbank</token>
<token number="88" sentence="3" t_id="89">loans</token>
<token number="89" sentence="3" t_id="90">.</token>
<token number="90" sentence="4" t_id="91">The</token>
<token number="91" sentence="4" t_id="92">Eurogroup</token>
<token number="92" sentence="4" t_id="93">meeting</token>
<token number="93" sentence="4" t_id="94">was</token>
<token number="94" sentence="4" t_id="95">the</token>
<token number="95" sentence="4" t_id="96">last</token>
<token number="96" sentence="4" t_id="97">of</token>
<token number="97" sentence="4" t_id="98">many</token>
<token number="98" sentence="4" t_id="99">which</token>
<token number="99" sentence="4" t_id="100">took</token>
<token number="100" sentence="4" t_id="101">place</token>
<token number="101" sentence="4" t_id="102">during</token>
<token number="102" sentence="4" t_id="103">the</token>
<token number="103" sentence="4" t_id="104">weekend</token>
<token number="104" sentence="4" t_id="105">.</token>
<token number="105" sentence="5" t_id="106">The</token>
<token number="106" sentence="5" t_id="107">G7</token>
<token number="107" sentence="5" t_id="108">nations</token>
<token number="108" sentence="5" t_id="109">had</token>
<token number="109" sentence="5" t_id="110">met</token>
<token number="110" sentence="5" t_id="111">in</token>
<token number="111" sentence="5" t_id="112">Washington</token>
<token number="112" sentence="5" t_id="113">at</token>
<token number="113" sentence="5" t_id="114">the</token>
<token number="114" sentence="5" t_id="115">same</token>
<token number="115" sentence="5" t_id="116">time</token>
<token number="116" sentence="5" t_id="117">that</token>
<token number="117" sentence="5" t_id="118">the</token>
<token number="118" sentence="5" t_id="119">International</token>
<token number="119" sentence="5" t_id="120">Monetary</token>
<token number="120" sentence="5" t_id="121">Fund</token>
<token number="121" sentence="5" t_id="122">and</token>
<token number="122" sentence="5" t_id="123">the</token>
<token number="123" sentence="5" t_id="124">World</token>
<token number="124" sentence="5" t_id="125">Bank</token>
<token number="125" sentence="5" t_id="126">held</token>
<token number="126" sentence="5" t_id="127">their</token>
<token number="127" sentence="5" t_id="128">Autumn</token>
<token number="128" sentence="5" t_id="129">meetings</token>
<token number="129" sentence="5" t_id="130">.</token>
<token number="130" sentence="6" t_id="131">The</token>
<token number="131" sentence="6" t_id="132">Dow</token>
<token number="132" sentence="6" t_id="133">Jones</token>
<token number="133" sentence="6" t_id="134">Industrial</token>
<token number="134" sentence="6" t_id="135">Average</token>
<token number="135" sentence="6" t_id="136">index</token>
<token number="136" sentence="6" t_id="137">is</token>
<token number="137" sentence="6" t_id="138">one</token>
<token number="138" sentence="6" t_id="139">of</token>
<token number="139" sentence="6" t_id="140">the</token>
<token number="140" sentence="6" t_id="141">indexes</token>
<token number="141" sentence="6" t_id="142">that</token>
<token number="142" sentence="6" t_id="143">have</token>
<token number="143" sentence="6" t_id="144">done</token>
<token number="144" sentence="6" t_id="145">particularly</token>
<token number="145" sentence="6" t_id="146">well</token>
<token number="146" sentence="6" t_id="147">today</token>
<token number="147" sentence="6" t_id="148">,</token>
<token number="148" sentence="6" t_id="149">and</token>
<token number="149" sentence="6" t_id="150">it</token>
<token number="150" sentence="6" t_id="151">closed</token>
<token number="151" sentence="6" t_id="152">up</token>
<token number="152" sentence="6" t_id="153">11.08</token>
<token number="153" sentence="6" t_id="154">%</token>
<token number="154" sentence="6" t_id="155">,</token>
<token number="155" sentence="6" t_id="156">well</token>
<token number="156" sentence="6" t_id="157">over</token>
<token number="157" sentence="6" t_id="158">9,000</token>
<token number="158" sentence="6" t_id="159">points</token>
<token number="159" sentence="6" t_id="160">.</token>
<token number="160" sentence="7" t_id="161">General</token>
<token number="161" sentence="7" t_id="162">Motors</token>
<token number="162" sentence="7" t_id="163">was</token>
<token number="163" sentence="7" t_id="164">the</token>
<token number="164" sentence="7" t_id="165">best</token>
<token number="165" sentence="7" t_id="166">performer</token>
<token number="166" sentence="7" t_id="167">in</token>
<token number="167" sentence="7" t_id="168">this</token>
<token number="168" sentence="7" t_id="169">index</token>
<token number="169" sentence="7" t_id="170">,</token>
<token number="170" sentence="7" t_id="171">with</token>
<token number="171" sentence="7" t_id="172">its</token>
<token number="172" sentence="7" t_id="173">value</token>
<token number="173" sentence="7" t_id="174">rising</token>
<token number="174" sentence="7" t_id="175">by</token>
<token number="175" sentence="7" t_id="176">31.49</token>
<token number="176" sentence="7" t_id="177">%</token>
<token number="177" sentence="7" t_id="178">.</token>
<token number="178" sentence="8" t_id="179">The</token>
<token number="179" sentence="8" t_id="180">Nasdaq</token>
<token number="180" sentence="8" t_id="181">rose</token>
<token number="181" sentence="8" t_id="182">by</token>
<token number="182" sentence="8" t_id="183">11.81</token>
<token number="183" sentence="8" t_id="184">%</token>
<token number="184" sentence="8" t_id="185">.</token>
<token number="185" sentence="9" t_id="186">The</token>
<token number="186" sentence="9" t_id="187">FTSE</token>
<token number="187" sentence="9" t_id="188">100</token>
<token number="188" sentence="9" t_id="189">has</token>
<token number="189" sentence="9" t_id="190">today</token>
<token number="190" sentence="9" t_id="191">gone</token>
<token number="191" sentence="9" t_id="192">up</token>
<token number="192" sentence="9" t_id="193">in</token>
<token number="193" sentence="9" t_id="194">value</token>
<token number="194" sentence="9" t_id="195">by</token>
<token number="195" sentence="9" t_id="196">8,26</token>
<token number="196" sentence="9" t_id="197">%</token>
<token number="197" sentence="9" t_id="198">,</token>
<token number="198" sentence="9" t_id="199">to</token>
<token number="199" sentence="9" t_id="200">take</token>
<token number="200" sentence="9" t_id="201">the</token>
<token number="201" sentence="9" t_id="202">index</token>
<token number="202" sentence="9" t_id="203">back</token>
<token number="203" sentence="9" t_id="204">over</token>
<token number="204" sentence="9" t_id="205">the</token>
<token number="205" sentence="9" t_id="206">four</token>
<token number="206" sentence="9" t_id="207">thousand</token>
<token number="207" sentence="9" t_id="208">mark</token>
<token number="208" sentence="9" t_id="209">.</token>
<token number="209" sentence="10" t_id="210">TUI</token>
<token number="210" sentence="10" t_id="211">Travel</token>
<token number="211" sentence="10" t_id="212">was</token>
<token number="212" sentence="10" t_id="213">the</token>
<token number="213" sentence="10" t_id="214">best</token>
<token number="214" sentence="10" t_id="215">performing</token>
<token number="215" sentence="10" t_id="216">company</token>
<token number="216" sentence="10" t_id="217">in</token>
<token number="217" sentence="10" t_id="218">this</token>
<token number="218" sentence="10" t_id="219">index</token>
<token number="219" sentence="10" t_id="220">.</token>
<token number="220" sentence="11" t_id="221">It</token>
<token number="221" sentence="11" t_id="222">went</token>
<token number="222" sentence="11" t_id="223">up</token>
<token number="223" sentence="11" t_id="224">by</token>
<token number="224" sentence="11" t_id="225">41.25</token>
<token number="225" sentence="11" t_id="226">points</token>
<token number="226" sentence="11" t_id="227">(</token>
<token number="227" sentence="11" t_id="228">21.48</token>
<token number="228" sentence="11" t_id="229">%</token>
<token number="229" sentence="11" t_id="230">)</token>
<token number="230" sentence="11" t_id="231">,</token>
<token number="231" sentence="11" t_id="232">to</token>
<token number="232" sentence="11" t_id="233">take</token>
<token number="233" sentence="11" t_id="234">it</token>
<token number="234" sentence="11" t_id="235">to</token>
<token number="235" sentence="11" t_id="236">a</token>
<token number="236" sentence="11" t_id="237">new</token>
<token number="237" sentence="11" t_id="238">share</token>
<token number="238" sentence="11" t_id="239">price</token>
<token number="239" sentence="11" t_id="240">of</token>
<token number="240" sentence="11" t_id="241">233.25</token>
<token number="241" sentence="11" t_id="242">.</token>
<token number="242" sentence="12" t_id="243">Some</token>
<token number="243" sentence="12" t_id="244">shares</token>
<token number="244" sentence="12" t_id="245">in</token>
<token number="245" sentence="12" t_id="246">the</token>
<token number="246" sentence="12" t_id="247">FTSE</token>
<token number="247" sentence="12" t_id="248">,</token>
<token number="248" sentence="12" t_id="249">however</token>
<token number="249" sentence="12" t_id="250">,</token>
<token number="250" sentence="12" t_id="251">have</token>
<token number="251" sentence="12" t_id="252">continued</token>
<token number="252" sentence="12" t_id="253">to</token>
<token number="253" sentence="12" t_id="254">fall</token>
<token number="254" sentence="12" t_id="255">dramatically</token>
<token number="255" sentence="12" t_id="256">.</token>
<token number="256" sentence="13" t_id="257">HBOS</token>
<token number="257" sentence="13" t_id="258">today</token>
<token number="258" sentence="13" t_id="259">dropped</token>
<token number="259" sentence="13" t_id="260">in</token>
<token number="260" sentence="13" t_id="261">value</token>
<token number="261" sentence="13" t_id="262">by</token>
<token number="262" sentence="13" t_id="263">31.48</token>
<token number="263" sentence="13" t_id="264">%</token>
<token number="264" sentence="13" t_id="265">.</token>
<token number="265" sentence="14" t_id="266">The</token>
<token number="266" sentence="14" t_id="267">Brazilian</token>
<token number="267" sentence="14" t_id="268">Bovespa</token>
<token number="268" sentence="14" t_id="269">index</token>
<token number="269" sentence="14" t_id="270">today</token>
<token number="270" sentence="14" t_id="271">went</token>
<token number="271" sentence="14" t_id="272">up</token>
<token number="272" sentence="14" t_id="273">by</token>
<token number="273" sentence="14" t_id="274">14,66</token>
<token number="274" sentence="14" t_id="275">%</token>
<token number="275" sentence="14" t_id="276">,</token>
<token number="276" sentence="14" t_id="277">while</token>
<token number="277" sentence="14" t_id="278">the</token>
<token number="278" sentence="14" t_id="279">Hang</token>
<token number="279" sentence="14" t_id="280">Seng</token>
<token number="280" sentence="14" t_id="281">and</token>
<token number="281" sentence="14" t_id="282">Singapore</token>
<token number="282" sentence="14" t_id="283">Straits</token>
<token number="283" sentence="14" t_id="284">Times</token>
<token number="284" sentence="14" t_id="285">went</token>
<token number="285" sentence="14" t_id="286">up</token>
<token number="286" sentence="14" t_id="287">by</token>
<token number="287" sentence="14" t_id="288">10.24</token>
<token number="288" sentence="14" t_id="289">%</token>
<token number="289" sentence="14" t_id="290">and</token>
<token number="290" sentence="14" t_id="291">6.57</token>
<token number="291" sentence="14" t_id="292">%</token>
<token number="292" sentence="14" t_id="293">respectively</token>
<token number="293" sentence="14" t_id="294">.</token>
<token number="294" sentence="15" t_id="295">Stocks</token>
<token number="295" sentence="15" t_id="296">exchanges</token>
<token number="296" sentence="15" t_id="297">in</token>
<token number="297" sentence="15" t_id="298">Tokyo</token>
<token number="298" sentence="15" t_id="299">,</token>
<token number="299" sentence="15" t_id="300">Buenos</token>
<token number="300" sentence="15" t_id="301">Aires</token>
<token number="301" sentence="15" t_id="302">and</token>
<token number="302" sentence="15" t_id="303">Toronto</token>
<token number="303" sentence="15" t_id="304">were</token>
<token number="304" sentence="15" t_id="305">closed</token>
<token number="305" sentence="15" t_id="306">due</token>
<token number="306" sentence="15" t_id="307">to</token>
<token number="307" sentence="15" t_id="308">national</token>
<token number="308" sentence="15" t_id="309">holidays</token>
<token number="309" sentence="15" t_id="310">.</token>
<Markables>
<ENTITY_MENTION comment="" head="Eurogroup" m_id="20" syntactic_type="NAM">
<token_anchor t_id="51"/>
<token_anchor t_id="52"/>
</ENTITY_MENTION>
<ENTITY_MENTION comment="" head="countries" m_id="21" syntactic_type="NOM">
<token_anchor t_id="57"/>
<token_anchor t_id="58"/>
<token_anchor t_id="59"/>
<token_anchor t_id="60"/>
<token_anchor t_id="61"/>
<token_anchor t_id="62"/>
<token_anchor t_id="63"/>
<token_anchor t_id="64"/>
<token_anchor t_id="65"/>
</ENTITY_MENTION>
<ENTITY_MENTION comment="" head="value" m_id="90" syntactic_type="NOM">
<token_anchor t_id="15"/>
</ENTITY_MENTION>
<ENTITY_MENTION comment="" head="which" m_id="22" syntactic_type="PRO">
<token_anchor t_id="59"/>
</ENTITY_MENTION>
<ENTITY_MENTION comment="" head="markets" m_id="93" syntactic_type="NOM">
<token_anchor t_id="1"/>
<token_anchor t_id="2"/>
</ENTITY_MENTION>
<ENTITY_MENTION comment="" head="Euro" m_id="24" syntactic_type="NAM">
<token_anchor t_id="61"/>
<token_anchor t_id="62"/>
</ENTITY_MENTION>
<ENTITY_MENTION comment="" head="value" m_id="95" syntactic_type="NOM">
<token_anchor t_id="5"/>
</ENTITY_MENTION>
<ENTITY_MENTION comment="" head="institutions" m_id="32" syntactic_type="NOM">
<token_anchor t_id="83"/>
<token_anchor t_id="84"/>
</ENTITY_MENTION>
<ENTITY_MENTION comment="" head="markets" m_id="2" syntactic_type="NOM">
<token_anchor t_id="10"/>
<token_anchor t_id="11"/>
</ENTITY_MENTION>
<ENTITY_MENTION comment="" head="Eurogroup" m_id="36" syntactic_type="NAM">
<token_anchor t_id="91"/>
<token_anchor t_id="92"/>
</ENTITY_MENTION>
<ENTITY_MENTION comment="" head="governments" m_id="6" syntactic_type="NOM">
<token_anchor t_id="19"/>
</ENTITY_MENTION>
<ENTITY_MENTION comment="" head="nations" m_id="42" syntactic_type="NOM">
<token_anchor t_id="106"/>
<token_anchor t_id="107"/>
<token_anchor t_id="108"/>
</ENTITY_MENTION>
<ENTITY_MENTION comment="" head="Washington" m_id="44" syntactic_type="NAM">
<token_anchor t_id="112"/>
</ENTITY_MENTION>
<ENTITY_MENTION comment="" head="International Monetary Fund" m_id="46" syntactic_type="NAM">
<token_anchor t_id="118"/>
<token_anchor t_id="119"/>
<token_anchor t_id="120"/>
<token_anchor t_id="121"/>
</ENTITY_MENTION>
<ENTITY_MENTION comment="" head="value" m_id="14" syntactic_type="NOM">
<token_anchor t_id="38"/>
<token_anchor t_id="39"/>
<token_anchor t_id="40"/>
<token_anchor t_id="41"/>
<token_anchor t_id="42"/>
</ENTITY_MENTION>
<ENTITY_MENTION comment="" head="World Bank" m_id="47" syntactic_type="NAM">
<token_anchor t_id="123"/>
<token_anchor t_id="124"/>
<token_anchor t_id="125"/>
</ENTITY_MENTION>
<ENTITY_MENTION comment="" head="stock markets" m_id="15" syntactic_type="NOM">
<token_anchor t_id="41"/>
<token_anchor t_id="42"/>
</ENTITY_MENTION>
<ENTITY_MENTION comment="" head="" m_id="48" syntactic_type="CONJ">
<token_anchor t_id="118"/>
<token_anchor t_id="119"/>
<token_anchor t_id="120"/>
<token_anchor t_id="121"/>
<token_anchor t_id="122"/>
<token_anchor t_id="123"/>
<token_anchor t_id="124"/>
<token_anchor t_id="125"/>
</ENTITY_MENTION>
<ENTITY_MENTION comment="" head="their" m_id="50" syntactic_type="PRO">
<token_anchor t_id="127"/>
</ENTITY_MENTION>
<ENTITY_MENTION comment="" head="countries" m_id="18" syntactic_type="NOM">
<token_anchor t_id="47"/>
<token_anchor t_id="48"/>
<token_anchor t_id="49"/>
<token_anchor t_id="50"/>
<token_anchor t_id="51"/>
<token_anchor t_id="52"/>
</ENTITY_MENTION>
<EVENT_MENTION aspect="NONE" certainty="CERTAIN" comment="" m_id="51" modality="" polarity="POS" pos="NOUN" pred="meeting" special_cases="NONE" tense="NONE" time="NON_FUTURE">
<token_anchor t_id="129"/>
</EVENT_MENTION>
<EVENT_MENTION aspect="NONE" certainty="CERTAIN" comment="" m_id="78" modality="" polarity="POS" pos="VERB" pred="" special_cases="NONE" tense="NONE" time="FUTURE">
<token_anchor t_id="82"/>
<token_anchor t_id="87"/>
</EVENT_MENTION>
<EVENT_MENTION aspect="NONE" certainty="CERTAIN" comment="" m_id="92" modality="" polarity="POS" pos="NOUN" pred="crisis" special_cases="NONE" tense="NONE" time="NON_FUTURE">
<token_anchor t_id="28"/>
</EVENT_MENTION>
<EVENT_MENTION aspect="NONE" certainty="CERTAIN" comment="" m_id="23" modality="" polarity="POS" pos="VERB" pred="use" special_cases="NONE" tense="PRESENT" time="NON_FUTURE">
<token_anchor t_id="60"/>
</EVENT_MENTION>
<EVENT_MENTION aspect="NONE" certainty="CERTAIN" comment="" m_id="94" modality="" polarity="POS" pos="VERB" pred="surge" special_cases="NONE" tense="PRESENT" time="NON_FUTURE">
<token_anchor t_id="3"/>
</EVENT_MENTION>
<EVENT_MENTION aspect="PERFECTIVE" certainty="CERTAIN" comment="" m_id="25" modality="" polarity="POS" pos="VERB" pred="agree" special_cases="NONE" tense="PAST" time="NON_FUTURE">
<token_anchor t_id="68"/>
</EVENT_MENTION>
<EVENT_MENTION aspect="NONE" certainty="CERTAIN" comment="" m_id="26" modality="" polarity="POS" pos="NOUN" pred="plan" special_cases="NONE" tense="NONE" time="NON_FUTURE">
<token_anchor t_id="72"/>
</EVENT_MENTION>
<EVENT_MENTION aspect="NONE" certainty="POSSIBLE" comment="" m_id="27" modality="" polarity="POS" pos="VERB" pred="face" special_cases="NONE" tense="INFINITIVE" time="FUTURE">
<token_anchor t_id="74"/>
</EVENT_MENTION>
<EVENT_MENTION aspect="NONE" certainty="CERTAIN" comment="" m_id="28" modality="" polarity="POS" pos="NOUN" pred="crisis" special_cases="NONE" tense="NONE" time="NON_FUTURE">
<token_anchor t_id="76"/>
</EVENT_MENTION>
<EVENT_MENTION aspect="NONE" certainty="CERTAIN" comment="" m_id="29" modality="" polarity="POS" pos="OTHER" pred="which" special_cases="NONE" tense="NONE" time="NON_FUTURE">
<token_anchor t_id="78"/>
</EVENT_MENTION>
<EVENT_MENTION aspect="NONE" certainty="CERTAIN" comment="" m_id="30" modality="would" polarity="POS" pos="VERB" pred="consist" special_cases="GEN" tense="NONE" time="FUTURE">
<token_anchor t_id="80"/>
</EVENT_MENTION>
<EVENT_MENTION aspect="NONE" certainty="CERTAIN" comment="" m_id="31" modality="" polarity="POS" pos="VERB" pred="support" special_cases="NONE" tense="PRESPART" time="FUTURE">
<token_anchor t_id="82"/>
</EVENT_MENTION>
<EVENT_MENTION aspect="NONE" certainty="CERTAIN" comment="" m_id="33" modality="" polarity="POS" pos="VERB" pred="guarantee" special_cases="NONE" tense="PRESPART" time="FUTURE">
<token_anchor t_id="87"/>
</EVENT_MENTION>
<EVENT_MENTION aspect="NONE" certainty="" comment="" m_id="34" modality="" polarity="" pos="VERB" pred="loan" special_cases="" tense="NONE" time="">
<token_anchor t_id="89"/>
</EVENT_MENTION>
<EVENT_MENTION aspect="PERFECTIVE" certainty="CERTAIN" comment="" m_id="3" modality="" polarity="POS" pos="VERB" pred="surge" special_cases="NONE" tense="PRESENT" time="NON_FUTURE">
<token_anchor t_id="13"/>
</EVENT_MENTION>
<EVENT_MENTION aspect="NONE" certainty="CERTAIN" comment="" m_id="35" modality="" polarity="POS" pos="NOUN" pred="meeting" special_cases="NONE" tense="NONE" time="NON_FUTURE">
<token_anchor t_id="93"/>
</EVENT_MENTION>
<EVENT_MENTION aspect="NONE" certainty="CERTAIN" comment="" m_id="37" modality="" polarity="POS" pos="VERB" pred="be" special_cases="NONE" tense="PAST" time="NON_FUTURE">
<token_anchor t_id="94"/>
</EVENT_MENTION>
<EVENT_MENTION aspect="NONE" certainty="CERTAIN" comment="" m_id="5" modality="" polarity="POS" pos="NOUN" pred="efforts" special_cases="NONE" tense="NONE" time="NON_FUTURE">
<token_anchor t_id="17"/>
</EVENT_MENTION>
<EVENT_MENTION aspect="NONE" certainty="CERTAIN" comment="" m_id="38" modality="" polarity="POS" pos="OTHER" pred="which" special_cases="NONE" tense="NONE" time="NON_FUTURE">
<token_anchor t_id="99"/>
</EVENT_MENTION>
<EVENT_MENTION aspect="NONE" certainty="CERTAIN" comment="" m_id="39" modality="" polarity="POS" pos="VERB" pred="take place" special_cases="NONE" tense="PAST" time="NON_FUTURE">
<token_anchor t_id="100"/>
<token_anchor t_id="101"/>
</EVENT_MENTION>
<EVENT_MENTION aspect="NONE" certainty="POSSIBLE" comment="" m_id="7" modality="" polarity="POS" pos="VERB" pred="ease" special_cases="NONE" tense="INFINITIVE" time="FUTURE">
<token_anchor t_id="21"/>
</EVENT_MENTION>
<EVENT_MENTION aspect="NONE" certainty="CERTAIN" comment="" m_id="8" modality="" polarity="POS" pos="OTHER" pred="ongoing" special_cases="NONE" tense="NONE" time="NON_FUTURE">
<token_anchor t_id="26"/>
</EVENT_MENTION>
<EVENT_MENTION aspect="NONE" certainty="CERTAIN" comment="" m_id="9" modality="" polarity="POS" pos="OTHER" pred="which" special_cases="NONE" tense="NONE" time="NON_FUTURE">
<token_anchor t_id="30"/>
</EVENT_MENTION>
<EVENT_MENTION aspect="NONE" certainty="CERTAIN" comment="" m_id="10" modality="" polarity="POS" pos="NOUN" pred="effect" special_cases="NONE" tense="NONE" time="NON_FUTURE">
<token_anchor t_id="23"/>
</EVENT_MENTION>
<EVENT_MENTION aspect="PERFECTIVE" certainty="CERTAIN" comment="" m_id="43" modality="" polarity="POS" pos="VERB" pred="meet" special_cases="NONE" tense="PAST" time="NON_FUTURE">
<token_anchor t_id="110"/>
</EVENT_MENTION>
<EVENT_MENTION aspect="NONE" certainty="CERTAIN" comment="" m_id="12" modality="" polarity="POS" pos="VERB" pred="cause" special_cases="NONE" tense="PAST" time="NON_FUTURE">
<token_anchor t_id="33"/>
</EVENT_MENTION>
<EVENT_MENTION aspect="NONE" certainty="CERTAIN" comment="" m_id="13" modality="" polarity="POS" pos="NOUN" pred="decline" special_cases="NONE" tense="NONE" time="NON_FUTURE">
<token_anchor t_id="36"/>
</EVENT_MENTION>
<EVENT_MENTION aspect="NONE" certainty="CERTAIN" comment="" m_id="49" modality="" polarity="POS" pos="VERB" pred="hold" special_cases="NONE" tense="PAST" time="NON_FUTURE">
<token_anchor t_id="126"/>
</EVENT_MENTION>
<SIGNAL comment="" m_id="4">
<token_anchor t_id="16"/>
</SIGNAL>
<SIGNAL comment="" m_id="40">
<token_anchor t_id="102"/>
</SIGNAL>
<SIGNAL comment="" m_id="45">
<token_anchor t_id="113"/>
<token_anchor t_id="114"/>
<token_anchor t_id="115"/>
<token_anchor t_id="116"/>
</SIGNAL>
<SIGNAL comment="" m_id="17">
<token_anchor t_id="44"/>
</SIGNAL>
<TIMEX3 anchorTimeID="1" beginPoint="" comment="" endPoint="" functionInDocument="NONE" m_id="52" type="DATE" value="2008-FA">
<token_anchor t_id="128"/>
</TIMEX3>
<TIMEX3 anchorTimeID="" beginPoint="" comment="" endPoint="" functionInDocument="CREATION_TIME" m_id="1" type="DATE" value="2008-10-13">
<token_anchor t_id="6"/>
<token_anchor t_id="7"/>
<token_anchor t_id="8"/>
<token_anchor t_id="9"/>
</TIMEX3>
<TIMEX3 anchorTimeID="1" beginPoint="" comment="" endPoint="" functionInDocument="NONE" m_id="41" type="DATE" value="2008-W42-WE">
<token_anchor t_id="103"/>
<token_anchor t_id="104"/>
</TIMEX3>
<TIMEX3 anchorTimeID="" beginPoint="" comment="" endPoint="" functionInDocument="NONE" m_id="11" type="DATE" value="PAST_REF">
<token_anchor t_id="32"/>
</TIMEX3>
<TIMEX3 anchorTimeID="1" beginPoint="" comment="" endPoint="" functionInDocument="NONE" m_id="16" type="DATE" value="2008-10-12">
<token_anchor t_id="45"/>
</TIMEX3>
<VALUE comment="" m_id="19" type="QUANTITY">
<token_anchor t_id="48"/>
</VALUE>
<EVENT_MENTION m_id="109">
  <token_anchor t_id="151"/>
</EVENT_MENTION>
<EVENT_MENTION m_id="111">
  <token_anchor t_id="200"/>
  <token_anchor t_id="203"/>
</EVENT_MENTION>
<EVENT_MENTION m_id="122">
  <token_anchor t_id="191"/>
  <token_anchor t_id="192"/>
</EVENT_MENTION>
<EVENT_MENTION m_id="125">
  <token_anchor t_id="181"/>
</EVENT_MENTION>
<ENTITY_MENTION m_id="100">
  <token_anchor t_id="218"/>
  <token_anchor t_id="219"/>
</ENTITY_MENTION>
<ENTITY_MENTION m_id="103">
  <token_anchor t_id="201"/>
  <token_anchor t_id="202"/>
</ENTITY_MENTION>
<ENTITY_MENTION m_id="107">
  <token_anchor t_id="131"/>
  <token_anchor t_id="132"/>
  <token_anchor t_id="133"/>
  <token_anchor t_id="134"/>
  <token_anchor t_id="135"/>
  <token_anchor t_id="136"/>
</ENTITY_MENTION>
<ENTITY_MENTION m_id="108">
  <token_anchor t_id="150"/>
</ENTITY_MENTION>
<ENTITY_MENTION m_id="110">
  <token_anchor t_id="186"/>
  <token_anchor t_id="187"/>
  <token_anchor t_id="188"/>
</ENTITY_MENTION>
<ENTITY_MENTION m_id="112">
  <token_anchor t_id="179"/>
  <token_anchor t_id="180"/>
</ENTITY_MENTION>
<ENTITY_MENTION m_id="113">
  <token_anchor t_id="168"/>
  <token_anchor t_id="169"/>
</ENTITY_MENTION>
<ENTITY_MENTION m_id="114">
  <token_anchor t_id="172"/>
</ENTITY_MENTION>
<ENTITY_MENTION m_id="115">
  <token_anchor t_id="161"/>
  <token_anchor t_id="162"/>
</ENTITY_MENTION>
<ENTITY_MENTION m_id="116">
  <token_anchor t_id="164"/>
  <token_anchor t_id="165"/>
  <token_anchor t_id="166"/>
  <token_anchor t_id="167"/>
  <token_anchor t_id="168"/>
  <token_anchor t_id="169"/>
</ENTITY_MENTION>
<ENTITY_MENTION m_id="118">
  <token_anchor t_id="138"/>
  <token_anchor t_id="139"/>
  <token_anchor t_id="140"/>
  <token_anchor t_id="141"/>
  <token_anchor t_id="142"/>
  <token_anchor t_id="143"/>
  <token_anchor t_id="144"/>
  <token_anchor t_id="145"/>
  <token_anchor t_id="146"/>
  <token_anchor t_id="147"/>
</ENTITY_MENTION>
<ENTITY_MENTION m_id="133">
  <token_anchor t_id="246"/>
  <token_anchor t_id="247"/>
</ENTITY_MENTION>
<EVENT TAG_DESCRIPTOR="effect" class="OTHER" comment="" external_ref="" m_id="58"/><EVENT TAG_DESCRIPTOR="agree" class="SPEECH_COGNITIVE" comment="" external_ref="" m_id="89"/>
<EVENT TAG_DESCRIPTOR="ease" class="OTHER" comment="" external_ref="" m_id="57"/><EVENT TAG_DESCRIPTOR="Monetary fund meeting" class="OTHER" comment="" external_ref="" m_id="88"/>
<EVENT TAG_DESCRIPTOR="effort" class="OTHER" comment="" external_ref="" m_id="55"/><EVENT TAG_DESCRIPTOR="hold" class="GRAMMATICAL" comment="" external_ref="" m_id="87"/>
<EVENT TAG_DESCRIPTOR="meet" class="OTHER" comment="" external_ref="" m_id="83"/><EVENT TAG_DESCRIPTOR="take place" class="GRAMMATICAL" comment="" external_ref="" m_id="81"/>
<EVENT TAG_DESCRIPTOR="be" class="GRAMMATICAL" comment="" external_ref="" m_id="80"/><EVENT TAG_DESCRIPTOR="meeting" class="OTHER" comment="" external_ref="" m_id="79"/>
<EVENT TAG_DESCRIPTOR="support and guaranteeing" class="OTHER" comment="" external_ref="" m_id="77"/><EVENT TAG_DESCRIPTOR="loan" class="OTHER" comment="" external_ref="" m_id="76"/>
<EVENT TAG_DESCRIPTOR="guarantee" class="OTHER" comment="" external_ref="" m_id="75"/><EVENT TAG_DESCRIPTOR="take back 13 october 2008 ftse" class="OTHER" instance_id="OTH40456376894263737" m_id="152"/>
<EVENT TAG_DESCRIPTOR="surge" class="OTHER" instance_id="OTH40874092106784151" m_id="151"/><EVENT TAG_DESCRIPTOR="support" class="OTHER" comment="" external_ref="" m_id="72"/>
<EVENT TAG_DESCRIPTOR="consist" class="OTHER" comment="" external_ref="" m_id="71"/><EVENT TAG_DESCRIPTOR="face" class="OTHER" comment="" external_ref="" m_id="70"/>
<EVENT TAG_DESCRIPTOR="plan" class="OTHER" comment="" external_ref="" m_id="69"/><EVENT TAG_DESCRIPTOR="close 13 october 2008 dow" class="OTHER" instance_id="OTH40813516231406027" m_id="146"/>
<EVENT TAG_DESCRIPTOR="go up 13 october 2008 ftse " class="OTHER" instance_id="OTH40455947215164263" m_id="145"/><EVENT TAG_DESCRIPTOR="use" class="OTHER" comment="" external_ref="" m_id="67"/>
<EVENT TAG_DESCRIPTOR="rise 13 october 2008 nasdaq" class="OTHER" instance_id="OTH40431257227622100" m_id="143"/><EVENT TAG_DESCRIPTOR="decline" class="OTHER" comment="" external_ref="" m_id="63"/>
<EVENT TAG_DESCRIPTOR="cause" class="GRAMMATICAL" comment="" external_ref="" m_id="62"/><EVENT TAG_DESCRIPTOR="crisis" class="OTHER" comment="" external_ref="" m_id="61"/>
<EVENT TAG_DESCRIPTOR="ongoing" class="GRAMMATICAL" comment="" external_ref="" m_id="60"/><ENTITY TAG_DESCRIPTOR="FTSE 100 index" ent_type="FIN" external_ref="http://dbpedia.org/resource/FTSE_100_Index" instance_id="FIN39676646219701103" m_id="139"/>
<ENTITY TAG_DESCRIPTOR="government" ent_type="ORG" external_ref="http://dbpedia.org/resource/Government" instance_id="ORG44170112909934059" m_id="138"/><ENTITY TAG_DESCRIPTOR="Washington D.C., USA" ent_type="LOC" external_ref="http://dbpedia.org/resource/Washington,_D.C." instance_id="LOC51919899879942766" m_id="137"/>
<ENTITY TAG_DESCRIPTOR="International Monetary Fund and World Bank" ent_type="ORG" instance_id="ORG44086316744258890" m_id="136"/><ENTITY TAG_DESCRIPTOR="International Monetary Fund" ent_type="ORG" external_ref="http://dbpedia.org/resource/International_Monetary_Fund" instance_id="ORG44086303551319096" m_id="135"/>
<ENTITY TAG_DESCRIPTOR="Eurogroup" ent_type="ORG" external_ref="http://dbpedia.org/resource/Eurogroup" instance_id="ORG44170254268191532" m_id="134"/><ENTITY TAG_DESCRIPTOR="World Bank" ent_type="ORG" external_ref="http://dbpedia.org/resource/World_Bank" instance_id="ORG44086239020724402" m_id="155"/>
<ENTITY TAG_DESCRIPTOR="Dow Jones Industrial Average" ent_type="FIN" external_ref="http://dbpedia.org/resource/Dow_Jones_Industrial_Average" instance_id="FIN39323676120351079" m_id="154"/><ENTITY TAG_DESCRIPTOR="Worldwide stock markets" ent_type="FIN" external_ref="http://dbpedia.org/resource/Stock_market" instance_id="FIN40197049224228580" m_id="153"/>
<ENTITY TAG_DESCRIPTOR="NASDAQ Index (NASDAQ composite)" ent_type="FIN" external_ref="http://dbpedia.org/page/Nasdaq_Composite" instance_id="FIN39324663297288769" m_id="150"/><ENTITY TAG_DESCRIPTOR="General Motors" ent_type="ORG" external_ref="http://dbpedia.org/resource/General_Motors" instance_id="ORG37406424148086837" m_id="149"/>
<ENTITY TAG_DESCRIPTOR="G7" ent_type="ORG" external_ref="http://dbpedia.org/resource/G7" instance_id="ORG44085959955733554" m_id="148"/><ENTITY TAG_DESCRIPTOR="value of stock markets" ent_type="FIN" instance_id="FIN44170377280523656" m_id="147"/>
<ENTITY TAG_DESCRIPTOR="Market value" ent_type="FIN" external_ref="http://dbpedia.org/resource/Market_value" instance_id="FIN44170365610041271" m_id="144"/><ENTITY TAG_DESCRIPTOR="15 countries using the euro" ent_type="LOC" instance_id="LOC43998219864852152" m_id="142"/>
<ENTITY TAG_DESCRIPTOR="Euro" ent_type="FIN" external_ref="http://dbpedia.org/resource/Euro" instance_id="FIN44085454248409183" m_id="141"/><ENTITY TAG_DESCRIPTOR="financial institutions" ent_type="ORG" external_ref="http://dbpedia.org/resource/Financial_institution" instance_id="ORG44170816239798487" m_id="140"/></Markables>
<Relations>
<GLINK r_id="138162">
<source m_id="8"/>
<target m_id="92"/>
</GLINK>
<TLINK comment="" r_id="151795" reltype="INCLUDES" signalID="">
<source m_id="1"/>
<target m_id="3"/>
</TLINK>
<TLINK comment="" r_id="152140" reltype="AFTER" signalID="">
<source m_id="1"/>
<target m_id="25"/>
</TLINK>
<TLINK comment="" r_id="152141" reltype="AFTER" signalID="">
<source m_id="1"/>
<target m_id="37"/>
</TLINK>
<TLINK comment="" r_id="152142" reltype="IS_INCLUDED" signalID="">
<source m_id="25"/>
<target m_id="37"/>
</TLINK>
<TLINK comment="" r_id="152143" reltype="AFTER" signalID="">
<source m_id="3"/>
<target m_id="25"/>
</TLINK>
<TLINK comment="" r_id="152201" reltype="BEGUN_BY" signalID="4">
<source m_id="3"/>
<target m_id="5"/>
</TLINK>
<CLINK r_id="152258">
<source m_id="9"/>
<target m_id="13"/>
</CLINK>
<GLINK r_id="152259">
<source m_id="12"/>
<target m_id="13"/>
</GLINK>
<TLINK comment="" r_id="152260" reltype="INCLUDES" signalID="">
<source m_id="11"/>
<target m_id="12"/>
</TLINK>
<TLINK comment="" r_id="152261" reltype="IS_INCLUDED" signalID="">
<source m_id="1"/>
<target m_id="23"/>
</TLINK>
<TLINK comment="" r_id="152328" reltype="INCLUDES" signalID="17">
<source m_id="16"/>
<target m_id="25"/>
</TLINK>
<TLINK comment="" r_id="152353" reltype="SIMULTANEOUS" signalID="45">
<source m_id="43"/>
<target m_id="49"/>
</TLINK>
<GLINK r_id="152355">
<source m_id="39"/>
<target m_id="38"/>
</GLINK>
<TLINK comment="" r_id="152357" reltype="SIMULTANEOUS" signalID="40">
<source m_id="39"/>
<target m_id="41"/>
</TLINK>
<TLINK comment="" r_id="152360" reltype="INCLUDES" signalID="">
<source m_id="52"/>
<target m_id="51"/>
</TLINK>
<GLINK r_id="152366">
<source m_id="49"/>
<target m_id="51"/>
</GLINK>
<TLINK comment="" r_id="152367" reltype="BEFORE" signalID="">
<source m_id="25"/>
<target m_id="26"/>
</TLINK>
<HAS_PARTICIPANT comment="" r_id="152555" sem_role="Arg1" sem_role_framework="PROPBANK">
<source m_id="3"/>
<target m_id="2"/>
</HAS_PARTICIPANT>
<HAS_PARTICIPANT comment="" r_id="152556" sem_role="Arg0" sem_role_framework="PROPBANK">
<source m_id="5"/>
<target m_id="6"/>
</HAS_PARTICIPANT>
<HAS_PARTICIPANT comment="" r_id="152557" sem_role="Arg1" sem_role_framework="PROPBANK">
<source m_id="13"/>
<target m_id="14"/>
</HAS_PARTICIPANT>
<HAS_PARTICIPANT comment="" r_id="152558" sem_role="Arg0" sem_role_framework="PROPBANK">
<source m_id="23"/>
<target m_id="22"/>
</HAS_PARTICIPANT>
<HAS_PARTICIPANT comment="" r_id="152559" sem_role="Arg1" sem_role_framework="PROPBANK">
<source m_id="23"/>
<target m_id="24"/>
</HAS_PARTICIPANT>
<HAS_PARTICIPANT comment="" r_id="152560" sem_role="Arg0" sem_role_framework="PROPBANK">
<source m_id="25"/>
<target m_id="18"/>
</HAS_PARTICIPANT>
<HAS_PARTICIPANT comment="" r_id="152561" sem_role="Arg1" sem_role_framework="PROPBANK">
<source m_id="31"/>
<target m_id="32"/>
</HAS_PARTICIPANT>
<HAS_PARTICIPANT comment="" r_id="152562" sem_role="Arg0" sem_role_framework="PROPBANK">
<source m_id="35"/>
<target m_id="36"/>
</HAS_PARTICIPANT>
<HAS_PARTICIPANT comment="" r_id="152563" sem_role="Arg0" sem_role_framework="PROPBANK">
<source m_id="43"/>
<target m_id="42"/>
</HAS_PARTICIPANT>
<HAS_PARTICIPANT comment="" r_id="152564" sem_role="Argm-LOC" sem_role_framework="PROPBANK">
<source m_id="43"/>
<target m_id="44"/>
</HAS_PARTICIPANT>
<HAS_PARTICIPANT comment="" r_id="152565" sem_role="Arg0" sem_role_framework="PROPBANK">
<source m_id="49"/>
<target m_id="48"/>
</HAS_PARTICIPANT>
<HAS_PARTICIPANT comment="" r_id="163002" sem_role="Arg1" sem_role_framework="PROPBANK">
<source m_id="94"/>
<target m_id="93"/>
</HAS_PARTICIPANT>
<HAS_PARTICIPANT comment="" r_id="163003" sem_role="Argm-OTHER" sem_role_framework="PROPBANK">
<source m_id="94"/>
<target m_id="95"/>
</HAS_PARTICIPANT>











































<REFERS_TO r_id="163026">
<source m_id="3"/>
<source m_id="94"/>
<target m_id="151"/>
</REFERS_TO>
<REFERS_TO r_id="163027">
<source m_id="112"/>
<target m_id="150"/>
</REFERS_TO>
<REFERS_TO r_id="163028">
<source m_id="2"/>
<source m_id="15"/>
<source m_id="93"/>
<target m_id="153"/>
</REFERS_TO>
<REFERS_TO r_id="163029">
<source m_id="111"/>
<target m_id="152"/>
</REFERS_TO>
<REFERS_TO r_id="163030">
<source m_id="47"/>
<target m_id="155"/>
</REFERS_TO>
<REFERS_TO r_id="163031">
<source m_id="107"/>
<source m_id="108"/>
<source m_id="113"/>
<source m_id="118"/>
<target m_id="154"/>
</REFERS_TO>
<REFERS_TO r_id="163032">
<source m_id="20"/>
<source m_id="36"/>
<target m_id="134"/>
</REFERS_TO>
<REFERS_TO r_id="163033">
<source m_id="8"/>
<target m_id="60"/>
</REFERS_TO>
<REFERS_TO r_id="163034">
<source m_id="9"/>
<source m_id="28"/>
<source m_id="92"/>
<target m_id="61"/>
</REFERS_TO>
<REFERS_TO r_id="163035">
<source m_id="51"/>
<target m_id="88"/>
</REFERS_TO>
<REFERS_TO r_id="163036">
<source m_id="13"/>
<target m_id="63"/>
</REFERS_TO>
<REFERS_TO r_id="163037">
<source m_id="44"/>
<target m_id="137"/>
</REFERS_TO>
<REFERS_TO r_id="163038">
<source m_id="50"/>
<source m_id="48"/>
<target m_id="136"/>
</REFERS_TO>
<REFERS_TO r_id="163039">
<source m_id="46"/>
<target m_id="135"/>
</REFERS_TO>
<REFERS_TO r_id="163040">
<source m_id="23"/>
<target m_id="67"/>
</REFERS_TO>
<REFERS_TO r_id="163041">
<source m_id="43"/>
<target m_id="83"/>
</REFERS_TO>
<REFERS_TO r_id="163042">
<source m_id="37"/>
<target m_id="80"/>
</REFERS_TO>
<REFERS_TO r_id="163043">
<source m_id="39"/>
<target m_id="81"/>
</REFERS_TO>
<REFERS_TO r_id="163044">
<source m_id="49"/>
<target m_id="87"/>
</REFERS_TO>
<REFERS_TO r_id="163045">
<source m_id="6"/>
<target m_id="138"/>
</REFERS_TO>
<REFERS_TO r_id="163046">
<source m_id="109"/>
<target m_id="146"/>
</REFERS_TO>
<REFERS_TO r_id="163047">
<source m_id="14"/>
<target m_id="147"/>
</REFERS_TO>
<REFERS_TO r_id="163048">
<source m_id="90"/>
<source m_id="95"/>
<target m_id="144"/>
</REFERS_TO>
<REFERS_TO r_id="163049">
<source m_id="122"/>
<target m_id="145"/>
</REFERS_TO>
<REFERS_TO r_id="163050">
<source m_id="22"/>
<source m_id="18"/>
<source m_id="21"/>
<target m_id="142"/>
</REFERS_TO>
<REFERS_TO r_id="163051">
<source m_id="125"/>
<target m_id="143"/>
</REFERS_TO>
<REFERS_TO r_id="163052">
<source m_id="32"/>
<target m_id="140"/>
</REFERS_TO>
<REFERS_TO r_id="163053">
<source m_id="24"/>
<target m_id="141"/>
</REFERS_TO>
<REFERS_TO r_id="163054">
<source m_id="42"/>
<target m_id="148"/>
</REFERS_TO>
<REFERS_TO r_id="163055">
<source m_id="114"/>
<source m_id="115"/>
<source m_id="116"/>
<target m_id="149"/>
</REFERS_TO>
<REFERS_TO r_id="163056">
<source m_id="78"/>
<target m_id="77"/>
</REFERS_TO>
<REFERS_TO r_id="163057">
<source m_id="34"/>
<target m_id="76"/>
</REFERS_TO>
<REFERS_TO r_id="163058">
<source m_id="33"/>
<target m_id="75"/>
</REFERS_TO>
<REFERS_TO r_id="163059">
<source m_id="31"/>
<target m_id="72"/>
</REFERS_TO>
<REFERS_TO r_id="163060">
<source m_id="30"/>
<target m_id="71"/>
</REFERS_TO>
<REFERS_TO r_id="163061">
<source m_id="27"/>
<target m_id="70"/>
</REFERS_TO>
<REFERS_TO r_id="163062">
<source m_id="26"/>
<source m_id="29"/>
<target m_id="69"/>
</REFERS_TO>
<REFERS_TO r_id="163063">
<source m_id="35"/>
<source m_id="38"/>
<target m_id="79"/>
</REFERS_TO>
<REFERS_TO r_id="163064">
<source m_id="100"/>
<source m_id="103"/>
<source m_id="110"/>
<source m_id="133"/>
<target m_id="139"/>
</REFERS_TO>
<REFERS_TO r_id="163065">
<source m_id="10"/>
<target m_id="58"/>
</REFERS_TO>
<REFERS_TO r_id="163066">
<source m_id="5"/>
<target m_id="55"/>
</REFERS_TO>
<REFERS_TO r_id="163067">
<source m_id="7"/>
<target m_id="57"/>
</REFERS_TO>
<REFERS_TO r_id="163068">
<source m_id="12"/>
<target m_id="62"/>
</REFERS_TO>
<REFERS_TO r_id="163069">
<source m_id="25"/>
<target m_id="89"/>
</REFERS_TO>
</Relations>
</Document>