<?xml version="1.0" ?><Document doc_id="115587" doc_name="115587_Global_stock_markets_plunge" lang="en" url="http://en.wikinews.org/wiki/Global_stock_markets_plunge">
<token number="0" sentence="0" t_id="1">Global</token>
<token number="1" sentence="0" t_id="2">stock</token>
<token number="2" sentence="0" t_id="3">markets</token>
<token number="3" sentence="0" t_id="4">plunge</token>
<token number="4" sentence="1" t_id="5">October</token>
<token number="5" sentence="1" t_id="6">24</token>
<token number="6" sentence="1" t_id="7">,</token>
<token number="7" sentence="1" t_id="8">2008</token>
<token number="8" sentence="2" t_id="9">Stock</token>
<token number="9" sentence="2" t_id="10">markets</token>
<token number="10" sentence="2" t_id="11">around</token>
<token number="11" sentence="2" t_id="12">the</token>
<token number="12" sentence="2" t_id="13">world</token>
<token number="13" sentence="2" t_id="14">have</token>
<token number="14" sentence="2" t_id="15">fallen</token>
<token number="15" sentence="2" t_id="16">dramatically</token>
<token number="16" sentence="2" t_id="17">today</token>
<token number="17" sentence="2" t_id="18">.</token>
<token number="18" sentence="3" t_id="19">This</token>
<token number="19" sentence="3" t_id="20">is</token>
<token number="20" sentence="3" t_id="21">following</token>
<token number="21" sentence="3" t_id="22">the</token>
<token number="22" sentence="3" t_id="23">ongoing</token>
<token number="23" sentence="3" t_id="24">events</token>
<token number="24" sentence="3" t_id="25">in</token>
<token number="25" sentence="3" t_id="26">the</token>
<token number="26" sentence="3" t_id="27">financial</token>
<token number="27" sentence="3" t_id="28">world</token>
<token number="28" sentence="3" t_id="29">and</token>
<token number="29" sentence="3" t_id="30">related</token>
<token number="30" sentence="3" t_id="31">statements</token>
<token number="31" sentence="3" t_id="32">by</token>
<token number="32" sentence="3" t_id="33">several</token>
<token number="33" sentence="3" t_id="34">United</token>
<token number="34" sentence="3" t_id="35">Kingdom</token>
<token number="35" sentence="3" t_id="36">politicians</token>
<token number="36" sentence="3" t_id="37">,</token>
<token number="37" sentence="3" t_id="38">including</token>
<token number="38" sentence="3" t_id="39">Prime</token>
<token number="39" sentence="3" t_id="40">Minister</token>
<token number="40" sentence="3" t_id="41">Gordon</token>
<token number="41" sentence="3" t_id="42">Brown</token>
<token number="42" sentence="3" t_id="43">.</token>
<token number="43" sentence="4" t_id="44">The</token>
<token number="44" sentence="4" t_id="45">British</token>
<token number="45" sentence="4" t_id="46">FTSE</token>
<token number="46" sentence="4" t_id="47">100</token>
<token number="47" sentence="4" t_id="48">index</token>
<token number="48" sentence="4" t_id="49">was</token>
<token number="49" sentence="4" t_id="50">one</token>
<token number="50" sentence="4" t_id="51">the</token>
<token number="51" sentence="4" t_id="52">indices</token>
<token number="52" sentence="4" t_id="53">that</token>
<token number="53" sentence="4" t_id="54">today</token>
<token number="54" sentence="4" t_id="55">suffered</token>
<token number="55" sentence="4" t_id="56">from</token>
<token number="56" sentence="4" t_id="57">large</token>
<token number="57" sentence="4" t_id="58">falls</token>
<token number="58" sentence="4" t_id="59">.</token>
<token number="59" sentence="5" t_id="60">It</token>
<token number="60" sentence="5" t_id="61">fell</token>
<token number="61" sentence="5" t_id="62">by</token>
<token number="62" sentence="5" t_id="63">5.00</token>
<token number="63" sentence="5" t_id="64">%</token>
<token number="64" sentence="5" t_id="65">to</token>
<token number="65" sentence="5" t_id="66">slip</token>
<token number="66" sentence="5" t_id="67">below</token>
<token number="67" sentence="5" t_id="68">the</token>
<token number="68" sentence="5" t_id="69">four</token>
<token number="69" sentence="5" t_id="70">thousand</token>
<token number="70" sentence="5" t_id="71">mark</token>
<token number="71" sentence="5" t_id="72">,</token>
<token number="72" sentence="5" t_id="73">at</token>
<token number="73" sentence="5" t_id="74">3,883.36</token>
<token number="74" sentence="5" t_id="75">points</token>
<token number="75" sentence="5" t_id="76">.</token>
<token number="76" sentence="6" t_id="77">Two</token>
<token number="77" sentence="6" t_id="78">of</token>
<token number="78" sentence="6" t_id="79">the</token>
<token number="79" sentence="6" t_id="80">major</token>
<token number="80" sentence="6" t_id="81">United</token>
<token number="81" sentence="6" t_id="82">States</token>
<token number="82" sentence="6" t_id="83">indices</token>
<token number="83" sentence="6" t_id="84">saw</token>
<token number="84" sentence="6" t_id="85">falls</token>
<token number="85" sentence="6" t_id="86">of</token>
<token number="86" sentence="6" t_id="87">over</token>
<token number="87" sentence="6" t_id="88">two</token>
<token number="88" sentence="6" t_id="89">per</token>
<token number="89" sentence="6" t_id="90">cent</token>
<token number="90" sentence="6" t_id="91">.</token>
<token number="91" sentence="7" t_id="92">The</token>
<token number="92" sentence="7" t_id="93">Dow</token>
<token number="93" sentence="7" t_id="94">Jones</token>
<token number="94" sentence="7" t_id="95">Industrial</token>
<token number="95" sentence="7" t_id="96">Average</token>
<token number="96" sentence="7" t_id="97">fell</token>
<token number="97" sentence="7" t_id="98">by</token>
<token number="98" sentence="7" t_id="99">252.01</token>
<token number="99" sentence="7" t_id="100">points</token>
<token number="100" sentence="7" t_id="101">(</token>
<token number="101" sentence="7" t_id="102">2.90</token>
<token number="102" sentence="7" t_id="103">%</token>
<token number="103" sentence="7" t_id="104">)</token>
<token number="104" sentence="7" t_id="105">to</token>
<token number="105" sentence="7" t_id="106">8,439.24</token>
<token number="106" sentence="7" t_id="107">by</token>
<token number="107" sentence="7" t_id="108">17:30</token>
<token number="108" sentence="7" t_id="109">UTC</token>
<token number="109" sentence="7" t_id="110">,</token>
<token number="110" sentence="7" t_id="111">while</token>
<token number="111" sentence="7" t_id="112">the</token>
<token number="112" sentence="7" t_id="113">Nasdaq</token>
<token number="113" sentence="7" t_id="114">Composite</token>
<token number="114" sentence="7" t_id="115">index</token>
<token number="115" sentence="7" t_id="116">experienced</token>
<token number="116" sentence="7" t_id="117">a</token>
<token number="117" sentence="7" t_id="118">2.30</token>
<token number="118" sentence="7" t_id="119">%</token>
<token number="119" sentence="7" t_id="120">drop</token>
<token number="120" sentence="7" t_id="121">.</token>
<token number="121" sentence="8" t_id="122">South</token>
<token number="122" sentence="8" t_id="123">American</token>
<token number="123" sentence="8" t_id="124">markets</token>
<token number="124" sentence="8" t_id="125">performed</token>
<token number="125" sentence="8" t_id="126">particularly</token>
<token number="126" sentence="8" t_id="127">badly</token>
<token number="127" sentence="8" t_id="128">today</token>
<token number="128" sentence="8" t_id="129">.</token>
<token number="129" sentence="9" t_id="130">By</token>
<token number="130" sentence="9" t_id="131">17:30</token>
<token number="131" sentence="9" t_id="132">UTC</token>
<token number="132" sentence="9" t_id="133">,</token>
<token number="133" sentence="9" t_id="134">the</token>
<token number="134" sentence="9" t_id="135">Argentinean</token>
<token number="135" sentence="9" t_id="136">MERVAL</token>
<token number="136" sentence="9" t_id="137">index</token>
<token number="137" sentence="9" t_id="138">had</token>
<token number="138" sentence="9" t_id="139">fallen</token>
<token number="139" sentence="9" t_id="140">by</token>
<token number="140" sentence="9" t_id="141">almost</token>
<token number="141" sentence="9" t_id="142">six</token>
<token number="142" sentence="9" t_id="143">per</token>
<token number="143" sentence="9" t_id="144">cent</token>
<token number="144" sentence="9" t_id="145">to</token>
<token number="145" sentence="9" t_id="146">906.160</token>
<token number="146" sentence="9" t_id="147">points</token>
<token number="147" sentence="9" t_id="148">,</token>
<token number="148" sentence="9" t_id="149">while</token>
<token number="149" sentence="9" t_id="150">the</token>
<token number="150" sentence="9" t_id="151">Brazilian</token>
<token number="151" sentence="9" t_id="152">Bovespa</token>
<token number="152" sentence="9" t_id="153">fell</token>
<token number="153" sentence="9" t_id="154">by</token>
<token number="154" sentence="9" t_id="155">6.89</token>
<token number="155" sentence="9" t_id="156">%</token>
<token number="156" sentence="9" t_id="157">(</token>
<token number="157" sentence="9" t_id="158">2,328.45</token>
<token number="158" sentence="9" t_id="159">points</token>
<token number="159" sentence="9" t_id="160">)</token>
<token number="160" sentence="9" t_id="161">to</token>
<token number="161" sentence="9" t_id="162">a</token>
<token number="162" sentence="9" t_id="163">value</token>
<token number="163" sentence="9" t_id="164">of</token>
<token number="164" sentence="9" t_id="165">31,490.04</token>
<token number="165" sentence="9" t_id="166">.</token>
<token number="166" sentence="10" t_id="167">David</token>
<token number="167" sentence="10" t_id="168">Buik</token>
<token number="168" sentence="10" t_id="169">of</token>
<token number="169" sentence="10" t_id="170">BGC</token>
<token number="170" sentence="10" t_id="171">Partners</token>
<token number="171" sentence="10" t_id="172">commented</token>
<token number="172" sentence="10" t_id="173">on</token>
<token number="173" sentence="10" t_id="174">today</token>
<token number="174" sentence="10" t_id="175">'s</token>
<token number="175" sentence="10" t_id="176">falls</token>
<token number="176" sentence="10" t_id="177">.</token>
<token number="177" sentence="11" t_id="178">``</token>
<token number="178" sentence="11" t_id="179">It</token>
<token number="179" sentence="11" t_id="180">'s</token>
<token number="180" sentence="11" t_id="181">carnage</token>
<token number="181" sentence="11" t_id="182">,</token>
<token number="182" sentence="11" t_id="183">''</token>
<token number="183" sentence="11" t_id="184">he</token>
<token number="184" sentence="11" t_id="185">said</token>
<token number="185" sentence="11" t_id="186">.</token>
<token number="186" sentence="12" t_id="187">``</token>
<token number="187" sentence="12" t_id="188">Confidence</token>
<token number="188" sentence="12" t_id="189">is</token>
<token number="189" sentence="12" t_id="190">shot</token>
<token number="190" sentence="12" t_id="191">to</token>
<token number="191" sentence="12" t_id="192">ribbons</token>
<token number="192" sentence="12" t_id="193">.</token>
<token number="193" sentence="13" t_id="194">We</token>
<token number="194" sentence="13" t_id="195">need</token>
<token number="195" sentence="13" t_id="196">action</token>
<token number="196" sentence="13" t_id="197">now</token>
<token number="197" sentence="13" t_id="198">.</token>
<token number="198" sentence="14" t_id="199">It</token>
<token number="199" sentence="14" t_id="200">is</token>
<token number="200" sentence="14" t_id="201">a</token>
<token number="201" sentence="14" t_id="202">catastrophe</token>
<token number="202" sentence="14" t_id="203">that</token>
<token number="203" sentence="14" t_id="204">we</token>
<token number="204" sentence="14" t_id="205">have</token>
<token number="205" sentence="14" t_id="206">got</token>
<token number="206" sentence="14" t_id="207">to</token>
<token number="207" sentence="14" t_id="208">recession</token>
<token number="208" sentence="14" t_id="209">,</token>
<token number="209" sentence="14" t_id="210">but</token>
<token number="210" sentence="14" t_id="211">we</token>
<token number="211" sentence="14" t_id="212">have</token>
<token number="212" sentence="14" t_id="213">got</token>
<token number="213" sentence="14" t_id="214">to</token>
<token number="214" sentence="14" t_id="215">learn</token>
<token number="215" sentence="14" t_id="216">to</token>
<token number="216" sentence="14" t_id="217">live</token>
<token number="217" sentence="14" t_id="218">with</token>
<token number="218" sentence="14" t_id="219">it</token>
<token number="219" sentence="14" t_id="220">,</token>
<token number="220" sentence="14" t_id="221">and</token>
<token number="221" sentence="14" t_id="222">that</token>
<token number="222" sentence="14" t_id="223">means</token>
<token number="223" sentence="14" t_id="224">saving</token>
<token number="224" sentence="14" t_id="225">the</token>
<token number="225" sentence="14" t_id="226">markets</token>
<token number="226" sentence="14" t_id="227">.</token>
<token number="227" sentence="14" t_id="228">''</token>
<Markables>
<ENTITY_MENTION comment="" head="that" m_id="19" syntactic_type="PRO">
<token_anchor t_id="53"/>
</ENTITY_MENTION>
<ENTITY_MENTION comment="" head="it" m_id="25" syntactic_type="PRO">
<token_anchor t_id="60"/>
</ENTITY_MENTION>
<ENTITY_MENTION comment="" head="Prime Minister" m_id="39" syntactic_type="NOM">
<token_anchor t_id="39"/>
<token_anchor t_id="40"/>
</ENTITY_MENTION>
<ENTITY_MENTION comment="" head="one" m_id="42" syntactic_type="PRO">
<token_anchor t_id="50"/>
</ENTITY_MENTION>
<ENTITY_MENTION comment="" head="stock markets" m_id="43" syntactic_type="NOM">
<token_anchor t_id="1"/>
<token_anchor t_id="2"/>
<token_anchor t_id="3"/>
</ENTITY_MENTION>
<ENTITY_MENTION comment="" head="stock markets" m_id="2" syntactic_type="NOM">
<token_anchor t_id="9"/>
<token_anchor t_id="10"/>
<token_anchor t_id="11"/>
<token_anchor t_id="12"/>
<token_anchor t_id="13"/>
</ENTITY_MENTION>
<ENTITY_MENTION comment="" head="Gordon Brown" m_id="52" syntactic_type="NAM">
<token_anchor t_id="41"/>
<token_anchor t_id="42"/>
</ENTITY_MENTION>
<ENTITY_MENTION comment="" head="world" m_id="3" syntactic_type="NOM">
<token_anchor t_id="12"/>
<token_anchor t_id="13"/>
</ENTITY_MENTION>
<ENTITY_MENTION comment="" head="world" m_id="11" syntactic_type="NOM">
<token_anchor t_id="26"/>
<token_anchor t_id="27"/>
<token_anchor t_id="28"/>
</ENTITY_MENTION>
<ENTITY_MENTION comment="" head="politicians" m_id="13" syntactic_type="NOM">
<token_anchor t_id="33"/>
<token_anchor t_id="34"/>
<token_anchor t_id="35"/>
<token_anchor t_id="36"/>
</ENTITY_MENTION>
<ENTITY_MENTION comment="" head="United Kingdom" m_id="14" syntactic_type="NAM">
<token_anchor t_id="34"/>
<token_anchor t_id="35"/>
</ENTITY_MENTION>
<ENTITY_MENTION comment="" head="" m_id="15" syntactic_type="APP">
<token_anchor t_id="39"/>
<token_anchor t_id="40"/>
<token_anchor t_id="41"/>
<token_anchor t_id="42"/>
</ENTITY_MENTION>
<ENTITY_MENTION comment="" head="FTSE 100 index" m_id="16" syntactic_type="NAM">
<token_anchor t_id="44"/>
<token_anchor t_id="45"/>
<token_anchor t_id="46"/>
<token_anchor t_id="47"/>
<token_anchor t_id="48"/>
</ENTITY_MENTION>
<ENTITY_MENTION comment="" head="indices" m_id="18" syntactic_type="NOM">
<token_anchor t_id="51"/>
<token_anchor t_id="52"/>
<token_anchor t_id="53"/>
<token_anchor t_id="54"/>
<token_anchor t_id="55"/>
<token_anchor t_id="56"/>
<token_anchor t_id="57"/>
<token_anchor t_id="58"/>
</ENTITY_MENTION>
<EVENT_MENTION aspect="NONE" certainty="CERTAIN" comment="" m_id="21" modality="" polarity="POS" pos="VERB" pred="suffer" special_cases="NONE" tense="PAST" time="NON_FUTURE">
<token_anchor t_id="55"/>
</EVENT_MENTION>
<EVENT_MENTION aspect="NONE" certainty="CERTAIN" comment="" m_id="22" modality="" polarity="POS" pos="NOUN" pred="fall" special_cases="NONE" tense="NONE" time="NON_FUTURE">
<token_anchor t_id="58"/>
</EVENT_MENTION>
<EVENT_MENTION aspect="NONE" certainty="CERTAIN" comment="" m_id="23" modality="" polarity="POS" pos="VERB" pred="fall" special_cases="NONE" tense="PAST" time="NON_FUTURE">
<token_anchor t_id="61"/>
</EVENT_MENTION>
<EVENT_MENTION aspect="NONE" certainty="CERTAIN" comment="" m_id="24" modality="" polarity="POS" pos="VERB" pred="slip" special_cases="NONE" tense="INFINITIVE" time="NON_FUTURE">
<token_anchor t_id="66"/>
</EVENT_MENTION>
<EVENT_MENTION aspect="NONE" certainty="CERTAIN" comment="" m_id="44" modality="" polarity="POS" pos="VERB" pred="plunge" special_cases="NONE" tense="PRESENT" time="NON_FUTURE">
<token_anchor t_id="4"/>
</EVENT_MENTION>
<EVENT_MENTION aspect="NONE" certainty="CERTAIN" comment="" m_id="50" modality="" polarity="POS" pos="NOUN" pred="" special_cases="NONE" tense="NONE" time="NON_FUTURE">
<token_anchor t_id="24"/>
<token_anchor t_id="31"/>
</EVENT_MENTION>
<EVENT_MENTION aspect="PERFECTIVE" certainty="CERTAIN" comment="" m_id="4" modality="" polarity="POS" pos="VERB" pred="fall" special_cases="NONE" tense="PRESENT" time="NON_FUTURE">
<token_anchor t_id="15"/>
</EVENT_MENTION>
<EVENT_MENTION aspect="PERFECTIVE" certainty="CERTAIN" comment="" m_id="6" modality="" polarity="POS" pos="OTHER" pred="this" special_cases="NONE" tense="NONE" time="NON_FUTURE">
<token_anchor t_id="19"/>
</EVENT_MENTION>
<EVENT_MENTION aspect="NONE" certainty="CERTAIN" comment="" m_id="7" modality="" polarity="POS" pos="VERB" pred="be" special_cases="NONE" tense="PRESENT" time="NON_FUTURE">
<token_anchor t_id="20"/>
</EVENT_MENTION>
<EVENT_MENTION aspect="NONE" certainty="CERTAIN" comment="" m_id="9" modality="" polarity="POS" pos="OTHER" pred="ongoing" special_cases="NONE" tense="NONE" time="NON_FUTURE">
<token_anchor t_id="23"/>
</EVENT_MENTION>
<EVENT_MENTION aspect="NONE" certainty="CERTAIN" comment="" m_id="10" modality="" polarity="POS" pos="NOUN" pred="event" special_cases="NONE" tense="NONE" time="NON_FUTURE">
<token_anchor t_id="24"/>
</EVENT_MENTION>
<EVENT_MENTION aspect="NONE" certainty="CERTAIN" comment="" m_id="12" modality="" polarity="POS" pos="NOUN" pred="statement" special_cases="NONE" tense="NONE" time="NON_FUTURE">
<token_anchor t_id="31"/>
</EVENT_MENTION>
<EVENT_MENTION aspect="NONE" certainty="CERTAIN" comment="" m_id="17" modality="" polarity="POS" pos="VERB" pred="be" special_cases="NONE" tense="PAST" time="NON_FUTURE">
<token_anchor t_id="49"/>
</EVENT_MENTION>
<SIGNAL comment="" m_id="8">
<token_anchor t_id="21"/>
</SIGNAL>
<TIMEX3 anchorTimeID="1" beginPoint="" comment="" endPoint="" functionInDocument="NONE" m_id="20" type="DATE" value="2008-10-24">
<token_anchor t_id="54"/>
</TIMEX3>
<TIMEX3 anchorTimeID="" beginPoint="" comment="" endPoint="" functionInDocument="CREATION_TIME" m_id="1" type="DATE" value="2008-10-24">
<token_anchor t_id="5"/>
<token_anchor t_id="6"/>
<token_anchor t_id="7"/>
<token_anchor t_id="8"/>
</TIMEX3>
<TIMEX3 anchorTimeID="1" beginPoint="" comment="" endPoint="" functionInDocument="NONE" m_id="5" type="DATE" value="2008-10-24">
<token_anchor t_id="17"/>
</TIMEX3>
<VALUE comment="" m_id="26" type="PERCENT">
<token_anchor t_id="63"/>
<token_anchor t_id="64"/>
</VALUE>
<VALUE comment="" m_id="27" type="QUANTITY">
<token_anchor t_id="69"/>
<token_anchor t_id="70"/>
<token_anchor t_id="71"/>
</VALUE>
<VALUE comment="" m_id="28" type="QUANTITY">
<token_anchor t_id="74"/>
<token_anchor t_id="75"/>
</VALUE>
<EVENT_MENTION m_id="53">
  <token_anchor t_id="97"/>
</EVENT_MENTION>
<EVENT_MENTION m_id="67">
  <token_anchor t_id="120"/>
</EVENT_MENTION>
<ENTITY_MENTION m_id="60">
  <token_anchor t_id="92"/>
  <token_anchor t_id="93"/>
  <token_anchor t_id="94"/>
  <token_anchor t_id="95"/>
  <token_anchor t_id="96"/>
</ENTITY_MENTION>
<ENTITY_MENTION m_id="61">
  <token_anchor t_id="112"/>
  <token_anchor t_id="113"/>
  <token_anchor t_id="114"/>
  <token_anchor t_id="115"/>
</ENTITY_MENTION>
<EVENT TAG_DESCRIPTOR="fall" class="OTHER" instance_id="OTH40874239301744877" m_id="80"/><EVENT TAG_DESCRIPTOR="statement" class="SPEECH_COGNITIVE" comment="" external_ref="" m_id="36"/>
<EVENT TAG_DESCRIPTOR="event" class="OTHER" comment="" external_ref="" m_id="34"/><EVENT TAG_DESCRIPTOR="ongoing" class="GRAMMATICAL" comment="" external_ref="" m_id="33"/>
<EVENT TAG_DESCRIPTOR="be" class="OTHER" comment="" external_ref="" m_id="32"/><EVENT TAG_DESCRIPTOR="slip" class="OTHER" comment="" external_ref="" m_id="49"/>
<EVENT TAG_DESCRIPTOR="fall 24 october 2008 ftse" class="OTHER" instance_id="OTH40456608388118686" m_id="79"/><EVENT TAG_DESCRIPTOR="large falls" class="OTHER" comment="" external_ref="" m_id="48"/>
<EVENT TAG_DESCRIPTOR="suffer" class="GRAMMATICAL" comment="" external_ref="" m_id="47"/><EVENT TAG_DESCRIPTOR="be one" class="GRAMMATICAL" comment="" external_ref="" m_id="45"/>
<EVENT TAG_DESCRIPTOR="fall 24 october 2008 dow" class="OTHER" instance_id="OTH40813670660244392" m_id="86"/><EVENT TAG_DESCRIPTOR="drop 24 october 2008 nasdaq" class="OTHER" instance_id="OTH40433519847341768" m_id="85"/>
<EVENT TAG_DESCRIPTOR="events and statements" class="MIX" comment="" external_ref="" m_id="51"/><ENTITY TAG_DESCRIPTOR="NASDAQ Index (NASDAQ composite)" ent_type="FIN" external_ref="http://dbpedia.org/page/Nasdaq_Composite" instance_id="FIN39324663297288769" m_id="81"/>
<ENTITY TAG_DESCRIPTOR="United Kingdom" ent_type="LOC" external_ref="http://dbpedia.org/resource/United_Kingdom" instance_id="LOC27735930596276101" m_id="78"/><ENTITY TAG_DESCRIPTOR="financial world" ent_type="FIN" instance_id="FIN44060642242291052" m_id="77"/>
<ENTITY TAG_DESCRIPTOR="index" ent_type="FIN" instance_id="FIN44178244692658833" m_id="76"/><ENTITY TAG_DESCRIPTOR="Gordon Brown" ent_type="PER" external_ref="http://dbpedia.org/resource/Gordon_Brown" instance_id="PER44086598349068711" m_id="75"/>
<ENTITY TAG_DESCRIPTOR="Earth" ent_type="LOC" external_ref="http://dbpedia.org/resource/Earth" instance_id="LOC27738550854291187" m_id="74"/><ENTITY TAG_DESCRIPTOR="FTSE 100 index" ent_type="FIN" external_ref="http://dbpedia.org/resource/FTSE_100_Index" instance_id="FIN39676646219701103" m_id="73"/>
<ENTITY TAG_DESCRIPTOR="Dow Jones Industrial Average" ent_type="FIN" external_ref="http://dbpedia.org/resource/Dow_Jones_Industrial_Average" instance_id="FIN39323676120351079" m_id="84"/><ENTITY TAG_DESCRIPTOR="Worldwide stock markets" ent_type="FIN" external_ref="http://dbpedia.org/resource/Stock_market" instance_id="FIN40197049224228580" m_id="83"/>
<ENTITY TAG_DESCRIPTOR="several UK politicians" ent_type="PER" instance_id="PER44178321507347308" m_id="82"/></Markables>
<Relations>
<GLINK r_id="153391">
<source m_id="9"/>
<target m_id="10"/>
</GLINK>
<HAS_PARTICIPANT comment="" r_id="153398" sem_role="Argm-OTHER" sem_role_framework="PROPBANK">
<source m_id="10"/>
<target m_id="11"/>
</HAS_PARTICIPANT>
<TLINK comment="" r_id="153457" reltype="INCLUDES" signalID="">
<source m_id="1"/>
<target m_id="4"/>
</TLINK>
<TLINK comment="" r_id="153458" reltype="SIMULTANEOUS" signalID="">
<source m_id="4"/>
<target m_id="7"/>
</TLINK>
<TLINK comment="" r_id="153459" reltype="INCLUDES" signalID="">
<source m_id="1"/>
<target m_id="7"/>
</TLINK>
<TLINK comment="" r_id="153490" reltype="INCLUDES" signalID="">
<source m_id="1"/>
<target m_id="17"/>
</TLINK>
<TLINK comment="" r_id="153491" reltype="SIMULTANEOUS" signalID="">
<source m_id="17"/>
<target m_id="23"/>
</TLINK>
<TLINK comment="" r_id="153492" reltype="INCLUDES" signalID="">
<source m_id="1"/>
<target m_id="23"/>
</TLINK>
<TLINK comment="" r_id="153494" reltype="BEGINS" signalID="">
<source m_id="23"/>
<target m_id="24"/>
</TLINK>
<TLINK comment="" r_id="153495" reltype="INCLUDES" signalID="">
<source m_id="20"/>
<target m_id="21"/>
</TLINK>
<CLINK r_id="153496">
<source m_id="22"/>
<target m_id="21"/>
</CLINK>
<TLINK comment="" r_id="153497" reltype="AFTER" signalID="">
<source m_id="6"/>
<target m_id="10"/>
</TLINK>
<TLINK comment="" r_id="153498" reltype="AFTER" signalID="">
<source m_id="6"/>
<target m_id="12"/>
</TLINK>
<TLINK comment="" r_id="153500" reltype="IS_INCLUDED" signalID="">
<source m_id="4"/>
<target m_id="5"/>
</TLINK>
<HAS_PARTICIPANT comment="" r_id="153501" sem_role="Arg2" sem_role_framework="PROPBANK">
<source m_id="4"/>
<target m_id="2"/>
</HAS_PARTICIPANT>
<HAS_PARTICIPANT comment="" r_id="153502" sem_role="Arg0" sem_role_framework="PROPBANK">
<source m_id="12"/>
<target m_id="13"/>
</HAS_PARTICIPANT>
<HAS_PARTICIPANT comment="" r_id="153503" sem_role="Arg1" sem_role_framework="PROPBANK">
<source m_id="17"/>
<target m_id="16"/>
</HAS_PARTICIPANT>
<HAS_PARTICIPANT comment="" r_id="153504" sem_role="Arg2" sem_role_framework="PROPBANK">
<source m_id="17"/>
<target m_id="18"/>
</HAS_PARTICIPANT>
<HAS_PARTICIPANT comment="" r_id="153505" sem_role="Arg0" sem_role_framework="PROPBANK">
<source m_id="21"/>
<target m_id="19"/>
</HAS_PARTICIPANT>
<HAS_PARTICIPANT comment="" r_id="153506" sem_role="Arg1" sem_role_framework="PROPBANK">
<source m_id="23"/>
<target m_id="25"/>
</HAS_PARTICIPANT>
<HAS_PARTICIPANT comment="" r_id="153508" sem_role="Arg2" sem_role_framework="PROPBANK">
<source m_id="23"/>
<target m_id="26"/>
</HAS_PARTICIPANT>
<HAS_PARTICIPANT comment="" r_id="153509" sem_role="Arg4" sem_role_framework="PROPBANK">
<source m_id="24"/>
<target m_id="27"/>
</HAS_PARTICIPANT>
<HAS_PARTICIPANT comment="" r_id="153524" sem_role="Arg4" sem_role_framework="PROPBANK">
<source m_id="24"/>
<target m_id="28"/>
</HAS_PARTICIPANT>
<HAS_PARTICIPANT comment="" r_id="162586" sem_role="Arg1" sem_role_framework="PROPBANK">
<source m_id="44"/>
<target m_id="43"/>
</HAS_PARTICIPANT>






















<REFERS_TO r_id="162601">
<source m_id="13"/>
<target m_id="82"/>
</REFERS_TO>
<REFERS_TO r_id="162602">
<source m_id="2"/>
<source m_id="43"/>
<target m_id="83"/>
</REFERS_TO>
<REFERS_TO r_id="162603">
<source m_id="6"/>
<source m_id="4"/>
<source m_id="44"/>
<target m_id="80"/>
</REFERS_TO>
<REFERS_TO r_id="162604">
<source m_id="61"/>
<target m_id="81"/>
</REFERS_TO>
<REFERS_TO r_id="162605">
<source m_id="53"/>
<target m_id="86"/>
</REFERS_TO>
<REFERS_TO r_id="162606">
<source m_id="60"/>
<target m_id="84"/>
</REFERS_TO>
<REFERS_TO r_id="162607">
<source m_id="67"/>
<target m_id="85"/>
</REFERS_TO>
<REFERS_TO r_id="162608">
<source m_id="22"/>
<target m_id="48"/>
</REFERS_TO>
<REFERS_TO r_id="162609">
<source m_id="24"/>
<target m_id="49"/>
</REFERS_TO>
<REFERS_TO r_id="162610">
<source m_id="21"/>
<target m_id="47"/>
</REFERS_TO>
<REFERS_TO r_id="162611">
<source m_id="17"/>
<target m_id="45"/>
</REFERS_TO>
<REFERS_TO r_id="162612">
<source m_id="11"/>
<target m_id="77"/>
</REFERS_TO>
<REFERS_TO r_id="162613">
<source m_id="18"/>
<source m_id="19"/>
<target m_id="76"/>
</REFERS_TO>
<REFERS_TO r_id="162614">
<source m_id="15"/>
<source m_id="39"/>
<source m_id="52"/>
<target m_id="75"/>
</REFERS_TO>
<REFERS_TO r_id="162615">
<source m_id="3"/>
<target m_id="74"/>
</REFERS_TO>
<REFERS_TO r_id="162616">
<source m_id="16"/>
<source m_id="25"/>
<source m_id="42"/>
<target m_id="73"/>
</REFERS_TO>
<REFERS_TO r_id="162617">
<source m_id="23"/>
<target m_id="79"/>
</REFERS_TO>
<REFERS_TO r_id="162618">
<source m_id="14"/>
<target m_id="78"/>
</REFERS_TO>
<REFERS_TO r_id="162619">
<source m_id="9"/>
<target m_id="33"/>
</REFERS_TO>
<REFERS_TO r_id="162620">
<source m_id="7"/>
<target m_id="32"/>
</REFERS_TO>
<REFERS_TO r_id="162621">
<source m_id="50"/>
<target m_id="51"/>
</REFERS_TO>
<REFERS_TO r_id="162622">
<source m_id="12"/>
<target m_id="36"/>
</REFERS_TO>
<REFERS_TO r_id="162623">
<source m_id="10"/>
<target m_id="34"/>
</REFERS_TO>
</Relations>
</Document>