<?xml version="1.0" ?><Document doc_id="121416" doc_name="121416_US_stock_markets_fall_to_lowest_levels_since_1997" lang="en" url="http://en.wikinews.org/wiki/US_stock_markets_fall_to_lowest_levels_since_1997">
<token number="0" sentence="0" t_id="1">US</token>
<token number="1" sentence="0" t_id="2">stock</token>
<token number="2" sentence="0" t_id="3">markets</token>
<token number="3" sentence="0" t_id="4">fall</token>
<token number="4" sentence="0" t_id="5">to</token>
<token number="5" sentence="0" t_id="6">lowest</token>
<token number="6" sentence="0" t_id="7">levels</token>
<token number="7" sentence="0" t_id="8">since</token>
<token number="8" sentence="0" t_id="9">1997</token>
<token number="9" sentence="1" t_id="10">February</token>
<token number="10" sentence="1" t_id="11">24</token>
<token number="11" sentence="1" t_id="12">,</token>
<token number="12" sentence="1" t_id="13">2009</token>
<token number="13" sentence="2" t_id="14">Three</token>
<token number="14" sentence="2" t_id="15">major</token>
<token number="15" sentence="2" t_id="16">United</token>
<token number="16" sentence="2" t_id="17">States</token>
<token number="17" sentence="2" t_id="18">stock</token>
<token number="18" sentence="2" t_id="19">market</token>
<token number="19" sentence="2" t_id="20">indexes</token>
<token number="20" sentence="2" t_id="21">closed</token>
<token number="21" sentence="2" t_id="22">at</token>
<token number="22" sentence="2" t_id="23">their</token>
<token number="23" sentence="2" t_id="24">lowest</token>
<token number="24" sentence="2" t_id="25">levels</token>
<token number="25" sentence="2" t_id="26">in</token>
<token number="26" sentence="2" t_id="27">over</token>
<token number="27" sentence="2" t_id="28">a</token>
<token number="28" sentence="2" t_id="29">decade</token>
<token number="29" sentence="2" t_id="30">on</token>
<token number="30" sentence="2" t_id="31">Monday</token>
<token number="31" sentence="2" t_id="32">,</token>
<token number="32" sentence="2" t_id="33">amidst</token>
<token number="33" sentence="2" t_id="34">declining</token>
<token number="34" sentence="2" t_id="35">investor</token>
<token number="35" sentence="2" t_id="36">confidence</token>
<token number="36" sentence="2" t_id="37">and</token>
<token number="37" sentence="2" t_id="38">worries</token>
<token number="38" sentence="2" t_id="39">that</token>
<token number="39" sentence="2" t_id="40">the</token>
<token number="40" sentence="2" t_id="41">government</token>
<token number="41" sentence="2" t_id="42">will</token>
<token number="42" sentence="2" t_id="43">nationalize</token>
<token number="43" sentence="2" t_id="44">the</token>
<token number="44" sentence="2" t_id="45">banks</token>
<token number="45" sentence="2" t_id="46">.</token>
<token number="46" sentence="3" t_id="47">The</token>
<token number="47" sentence="3" t_id="48">Dow</token>
<token number="48" sentence="3" t_id="49">Jones</token>
<token number="49" sentence="3" t_id="50">Industrial</token>
<token number="50" sentence="3" t_id="51">Average</token>
<token number="51" sentence="3" t_id="52">fell</token>
<token number="52" sentence="3" t_id="53">by</token>
<token number="53" sentence="3" t_id="54">3.41</token>
<token number="54" sentence="3" t_id="55">%</token>
<token number="55" sentence="3" t_id="56">,</token>
<token number="56" sentence="3" t_id="57">or</token>
<token number="57" sentence="3" t_id="58">251.4</token>
<token number="58" sentence="3" t_id="59">points</token>
<token number="59" sentence="3" t_id="60">,</token>
<token number="60" sentence="3" t_id="61">to</token>
<token number="61" sentence="3" t_id="62">end</token>
<token number="62" sentence="3" t_id="63">the</token>
<token number="63" sentence="3" t_id="64">day</token>
<token number="64" sentence="3" t_id="65">at</token>
<token number="65" sentence="3" t_id="66">7,114.3</token>
<token number="66" sentence="3" t_id="67">,</token>
<token number="67" sentence="3" t_id="68">its</token>
<token number="68" sentence="3" t_id="69">lowest</token>
<token number="69" sentence="3" t_id="70">level</token>
<token number="70" sentence="3" t_id="71">since</token>
<token number="71" sentence="3" t_id="72">October</token>
<token number="72" sentence="3" t_id="73">1997</token>
<token number="73" sentence="3" t_id="74">.</token>
<token number="74" sentence="4" t_id="75">The</token>
<token number="75" sentence="4" t_id="76">Standard</token>
<token number="76" sentence="4" t_id="77">and</token>
<token number="77" sentence="4" t_id="78">Poor</token>
<token number="78" sentence="4" t_id="79">'s</token>
<token number="79" sentence="4" t_id="80">500</token>
<token number="80" sentence="4" t_id="81">index</token>
<token number="81" sentence="4" t_id="82">lost</token>
<token number="82" sentence="4" t_id="83">26</token>
<token number="83" sentence="4" t_id="84">points</token>
<token number="84" sentence="4" t_id="85">or</token>
<token number="85" sentence="4" t_id="86">3.5</token>
<token number="86" sentence="4" t_id="87">%</token>
<token number="87" sentence="4" t_id="88">to</token>
<token number="88" sentence="4" t_id="89">a</token>
<token number="89" sentence="4" t_id="90">level</token>
<token number="90" sentence="4" t_id="91">of</token>
<token number="91" sentence="4" t_id="92">743.33</token>
<token number="92" sentence="4" t_id="93">,</token>
<token number="93" sentence="4" t_id="94">its</token>
<token number="94" sentence="4" t_id="95">lowest</token>
<token number="95" sentence="4" t_id="96">level</token>
<token number="96" sentence="4" t_id="97">since</token>
<token number="97" sentence="4" t_id="98">April</token>
<token number="98" sentence="4" t_id="99">1997</token>
<token number="99" sentence="4" t_id="100">.</token>
<token number="100" sentence="5" t_id="101">The</token>
<token number="101" sentence="5" t_id="102">Russel</token>
<token number="102" sentence="5" t_id="103">2000</token>
<token number="103" sentence="5" t_id="104">Index</token>
<token number="104" sentence="5" t_id="105">of</token>
<token number="105" sentence="5" t_id="106">smaller</token>
<token number="106" sentence="5" t_id="107">companies</token>
<token number="107" sentence="5" t_id="108">dropped</token>
<token number="108" sentence="5" t_id="109">by</token>
<token number="109" sentence="5" t_id="110">four</token>
<token number="110" sentence="5" t_id="111">percent</token>
<token number="111" sentence="5" t_id="112">.</token>
<token number="112" sentence="6" t_id="113">The</token>
<token number="113" sentence="6" t_id="114">three</token>
<token number="114" sentence="6" t_id="115">stock</token>
<token number="115" sentence="6" t_id="116">market</token>
<token number="116" sentence="6" t_id="117">indexes</token>
<token number="117" sentence="6" t_id="118">have</token>
<token number="118" sentence="6" t_id="119">been</token>
<token number="119" sentence="6" t_id="120">falling</token>
<token number="120" sentence="6" t_id="121">for</token>
<token number="121" sentence="6" t_id="122">the</token>
<token number="122" sentence="6" t_id="123">last</token>
<token number="123" sentence="6" t_id="124">six</token>
<token number="124" sentence="6" t_id="125">days</token>
<token number="125" sentence="6" t_id="126">.</token>
<token number="126" sentence="7" t_id="127">The</token>
<token number="127" sentence="7" t_id="128">Nasdaq</token>
<token number="128" sentence="7" t_id="129">Composite</token>
<token number="129" sentence="7" t_id="130">index</token>
<token number="130" sentence="7" t_id="131">lost</token>
<token number="131" sentence="7" t_id="132">53.5</token>
<token number="132" sentence="7" t_id="133">points</token>
<token number="133" sentence="7" t_id="134">,</token>
<token number="134" sentence="7" t_id="135">or</token>
<token number="135" sentence="7" t_id="136">3.71</token>
<token number="136" sentence="7" t_id="137">%</token>
<token number="137" sentence="7" t_id="138">,</token>
<token number="138" sentence="7" t_id="139">closing</token>
<token number="139" sentence="7" t_id="140">at</token>
<token number="140" sentence="7" t_id="141">1,387.7</token>
<token number="141" sentence="7" t_id="142">.</token>
<token number="142" sentence="8" t_id="143">However</token>
<token number="143" sentence="8" t_id="144">,</token>
<token number="144" sentence="8" t_id="145">the</token>
<token number="145" sentence="8" t_id="146">index</token>
<token number="146" sentence="8" t_id="147">remained</token>
<token number="147" sentence="8" t_id="148">above</token>
<token number="148" sentence="8" t_id="149">its</token>
<token number="149" sentence="8" t_id="150">November</token>
<token number="150" sentence="8" t_id="151">20</token>
<token number="151" sentence="8" t_id="152">,</token>
<token number="152" sentence="8" t_id="153">2008</token>
<token number="153" sentence="8" t_id="154">low</token>
<token number="154" sentence="8" t_id="155">of</token>
<token number="155" sentence="8" t_id="156">1316.12</token>
<token number="156" sentence="8" t_id="157">.</token>
<token number="157" sentence="9" t_id="158">Despite</token>
<token number="158" sentence="9" t_id="159">the</token>
<token number="159" sentence="9" t_id="160">worries</token>
<token number="160" sentence="9" t_id="161">about</token>
<token number="161" sentence="9" t_id="162">the</token>
<token number="162" sentence="9" t_id="163">banks</token>
<token number="163" sentence="9" t_id="164">,</token>
<token number="164" sentence="9" t_id="165">bank</token>
<token number="165" sentence="9" t_id="166">shares</token>
<token number="166" sentence="9" t_id="167">climbed</token>
<token number="167" sentence="9" t_id="168">today</token>
<token number="168" sentence="9" t_id="169">.</token>
<token number="169" sentence="10" t_id="170">Bank</token>
<token number="170" sentence="10" t_id="171">of</token>
<token number="171" sentence="10" t_id="172">America</token>
<token number="172" sentence="10" t_id="173">shares</token>
<token number="173" sentence="10" t_id="174">rose</token>
<token number="174" sentence="10" t_id="175">by</token>
<token number="175" sentence="10" t_id="176">3.2</token>
<token number="176" sentence="10" t_id="177">%</token>
<token number="177" sentence="10" t_id="178">,</token>
<token number="178" sentence="10" t_id="179">whilst</token>
<token number="179" sentence="10" t_id="180">Citigroup</token>
<token number="180" sentence="10" t_id="181">gained</token>
<token number="181" sentence="10" t_id="182">9.7</token>
<token number="182" sentence="10" t_id="183">%</token>
<token number="183" sentence="10" t_id="184">.</token>
<token number="184" sentence="11" t_id="185">However</token>
<token number="185" sentence="11" t_id="186">,</token>
<token number="186" sentence="11" t_id="187">stocks</token>
<token number="187" sentence="11" t_id="188">for</token>
<token number="188" sentence="11" t_id="189">both</token>
<token number="189" sentence="11" t_id="190">banks</token>
<token number="190" sentence="11" t_id="191">have</token>
<token number="191" sentence="11" t_id="192">plunged</token>
<token number="192" sentence="11" t_id="193">more</token>
<token number="193" sentence="11" t_id="194">than</token>
<token number="194" sentence="11" t_id="195">68</token>
<token number="195" sentence="11" t_id="196">%</token>
<token number="196" sentence="11" t_id="197">this</token>
<token number="197" sentence="11" t_id="198">year-to-date</token>
<token number="198" sentence="11" t_id="199">.</token>
<token number="199" sentence="12" t_id="200">``</token>
<token number="200" sentence="12" t_id="201">People</token>
<token number="201" sentence="12" t_id="202">left</token>
<token number="202" sentence="12" t_id="203">and</token>
<token number="203" sentence="12" t_id="204">right</token>
<token number="204" sentence="12" t_id="205">are</token>
<token number="205" sentence="12" t_id="206">throwing</token>
<token number="206" sentence="12" t_id="207">in</token>
<token number="207" sentence="12" t_id="208">the</token>
<token number="208" sentence="12" t_id="209">towel</token>
<token number="209" sentence="12" t_id="210">.</token>
<token number="210" sentence="13" t_id="211">The</token>
<token number="211" sentence="13" t_id="212">biggest</token>
<token number="212" sentence="13" t_id="213">thing</token>
<token number="213" sentence="13" t_id="214">I</token>
<token number="214" sentence="13" t_id="215">see</token>
<token number="215" sentence="13" t_id="216">here</token>
<token number="216" sentence="13" t_id="217">is</token>
<token number="217" sentence="13" t_id="218">the</token>
<token number="218" sentence="13" t_id="219">incredible</token>
<token number="219" sentence="13" t_id="220">pessimism</token>
<token number="220" sentence="13" t_id="221">--</token>
<token number="221" sentence="13" t_id="222">the</token>
<token number="222" sentence="13" t_id="223">government</token>
<token number="223" sentence="13" t_id="224">is</token>
<token number="224" sentence="13" t_id="225">doing</token>
<token number="225" sentence="13" t_id="226">a</token>
<token number="226" sentence="13" t_id="227">lousy</token>
<token number="227" sentence="13" t_id="228">job</token>
<token number="228" sentence="13" t_id="229">of</token>
<token number="229" sentence="13" t_id="230">alleviating</token>
<token number="230" sentence="13" t_id="231">fears</token>
<token number="231" sentence="13" t_id="232">,</token>
<token number="232" sentence="13" t_id="233">''</token>
<token number="233" sentence="13" t_id="234">said</token>
<token number="234" sentence="13" t_id="235">Keith</token>
<token number="235" sentence="13" t_id="236">Springer</token>
<token number="236" sentence="13" t_id="237">of</token>
<token number="237" sentence="13" t_id="238">Capital</token>
<token number="238" sentence="13" t_id="239">Financial</token>
<token number="239" sentence="13" t_id="240">Advisory</token>
<token number="240" sentence="13" t_id="241">Services</token>
<token number="241" sentence="13" t_id="242">.</token>
<token number="242" sentence="14" t_id="243">``</token>
<token number="243" sentence="14" t_id="244">Many</token>
<token number="244" sentence="14" t_id="245">investors</token>
<token number="245" sentence="14" t_id="246">simply</token>
<token number="246" sentence="14" t_id="247">ca</token>
<token number="247" sentence="14" t_id="248">n't</token>
<token number="248" sentence="14" t_id="249">contemplate</token>
<token number="249" sentence="14" t_id="250">any</token>
<token number="250" sentence="14" t_id="251">more</token>
<token number="251" sentence="14" t_id="252">stock</token>
<token number="252" sentence="14" t_id="253">market</token>
<token number="253" sentence="14" t_id="254">risk</token>
<token number="254" sentence="14" t_id="255">in</token>
<token number="255" sentence="14" t_id="256">their</token>
<token number="256" sentence="14" t_id="257">portfolios</token>
<token number="257" sentence="14" t_id="258">.</token>
<token number="258" sentence="15" t_id="259">Sentiment</token>
<token number="259" sentence="15" t_id="260">in</token>
<token number="260" sentence="15" t_id="261">the</token>
<token number="261" sentence="15" t_id="262">market</token>
<token number="262" sentence="15" t_id="263">is</token>
<token number="263" sentence="15" t_id="264">very</token>
<token number="264" sentence="15" t_id="265">weak</token>
<token number="265" sentence="15" t_id="266">and</token>
<token number="266" sentence="15" t_id="267">negative</token>
<token number="267" sentence="15" t_id="268">,</token>
<token number="268" sentence="15" t_id="269">''</token>
<token number="269" sentence="15" t_id="270">said</token>
<token number="270" sentence="15" t_id="271">the</token>
<token number="271" sentence="15" t_id="272">senior</token>
<token number="272" sentence="15" t_id="273">market</token>
<token number="273" sentence="15" t_id="274">strategist</token>
<token number="274" sentence="15" t_id="275">for</token>
<token number="275" sentence="15" t_id="276">Invesco</token>
<token number="276" sentence="15" t_id="277">AIM</token>
<token number="277" sentence="15" t_id="278">,</token>
<token number="278" sentence="15" t_id="279">Fritz</token>
<token number="279" sentence="15" t_id="280">Meyer</token>
<token number="280" sentence="15" t_id="281">.</token>
<Markables>
<ENTITY_MENTION comment="" head="banks" m_id="20" syntactic_type="NOM">
<token_anchor t_id="44"/>
<token_anchor t_id="45"/>
</ENTITY_MENTION>
<ENTITY_MENTION comment="" head="Dow Jones Industrial Average" m_id="21" syntactic_type="NAM">
<token_anchor t_id="47"/>
<token_anchor t_id="48"/>
<token_anchor t_id="49"/>
<token_anchor t_id="50"/>
<token_anchor t_id="51"/>
</ENTITY_MENTION>
<ENTITY_MENTION comment="" head="its" m_id="28" syntactic_type="PRO">
<token_anchor t_id="68"/>
</ENTITY_MENTION>
<ENTITY_MENTION comment="" head="Standard and Poor 's 500" m_id="31" syntactic_type="NAM">
<token_anchor t_id="75"/>
<token_anchor t_id="76"/>
<token_anchor t_id="77"/>
<token_anchor t_id="78"/>
<token_anchor t_id="79"/>
<token_anchor t_id="80"/>
<token_anchor t_id="81"/>
</ENTITY_MENTION>
<ENTITY_MENTION comment="" head="stock markets" m_id="1" syntactic_type="NOM">
<token_anchor t_id="1"/>
<token_anchor t_id="2"/>
<token_anchor t_id="3"/>
</ENTITY_MENTION>
<ENTITY_MENTION comment="" head="US" m_id="2" syntactic_type="ARC">
<token_anchor t_id="1"/>
</ENTITY_MENTION>
<ENTITY_MENTION comment="" head="its" m_id="36" syntactic_type="PRO">
<token_anchor t_id="94"/>
</ENTITY_MENTION>
<ENTITY_MENTION comment="" head="Russel 2000" m_id="39" syntactic_type="NAM">
<token_anchor t_id="101"/>
<token_anchor t_id="102"/>
<token_anchor t_id="103"/>
<token_anchor t_id="104"/>
<token_anchor t_id="105"/>
<token_anchor t_id="106"/>
<token_anchor t_id="107"/>
</ENTITY_MENTION>
<ENTITY_MENTION comment="" head="indexes" m_id="7" syntactic_type="NOM">
<token_anchor t_id="14"/>
<token_anchor t_id="15"/>
<token_anchor t_id="16"/>
<token_anchor t_id="17"/>
<token_anchor t_id="18"/>
<token_anchor t_id="19"/>
<token_anchor t_id="20"/>
</ENTITY_MENTION>
<ENTITY_MENTION comment="" head="United States" m_id="45" syntactic_type="NAM">
<token_anchor t_id="16"/>
<token_anchor t_id="17"/>
</ENTITY_MENTION>
<ENTITY_MENTION comment="" head="their" m_id="10" syntactic_type="PRO">
<token_anchor t_id="23"/>
</ENTITY_MENTION>
<ENTITY_MENTION comment="" head="companies" m_id="48" syntactic_type="NOM">
<token_anchor t_id="106"/>
<token_anchor t_id="107"/>
</ENTITY_MENTION>
<ENTITY_MENTION comment="" head="investor" m_id="65" syntactic_type="NOM">
<token_anchor t_id="35"/>
</ENTITY_MENTION>
<ENTITY_MENTION comment="" head="government" m_id="18" syntactic_type="NOM">
<token_anchor t_id="40"/>
<token_anchor t_id="41"/>
</ENTITY_MENTION>
<EVENT_MENTION aspect="NONE" certainty="POSSIBLE" comment="" m_id="19" modality="" polarity="POS" pos="VERB" pred="nationalize" special_cases="NONE" tense="FUTURE" time="FUTURE">
<token_anchor t_id="43"/>
</EVENT_MENTION>
<EVENT_MENTION aspect="NONE" certainty="CERTAIN" comment="" m_id="22" modality="" polarity="POS" pos="VERB" pred="fall" special_cases="NONE" tense="PAST" time="NON_FUTURE">
<token_anchor t_id="52"/>
</EVENT_MENTION>
<EVENT_MENTION aspect="NONE" certainty="CERTAIN" comment="" m_id="25" modality="" polarity="POS" pos="NOUN" pred="end" special_cases="NONE" tense="NONE" time="NON_FUTURE">
<token_anchor t_id="62"/>
</EVENT_MENTION>
<EVENT_MENTION aspect="NONE" certainty="CERTAIN" comment="" m_id="32" modality="" polarity="POS" pos="VERB" pred="lose" special_cases="NONE" tense="PAST" time="NON_FUTURE">
<token_anchor t_id="82"/>
</EVENT_MENTION>
<EVENT_MENTION aspect="NONE" certainty="CERTAIN" comment="" m_id="3" modality="" polarity="POS" pos="VERB" pred="fall" special_cases="NONE" tense="PRESENT" time="NON_FUTURE">
<token_anchor t_id="4"/>
</EVENT_MENTION>
<EVENT_MENTION aspect="NONE" certainty="CERTAIN" comment="" m_id="40" modality="" polarity="POS" pos="VERB" pred="drop" special_cases="NONE" tense="PAST" time="NON_FUTURE">
<token_anchor t_id="108"/>
</EVENT_MENTION>
<EVENT_MENTION aspect="NONE" certainty="CERTAIN" comment="" m_id="9" modality="" polarity="POS" pos="VERB" pred="close" special_cases="NONE" tense="PAST" time="NON_FUTURE">
<token_anchor t_id="21"/>
</EVENT_MENTION>
<EVENT_MENTION aspect="" certainty="CERTAIN" comment="" m_id="64" modality="" polarity="POS" pos="NOUN" pred="" special_cases="NONE" tense="" time="NON_FUTURE">
<token_anchor t_id="36"/>
<token_anchor t_id="38"/>
</EVENT_MENTION>
<EVENT_MENTION aspect="NONE" certainty="CERTAIN" comment="" m_id="15" modality="" polarity="POS" pos="VERB" pred="decline" special_cases="NONE" tense="PRESPART" time="NON_FUTURE">
<token_anchor t_id="34"/>
</EVENT_MENTION>
<EVENT_MENTION aspect="NONE" certainty="CERTAIN" comment="" m_id="16" modality="" polarity="POS" pos="NOUN" pred="confidence" special_cases="NONE" tense="NONE" time="NON_FUTURE">
<token_anchor t_id="36"/>
</EVENT_MENTION>
<EVENT_MENTION aspect="NONE" certainty="CERTAIN" comment="" m_id="17" modality="" polarity="POS" pos="NOUN" pred="worry" special_cases="NONE" tense="NONE" time="NON_FUTURE">
<token_anchor t_id="38"/>
</EVENT_MENTION>
<SIGNAL comment="" m_id="29">
<token_anchor t_id="71"/>
</SIGNAL>
<SIGNAL comment="" m_id="4">
<token_anchor t_id="8"/>
</SIGNAL>
<SIGNAL comment="" m_id="37">
<token_anchor t_id="97"/>
</SIGNAL>
<SIGNAL comment="" m_id="11">
<token_anchor t_id="26"/>
</SIGNAL>
<SIGNAL comment="" m_id="13">
<token_anchor t_id="30"/>
</SIGNAL>
<TIMEX3 anchorTimeID="14" beginPoint="" comment="" endPoint="" functionInDocument="NONE" m_id="26" type="DATE" value="2009-02-23">
<token_anchor t_id="63"/>
<token_anchor t_id="64"/>
</TIMEX3>
<TIMEX3 anchorTimeID="" beginPoint="" comment="" endPoint="" functionInDocument="NONE" m_id="30" type="DATE" value="1997-10">
<token_anchor t_id="72"/>
<token_anchor t_id="73"/>
</TIMEX3>
<TIMEX3 anchorTimeID="" beginPoint="" comment="" endPoint="" functionInDocument="NONE" m_id="5" type="DATE" value="1997">
<token_anchor t_id="9"/>
</TIMEX3>
<TIMEX3 anchorTimeID="" beginPoint="" comment="" endPoint="" functionInDocument="NONE" m_id="38" type="DATE" value="1997-04">
<token_anchor t_id="98"/>
<token_anchor t_id="99"/>
</TIMEX3>
<TIMEX3 anchorTimeID="" beginPoint="" comment="" endPoint="" functionInDocument="CREATION_TIME" m_id="6" type="DATE" value="2009-02-24">
<token_anchor t_id="10"/>
<token_anchor t_id="11"/>
<token_anchor t_id="12"/>
<token_anchor t_id="13"/>
</TIMEX3>
<TIMEX3 anchorTimeID="" beginPoint="5" comment="" endPoint="14" functionInDocument="NONE" m_id="12" type="DATE" value="P10Y">
<token_anchor t_id="27"/>
<token_anchor t_id="28"/>
<token_anchor t_id="29"/>
</TIMEX3>
<TIMEX3 anchorTimeID="6" beginPoint="" comment="" endPoint="" functionInDocument="NONE" m_id="14" type="DATE" value="2009-02-23">
<token_anchor t_id="31"/>
</TIMEX3>
<VALUE comment="" m_id="23" type="PERCENT">
<token_anchor t_id="54"/>
<token_anchor t_id="55"/>
</VALUE>
<VALUE comment="" m_id="24" type="QUANTITY">
<token_anchor t_id="58"/>
<token_anchor t_id="59"/>
</VALUE>
<VALUE comment="" m_id="27" type="QUANTITY">
<token_anchor t_id="66"/>
</VALUE>
<VALUE comment="" m_id="33" type="QUANTITY">
<token_anchor t_id="83"/>
<token_anchor t_id="84"/>
</VALUE>
<VALUE comment="" m_id="34" type="PERCENT">
<token_anchor t_id="86"/>
<token_anchor t_id="87"/>
</VALUE>
<VALUE comment="" m_id="35" type="QUANTITY">
<token_anchor t_id="92"/>
</VALUE>
<VALUE comment="" m_id="8" type="QUANTITY">
<token_anchor t_id="14"/>
</VALUE>
<VALUE comment="" m_id="41" type="PERCENT">
<token_anchor t_id="110"/>
<token_anchor t_id="111"/>
</VALUE>
<EVENT_MENTION m_id="66">
  <token_anchor t_id="139"/>
</EVENT_MENTION>
<EVENT_MENTION m_id="73">
  <token_anchor t_id="131"/>
</EVENT_MENTION>
<EVENT_MENTION m_id="78">
  <token_anchor t_id="147"/>
</EVENT_MENTION>
<ENTITY_MENTION m_id="107">
  <token_anchor t_id="16"/>
  <token_anchor t_id="17"/>
  <token_anchor t_id="18"/>
  <token_anchor t_id="19"/>
</ENTITY_MENTION>
<ENTITY_MENTION m_id="67">
  <token_anchor t_id="145"/>
  <token_anchor t_id="146"/>
</ENTITY_MENTION>
<ENTITY_MENTION m_id="68">
  <token_anchor t_id="170"/>
  <token_anchor t_id="171"/>
  <token_anchor t_id="172"/>
</ENTITY_MENTION>
<ENTITY_MENTION m_id="79">
  <token_anchor t_id="149"/>
</ENTITY_MENTION>
<ENTITY_MENTION m_id="83">
  <token_anchor t_id="127"/>
  <token_anchor t_id="128"/>
  <token_anchor t_id="129"/>
  <token_anchor t_id="130"/>
</ENTITY_MENTION>
<EVENT TAG_DESCRIPTOR="remain 23 february 2009 nasdaq" class="OTHER" instance_id="OTH40444076935944847" m_id="105"/><EVENT TAG_DESCRIPTOR="fell 23 february 2009 dow" class="OTHER" instance_id="OTH40816845595573330" m_id="104"/>
<EVENT TAG_DESCRIPTOR="nationalize" class="OTHER" comment="" external_ref="" m_id="54"/><EVENT TAG_DESCRIPTOR="worry" class="SPEECH_COGNITIVE" comment="" external_ref="" m_id="51"/>
<EVENT TAG_DESCRIPTOR="confidence" class="OTHER" comment="" external_ref="" m_id="50"/><EVENT TAG_DESCRIPTOR="decline" class="OTHER" comment="" external_ref="" m_id="49"/>
<EVENT TAG_DESCRIPTOR="close" class="OTHER" comment="" external_ref="" m_id="47"/><EVENT TAG_DESCRIPTOR="lose 23 february 2009 nasdaq" class="OTHER" instance_id="OTH40434045438212395" m_id="99"/>
<EVENT TAG_DESCRIPTOR="declining worries" class="MIX" comment="" external_ref="" m_id="108"/><EVENT TAG_DESCRIPTOR="end 23 february 2009 dow" class="OTHER" instance_id="OTH40817064095727586" m_id="96"/>
<EVENT TAG_DESCRIPTOR="fall" class="OTHER" instance_id="OTH40546045861326926" m_id="95"/><EVENT TAG_DESCRIPTOR="drop" class="OTHER" comment="" external_ref="" m_id="62"/>
<EVENT TAG_DESCRIPTOR="close nasdaq 23 february 2009" class="OTHER" instance_id="OTH40434030430358286" m_id="92"/><EVENT TAG_DESCRIPTOR="lose 23 febr 2009" class="OTHER" instance_id="OTH40344125596587072" m_id="90"/>
<ENTITY TAG_DESCRIPTOR="US stock markets" ent_type="FIN" instance_id="FIN39326930888384754" m_id="106"/><ENTITY TAG_DESCRIPTOR="S&amp;P 500" ent_type="FIN" external_ref="http://dbpedia.org/resource/S&amp;P_500" instance_id="FIN39325939269459429" m_id="103"/>
<ENTITY TAG_DESCRIPTOR="US banks" ent_type="ORG" instance_id="ORG43995193106187133" m_id="102"/><ENTITY TAG_DESCRIPTOR="Dow Jones Industrial Average" ent_type="FIN" external_ref="http://dbpedia.org/resource/Dow_Jones_Industrial_Average" instance_id="FIN39323676120351079" m_id="101"/>
<ENTITY TAG_DESCRIPTOR="NASDAQ Index (NASDAQ composite)" ent_type="FIN" external_ref="http://dbpedia.org/page/Nasdaq_Composite" instance_id="FIN39324663297288769" m_id="100"/><ENTITY TAG_DESCRIPTOR="Russell 2000 index" ent_type="FIN" external_ref="http://dbpedia.org/resource/Russell_2000" instance_id="FIN44159687171187229" m_id="98"/>
<ENTITY TAG_DESCRIPTOR="companies" ent_type="ORG" instance_id="ORG44179864762149858" m_id="97"/><ENTITY TAG_DESCRIPTOR="US three major indices" ent_type="FIN" instance_id="FIN40522987686527925" m_id="94"/>
<ENTITY TAG_DESCRIPTOR="Bank of America" ent_type="ORG" external_ref="http://dbpedia.org/resource/Bank_of_America" instance_id="ORG39669852667789054" m_id="93"/><ENTITY TAG_DESCRIPTOR="United States of America " ent_type="LOC" external_ref="http://dbpedia.org/resource/United_States" instance_id="LOC27735327659249054" m_id="91"/></Markables>
<Relations>
<TLINK comment="" r_id="155087" reltype="AFTER" signalID="">
<source m_id="6"/>
<target m_id="9"/>
</TLINK>
<TLINK comment="" r_id="155088" reltype="IS_INCLUDED" signalID="13">
<source m_id="9"/>
<target m_id="14"/>
</TLINK>
<TLINK comment="" r_id="155090" reltype="SIMULTANEOUS" signalID="">
<source m_id="9"/>
<target m_id="15"/>
</TLINK>
<TLINK comment="" r_id="155091" reltype="SIMULTANEOUS" signalID="">
<source m_id="9"/>
<target m_id="17"/>
</TLINK>
<TLINK comment="" r_id="155092" reltype="BEFORE" signalID="">
<source m_id="9"/>
<target m_id="19"/>
</TLINK>
<TLINK comment="" r_id="155968" reltype="AFTER" signalID="">
<source m_id="6"/>
<target m_id="22"/>
</TLINK>
<TLINK comment="" r_id="155969" reltype="AFTER" signalID="">
<source m_id="6"/>
<target m_id="32"/>
</TLINK>
<TLINK comment="" r_id="155970" reltype="AFTER" signalID="">
<source m_id="6"/>
<target m_id="40"/>
</TLINK>
<TLINK comment="" r_id="155971" reltype="ENDS" signalID="">
<source m_id="9"/>
<target m_id="22"/>
</TLINK>
<TLINK comment="" r_id="155972" reltype="SIMULTANEOUS" signalID="">
<source m_id="22"/>
<target m_id="32"/>
</TLINK>
<TLINK comment="" r_id="155973" reltype="SIMULTANEOUS" signalID="">
<source m_id="32"/>
<target m_id="40"/>
</TLINK>
<TLINK comment="" r_id="155974" reltype="ENDED_BY" signalID="">
<source m_id="22"/>
<target m_id="25"/>
</TLINK>
<TLINK comment="" r_id="155975" reltype="ENDED_BY" signalID="">
<source m_id="12"/>
<target m_id="14"/>
</TLINK>
<TLINK comment="" r_id="155979" reltype="ENDS" signalID="">
<source m_id="25"/>
<target m_id="26"/>
</TLINK>
<TLINK comment="" r_id="155980" reltype="AFTER" signalID="">
<source m_id="26"/>
<target m_id="30"/>
</TLINK>
<TLINK comment="" r_id="155981" reltype="AFTER" signalID="">
<source m_id="32"/>
<target m_id="38"/>
</TLINK>
<HAS_PARTICIPANT comment="" r_id="155983" sem_role="Arg1" sem_role_framework="PROPBANK">
<source m_id="3"/>
<target m_id="1"/>
</HAS_PARTICIPANT>
<HAS_PARTICIPANT comment="" r_id="155984" sem_role="Arg1" sem_role_framework="PROPBANK">
<source m_id="9"/>
<target m_id="7"/>
</HAS_PARTICIPANT>
<HAS_PARTICIPANT comment="" r_id="155986" sem_role="Arg0" sem_role_framework="PROPBANK">
<source m_id="19"/>
<target m_id="18"/>
</HAS_PARTICIPANT>
<HAS_PARTICIPANT comment="" r_id="155987" sem_role="Arg1" sem_role_framework="PROPBANK">
<source m_id="19"/>
<target m_id="20"/>
</HAS_PARTICIPANT>
<HAS_PARTICIPANT comment="" r_id="155989" sem_role="Arg1" sem_role_framework="PROPBANK">
<source m_id="22"/>
<target m_id="21"/>
</HAS_PARTICIPANT>
<HAS_PARTICIPANT comment="" r_id="155990" sem_role="Arg2" sem_role_framework="PROPBANK">
<source m_id="22"/>
<target m_id="24"/>
</HAS_PARTICIPANT>
<HAS_PARTICIPANT comment="" r_id="155991" sem_role="Arg2" sem_role_framework="PROPBANK">
<source m_id="22"/>
<target m_id="23"/>
</HAS_PARTICIPANT>
<HAS_PARTICIPANT comment="" r_id="155992" sem_role="Arg4" sem_role_framework="PROPBANK">
<source m_id="25"/>
<target m_id="27"/>
</HAS_PARTICIPANT>
<HAS_PARTICIPANT comment="" r_id="156001" sem_role="Arg2" sem_role_framework="PROPBANK">
<source m_id="32"/>
<target m_id="33"/>
</HAS_PARTICIPANT>
<HAS_PARTICIPANT comment="" r_id="156003" sem_role="Arg4" sem_role_framework="PROPBANK">
<source m_id="32"/>
<target m_id="34"/>
</HAS_PARTICIPANT>
<HAS_PARTICIPANT comment="" r_id="156005" sem_role="Arg4" sem_role_framework="PROPBANK">
<source m_id="32"/>
<target m_id="35"/>
</HAS_PARTICIPANT>
<HAS_PARTICIPANT comment="" r_id="156006" sem_role="Arg2" sem_role_framework="PROPBANK">
<source m_id="40"/>
<target m_id="41"/>
</HAS_PARTICIPANT>























<REFERS_TO r_id="156024">
<source m_id="18"/>
<source m_id="45"/>
<source m_id="2"/>
<target m_id="91"/>
</REFERS_TO>
<REFERS_TO r_id="156025">
<source m_id="40"/>
<target m_id="62"/>
</REFERS_TO>
<REFERS_TO r_id="156026">
<source m_id="32"/>
<target m_id="90"/>
</REFERS_TO>
<REFERS_TO r_id="156027">
<source m_id="68"/>
<target m_id="93"/>
</REFERS_TO>
<REFERS_TO r_id="156028">
<source m_id="66"/>
<target m_id="92"/>
</REFERS_TO>
<REFERS_TO r_id="156029">
<source m_id="15"/>
<target m_id="49"/>
</REFERS_TO>
<REFERS_TO r_id="156030">
<source m_id="9"/>
<target m_id="47"/>
</REFERS_TO>
<REFERS_TO r_id="156031">
<source m_id="48"/>
<target m_id="97"/>
</REFERS_TO>
<REFERS_TO r_id="156032">
<source m_id="78"/>
<target m_id="105"/>
</REFERS_TO>
<REFERS_TO r_id="156033">
<source m_id="73"/>
<target m_id="99"/>
</REFERS_TO>
<REFERS_TO r_id="156034">
<source m_id="39"/>
<target m_id="98"/>
</REFERS_TO>
<REFERS_TO r_id="156035">
<source m_id="64"/>
<target m_id="108"/>
</REFERS_TO>
<REFERS_TO r_id="156036">
<source m_id="107"/>
<source m_id="1"/>
<target m_id="106"/>
</REFERS_TO>
<REFERS_TO r_id="156037">
<source m_id="20"/>
<target m_id="102"/>
</REFERS_TO>
<REFERS_TO r_id="156038">
<source m_id="36"/>
<source m_id="31"/>
<target m_id="103"/>
</REFERS_TO>
<REFERS_TO r_id="156039">
<source m_id="67"/>
<source m_id="79"/>
<source m_id="83"/>
<target m_id="100"/>
</REFERS_TO>
<REFERS_TO r_id="156040">
<source m_id="28"/>
<source m_id="21"/>
<target m_id="101"/>
</REFERS_TO>
<REFERS_TO r_id="156041">
<source m_id="3"/>
<target m_id="95"/>
</REFERS_TO>
<REFERS_TO r_id="156042">
<source m_id="10"/>
<source m_id="7"/>
<target m_id="94"/>
</REFERS_TO>
<REFERS_TO r_id="156043">
<source m_id="22"/>
<target m_id="104"/>
</REFERS_TO>
<REFERS_TO r_id="156044">
<source m_id="25"/>
<target m_id="96"/>
</REFERS_TO>
<REFERS_TO r_id="156045">
<source m_id="19"/>
<target m_id="54"/>
</REFERS_TO>
<REFERS_TO r_id="156046">
<source m_id="17"/>
<target m_id="51"/>
</REFERS_TO>
<REFERS_TO r_id="156047">
<source m_id="16"/>
<target m_id="50"/>
</REFERS_TO>
</Relations>
</Document>
