<?xml version="1.0" ?><Document doc_id="141483" doc_name="141483_Bank_of_America_reports_losses" lang="en" url="http://en.wikinews.org/wiki/Bank_of_America_reports_losses_of_over_US$2.2_billion">
<token number="0" sentence="0" t_id="1">Bank</token>
<token number="1" sentence="0" t_id="2">of</token>
<token number="2" sentence="0" t_id="3">America</token>
<token number="3" sentence="0" t_id="4">reports</token>
<token number="4" sentence="0" t_id="5">losses</token>
<token number="5" sentence="0" t_id="6">of</token>
<token number="6" sentence="0" t_id="7">over</token>
<token number="7" sentence="0" t_id="8">US$</token>
<token number="8" sentence="0" t_id="9">2.2</token>
<token number="9" sentence="0" t_id="10">billion</token>
<token number="10" sentence="1" t_id="11">October</token>
<token number="11" sentence="1" t_id="12">16</token>
<token number="12" sentence="1" t_id="13">,</token>
<token number="13" sentence="1" t_id="14">2009</token>
<token number="14" sentence="2" t_id="15">The</token>
<token number="15" sentence="2" t_id="16">Bank</token>
<token number="16" sentence="2" t_id="17">of</token>
<token number="17" sentence="2" t_id="18">America</token>
<token number="18" sentence="2" t_id="19">Corporation</token>
<token number="19" sentence="2" t_id="20">,</token>
<token number="20" sentence="2" t_id="21">the</token>
<token number="21" sentence="2" t_id="22">second-largest</token>
<token number="22" sentence="2" t_id="23">bank</token>
<token number="23" sentence="2" t_id="24">in</token>
<token number="24" sentence="2" t_id="25">the</token>
<token number="25" sentence="2" t_id="26">United</token>
<token number="26" sentence="2" t_id="27">States</token>
<token number="27" sentence="2" t_id="28">,</token>
<token number="28" sentence="2" t_id="29">has</token>
<token number="29" sentence="2" t_id="30">announced</token>
<token number="30" sentence="2" t_id="31">that</token>
<token number="31" sentence="2" t_id="32">it</token>
<token number="32" sentence="2" t_id="33">lost</token>
<token number="33" sentence="2" t_id="34">US$</token>
<token number="34" sentence="2" t_id="35">2.24</token>
<token number="35" sentence="2" t_id="36">billion</token>
<token number="36" sentence="2" t_id="37">in</token>
<token number="37" sentence="2" t_id="38">the</token>
<token number="38" sentence="2" t_id="39">third</token>
<token number="39" sentence="2" t_id="40">quarter</token>
<token number="40" sentence="2" t_id="41">of</token>
<token number="41" sentence="2" t_id="42">this</token>
<token number="42" sentence="2" t_id="43">year</token>
<token number="43" sentence="2" t_id="44">,</token>
<token number="44" sentence="2" t_id="45">mainly</token>
<token number="45" sentence="2" t_id="46">due</token>
<token number="46" sentence="2" t_id="47">to</token>
<token number="47" sentence="2" t_id="48">increases</token>
<token number="48" sentence="2" t_id="49">in</token>
<token number="49" sentence="2" t_id="50">loan</token>
<token number="50" sentence="2" t_id="51">losses</token>
<token number="51" sentence="2" t_id="52">.</token>
<token number="52" sentence="3" t_id="53">According</token>
<token number="53" sentence="3" t_id="54">to</token>
<token number="54" sentence="3" t_id="55">the</token>
<token number="55" sentence="3" t_id="56">bank</token>
<token number="56" sentence="3" t_id="57">,</token>
<token number="57" sentence="3" t_id="58">the</token>
<token number="58" sentence="3" t_id="59">losses</token>
<token number="59" sentence="3" t_id="60">are</token>
<token number="60" sentence="3" t_id="61">equal</token>
<token number="61" sentence="3" t_id="62">to</token>
<token number="62" sentence="3" t_id="63">26</token>
<token number="63" sentence="3" t_id="64">cents</token>
<token number="64" sentence="3" t_id="65">per</token>
<token number="65" sentence="3" t_id="66">share</token>
<token number="66" sentence="3" t_id="67">,</token>
<token number="67" sentence="3" t_id="68">worse</token>
<token number="68" sentence="3" t_id="69">than</token>
<token number="69" sentence="3" t_id="70">most</token>
<token number="70" sentence="3" t_id="71">economic</token>
<token number="71" sentence="3" t_id="72">analysts</token>
<token number="72" sentence="3" t_id="73">had</token>
<token number="73" sentence="3" t_id="74">forecast</token>
<token number="74" sentence="3" t_id="75">.</token>
<token number="75" sentence="4" t_id="76">In</token>
<token number="76" sentence="4" t_id="77">the</token>
<token number="77" sentence="4" t_id="78">same</token>
<token number="78" sentence="4" t_id="79">period</token>
<token number="79" sentence="4" t_id="80">a</token>
<token number="80" sentence="4" t_id="81">year</token>
<token number="81" sentence="4" t_id="82">earlier</token>
<token number="82" sentence="4" t_id="83">,</token>
<token number="83" sentence="4" t_id="84">Bank</token>
<token number="84" sentence="4" t_id="85">of</token>
<token number="85" sentence="4" t_id="86">America</token>
<token number="86" sentence="4" t_id="87">had</token>
<token number="87" sentence="4" t_id="88">gained</token>
<token number="88" sentence="4" t_id="89">$</token>
<token number="89" sentence="4" t_id="90">704</token>
<token number="90" sentence="4" t_id="91">million</token>
<token number="91" sentence="4" t_id="92">,</token>
<token number="92" sentence="4" t_id="93">or</token>
<token number="93" sentence="4" t_id="94">fifteen</token>
<token number="94" sentence="4" t_id="95">cents</token>
<token number="95" sentence="4" t_id="96">per</token>
<token number="96" sentence="4" t_id="97">share</token>
<token number="97" sentence="4" t_id="98">.</token>
<token number="98" sentence="5" t_id="99">The</token>
<token number="99" sentence="5" t_id="100">bank</token>
<token number="100" sentence="5" t_id="101">'s</token>
<token number="101" sentence="5" t_id="102">CEO</token>
<token number="102" sentence="5" t_id="103">,</token>
<token number="103" sentence="5" t_id="104">Ken</token>
<token number="104" sentence="5" t_id="105">Lewis</token>
<token number="105" sentence="5" t_id="106">,</token>
<token number="106" sentence="5" t_id="107">said</token>
<token number="107" sentence="5" t_id="108">in</token>
<token number="108" sentence="5" t_id="109">a</token>
<token number="109" sentence="5" t_id="110">statement</token>
<token number="110" sentence="5" t_id="111">that</token>
<token number="111" sentence="5" t_id="112">''</token>
<token number="112" sentence="5" t_id="113">...</token>
<token number="113" sentence="5" t_id="114">]</token>
<token number="114" sentence="5" t_id="115">credit</token>
<token number="115" sentence="5" t_id="116">costs</token>
<token number="116" sentence="5" t_id="117">remain</token>
<token number="117" sentence="5" t_id="118">high</token>
<token number="118" sentence="5" t_id="119">,</token>
<token number="119" sentence="5" t_id="120">and</token>
<token number="120" sentence="5" t_id="121">that</token>
<token number="121" sentence="5" t_id="122">is</token>
<token number="122" sentence="5" t_id="123">our</token>
<token number="123" sentence="5" t_id="124">major</token>
<token number="124" sentence="5" t_id="125">financial</token>
<token number="125" sentence="5" t_id="126">challenge</token>
<token number="126" sentence="5" t_id="127">going</token>
<token number="127" sentence="5" t_id="128">forward</token>
<token number="128" sentence="5" t_id="129">.</token>
<token number="129" sentence="6" t_id="130">However</token>
<token number="130" sentence="6" t_id="131">,</token>
<token number="131" sentence="6" t_id="132">we</token>
<token number="132" sentence="6" t_id="133">are</token>
<token number="133" sentence="6" t_id="134">heartened</token>
<token number="134" sentence="6" t_id="135">by</token>
<token number="135" sentence="6" t_id="136">early</token>
<token number="136" sentence="6" t_id="137">positive</token>
<token number="137" sentence="6" t_id="138">signs</token>
<token number="138" sentence="6" t_id="139">,</token>
<token number="139" sentence="6" t_id="140">such</token>
<token number="140" sentence="6" t_id="141">as</token>
<token number="141" sentence="6" t_id="142">the</token>
<token number="142" sentence="6" t_id="143">leveling</token>
<token number="143" sentence="6" t_id="144">of</token>
<token number="144" sentence="6" t_id="145">delinquencies</token>
<token number="145" sentence="6" t_id="146">among</token>
<token number="146" sentence="6" t_id="147">our</token>
<token number="147" sentence="6" t_id="148">credit</token>
<token number="148" sentence="6" t_id="149">card</token>
<token number="149" sentence="6" t_id="150">numbers</token>
<token number="150" sentence="6" t_id="151">.</token>
<token number="151" sentence="6" t_id="152">''</token>
<token number="152" sentence="7" t_id="153">Lewis</token>
<token number="153" sentence="7" t_id="154">said</token>
<token number="154" sentence="7" t_id="155">that</token>
<token number="155" sentence="7" t_id="156">losses</token>
<token number="156" sentence="7" t_id="157">from</token>
<token number="157" sentence="7" t_id="158">loans</token>
<token number="158" sentence="7" t_id="159">would</token>
<token number="159" sentence="7" t_id="160">probably</token>
<token number="160" sentence="7" t_id="161">continue</token>
<token number="161" sentence="7" t_id="162">to</token>
<token number="162" sentence="7" t_id="163">increase</token>
<token number="163" sentence="7" t_id="164">.</token>
<token number="164" sentence="8" t_id="165">In</token>
<token number="165" sentence="8" t_id="166">a</token>
<token number="166" sentence="8" t_id="167">conference</token>
<token number="167" sentence="8" t_id="168">call</token>
<token number="168" sentence="8" t_id="169">with</token>
<token number="169" sentence="8" t_id="170">analysts</token>
<token number="170" sentence="8" t_id="171">,</token>
<token number="171" sentence="8" t_id="172">he</token>
<token number="172" sentence="8" t_id="173">said</token>
<token number="173" sentence="8" t_id="174">that</token>
<token number="174" sentence="8" t_id="175">``</token>
<token number="175" sentence="8" t_id="176">based</token>
<token number="176" sentence="8" t_id="177">on</token>
<token number="177" sentence="8" t_id="178">the</token>
<token number="178" sentence="8" t_id="179">]</token>
<token number="179" sentence="8" t_id="180">economic</token>
<token number="180" sentence="8" t_id="181">scenario</token>
<token number="181" sentence="8" t_id="182">,</token>
<token number="182" sentence="8" t_id="183">results</token>
<token number="183" sentence="8" t_id="184">in</token>
<token number="184" sentence="8" t_id="185">the</token>
<token number="185" sentence="8" t_id="186">fourth</token>
<token number="186" sentence="8" t_id="187">quarter</token>
<token number="187" sentence="8" t_id="188">are</token>
<token number="188" sentence="8" t_id="189">expected</token>
<token number="189" sentence="8" t_id="190">to</token>
<token number="190" sentence="8" t_id="191">continue</token>
<token number="191" sentence="8" t_id="192">to</token>
<token number="192" sentence="8" t_id="193">be</token>
<token number="193" sentence="8" t_id="194">challenging</token>
<token number="194" sentence="8" t_id="195">as</token>
<token number="195" sentence="8" t_id="196">we</token>
<token number="196" sentence="8" t_id="197">close</token>
<token number="197" sentence="8" t_id="198">the</token>
<token number="198" sentence="8" t_id="199">year</token>
<token number="199" sentence="8" t_id="200">.</token>
<token number="200" sentence="8" t_id="201">''</token>
<Markables>
<C-SIGNAL comment="" m_id="16">
<token_anchor t_id="46"/>
<token_anchor t_id="47"/>
</C-SIGNAL>
<ENTITY_MENTION comment="" head="share" m_id="20" syntactic_type="NOM">
<token_anchor t_id="66"/>
</ENTITY_MENTION>
<ENTITY_MENTION comment="" head="analysts" m_id="21" syntactic_type="NOM">
<token_anchor t_id="70"/>
<token_anchor t_id="71"/>
<token_anchor t_id="72"/>
</ENTITY_MENTION>
<ENTITY_MENTION comment="" head="Bank of America" m_id="26" syntactic_type="NAM">
<token_anchor t_id="84"/>
<token_anchor t_id="85"/>
<token_anchor t_id="86"/>
</ENTITY_MENTION>
<ENTITY_MENTION comment="" head="share" m_id="29" syntactic_type="NOM">
<token_anchor t_id="97"/>
</ENTITY_MENTION>
<ENTITY_MENTION comment="" head="" m_id="30" syntactic_type="APP">
<token_anchor t_id="99"/>
<token_anchor t_id="100"/>
<token_anchor t_id="101"/>
<token_anchor t_id="102"/>
<token_anchor t_id="103"/>
<token_anchor t_id="104"/>
<token_anchor t_id="105"/>
</ENTITY_MENTION>
<ENTITY_MENTION comment="" head="CEO" m_id="31" syntactic_type="NOM">
<token_anchor t_id="99"/>
<token_anchor t_id="100"/>
<token_anchor t_id="101"/>
<token_anchor t_id="102"/>
</ENTITY_MENTION>
<ENTITY_MENTION comment="" head="Ken Lewis" m_id="32" syntactic_type="NAM">
<token_anchor t_id="104"/>
<token_anchor t_id="105"/>
</ENTITY_MENTION>
<ENTITY_MENTION comment="" head="Bank of America" m_id="1" syntactic_type="NAM">
<token_anchor t_id="1"/>
<token_anchor t_id="2"/>
<token_anchor t_id="3"/>
</ENTITY_MENTION>
<ENTITY_MENTION comment="" head="Bank of America Corporation" m_id="2" syntactic_type="NAM">
<token_anchor t_id="15"/>
<token_anchor t_id="16"/>
<token_anchor t_id="17"/>
<token_anchor t_id="18"/>
<token_anchor t_id="19"/>
</ENTITY_MENTION>
<ENTITY_MENTION comment="" head="bank" m_id="3" syntactic_type="NOM">
<token_anchor t_id="21"/>
<token_anchor t_id="22"/>
<token_anchor t_id="23"/>
<token_anchor t_id="24"/>
<token_anchor t_id="25"/>
<token_anchor t_id="26"/>
<token_anchor t_id="27"/>
</ENTITY_MENTION>
<ENTITY_MENTION comment="" head="costs" m_id="35" syntactic_type="NOM">
<token_anchor t_id="115"/>
<token_anchor t_id="116"/>
</ENTITY_MENTION>
<ENTITY_MENTION comment="" head="" m_id="4" syntactic_type="APP">
<token_anchor t_id="15"/>
<token_anchor t_id="16"/>
<token_anchor t_id="17"/>
<token_anchor t_id="18"/>
<token_anchor t_id="19"/>
<token_anchor t_id="20"/>
<token_anchor t_id="21"/>
<token_anchor t_id="22"/>
<token_anchor t_id="23"/>
<token_anchor t_id="24"/>
<token_anchor t_id="25"/>
<token_anchor t_id="26"/>
<token_anchor t_id="27"/>
</ENTITY_MENTION>
<ENTITY_MENTION comment="" head="United States" m_id="5" syntactic_type="NAM">
<token_anchor t_id="25"/>
<token_anchor t_id="26"/>
<token_anchor t_id="27"/>
</ENTITY_MENTION>
<ENTITY_MENTION comment="" head="it" m_id="7" syntactic_type="PRO">
<token_anchor t_id="32"/>
</ENTITY_MENTION>
<ENTITY_MENTION comment="" head="loan" m_id="11" syntactic_type="NOM">
<token_anchor t_id="50"/>
</ENTITY_MENTION>
<ENTITY_MENTION comment="" head="bank" m_id="61" syntactic_type="PRE.NOM">
<token_anchor t_id="99"/>
<token_anchor t_id="100"/>
</ENTITY_MENTION>
<ENTITY_MENTION comment="" head="bank" m_id="12" syntactic_type="NOM">
<token_anchor t_id="55"/>
<token_anchor t_id="56"/>
</ENTITY_MENTION>
<EVENT_MENTION aspect="PERFECTIVE" certainty="CERTAIN" comment="" m_id="22" modality="" polarity="POS" pos="VERB" pred="forecast" special_cases="NONE" tense="PAST" time="NON_FUTURE">
<token_anchor t_id="74"/>
</EVENT_MENTION>
<EVENT_MENTION aspect="PERFECTIVE" certainty="CERTAIN" comment="" m_id="25" modality="" polarity="POS" pos="VERB" pred="gain" special_cases="NONE" tense="PAST" time="NON_FUTURE">
<token_anchor t_id="88"/>
</EVENT_MENTION>
<EVENT_MENTION aspect="NONE" certainty="CERTAIN" comment="" m_id="33" modality="" polarity="POS" pos="VERB" pred="say" special_cases="NONE" tense="PAST" time="NON_FUTURE">
<token_anchor t_id="107"/>
</EVENT_MENTION>
<EVENT_MENTION aspect="" certainty="CERTAIN" comment="" m_id="34" modality="" polarity="POS" pos="NOUN" pred="statement" special_cases="NONE" tense="" time="NON_FUTURE">
<token_anchor t_id="110"/>
</EVENT_MENTION>
<EVENT_MENTION aspect="" certainty="CERTAIN" comment="" m_id="36" modality="" polarity="POS" pos="OTHER" pred="high" special_cases="NONE" tense="" time="NON_FUTURE">
<token_anchor t_id="118"/>
</EVENT_MENTION>
<EVENT_MENTION aspect="NONE" certainty="CERTAIN" comment="" m_id="37" modality="" polarity="POS" pos="VERB" pred="be" special_cases="NONE" tense="PRESENT" time="NON_FUTURE">
<token_anchor t_id="122"/>
</EVENT_MENTION>
<EVENT_MENTION aspect="" certainty="CERTAIN" comment="" m_id="38" modality="" polarity="POS" pos="NOUN" pred="challenge" special_cases="NONE" tense="" time="NON_FUTURE">
<token_anchor t_id="126"/>
</EVENT_MENTION>
<EVENT_MENTION aspect="PERFECTIVE" certainty="CERTAIN" comment="" m_id="6" modality="" polarity="POS" pos="VERB" pred="announce" special_cases="NONE" tense="PRESENT" time="NON_FUTURE">
<token_anchor t_id="30"/>
</EVENT_MENTION>
<EVENT_MENTION aspect="PROGRESSIVE" certainty="CERTAIN" comment="" m_id="39" modality="" polarity="POS" pos="VERB" pred="" special_cases="NONE" tense="PRESENT" time="NON_FUTURE">
<token_anchor t_id="127"/>
</EVENT_MENTION>
<EVENT_MENTION aspect="NONE" certainty="CERTAIN" comment="" m_id="40" modality="" polarity="POS" pos="VERB" pred="report" special_cases="NONE" tense="PRESENT" time="NON_FUTURE">
<token_anchor t_id="4"/>
</EVENT_MENTION>
<EVENT_MENTION aspect="NONE" certainty="CERTAIN" comment="" m_id="8" modality="" polarity="POS" pos="VERB" pred="lose" special_cases="NONE" tense="PAST" time="FUTURE">
<token_anchor t_id="33"/>
</EVENT_MENTION>
<EVENT_MENTION aspect="" certainty="CERTAIN" comment="" m_id="41" modality="" polarity="POS" pos="NOUN" pred="loss" special_cases="NONE" tense="" time="FUTURE">
<token_anchor t_id="5"/>
</EVENT_MENTION>
<EVENT_MENTION aspect="" certainty="CERTAIN" comment="" m_id="9" modality="" polarity="POS" pos="NOUN" pred="increase" special_cases="NONE" tense="" time="NON_FUTURE">
<token_anchor t_id="48"/>
</EVENT_MENTION>
<EVENT_MENTION aspect="" certainty="CERTAIN" comment="" m_id="10" modality="" polarity="POS" pos="NOUN" pred="loss" special_cases="NONE" tense="" time="NON_FUTURE">
<token_anchor t_id="51"/>
</EVENT_MENTION>
<EVENT_MENTION aspect="" certainty="CERTAIN" comment="" m_id="17" modality="" polarity="POS" pos="NOUN" pred="loss" special_cases="NONE" tense="" time="NON_FUTURE">
<token_anchor t_id="59"/>
</EVENT_MENTION>
<EVENT_MENTION aspect="NONE" certainty="CERTAIN" comment="" m_id="18" modality="" polarity="POS" pos="VERB" pred="be" special_cases="NONE" tense="PRESENT" time="NON_FUTURE">
<token_anchor t_id="60"/>
</EVENT_MENTION>
<SIGNAL comment="" m_id="24">
<token_anchor t_id="76"/>
</SIGNAL>
<SIGNAL comment="" m_id="15">
<token_anchor t_id="37"/>
</SIGNAL>
<TIMEX3 anchorTimeID="43" beginPoint="" comment="" endPoint="" functionInDocument="NONE" m_id="23" type="DATE" value="2009-10">
<token_anchor t_id="77"/>
<token_anchor t_id="78"/>
<token_anchor t_id="79"/>
<token_anchor t_id="80"/>
<token_anchor t_id="81"/>
<token_anchor t_id="82"/>
</TIMEX3>
<TIMEX3 anchorTimeID="" beginPoint="" comment="" endPoint="" functionInDocument="CREATION_TIME" m_id="43" type="DATE" value="2009-10-16">
<token_anchor t_id="11"/>
<token_anchor t_id="12"/>
<token_anchor t_id="13"/>
<token_anchor t_id="14"/>
</TIMEX3>
<TIMEX3 anchorTimeID="43" beginPoint="" comment="" endPoint="" functionInDocument="NONE" m_id="14" type="DATE" value="2009-Q3">
<token_anchor t_id="38"/>
<token_anchor t_id="39"/>
<token_anchor t_id="40"/>
<token_anchor t_id="41"/>
<token_anchor t_id="42"/>
<token_anchor t_id="43"/>
</TIMEX3>
<VALUE comment="" m_id="19" type="QUANTITY">
<token_anchor t_id="63"/>
<token_anchor t_id="64"/>
</VALUE>
<VALUE comment="" m_id="27" type="MONEY">
<token_anchor t_id="89"/>
<token_anchor t_id="90"/>
<token_anchor t_id="91"/>
</VALUE>
<VALUE comment="" m_id="28" type="MONEY">
<token_anchor t_id="94"/>
<token_anchor t_id="95"/>
</VALUE>
<VALUE comment="" m_id="42" type="QUANTITY">
<token_anchor t_id="7"/>
<token_anchor t_id="8"/>
<token_anchor t_id="9"/>
<token_anchor t_id="10"/>
</VALUE>
<VALUE comment="" m_id="13" type="MONEY">
<token_anchor t_id="34"/>
<token_anchor t_id="35"/>
<token_anchor t_id="36"/>
</VALUE>
<EVENT_MENTION m_id="66">
  <token_anchor t_id="134"/>
</EVENT_MENTION>
<EVENT_MENTION m_id="67">
  <token_anchor t_id="117"/>
</EVENT_MENTION>
<EVENT_MENTION m_id="72">
  <token_anchor t_id="197"/>
</EVENT_MENTION>
<EVENT_MENTION m_id="84">
  <token_anchor t_id="121"/>
</EVENT_MENTION>
<ENTITY_MENTION m_id="68">
  <token_anchor t_id="132"/>
</ENTITY_MENTION>
<ENTITY_MENTION m_id="73">
  <token_anchor t_id="196"/>
</ENTITY_MENTION>
<ENTITY_MENTION m_id="85">
  <token_anchor t_id="147"/>
</ENTITY_MENTION>
<ENTITY_MENTION m_id="86">
  <token_anchor t_id="123"/>
</ENTITY_MENTION>
<EVENT TAG_DESCRIPTOR="reports" class="SPEECH_COGNITIVE" instance_id="SPE39740693550576170" m_id="99"/><EVENT TAG_DESCRIPTOR="lose" class="OTHER" instance_id="OTH39742341355237375" m_id="97"/>
<EVENT TAG_DESCRIPTOR="Challenge" class="OTHER" instance_id="OTH39673299541558923" m_id="108"/><EVENT TAG_DESCRIPTOR="going" class="OTHER" comment="" external_ref="" m_id="65"/>
<EVENT TAG_DESCRIPTOR="be - challenge" class="GRAMMATICAL" comment="" external_ref="" m_id="63"/><EVENT TAG_DESCRIPTOR="high" class="OTHER" comment="" external_ref="" m_id="62"/>
<EVENT TAG_DESCRIPTOR="close" class="OTHER" instance_id="OTH39745679577634259" m_id="104"/><EVENT TAG_DESCRIPTOR="gain" class="OTHER" instance_id="OTH39742909464602587" m_id="103"/>
<EVENT TAG_DESCRIPTOR="statement" class="SPEECH_COGNITIVE" comment="" external_ref="" m_id="60"/><EVENT TAG_DESCRIPTOR="hearten" class="OTHER" instance_id="OTH39743219266662792" m_id="101"/>
<EVENT TAG_DESCRIPTOR="say" class="SPEECH_COGNITIVE" comment="" external_ref="" m_id="59"/><EVENT TAG_DESCRIPTOR="forecast" class="OTHER" comment="" external_ref="" m_id="57"/>
<EVENT TAG_DESCRIPTOR="be - equal" class="GRAMMATICAL" comment="" external_ref="" m_id="56"/><EVENT TAG_DESCRIPTOR="loss" class="OTHER" comment="" external_ref="" m_id="55"/>
<EVENT TAG_DESCRIPTOR="increase" class="OTHER" comment="" external_ref="" m_id="54"/><ENTITY TAG_DESCRIPTOR="United States of America " ent_type="LOC" external_ref="http://dbpedia.org/resource/United_States" instance_id="LOC27735327659249054" m_id="98"/>
<ENTITY TAG_DESCRIPTOR="credit costs of the Bank of America" ent_type="FIN" instance_id="FIN44179238026550995" m_id="109"/><ENTITY TAG_DESCRIPTOR="loan" ent_type="FIN" external_ref="http://dbpedia.org/resource/Loan" instance_id="FIN44179241464919056" m_id="107"/>
<ENTITY TAG_DESCRIPTOR="Financial analysts" ent_type="PER" external_ref="http://dbpedia.org/resource/Financial_analyst" instance_id="PER43999661376291416" m_id="106"/><ENTITY TAG_DESCRIPTOR="Ken Lewis" ent_type="PER" external_ref="http://dbpedia.org/resource/Ken_Lewis_(executive)" instance_id="PER44159299993460400" m_id="105"/>
<ENTITY TAG_DESCRIPTOR="Bank of America" ent_type="ORG" external_ref="http://dbpedia.org/resource/Bank_of_America" instance_id="ORG39669852667789054" m_id="102"/><ENTITY TAG_DESCRIPTOR="Bank of America shares" ent_type="FIN" instance_id="FIN44179244168342519" m_id="100"/></Markables>
<Relations>
<SLINK r_id="162560">
<source m_id="40"/>
<target m_id="41"/>
</SLINK>
<SLINK r_id="162562">
<source m_id="6"/>
<target m_id="8"/>
</SLINK>
<CLINK r_id="162564">
<source m_id="9"/>
<target m_id="8"/>
</CLINK>
<TLINK comment="" r_id="162626" reltype="INCLUDES" signalID="">
<source m_id="43"/>
<target m_id="6"/>
</TLINK>
<TLINK comment="" r_id="162627" reltype="INCLUDES" signalID="">
<source m_id="43"/>
<target m_id="18"/>
</TLINK>
<TLINK comment="" r_id="162628" reltype="AFTER" signalID="">
<source m_id="6"/>
<target m_id="18"/>
</TLINK>
<TLINK comment="" r_id="162629" reltype="AFTER" signalID="">
<source m_id="6"/>
<target m_id="8"/>
</TLINK>
<TLINK comment="" r_id="162630" reltype="IS_INCLUDED" signalID="15">
<source m_id="8"/>
<target m_id="14"/>
</TLINK>
<TLINK comment="" r_id="162631" reltype="AFTER" signalID="">
<source m_id="18"/>
<target m_id="22"/>
</TLINK>
<TLINK comment="" r_id="162632" reltype="AFTER" signalID="">
<source m_id="43"/>
<target m_id="25"/>
</TLINK>
<TLINK comment="" r_id="162633" reltype="AFTER" signalID="">
<source m_id="18"/>
<target m_id="25"/>
</TLINK>
<TLINK comment="" r_id="162634" reltype="BEFORE" signalID="">
<source m_id="25"/>
<target m_id="33"/>
</TLINK>
<TLINK comment="" r_id="162635" reltype="INCLUDES" signalID="">
<source m_id="43"/>
<target m_id="33"/>
</TLINK>
<HAS_PARTICIPANT comment="" r_id="162636" sem_role="Arg1" sem_role_framework="PROPBANK">
<source m_id="10"/>
<target m_id="11"/>
</HAS_PARTICIPANT>
<HAS_PARTICIPANT comment="" r_id="162637" sem_role="Arg2" sem_role_framework="PROPBANK">
<source m_id="8"/>
<target m_id="13"/>
</HAS_PARTICIPANT>
<HAS_PARTICIPANT comment="" r_id="162638" sem_role="Arg0" sem_role_framework="PROPBANK">
<source m_id="8"/>
<target m_id="7"/>
</HAS_PARTICIPANT>
<HAS_PARTICIPANT comment="" r_id="162639" sem_role="Arg0" sem_role_framework="PROPBANK">
<source m_id="6"/>
<target m_id="4"/>
</HAS_PARTICIPANT>
<HAS_PARTICIPANT comment="" r_id="162640" sem_role="Arg2" sem_role_framework="PROPBANK">
<source m_id="41"/>
<target m_id="42"/>
</HAS_PARTICIPANT>
<HAS_PARTICIPANT comment="" r_id="162641" sem_role="Arg0" sem_role_framework="PROPBANK">
<source m_id="40"/>
<target m_id="1"/>
</HAS_PARTICIPANT>
<HAS_PARTICIPANT comment="" r_id="162642" sem_role="Arg2" sem_role_framework="PROPBANK">
<source m_id="18"/>
<target m_id="19"/>
</HAS_PARTICIPANT>
<HAS_PARTICIPANT comment="" r_id="162643" sem_role="Arg0" sem_role_framework="PROPBANK">
<source m_id="22"/>
<target m_id="21"/>
</HAS_PARTICIPANT>
<HAS_PARTICIPANT comment="" r_id="162644" sem_role="Arg2" sem_role_framework="PROPBANK">
<source m_id="25"/>
<target m_id="28"/>
</HAS_PARTICIPANT>
<HAS_PARTICIPANT comment="" r_id="162645" sem_role="Arg1" sem_role_framework="PROPBANK">
<source m_id="25"/>
<target m_id="26"/>
</HAS_PARTICIPANT>
<HAS_PARTICIPANT comment="" r_id="162646" sem_role="Arg2" sem_role_framework="PROPBANK">
<source m_id="25"/>
<target m_id="27"/>
</HAS_PARTICIPANT>
<HAS_PARTICIPANT comment="" r_id="162647" sem_role="Arg0" sem_role_framework="PROPBANK">
<source m_id="33"/>
<target m_id="30"/>
</HAS_PARTICIPANT>
<HAS_PARTICIPANT comment="" r_id="162648" sem_role="Arg1" sem_role_framework="PROPBANK">
<source m_id="36"/>
<target m_id="35"/>
</HAS_PARTICIPANT>





















<REFERS_TO r_id="163054">
<source m_id="34"/>
<target m_id="60"/>
</REFERS_TO>
<REFERS_TO r_id="163055">
<source m_id="36"/>
<target m_id="62"/>
</REFERS_TO>
<REFERS_TO r_id="163056">
<source m_id="37"/>
<target m_id="63"/>
</REFERS_TO>
<REFERS_TO r_id="163057">
<source m_id="39"/>
<target m_id="65"/>
</REFERS_TO>
<REFERS_TO r_id="163058">
<source m_id="17"/>
<source m_id="8"/>
<source m_id="41"/>
<target m_id="97"/>
</REFERS_TO>
<REFERS_TO r_id="163059">
<source m_id="6"/>
<source m_id="40"/>
<target m_id="99"/>
</REFERS_TO>
<REFERS_TO r_id="163060">
<source m_id="5"/>
<target m_id="98"/>
</REFERS_TO>
<REFERS_TO r_id="163061">
<source m_id="67"/>
<source m_id="38"/>
<source m_id="84"/>
<target m_id="108"/>
</REFERS_TO>
<REFERS_TO r_id="163062">
<source m_id="35"/>
<target m_id="109"/>
</REFERS_TO>
<REFERS_TO r_id="163063">
<source m_id="68"/>
<source m_id="61"/>
<source m_id="73"/>
<source m_id="3"/>
<source m_id="1"/>
<source m_id="2"/>
<source m_id="85"/>
<source m_id="86"/>
<source m_id="26"/>
<source m_id="12"/>
<source m_id="7"/>
<source m_id="4"/>
<target m_id="102"/>
</REFERS_TO>
<REFERS_TO r_id="163064">
<source m_id="25"/>
<target m_id="103"/>
</REFERS_TO>
<REFERS_TO r_id="163065">
<source m_id="29"/>
<source m_id="20"/>
<target m_id="100"/>
</REFERS_TO>
<REFERS_TO r_id="163066">
<source m_id="66"/>
<target m_id="101"/>
</REFERS_TO>
<REFERS_TO r_id="163067">
<source m_id="21"/>
<target m_id="106"/>
</REFERS_TO>
<REFERS_TO r_id="163068">
<source m_id="11"/>
<target m_id="107"/>
</REFERS_TO>
<REFERS_TO r_id="163069">
<source m_id="72"/>
<target m_id="104"/>
</REFERS_TO>
<REFERS_TO r_id="163070">
<source m_id="30"/>
<source m_id="32"/>
<target m_id="105"/>
</REFERS_TO>
<REFERS_TO r_id="163071">
<source m_id="33"/>
<target m_id="59"/>
</REFERS_TO>
<REFERS_TO r_id="163072">
<source m_id="10"/>
<target m_id="55"/>
</REFERS_TO>
<REFERS_TO r_id="163073">
<source m_id="9"/>
<target m_id="54"/>
</REFERS_TO>
<REFERS_TO r_id="163074">
<source m_id="22"/>
<target m_id="57"/>
</REFERS_TO>
<REFERS_TO r_id="163075">
<source m_id="18"/>
<target m_id="56"/>
</REFERS_TO>
</Relations>
</Document>