<?xml version="1.0" ?><Document doc_id="62405" doc_name="62405_Sub-prime_lenders_send_jitters_through_global_markets" lang="en" url="http://en.wikinews.org/wiki/Sub-prime_lenders_send_jitters_through_global_markets">
<token number="0" sentence="0" t_id="1">Sub-prime</token>
<token number="1" sentence="0" t_id="2">lenders</token>
<token number="2" sentence="0" t_id="3">send</token>
<token number="3" sentence="0" t_id="4">jitters</token>
<token number="4" sentence="0" t_id="5">through</token>
<token number="5" sentence="0" t_id="6">global</token>
<token number="6" sentence="0" t_id="7">markets</token>
<token number="7" sentence="1" t_id="8">March</token>
<token number="8" sentence="1" t_id="9">13</token>
<token number="9" sentence="1" t_id="10">,</token>
<token number="10" sentence="1" t_id="11">2007</token>
<token number="11" sentence="2" t_id="12">Just</token>
<token number="12" sentence="2" t_id="13">two</token>
<token number="13" sentence="2" t_id="14">weeks</token>
<token number="14" sentence="2" t_id="15">after</token>
<token number="15" sentence="2" t_id="16">China</token>
<token number="16" sentence="2" t_id="17">sent</token>
<token number="17" sentence="2" t_id="18">global</token>
<token number="18" sentence="2" t_id="19">markets</token>
<token number="19" sentence="2" t_id="20">into</token>
<token number="20" sentence="2" t_id="21">a</token>
<token number="21" sentence="2" t_id="22">tumble</token>
<token number="22" sentence="2" t_id="23">,</token>
<token number="23" sentence="2" t_id="24">growing</token>
<token number="24" sentence="2" t_id="25">worries</token>
<token number="25" sentence="2" t_id="26">about</token>
<token number="26" sentence="2" t_id="27">sub-prime</token>
<token number="27" sentence="2" t_id="28">mortgage</token>
<token number="28" sentence="2" t_id="29">lenders</token>
<token number="29" sentence="2" t_id="30">in</token>
<token number="30" sentence="2" t_id="31">the</token>
<token number="31" sentence="2" t_id="32">United</token>
<token number="32" sentence="2" t_id="33">States</token>
<token number="33" sentence="2" t_id="34">are</token>
<token number="34" sentence="2" t_id="35">sending</token>
<token number="35" sentence="2" t_id="36">jitters</token>
<token number="36" sentence="2" t_id="37">through</token>
<token number="37" sentence="2" t_id="38">stock</token>
<token number="38" sentence="2" t_id="39">exchanges</token>
<token number="39" sentence="2" t_id="40">around</token>
<token number="40" sentence="2" t_id="41">the</token>
<token number="41" sentence="2" t_id="42">globe</token>
<token number="42" sentence="2" t_id="43">.</token>
<token number="43" sentence="3" t_id="44">The</token>
<token number="44" sentence="3" t_id="45">three</token>
<token number="45" sentence="3" t_id="46">major</token>
<token number="46" sentence="3" t_id="47">US</token>
<token number="47" sentence="3" t_id="48">stock</token>
<token number="48" sentence="3" t_id="49">market</token>
<token number="49" sentence="3" t_id="50">indices</token>
<token number="50" sentence="3" t_id="51">each</token>
<token number="51" sentence="3" t_id="52">fell</token>
<token number="52" sentence="3" t_id="53">two</token>
<token number="53" sentence="3" t_id="54">percent</token>
<token number="54" sentence="3" t_id="55">from</token>
<token number="55" sentence="3" t_id="56">Monday</token>
<token number="56" sentence="3" t_id="57">'s</token>
<token number="57" sentence="3" t_id="58">closing</token>
<token number="58" sentence="3" t_id="59">price</token>
<token number="59" sentence="3" t_id="60">,</token>
<token number="60" sentence="3" t_id="61">marking</token>
<token number="61" sentence="3" t_id="62">the</token>
<token number="62" sentence="3" t_id="63">second-biggest</token>
<token number="63" sentence="3" t_id="64">loss</token>
<token number="64" sentence="3" t_id="65">of</token>
<token number="65" sentence="3" t_id="66">2007</token>
<token number="66" sentence="3" t_id="67">.</token>
<token number="67" sentence="4" t_id="68">London</token>
<token number="68" sentence="4" t_id="69">'s</token>
<token number="69" sentence="4" t_id="70">FTSE</token>
<token number="70" sentence="4" t_id="71">100</token>
<token number="71" sentence="4" t_id="72">,</token>
<token number="72" sentence="4" t_id="73">Paris</token>
<token number="73" sentence="4" t_id="74">'</token>
<token number="74" sentence="4" t_id="75">CAC</token>
<token number="75" sentence="4" t_id="76">40</token>
<token number="76" sentence="4" t_id="77">and</token>
<token number="77" sentence="4" t_id="78">Frankfurt</token>
<token number="78" sentence="4" t_id="79">'s</token>
<token number="79" sentence="4" t_id="80">DAX</token>
<token number="80" sentence="4" t_id="81">30</token>
<token number="81" sentence="4" t_id="82">indices</token>
<token number="82" sentence="4" t_id="83">each</token>
<token number="83" sentence="4" t_id="84">closed</token>
<token number="84" sentence="4" t_id="85">down</token>
<token number="85" sentence="4" t_id="86">more</token>
<token number="86" sentence="4" t_id="87">than</token>
<token number="87" sentence="4" t_id="88">1</token>
<token number="88" sentence="4" t_id="89">percent</token>
<token number="89" sentence="4" t_id="90">.</token>
<token number="90" sentence="5" t_id="91">As</token>
<token number="91" sentence="5" t_id="92">the</token>
<token number="92" sentence="5" t_id="93">Mortgage</token>
<token number="93" sentence="5" t_id="94">Bankers</token>
<token number="94" sentence="5" t_id="95">Association</token>
<token number="95" sentence="5" t_id="96">reported</token>
<token number="96" sentence="5" t_id="97">that</token>
<token number="97" sentence="5" t_id="98">late</token>
<token number="98" sentence="5" t_id="99">payments</token>
<token number="99" sentence="5" t_id="100">on</token>
<token number="100" sentence="5" t_id="101">mortgages</token>
<token number="101" sentence="5" t_id="102">and</token>
<token number="102" sentence="5" t_id="103">home</token>
<token number="103" sentence="5" t_id="104">foreclosures</token>
<token number="104" sentence="5" t_id="105">in</token>
<token number="105" sentence="5" t_id="106">the</token>
<token number="106" sentence="5" t_id="107">US</token>
<token number="107" sentence="5" t_id="108">homes</token>
<token number="108" sentence="5" t_id="109">rose</token>
<token number="109" sentence="5" t_id="110">in</token>
<token number="110" sentence="5" t_id="111">the</token>
<token number="111" sentence="5" t_id="112">fourth</token>
<token number="112" sentence="5" t_id="113">quarter</token>
<token number="113" sentence="5" t_id="114">to</token>
<token number="114" sentence="5" t_id="115">their</token>
<token number="115" sentence="5" t_id="116">highest</token>
<token number="116" sentence="5" t_id="117">level</token>
<token number="117" sentence="5" t_id="118">in</token>
<token number="118" sentence="5" t_id="119">years</token>
<token number="119" sentence="5" t_id="120">,</token>
<token number="120" sentence="5" t_id="121">investors</token>
<token number="121" sentence="5" t_id="122">are</token>
<token number="122" sentence="5" t_id="123">concerned</token>
<token number="123" sentence="5" t_id="124">that</token>
<token number="124" sentence="5" t_id="125">not</token>
<token number="125" sentence="5" t_id="126">only</token>
<token number="126" sentence="5" t_id="127">US</token>
<token number="127" sentence="5" t_id="128">banks</token>
<token number="128" sentence="5" t_id="129">but</token>
<token number="129" sentence="5" t_id="130">also</token>
<token number="130" sentence="5" t_id="131">multi-national</token>
<token number="131" sentence="5" t_id="132">banks</token>
<token number="132" sentence="5" t_id="133">around</token>
<token number="133" sentence="5" t_id="134">the</token>
<token number="134" sentence="5" t_id="135">globe</token>
<token number="135" sentence="5" t_id="136">could</token>
<token number="136" sentence="5" t_id="137">have</token>
<token number="137" sentence="5" t_id="138">exposure</token>
<token number="138" sentence="5" t_id="139">.</token>
<token number="139" sentence="6" t_id="140">More</token>
<token number="140" sentence="6" t_id="141">than</token>
<token number="141" sentence="6" t_id="142">two</token>
<token number="142" sentence="6" t_id="143">dozen</token>
<token number="143" sentence="6" t_id="144">sub-prime</token>
<token number="144" sentence="6" t_id="145">lenders</token>
<token number="145" sentence="6" t_id="146">have</token>
<token number="146" sentence="6" t_id="147">closed</token>
<token number="147" sentence="6" t_id="148">or</token>
<token number="148" sentence="6" t_id="149">sold</token>
<token number="149" sentence="6" t_id="150">operations</token>
<token number="150" sentence="6" t_id="151">as</token>
<token number="151" sentence="6" t_id="152">defaults</token>
<token number="152" sentence="6" t_id="153">on</token>
<token number="153" sentence="6" t_id="154">those</token>
<token number="154" sentence="6" t_id="155">mortgages</token>
<token number="155" sentence="6" t_id="156">have</token>
<token number="156" sentence="6" t_id="157">risen</token>
<token number="157" sentence="6" t_id="158">.</token>
<token number="158" sentence="7" t_id="159">``</token>
<token number="159" sentence="7" t_id="160">The</token>
<token number="160" sentence="7" t_id="161">delinquencies</token>
<token number="161" sentence="7" t_id="162">and</token>
<token number="162" sentence="7" t_id="163">defaults</token>
<token number="163" sentence="7" t_id="164">have</token>
<token number="164" sentence="7" t_id="165">started</token>
<token number="165" sentence="7" t_id="166">to</token>
<token number="166" sentence="7" t_id="167">soar</token>
<token number="167" sentence="7" t_id="168">,</token>
<token number="168" sentence="7" t_id="169">''</token>
<token number="169" sentence="7" t_id="170">said</token>
<token number="170" sentence="7" t_id="171">Nicolas</token>
<token number="171" sentence="7" t_id="172">Retsinas</token>
<token number="172" sentence="7" t_id="173">,</token>
<token number="173" sentence="7" t_id="174">director</token>
<token number="174" sentence="7" t_id="175">of</token>
<token number="175" sentence="7" t_id="176">Housing</token>
<token number="176" sentence="7" t_id="177">Studies</token>
<token number="177" sentence="7" t_id="178">at</token>
<token number="178" sentence="7" t_id="179">Harvard</token>
<token number="179" sentence="7" t_id="180">University</token>
<token number="180" sentence="7" t_id="181">.</token>
<token number="181" sentence="8" t_id="182">``</token>
<token number="182" sentence="8" t_id="183">A</token>
<token number="183" sentence="8" t_id="184">lot</token>
<token number="184" sentence="8" t_id="185">of</token>
<token number="185" sentence="8" t_id="186">these</token>
<token number="186" sentence="8" t_id="187">lenders</token>
<token number="187" sentence="8" t_id="188">started</token>
<token number="188" sentence="8" t_id="189">to</token>
<token number="189" sentence="8" t_id="190">make</token>
<token number="190" sentence="8" t_id="191">loans</token>
<token number="191" sentence="8" t_id="192">and</token>
<token number="192" sentence="8" t_id="193">lost</token>
<token number="193" sentence="8" t_id="194">track</token>
<token number="194" sentence="8" t_id="195">of</token>
<token number="195" sentence="8" t_id="196">some</token>
<token number="196" sentence="8" t_id="197">of</token>
<token number="197" sentence="8" t_id="198">the</token>
<token number="198" sentence="8" t_id="199">fundamentals</token>
<token number="199" sentence="8" t_id="200">.</token>
<token number="200" sentence="8" t_id="201">''</token>
<token number="201" sentence="9" t_id="202">New</token>
<token number="202" sentence="9" t_id="203">Century</token>
<token number="203" sentence="9" t_id="204">Financial</token>
<token number="204" sentence="9" t_id="205">Corporation</token>
<token number="205" sentence="9" t_id="206">,</token>
<token number="206" sentence="9" t_id="207">the</token>
<token number="207" sentence="9" t_id="208">second</token>
<token number="208" sentence="9" t_id="209">largest</token>
<token number="209" sentence="9" t_id="210">sub-prime</token>
<token number="210" sentence="9" t_id="211">lender</token>
<token number="211" sentence="9" t_id="212">in</token>
<token number="212" sentence="9" t_id="213">the</token>
<token number="213" sentence="9" t_id="214">US</token>
<token number="214" sentence="9" t_id="215">,</token>
<token number="215" sentence="9" t_id="216">has</token>
<token number="216" sentence="9" t_id="217">recently</token>
<token number="217" sentence="9" t_id="218">revealed</token>
<token number="218" sentence="9" t_id="219">that</token>
<token number="219" sentence="9" t_id="220">its</token>
<token number="220" sentence="9" t_id="221">creditors</token>
<token number="221" sentence="9" t_id="222">were</token>
<token number="222" sentence="9" t_id="223">no</token>
<token number="223" sentence="9" t_id="224">longer</token>
<token number="224" sentence="9" t_id="225">providing</token>
<token number="225" sentence="9" t_id="226">funds</token>
<token number="226" sentence="9" t_id="227">and</token>
<token number="227" sentence="9" t_id="228">,</token>
<token number="228" sentence="9" t_id="229">further</token>
<token number="229" sentence="9" t_id="230">,</token>
<token number="230" sentence="9" t_id="231">it</token>
<token number="231" sentence="9" t_id="232">has</token>
<token number="232" sentence="9" t_id="233">become</token>
<token number="233" sentence="9" t_id="234">subject</token>
<token number="234" sentence="9" t_id="235">of</token>
<token number="235" sentence="9" t_id="236">an</token>
<token number="236" sentence="9" t_id="237">SEC</token>
<token number="237" sentence="9" t_id="238">investigation</token>
<token number="238" sentence="9" t_id="239">.</token>
<token number="239" sentence="10" t_id="240">The</token>
<token number="240" sentence="10" t_id="241">New</token>
<token number="241" sentence="10" t_id="242">York</token>
<token number="242" sentence="10" t_id="243">Stock</token>
<token number="243" sentence="10" t_id="244">Exchange</token>
<token number="244" sentence="10" t_id="245">has</token>
<token number="245" sentence="10" t_id="246">said</token>
<token number="246" sentence="10" t_id="247">it</token>
<token number="247" sentence="10" t_id="248">will</token>
<token number="248" sentence="10" t_id="249">delist</token>
<token number="249" sentence="10" t_id="250">New</token>
<token number="250" sentence="10" t_id="251">Century</token>
<token number="251" sentence="10" t_id="252">.</token>
<token number="252" sentence="11" t_id="253">Accredited</token>
<token number="253" sentence="11" t_id="254">Home</token>
<token number="254" sentence="11" t_id="255">Loan</token>
<token number="255" sentence="11" t_id="256">Lending</token>
<token number="256" sentence="11" t_id="257">,</token>
<token number="257" sentence="11" t_id="258">another</token>
<token number="258" sentence="11" t_id="259">major</token>
<token number="259" sentence="11" t_id="260">sub-prime</token>
<token number="260" sentence="11" t_id="261">mortgage</token>
<token number="261" sentence="11" t_id="262">specialist</token>
<token number="262" sentence="11" t_id="263">,</token>
<token number="263" sentence="11" t_id="264">said</token>
<token number="264" sentence="11" t_id="265">it</token>
<token number="265" sentence="11" t_id="266">was</token>
<token number="266" sentence="11" t_id="267">seeking</token>
<token number="267" sentence="11" t_id="268">fresh</token>
<token number="268" sentence="11" t_id="269">capital</token>
<token number="269" sentence="11" t_id="270">and</token>
<token number="270" sentence="11" t_id="271">waivers</token>
<token number="271" sentence="11" t_id="272">on</token>
<token number="272" sentence="11" t_id="273">its</token>
<token number="273" sentence="11" t_id="274">lending</token>
<token number="274" sentence="11" t_id="275">covenants</token>
<token number="275" sentence="11" t_id="276">.</token>
<token number="276" sentence="12" t_id="277">Sub-prime</token>
<token number="277" sentence="12" t_id="278">lenders</token>
<token number="278" sentence="12" t_id="279">provide</token>
<token number="279" sentence="12" t_id="280">mortgages</token>
<token number="280" sentence="12" t_id="281">to</token>
<token number="281" sentence="12" t_id="282">people</token>
<token number="282" sentence="12" t_id="283">who</token>
<token number="283" sentence="12" t_id="284">do</token>
<token number="284" sentence="12" t_id="285">not</token>
<token number="285" sentence="12" t_id="286">qualify</token>
<token number="286" sentence="12" t_id="287">for</token>
<token number="287" sentence="12" t_id="288">loans</token>
<token number="288" sentence="12" t_id="289">from</token>
<token number="289" sentence="12" t_id="290">mainstream</token>
<token number="290" sentence="12" t_id="291">lenders</token>
<token number="291" sentence="12" t_id="292">,</token>
<token number="292" sentence="12" t_id="293">typically</token>
<token number="293" sentence="12" t_id="294">due</token>
<token number="294" sentence="12" t_id="295">to</token>
<token number="295" sentence="12" t_id="296">their</token>
<token number="296" sentence="12" t_id="297">credit</token>
<token number="297" sentence="12" t_id="298">histories</token>
<token number="298" sentence="12" t_id="299">.</token>
<token number="299" sentence="13" t_id="300">The</token>
<token number="300" sentence="13" t_id="301">lenders</token>
<token number="301" sentence="13" t_id="302">then</token>
<token number="302" sentence="13" t_id="303">bundle</token>
<token number="303" sentence="13" t_id="304">these</token>
<token number="304" sentence="13" t_id="305">mortgages</token>
<token number="305" sentence="13" t_id="306">as</token>
<token number="306" sentence="13" t_id="307">collateral</token>
<token number="307" sentence="13" t_id="308">for</token>
<token number="308" sentence="13" t_id="309">loans</token>
<token number="309" sentence="13" t_id="310">that</token>
<token number="310" sentence="13" t_id="311">they</token>
<token number="311" sentence="13" t_id="312">obtain</token>
<token number="312" sentence="13" t_id="313">from</token>
<token number="313" sentence="13" t_id="314">other</token>
<token number="314" sentence="13" t_id="315">financing</token>
<token number="315" sentence="13" t_id="316">firms</token>
<token number="316" sentence="13" t_id="317">,</token>
<token number="317" sentence="13" t_id="318">such</token>
<token number="318" sentence="13" t_id="319">as</token>
<token number="319" sentence="13" t_id="320">GMAC</token>
<token number="320" sentence="13" t_id="321">.</token>
<token number="321" sentence="14" t_id="322">Such</token>
<token number="322" sentence="14" t_id="323">firms</token>
<token number="323" sentence="14" t_id="324">can</token>
<token number="324" sentence="14" t_id="325">then</token>
<token number="325" sentence="14" t_id="326">repackage</token>
<token number="326" sentence="14" t_id="327">these</token>
<token number="327" sentence="14" t_id="328">loans</token>
<token number="328" sentence="14" t_id="329">and</token>
<token number="329" sentence="14" t_id="330">sell</token>
<token number="330" sentence="14" t_id="331">them</token>
<token number="331" sentence="14" t_id="332">as</token>
<token number="332" sentence="14" t_id="333">mortgage-backed</token>
<token number="333" sentence="14" t_id="334">securities</token>
<token number="334" sentence="14" t_id="335">.</token>
<token number="335" sentence="15" t_id="336">These</token>
<token number="336" sentence="15" t_id="337">securities</token>
<token number="337" sentence="15" t_id="338">may</token>
<token number="338" sentence="15" t_id="339">end</token>
<token number="339" sentence="15" t_id="340">up</token>
<token number="340" sentence="15" t_id="341">in</token>
<token number="341" sentence="15" t_id="342">the</token>
<token number="342" sentence="15" t_id="343">hands</token>
<token number="343" sentence="15" t_id="344">of</token>
<token number="344" sentence="15" t_id="345">major</token>
<token number="345" sentence="15" t_id="346">multi-national</token>
<token number="346" sentence="15" t_id="347">banks</token>
<token number="347" sentence="15" t_id="348">such</token>
<token number="348" sentence="15" t_id="349">as</token>
<token number="349" sentence="15" t_id="350">Citibank</token>
<token number="350" sentence="15" t_id="351">,</token>
<token number="351" sentence="15" t_id="352">HSBC</token>
<token number="352" sentence="15" t_id="353">,</token>
<token number="353" sentence="15" t_id="354">and</token>
<token number="354" sentence="15" t_id="355">Commerzbank</token>
<token number="355" sentence="15" t_id="356">.</token>
<token number="356" sentence="16" t_id="357">Each</token>
<token number="357" sentence="16" t_id="358">level</token>
<token number="358" sentence="16" t_id="359">of</token>
<token number="359" sentence="16" t_id="360">lending</token>
<token number="360" sentence="16" t_id="361">assumes</token>
<token number="361" sentence="16" t_id="362">a</token>
<token number="362" sentence="16" t_id="363">level</token>
<token number="363" sentence="16" t_id="364">of</token>
<token number="364" sentence="16" t_id="365">financial</token>
<token number="365" sentence="16" t_id="366">risk</token>
<token number="366" sentence="16" t_id="367">,</token>
<token number="367" sentence="16" t_id="368">but</token>
<token number="368" sentence="16" t_id="369">trouble</token>
<token number="369" sentence="16" t_id="370">can</token>
<token number="370" sentence="16" t_id="371">arise</token>
<token number="371" sentence="16" t_id="372">when</token>
<token number="372" sentence="16" t_id="373">the</token>
<token number="373" sentence="16" t_id="374">risk</token>
<token number="374" sentence="16" t_id="375">tolerances</token>
<token number="375" sentence="16" t_id="376">are</token>
<token number="376" sentence="16" t_id="377">exceeded</token>
<token number="377" sentence="16" t_id="378">.</token>
<token number="378" sentence="17" t_id="379">If</token>
<token number="379" sentence="17" t_id="380">too</token>
<token number="380" sentence="17" t_id="381">many</token>
<token number="381" sentence="17" t_id="382">homeowners</token>
<token number="382" sentence="17" t_id="383">default</token>
<token number="383" sentence="17" t_id="384">on</token>
<token number="384" sentence="17" t_id="385">their</token>
<token number="385" sentence="17" t_id="386">mortgages</token>
<token number="386" sentence="17" t_id="387">,</token>
<token number="387" sentence="17" t_id="388">the</token>
<token number="388" sentence="17" t_id="389">sub-prime</token>
<token number="389" sentence="17" t_id="390">lender</token>
<token number="390" sentence="17" t_id="391">can</token>
<token number="391" sentence="17" t_id="392">end</token>
<token number="392" sentence="17" t_id="393">up</token>
<token number="393" sentence="17" t_id="394">defaulting</token>
<token number="394" sentence="17" t_id="395">.</token>
<token number="395" sentence="18" t_id="396">If</token>
<token number="396" sentence="18" t_id="397">too</token>
<token number="397" sentence="18" t_id="398">many</token>
<token number="398" sentence="18" t_id="399">of</token>
<token number="399" sentence="18" t_id="400">these</token>
<token number="400" sentence="18" t_id="401">lenders</token>
<token number="401" sentence="18" t_id="402">default</token>
<token number="402" sentence="18" t_id="403">,</token>
<token number="403" sentence="18" t_id="404">as</token>
<token number="404" sentence="18" t_id="405">it</token>
<token number="405" sentence="18" t_id="406">is</token>
<token number="406" sentence="18" t_id="407">feared</token>
<token number="407" sentence="18" t_id="408">may</token>
<token number="408" sentence="18" t_id="409">be</token>
<token number="409" sentence="18" t_id="410">happening</token>
<token number="410" sentence="18" t_id="411">now</token>
<token number="411" sentence="18" t_id="412">,</token>
<token number="412" sentence="18" t_id="413">the</token>
<token number="413" sentence="18" t_id="414">defaults</token>
<token number="414" sentence="18" t_id="415">can</token>
<token number="415" sentence="18" t_id="416">cascade</token>
<token number="416" sentence="18" t_id="417">upward</token>
<token number="417" sentence="18" t_id="418">.</token>
<token number="418" sentence="19" t_id="419">While</token>
<token number="419" sentence="19" t_id="420">no</token>
<token number="420" sentence="19" t_id="421">one</token>
<token number="421" sentence="19" t_id="422">is</token>
<token number="422" sentence="19" t_id="423">predicting</token>
<token number="423" sentence="19" t_id="424">major</token>
<token number="424" sentence="19" t_id="425">bank</token>
<token number="425" sentence="19" t_id="426">failures</token>
<token number="426" sentence="19" t_id="427">at</token>
<token number="427" sentence="19" t_id="428">this</token>
<token number="428" sentence="19" t_id="429">point</token>
<token number="429" sentence="19" t_id="430">,</token>
<token number="430" sentence="19" t_id="431">it</token>
<token number="431" sentence="19" t_id="432">is</token>
<token number="432" sentence="19" t_id="433">feared</token>
<token number="433" sentence="19" t_id="434">that</token>
<token number="434" sentence="19" t_id="435">their</token>
<token number="435" sentence="19" t_id="436">profits</token>
<token number="436" sentence="19" t_id="437">could</token>
<token number="437" sentence="19" t_id="438">be</token>
<token number="438" sentence="19" t_id="439">hurt</token>
<token number="439" sentence="19" t_id="440">.</token>
<Markables>
<ENTITY_MENTION comment="" head="banks" m_id="51" syntactic_type="NOM">
<token_anchor t_id="127"/>
<token_anchor t_id="128"/>
</ENTITY_MENTION>
<ENTITY_MENTION comment="" head="US" m_id="52" syntactic_type="NAM">
<token_anchor t_id="127"/>
</ENTITY_MENTION>
<ENTITY_MENTION comment="" head="banks" m_id="53" syntactic_type="NOM">
<token_anchor t_id="131"/>
<token_anchor t_id="132"/>
<token_anchor t_id="133"/>
<token_anchor t_id="134"/>
<token_anchor t_id="135"/>
</ENTITY_MENTION>
<ENTITY_MENTION comment="" head="globe" m_id="54" syntactic_type="NOM">
<token_anchor t_id="134"/>
<token_anchor t_id="135"/>
</ENTITY_MENTION>
<ENTITY_MENTION comment="" head="indices" m_id="23" syntactic_type="NOM">
<token_anchor t_id="44"/>
<token_anchor t_id="45"/>
<token_anchor t_id="46"/>
<token_anchor t_id="47"/>
<token_anchor t_id="48"/>
<token_anchor t_id="49"/>
<token_anchor t_id="50"/>
</ENTITY_MENTION>
<ENTITY_MENTION comment="" head="US" m_id="24" syntactic_type="NAM">
<token_anchor t_id="47"/>
</ENTITY_MENTION>
<ENTITY_MENTION comment="" head="sub-prime" m_id="57" syntactic_type="PRE.NOM">
<token_anchor t_id="1"/>
</ENTITY_MENTION>
<ENTITY_MENTION comment="" head="mortgage" m_id="58" syntactic_type="PRE.NOM">
<token_anchor t_id="27"/>
<token_anchor t_id="28"/>
</ENTITY_MENTION>
<ENTITY_MENTION comment="" head="price" m_id="27" syntactic_type="NOM">
<token_anchor t_id="58"/>
<token_anchor t_id="59"/>
</ENTITY_MENTION>
<ENTITY_MENTION comment="" head="" m_id="100" syntactic_type="">
<token_anchor t_id="127"/>
<token_anchor t_id="128"/>
<token_anchor t_id="129"/>
<token_anchor t_id="130"/>
<token_anchor t_id="131"/>
<token_anchor t_id="132"/>
<token_anchor t_id="133"/>
<token_anchor t_id="134"/>
<token_anchor t_id="135"/>
</ENTITY_MENTION>
<ENTITY_MENTION comment="" head="FTSE 100" m_id="30" syntactic_type="NAM">
<token_anchor t_id="68"/>
<token_anchor t_id="69"/>
<token_anchor t_id="70"/>
<token_anchor t_id="71"/>
</ENTITY_MENTION>
<ENTITY_MENTION comment="" head="their" m_id="102" syntactic_type="NOM">
<token_anchor t_id="115"/>
</ENTITY_MENTION>
<ENTITY_MENTION comment="" head="CAC 40" m_id="31" syntactic_type="NAM">
<token_anchor t_id="73"/>
<token_anchor t_id="74"/>
<token_anchor t_id="75"/>
<token_anchor t_id="76"/>
</ENTITY_MENTION>
<ENTITY_MENTION comment="" head="DAX 30" m_id="32" syntactic_type="NAM">
<token_anchor t_id="78"/>
<token_anchor t_id="79"/>
<token_anchor t_id="80"/>
<token_anchor t_id="81"/>
<token_anchor t_id="82"/>
</ENTITY_MENTION>
<ENTITY_MENTION comment="" head="lenders" m_id="1" syntactic_type="NOM">
<token_anchor t_id="1"/>
<token_anchor t_id="2"/>
</ENTITY_MENTION>
<ENTITY_MENTION comment="" head="" m_id="33" syntactic_type="CONJ">
<token_anchor t_id="68"/>
<token_anchor t_id="69"/>
<token_anchor t_id="70"/>
<token_anchor t_id="71"/>
<token_anchor t_id="72"/>
<token_anchor t_id="73"/>
<token_anchor t_id="74"/>
<token_anchor t_id="75"/>
<token_anchor t_id="76"/>
<token_anchor t_id="77"/>
<token_anchor t_id="78"/>
<token_anchor t_id="79"/>
<token_anchor t_id="80"/>
<token_anchor t_id="81"/>
<token_anchor t_id="82"/>
</ENTITY_MENTION>
<ENTITY_MENTION comment="" head="London" m_id="34" syntactic_type="NAM">
<token_anchor t_id="68"/>
</ENTITY_MENTION>
<ENTITY_MENTION comment="" head="Paris" m_id="35" syntactic_type="NAM">
<token_anchor t_id="73"/>
</ENTITY_MENTION>
<ENTITY_MENTION comment="" head="Frankfurt" m_id="36" syntactic_type="NAM">
<token_anchor t_id="78"/>
</ENTITY_MENTION>
<ENTITY_MENTION comment="" head="markets" m_id="4" syntactic_type="NOM">
<token_anchor t_id="6"/>
<token_anchor t_id="7"/>
</ENTITY_MENTION>
<ENTITY_MENTION comment="" head="Mortgage Bankers Association" m_id="39" syntactic_type="NAM">
<token_anchor t_id="92"/>
<token_anchor t_id="93"/>
<token_anchor t_id="94"/>
<token_anchor t_id="95"/>
</ENTITY_MENTION>
<ENTITY_MENTION comment="" head="China" m_id="8" syntactic_type="NAM">
<token_anchor t_id="16"/>
</ENTITY_MENTION>
<ENTITY_MENTION comment="" head="markets" m_id="9" syntactic_type="NOM">
<token_anchor t_id="18"/>
<token_anchor t_id="19"/>
</ENTITY_MENTION>
<ENTITY_MENTION comment="" head="" m_id="42" syntactic_type="">
<token_anchor t_id="101"/>
</ENTITY_MENTION>
<ENTITY_MENTION comment="" head="lenders" m_id="10" syntactic_type="NOM">
<token_anchor t_id="27"/>
<token_anchor t_id="28"/>
<token_anchor t_id="29"/>
<token_anchor t_id="30"/>
<token_anchor t_id="31"/>
<token_anchor t_id="32"/>
<token_anchor t_id="33"/>
</ENTITY_MENTION>
<ENTITY_MENTION comment="" head="United States" m_id="11" syntactic_type="NAM">
<token_anchor t_id="31"/>
<token_anchor t_id="32"/>
<token_anchor t_id="33"/>
</ENTITY_MENTION>
<ENTITY_MENTION comment="" head="US" m_id="44" syntactic_type="NAM">
<token_anchor t_id="107"/>
</ENTITY_MENTION>
<ENTITY_MENTION comment="" head="stock exchanges" m_id="12" syntactic_type="NOM">
<token_anchor t_id="38"/>
<token_anchor t_id="39"/>
<token_anchor t_id="40"/>
<token_anchor t_id="41"/>
<token_anchor t_id="42"/>
</ENTITY_MENTION>
<ENTITY_MENTION comment="" head="globe" m_id="13" syntactic_type="NOM">
<token_anchor t_id="41"/>
<token_anchor t_id="42"/>
</ENTITY_MENTION>
<ENTITY_MENTION comment="" head="investors" m_id="49" syntactic_type="NOM">
<token_anchor t_id="121"/>
</ENTITY_MENTION>
<EVENT_MENTION aspect="" certainty="CERTAIN" comment="" m_id="19" modality="" polarity="POS" pos="NOUN" pred="jitters" special_cases="NONE" tense="" time="NON_FUTURE">
<token_anchor t_id="36"/>
</EVENT_MENTION>
<EVENT_MENTION aspect="NONE" certainty="CERTAIN" comment="" m_id="20" modality="" polarity="POS" pos="VERB" pred="fall" special_cases="NONE" tense="PAST" time="NON_FUTURE">
<token_anchor t_id="52"/>
</EVENT_MENTION>
<EVENT_MENTION aspect="NONE" certainty="CERTAIN" comment="" m_id="21" modality="" polarity="POS" pos="VERB" pred="mark" special_cases="NONE" tense="PRESPART" time="NON_FUTURE">
<token_anchor t_id="61"/>
</EVENT_MENTION>
<EVENT_MENTION aspect="" certainty="CERTAIN" comment="" m_id="22" modality="" polarity="POS" pos="NOUN" pred="loss" special_cases="NONE" tense="" time="NON_FUTURE">
<token_anchor t_id="64"/>
</EVENT_MENTION>
<EVENT_MENTION aspect="" certainty="POSSIBLE" comment="" m_id="55" modality="" polarity="POS" pos="NOUN" pred="exposure" special_cases="NONE" tense="" time="FUTURE">
<token_anchor t_id="138"/>
</EVENT_MENTION>
<EVENT_MENTION aspect="" certainty="POSSIBLE" comment="" m_id="56" modality="could" polarity="POS" pos="VERB" pred="have" special_cases="NONE" tense="INFINITIVE" time="NON_FUTURE">
<token_anchor t_id="137"/>
</EVENT_MENTION>
<EVENT_MENTION aspect="" certainty="CERTAIN" comment="" m_id="91" modality="" polarity="POS" pos="NOUN" pred="" special_cases="NONE" tense="" time="NON_FUTURE">
<token_anchor t_id="99"/>
<token_anchor t_id="104"/>
</EVENT_MENTION>
<EVENT_MENTION aspect="NONE" certainty="CERTAIN" comment="" m_id="2" modality="" polarity="POS" pos="VERB" pred="send" special_cases="NONE" tense="PRESENT" time="NON_FUTURE">
<token_anchor t_id="3"/>
</EVENT_MENTION>
<EVENT_MENTION aspect="" certainty="CERTAIN" comment="" m_id="3" modality="" polarity="POS" pos="NOUN" pred="jitters" special_cases="NONE" tense="" time="NON_FUTURE">
<token_anchor t_id="4"/>
</EVENT_MENTION>
<EVENT_MENTION aspect="NONE" certainty="CERTAIN" comment="" m_id="37" modality="" polarity="POS" pos="VERB" pred="close down" special_cases="NONE" tense="PAST" time="NON_FUTURE">
<token_anchor t_id="84"/>
<token_anchor t_id="85"/>
</EVENT_MENTION>
<EVENT_MENTION aspect="NONE" certainty="CERTAIN" comment="" m_id="40" modality="" polarity="POS" pos="VERB" pred="report" special_cases="NONE" tense="PAST" time="NON_FUTURE">
<token_anchor t_id="96"/>
</EVENT_MENTION>
<EVENT_MENTION aspect="" certainty="CERTAIN" comment="" m_id="41" modality="" polarity="POS" pos="NOUN" pred="payment" special_cases="NONE" tense="" time="NON_FUTURE">
<token_anchor t_id="99"/>
</EVENT_MENTION>
<EVENT_MENTION aspect="" certainty="CERTAIN" comment="" m_id="43" modality="" polarity="POS" pos="NOUN" pred="foreclosure" special_cases="NONE" tense="" time="NON_FUTURE">
<token_anchor t_id="104"/>
</EVENT_MENTION>
<EVENT_MENTION aspect="NONE" certainty="CERTAIN" comment="" m_id="45" modality="" polarity="POS" pos="VERB" pred="rise" special_cases="NONE" tense="PAST" time="NON_FUTURE">
<token_anchor t_id="109"/>
</EVENT_MENTION>
<EVENT_MENTION aspect="NONE" certainty="CERTAIN" comment="" m_id="14" modality="" polarity="POS" pos="VERB" pred="send" special_cases="NONE" tense="PAST" time="NON_FUTURE">
<token_anchor t_id="17"/>
</EVENT_MENTION>
<EVENT_MENTION aspect="" certainty="CERTAIN" comment="" m_id="15" modality="" polarity="POS" pos="NOUN" pred="tumble" special_cases="NONE" tense="" time="NON_FUTURE">
<token_anchor t_id="22"/>
</EVENT_MENTION>
<EVENT_MENTION aspect="NONE" certainty="CERTAIN" comment="" m_id="16" modality="" polarity="POS" pos="VERB" pred="grow" special_cases="NONE" tense="PRESPART" time="NON_FUTURE">
<token_anchor t_id="24"/>
</EVENT_MENTION>
<EVENT_MENTION aspect="" certainty="CERTAIN" comment="" m_id="17" modality="" polarity="POS" pos="NOUN" pred="worry" special_cases="NONE" tense="" time="NON_FUTURE">
<token_anchor t_id="25"/>
</EVENT_MENTION>
<EVENT_MENTION aspect="NONE" certainty="CERTAIN" comment="" m_id="50" modality="" polarity="POS" pos="OTHER" pred="concerned" special_cases="NONE" tense="PAST" time="NON_FUTURE">
<token_anchor t_id="123"/>
</EVENT_MENTION>
<EVENT_MENTION aspect="PROGRESSIVE" certainty="CERTAIN" comment="" m_id="18" modality="" polarity="POS" pos="VERB" pred="send" special_cases="NONE" tense="PRESENT" time="NON_FUTURE">
<token_anchor t_id="35"/>
</EVENT_MENTION>
<SIGNAL comment="" m_id="80">
<token_anchor t_id="55"/>
</SIGNAL>
<SIGNAL comment="" m_id="29">
<token_anchor t_id="65"/>
</SIGNAL>
<SIGNAL comment="" m_id="7">
<token_anchor t_id="15"/>
</SIGNAL>
<SIGNAL comment="" m_id="48">
<token_anchor t_id="118"/>
</SIGNAL>
<TIMEX3 anchorTimeID="5" beginPoint="" comment="" endPoint="" functionInDocument="NONE" m_id="26" type="DATE" value="2007-03-12">
<token_anchor t_id="56"/>
</TIMEX3>
<TIMEX3 anchorTimeID="" beginPoint="" comment="" endPoint="" functionInDocument="NONE" m_id="28" type="DATE" value="2007">
<token_anchor t_id="66"/>
</TIMEX3>
<TIMEX3 anchorTimeID="" beginPoint="" comment="" endPoint="" functionInDocument="CREATION_TIME" m_id="5" type="DATE" value="2007-03-13">
<token_anchor t_id="8"/>
<token_anchor t_id="9"/>
<token_anchor t_id="10"/>
<token_anchor t_id="11"/>
</TIMEX3>
<TIMEX3 anchorTimeID="" beginPoint="78" comment="" endPoint="5" functionInDocument="NONE" m_id="6" type="DURATION" value="P2W">
<token_anchor t_id="13"/>
<token_anchor t_id="14"/>
</TIMEX3>
<TIMEX3 anchorTimeID="5" beginPoint="" comment="" endPoint="" functionInDocument="NONE" m_id="46" type="DATE" value="2006-Q4">
<token_anchor t_id="111"/>
<token_anchor t_id="112"/>
<token_anchor t_id="113"/>
</TIMEX3>
<TIMEX3 anchorTimeID="" beginPoint="" comment="" endPoint="" functionInDocument="NONE" m_id="47" type="DURATION" value="PXY">
<token_anchor t_id="119"/>
</TIMEX3>
<VALUE comment="" m_id="25" type="PERCENT">
<token_anchor t_id="53"/>
<token_anchor t_id="54"/>
</VALUE>
<VALUE comment="" m_id="79" type="QUANTITY">
<token_anchor t_id="45"/>
</VALUE>
<VALUE comment="" m_id="38" type="PERCENT">
<token_anchor t_id="86"/>
<token_anchor t_id="87"/>
<token_anchor t_id="88"/>
<token_anchor t_id="89"/>
</VALUE>
<TIMEX3 TAG_DESCRIPTOR="2013-02-27" anchorTimeID="" beginPoint="" comment="" endPoint="" functionInDocument="NONE" m_id="78" type="DATE" value="2013-02-27"/>
<EVENT_MENTION m_id="116">
  <token_anchor t_id="249"/>
</EVENT_MENTION>
<EVENT_MENTION m_id="118">
  <token_anchor t_id="84"/>
</EVENT_MENTION>
<EVENT_MENTION m_id="121">
  <token_anchor t_id="246"/>
</EVENT_MENTION>
<ENTITY_MENTION m_id="119">
  <token_anchor t_id="247"/>
</ENTITY_MENTION>
<ENTITY_MENTION m_id="128">
  <token_anchor t_id="240"/>
  <token_anchor t_id="241"/>
  <token_anchor t_id="242"/>
  <token_anchor t_id="243"/>
  <token_anchor t_id="244"/>
</ENTITY_MENTION>
<ENTITY_MENTION m_id="138">
  <token_anchor t_id="47"/>
  <token_anchor t_id="48"/>
  <token_anchor t_id="49"/>
</ENTITY_MENTION>
<EVENT TAG_DESCRIPTOR="send" class="OTHER" instance_id="OTH40783906437120013" m_id="158"/><EVENT TAG_DESCRIPTOR="report" class="SPEECH_COGNITIVE" comment="" external_ref="" m_id="77"/>
<EVENT TAG_DESCRIPTOR="loss" class="OTHER" comment="" external_ref="" m_id="75"/><EVENT TAG_DESCRIPTOR="mark" class="OTHER" comment="" external_ref="" m_id="74"/>
<EVENT TAG_DESCRIPTOR="close ftse cac dax" class="OTHER" instance_id="OTH40261091981352478" m_id="151"/><EVENT TAG_DESCRIPTOR="fall" class="OTHER" comment="" external_ref="" m_id="73"/>
<EVENT TAG_DESCRIPTOR="worry" class="SPEECH_COGNITIVE" comment="" external_ref="" m_id="72"/><EVENT TAG_DESCRIPTOR="grow" class="OTHER" comment="" external_ref="" m_id="71"/>
<EVENT TAG_DESCRIPTOR="tumble" class="OTHER" comment="" external_ref="" m_id="70"/><EVENT TAG_DESCRIPTOR="say" class="SPEECH_COGNITIVE" instance_id="SPE40266261946089672" m_id="147"/>
<EVENT TAG_DESCRIPTOR="jitters" class="OTHER" comment="" external_ref="" m_id="68"/><EVENT TAG_DESCRIPTOR="exposure" class="OTHER" comment="" external_ref="" m_id="99"/>
<EVENT TAG_DESCRIPTOR="send" class="OTHER" comment="" external_ref="" m_id="67"/><EVENT TAG_DESCRIPTOR="have" class="GRAMMATICAL" comment="" external_ref="" m_id="98"/>
<EVENT TAG_DESCRIPTOR="concerned" class="SPEECH_COGNITIVE" comment="" external_ref="" m_id="96"/><EVENT TAG_DESCRIPTOR="delist" class="OTHER" instance_id="OTH40266678065324147" m_id="141"/>
<EVENT TAG_DESCRIPTOR="rise" class="OTHER" comment="" external_ref="" m_id="95"/><EVENT TAG_DESCRIPTOR="foreclosure" class="OTHER" comment="" external_ref="" m_id="94"/>
<EVENT TAG_DESCRIPTOR="payment" class="OTHER" comment="" external_ref="" m_id="93"/><EVENT TAG_DESCRIPTOR="payments and foreclosures" class="OTHER" comment="" external_ref="" m_id="92"/>
<ENTITY TAG_DESCRIPTOR="mortgage loan" ent_type="FIN" external_ref="http://dbpedia.org/resource/Mortgage_loan" instance_id="FIN43996441595284186" m_id="139"/><ENTITY TAG_DESCRIPTOR="Frankfurt, Germany (Hessen)" ent_type="LOC" external_ref="http://dbpedia.org/resource/Frankfurt" instance_id="LOC27735070429447634" m_id="164"/>
<ENTITY TAG_DESCRIPTOR="multi-national banks" ent_type="ORG" instance_id="ORG43995590115261304" m_id="163"/><ENTITY TAG_DESCRIPTOR="US banks" ent_type="ORG" instance_id="ORG43995193106187133" m_id="162"/>
<ENTITY TAG_DESCRIPTOR="DAX 30" ent_type="FIN" external_ref="http://dbpedia.org/resource/DAX" instance_id="FIN39676254160797920" m_id="161"/><ENTITY TAG_DESCRIPTOR="China (People's Republic of China)" ent_type="LOC" external_ref="http://dbpedia.org/resource/China" instance_id="LOC27743980691187312" m_id="160"/>
<ENTITY TAG_DESCRIPTOR="subprime lending" ent_type="FIN" external_ref="http://dbpedia.org/resource/Subprime_lending" instance_id="FIN43996626857482700" m_id="159"/><ENTITY TAG_DESCRIPTOR="investitors" ent_type="PER" external_ref="http://dbpedia.org/resource/Investor" instance_id="PER43997145546966786" m_id="157"/>
<ENTITY TAG_DESCRIPTOR="Earth" ent_type="LOC" external_ref="http://dbpedia.org/resource/Earth" instance_id="LOC27738550854291187" m_id="156"/><ENTITY TAG_DESCRIPTOR="FTSE 100 index" ent_type="FIN" external_ref="http://dbpedia.org/resource/FTSE_100_Index" instance_id="FIN39676646219701103" m_id="155"/>
<ENTITY TAG_DESCRIPTOR="US stock markets" ent_type="FIN" instance_id="FIN39326930888384754" m_id="154"/><ENTITY TAG_DESCRIPTOR="Mortgage Bankers Association" ent_type="ORG" external_ref="http://dbpedia.org/resource/Mortgage_Bankers_Association" instance_id="ORG43996279078617526" m_id="153"/>
<ENTITY TAG_DESCRIPTOR="Worldwide stock markets" ent_type="FIN" external_ref="http://dbpedia.org/resource/Stock_market" instance_id="FIN40197049224228580" m_id="152"/><ENTITY TAG_DESCRIPTOR="Paris, France" ent_type="LOC" external_ref="http://dbpedia.org/page/Paris" instance_id="LOC27982687598341744" m_id="150"/>
<ENTITY TAG_DESCRIPTOR="NYSE New York" ent_type="FIN" external_ref="http://dbpedia.org/resource/New_York_Stock_Exchange" instance_id="FIN40264557228902287" m_id="149"/><ENTITY TAG_DESCRIPTOR="US lenders" ent_type="PER" external_ref="http://dbpedia.org/resource/Creditor" instance_id="PER43996974921383873" m_id="148"/>
<ENTITY TAG_DESCRIPTOR="stock market closing price" ent_type="FIN" instance_id="FIN43997387133733071" m_id="146"/><ENTITY TAG_DESCRIPTOR="London, UK" ent_type="LOC" external_ref="http://dbpedia.org/resource/London" instance_id="LOC27738494504153473" m_id="145"/>
<ENTITY TAG_DESCRIPTOR="FTSE CAC and DAX" ent_type="FIN" instance_id="FIN40257982401561392" m_id="144"/><ENTITY TAG_DESCRIPTOR="US three major indices" ent_type="FIN" instance_id="FIN40522987686527925" m_id="143"/>
<ENTITY TAG_DESCRIPTOR="CAC40" ent_type="FIN" external_ref="http://dbpedia.org/resource/CAC_40" instance_id="FIN39675879107047155" m_id="142"/><ENTITY TAG_DESCRIPTOR="United States of America " ent_type="LOC" external_ref="http://dbpedia.org/resource/United_States" instance_id="LOC27735327659249054" m_id="140"/></Markables>
<Relations>
<GLINK r_id="162908">
<source m_id="40"/>
<target m_id="45"/>
</GLINK>
<TLINK comment="" r_id="162910" reltype="BEFORE" signalID="">
<source m_id="14"/>
<target m_id="18"/>
</TLINK>
<TLINK comment="" r_id="162911" reltype="SIMULTANEOUS" signalID="">
<source m_id="20"/>
<target m_id="37"/>
</TLINK>
<TLINK comment="" r_id="162912" reltype="BEFORE" signalID="">
<source m_id="14"/>
<target m_id="20"/>
</TLINK>
<TLINK comment="" r_id="162913" reltype="INCLUDES" signalID="">
<source m_id="5"/>
<target m_id="40"/>
</TLINK>
<TLINK comment="" r_id="162914" reltype="INCLUDES" signalID="">
<source m_id="5"/>
<target m_id="37"/>
</TLINK>
<TLINK comment="" r_id="162915" reltype="IS_INCLUDED" signalID="29">
<source m_id="22"/>
<target m_id="28"/>
</TLINK>
<TLINK comment="" r_id="162916" reltype="AFTER" signalID="80">
<source m_id="20"/>
<target m_id="26"/>
</TLINK>
<TLINK comment="" r_id="162917" reltype="AFTER" signalID="">
<source m_id="5"/>
<target m_id="14"/>
</TLINK>
<TLINK comment="" r_id="162918" reltype="INCLUDES" signalID="">
<source m_id="5"/>
<target m_id="20"/>
</TLINK>
<TLINK comment="" r_id="162919" reltype="AFTER" signalID="">
<source m_id="40"/>
<target m_id="45"/>
</TLINK>
<TLINK comment="" r_id="162920" reltype="IS_INCLUDED" signalID="">
<source m_id="45"/>
<target m_id="46"/>
</TLINK>
<TLINK comment="" r_id="162921" reltype="AFTER" signalID="">
<source m_id="37"/>
<target m_id="40"/>
</TLINK>
<HAS_PARTICIPANT comment="" r_id="162922" sem_role="Arg0" sem_role_framework="PROPBANK">
<source m_id="2"/>
<target m_id="1"/>
</HAS_PARTICIPANT>
<HAS_PARTICIPANT comment="" r_id="162923" sem_role="Arg1" sem_role_framework="PROPBANK">
<source m_id="14"/>
<target m_id="9"/>
</HAS_PARTICIPANT>
<HAS_PARTICIPANT comment="" r_id="162924" sem_role="Arg0" sem_role_framework="PROPBANK">
<source m_id="14"/>
<target m_id="8"/>
</HAS_PARTICIPANT>
<HAS_PARTICIPANT comment="" r_id="162925" sem_role="Arg1" sem_role_framework="PROPBANK">
<source m_id="17"/>
<target m_id="10"/>
</HAS_PARTICIPANT>
<HAS_PARTICIPANT comment="" r_id="162926" sem_role="Arg0" sem_role_framework="PROPBANK">
<source m_id="18"/>
<target m_id="10"/>
</HAS_PARTICIPANT>
<HAS_PARTICIPANT comment="" r_id="162927" sem_role="Argm-OTHER" sem_role_framework="PROPBANK">
<source m_id="3"/>
<target m_id="4"/>
</HAS_PARTICIPANT>
<HAS_PARTICIPANT comment="" r_id="162928" sem_role="Argm-OTHER" sem_role_framework="PROPBANK">
<source m_id="19"/>
<target m_id="12"/>
</HAS_PARTICIPANT>
<HAS_PARTICIPANT comment="" r_id="162929" sem_role="Arg1" sem_role_framework="PROPBANK">
<source m_id="20"/>
<target m_id="23"/>
</HAS_PARTICIPANT>
<HAS_PARTICIPANT comment="" r_id="162930" sem_role="Arg2" sem_role_framework="PROPBANK">
<source m_id="20"/>
<target m_id="25"/>
</HAS_PARTICIPANT>
<HAS_PARTICIPANT comment="" r_id="162931" sem_role="Arg2" sem_role_framework="PROPBANK">
<source m_id="37"/>
<target m_id="38"/>
</HAS_PARTICIPANT>
<HAS_PARTICIPANT comment="" r_id="162932" sem_role="Arg1" sem_role_framework="PROPBANK">
<source m_id="37"/>
<target m_id="33"/>
</HAS_PARTICIPANT>
<HAS_PARTICIPANT comment="" r_id="162933" sem_role="Arg0" sem_role_framework="PROPBANK">
<source m_id="40"/>
<target m_id="39"/>
</HAS_PARTICIPANT>
<HAS_PARTICIPANT comment="" r_id="162934" sem_role="Argm-LOC" sem_role_framework="PROPBANK">
<source m_id="43"/>
<target m_id="44"/>
</HAS_PARTICIPANT>
<HAS_PARTICIPANT comment="" r_id="162935" sem_role="Arg3" sem_role_framework="PROPBANK">
<source m_id="41"/>
<target m_id="42"/>
</HAS_PARTICIPANT>
<HAS_PARTICIPANT comment="" r_id="162936" sem_role="Arg1" sem_role_framework="PROPBANK">
<source m_id="50"/>
<target m_id="49"/>
</HAS_PARTICIPANT>
<HAS_PARTICIPANT comment="" r_id="162939" sem_role="Arg0" sem_role_framework="PROPBANK">
<source m_id="56"/>
<target m_id="100"/>
</HAS_PARTICIPANT>









































<REFERS_TO r_id="163069">
<source m_id="118"/>
<target m_id="151"/>
</REFERS_TO>
<REFERS_TO r_id="163070">
<source m_id="35"/>
<target m_id="150"/>
</REFERS_TO>
<REFERS_TO r_id="163071">
<source m_id="39"/>
<target m_id="153"/>
</REFERS_TO>
<REFERS_TO r_id="163072">
<source m_id="4"/>
<source m_id="9"/>
<source m_id="12"/>
<target m_id="152"/>
</REFERS_TO>
<REFERS_TO r_id="163073">
<source m_id="30"/>
<target m_id="155"/>
</REFERS_TO>
<REFERS_TO r_id="163074">
<source m_id="138"/>
<target m_id="154"/>
</REFERS_TO>
<REFERS_TO r_id="163075">
<source m_id="49"/>
<target m_id="157"/>
</REFERS_TO>
<REFERS_TO r_id="163076">
<source m_id="13"/>
<source m_id="54"/>
<target m_id="156"/>
</REFERS_TO>
<REFERS_TO r_id="163077">
<source m_id="58"/>
<source m_id="57"/>
<target m_id="159"/>
</REFERS_TO>
<REFERS_TO r_id="163078">
<source m_id="14"/>
<target m_id="158"/>
</REFERS_TO>
<REFERS_TO r_id="163079">
<source m_id="2"/>
<source m_id="18"/>
<target m_id="67"/>
</REFERS_TO>
<REFERS_TO r_id="163080">
<source m_id="3"/>
<source m_id="19"/>
<target m_id="68"/>
</REFERS_TO>
<REFERS_TO r_id="163081">
<source m_id="42"/>
<target m_id="139"/>
</REFERS_TO>
<REFERS_TO r_id="163082">
<source m_id="8"/>
<target m_id="160"/>
</REFERS_TO>
<REFERS_TO r_id="163083">
<source m_id="32"/>
<target m_id="161"/>
</REFERS_TO>
<REFERS_TO r_id="163084">
<source m_id="53"/>
<target m_id="163"/>
</REFERS_TO>
<REFERS_TO r_id="163085">
<source m_id="27"/>
<target m_id="146"/>
</REFERS_TO>
<REFERS_TO r_id="163086">
<source m_id="121"/>
<target m_id="147"/>
</REFERS_TO>
<REFERS_TO r_id="163087">
<source m_id="102"/>
<source m_id="33"/>
<target m_id="144"/>
</REFERS_TO>
<REFERS_TO r_id="163088">
<source m_id="34"/>
<target m_id="145"/>
</REFERS_TO>
<REFERS_TO r_id="163089">
<source m_id="31"/>
<target m_id="142"/>
</REFERS_TO>
<REFERS_TO r_id="163090">
<source m_id="23"/>
<target m_id="143"/>
</REFERS_TO>
<REFERS_TO r_id="163091">
<source m_id="11"/>
<source m_id="44"/>
<source m_id="52"/>
<source m_id="24"/>
<target m_id="140"/>
</REFERS_TO>
<REFERS_TO r_id="163092">
<source m_id="116"/>
<target m_id="141"/>
</REFERS_TO>
<REFERS_TO r_id="163093">
<source m_id="10"/>
<target m_id="148"/>
</REFERS_TO>
<REFERS_TO r_id="163094">
<source m_id="119"/>
<source m_id="128"/>
<target m_id="149"/>
</REFERS_TO>
<REFERS_TO r_id="163095">
<source m_id="55"/>
<target m_id="99"/>
</REFERS_TO>
<REFERS_TO r_id="163096">
<source m_id="56"/>
<target m_id="98"/>
</REFERS_TO>
<REFERS_TO r_id="163097">
<source m_id="22"/>
<target m_id="75"/>
</REFERS_TO>
<REFERS_TO r_id="163098">
<source m_id="21"/>
<target m_id="74"/>
</REFERS_TO>
<REFERS_TO r_id="163099">
<source m_id="20"/>
<target m_id="73"/>
</REFERS_TO>
<REFERS_TO r_id="163100">
<source m_id="17"/>
<target m_id="72"/>
</REFERS_TO>
<REFERS_TO r_id="163101">
<source m_id="16"/>
<target m_id="71"/>
</REFERS_TO>
<REFERS_TO r_id="163102">
<source m_id="15"/>
<target m_id="70"/>
</REFERS_TO>
<REFERS_TO r_id="163103">
<source m_id="36"/>
<target m_id="164"/>
</REFERS_TO>
<REFERS_TO r_id="163104">
<source m_id="41"/>
<target m_id="93"/>
</REFERS_TO>
<REFERS_TO r_id="163105">
<source m_id="91"/>
<target m_id="92"/>
</REFERS_TO>
<REFERS_TO r_id="163106">
<source m_id="45"/>
<target m_id="95"/>
</REFERS_TO>
<REFERS_TO r_id="163107">
<source m_id="43"/>
<target m_id="94"/>
</REFERS_TO>
<REFERS_TO r_id="163108">
<source m_id="51"/>
<target m_id="162"/>
</REFERS_TO>
<REFERS_TO r_id="163109">
<source m_id="50"/>
<target m_id="96"/>
</REFERS_TO>
<REFERS_TO r_id="163110">
<source m_id="40"/>
<target m_id="77"/>
</REFERS_TO>
</Relations>
</Document>