<?xml version="1.0" ?><Document doc_id="76437" doc_name="76437_Markets_dragged_down_by_credit_crisis" lang="en" url="http://en.wikinews.org/wiki/Markets_dragged_down_by_credit_crisis">
<token number="0" sentence="0" t_id="1">Markets</token>
<token number="1" sentence="0" t_id="2">dragged</token>
<token number="2" sentence="0" t_id="3">down</token>
<token number="3" sentence="0" t_id="4">by</token>
<token number="4" sentence="0" t_id="5">credit</token>
<token number="5" sentence="0" t_id="6">crisis</token>
<token number="6" sentence="1" t_id="7">August</token>
<token number="7" sentence="1" t_id="8">10</token>
<token number="8" sentence="1" t_id="9">,</token>
<token number="9" sentence="1" t_id="10">2007</token>
<token number="10" sentence="2" t_id="11">Global</token>
<token number="11" sentence="2" t_id="12">stock</token>
<token number="12" sentence="2" t_id="13">markets</token>
<token number="13" sentence="2" t_id="14">fell</token>
<token number="14" sentence="2" t_id="15">today</token>
<token number="15" sentence="2" t_id="16">,</token>
<token number="16" sentence="2" t_id="17">in</token>
<token number="17" sentence="2" t_id="18">a</token>
<token number="18" sentence="2" t_id="19">mass</token>
<token number="19" sentence="2" t_id="20">sell-off</token>
<token number="20" sentence="2" t_id="21">stemming</token>
<token number="21" sentence="2" t_id="22">from</token>
<token number="22" sentence="2" t_id="23">the</token>
<token number="23" sentence="2" t_id="24">sub-prime</token>
<token number="24" sentence="2" t_id="25">mortgage</token>
<token number="25" sentence="2" t_id="26">crisis</token>
<token number="26" sentence="2" t_id="27">in</token>
<token number="27" sentence="2" t_id="28">the</token>
<token number="28" sentence="2" t_id="29">United</token>
<token number="29" sentence="2" t_id="30">States</token>
<token number="30" sentence="2" t_id="31">.</token>
<token number="31" sentence="3" t_id="32">The</token>
<token number="32" sentence="3" t_id="33">Dow</token>
<token number="33" sentence="3" t_id="34">Jones</token>
<token number="34" sentence="3" t_id="35">Industrial</token>
<token number="35" sentence="3" t_id="36">Average</token>
<token number="36" sentence="3" t_id="37">rebounded</token>
<token number="37" sentence="3" t_id="38">late</token>
<token number="38" sentence="3" t_id="39">in</token>
<token number="39" sentence="3" t_id="40">the</token>
<token number="40" sentence="3" t_id="41">day</token>
<token number="41" sentence="3" t_id="42">after</token>
<token number="42" sentence="3" t_id="43">falling</token>
<token number="43" sentence="3" t_id="44">more</token>
<token number="44" sentence="3" t_id="45">than</token>
<token number="45" sentence="3" t_id="46">250</token>
<token number="46" sentence="3" t_id="47">points</token>
<token number="47" sentence="3" t_id="48">,</token>
<token number="48" sentence="3" t_id="49">ending</token>
<token number="49" sentence="3" t_id="50">the</token>
<token number="50" sentence="3" t_id="51">day</token>
<token number="51" sentence="3" t_id="52">down</token>
<token number="52" sentence="3" t_id="53">about</token>
<token number="53" sentence="3" t_id="54">31</token>
<token number="54" sentence="3" t_id="55">points</token>
<token number="55" sentence="3" t_id="56">.</token>
<token number="56" sentence="4" t_id="57">The</token>
<token number="57" sentence="4" t_id="58">UK</token>
<token number="58" sentence="4" t_id="59">'s</token>
<token number="59" sentence="4" t_id="60">FTSE-100</token>
<token number="60" sentence="4" t_id="61">index</token>
<token number="61" sentence="4" t_id="62">fell</token>
<token number="62" sentence="4" t_id="63">232.90</token>
<token number="63" sentence="4" t_id="64">points</token>
<token number="64" sentence="4" t_id="65">to</token>
<token number="65" sentence="4" t_id="66">6038.30</token>
<token number="66" sentence="4" t_id="67">,</token>
<token number="67" sentence="4" t_id="68">and</token>
<token number="68" sentence="4" t_id="69">Japan</token>
<token number="69" sentence="4" t_id="70">'s</token>
<token number="70" sentence="4" t_id="71">Nikkei</token>
<token number="71" sentence="4" t_id="72">225</token>
<token number="72" sentence="4" t_id="73">fell</token>
<token number="73" sentence="4" t_id="74">406.51</token>
<token number="74" sentence="4" t_id="75">points</token>
<token number="75" sentence="4" t_id="76">to</token>
<token number="76" sentence="4" t_id="77">16764.09</token>
<token number="77" sentence="4" t_id="78">.</token>
<token number="78" sentence="5" t_id="79">Central</token>
<token number="79" sentence="5" t_id="80">banks</token>
<token number="80" sentence="5" t_id="81">across</token>
<token number="81" sentence="5" t_id="82">the</token>
<token number="82" sentence="5" t_id="83">world</token>
<token number="83" sentence="5" t_id="84">are</token>
<token number="84" sentence="5" t_id="85">injecting</token>
<token number="85" sentence="5" t_id="86">funds</token>
<token number="86" sentence="5" t_id="87">into</token>
<token number="87" sentence="5" t_id="88">their</token>
<token number="88" sentence="5" t_id="89">banking</token>
<token number="89" sentence="5" t_id="90">systems</token>
<token number="90" sentence="5" t_id="91">to</token>
<token number="91" sentence="5" t_id="92">add</token>
<token number="92" sentence="5" t_id="93">liquidity</token>
<token number="93" sentence="5" t_id="94">,</token>
<token number="94" sentence="5" t_id="95">fearing</token>
<token number="95" sentence="5" t_id="96">that</token>
<token number="96" sentence="5" t_id="97">many</token>
<token number="97" sentence="5" t_id="98">financial</token>
<token number="98" sentence="5" t_id="99">firms</token>
<token number="99" sentence="5" t_id="100">with</token>
<token number="100" sentence="5" t_id="101">subprime</token>
<token number="101" sentence="5" t_id="102">ties</token>
<token number="102" sentence="5" t_id="103">will</token>
<token number="103" sentence="5" t_id="104">be</token>
<token number="104" sentence="5" t_id="105">insolvent</token>
<token number="105" sentence="5" t_id="106">.</token>
<token number="106" sentence="6" t_id="107">Yesterday</token>
<token number="107" sentence="6" t_id="108">,</token>
<token number="108" sentence="6" t_id="109">the</token>
<token number="109" sentence="6" t_id="110">U.S.</token>
<token number="110" sentence="6" t_id="111">Federal</token>
<token number="111" sentence="6" t_id="112">Reserve</token>
<token number="112" sentence="6" t_id="113">transferred</token>
<token number="113" sentence="6" t_id="114">US$</token>
<token number="114" sentence="6" t_id="115">24</token>
<token number="115" sentence="6" t_id="116">billion</token>
<token number="116" sentence="6" t_id="117">to</token>
<token number="117" sentence="6" t_id="118">temporary</token>
<token number="118" sentence="6" t_id="119">reserves</token>
<token number="119" sentence="6" t_id="120">,</token>
<token number="120" sentence="6" t_id="121">following</token>
<token number="121" sentence="6" t_id="122">the</token>
<token number="122" sentence="6" t_id="123">European</token>
<token number="123" sentence="6" t_id="124">Central</token>
<token number="124" sentence="6" t_id="125">Bank</token>
<token number="125" sentence="6" t_id="126">,</token>
<token number="126" sentence="6" t_id="127">which</token>
<token number="127" sentence="6" t_id="128">authorized</token>
<token number="128" sentence="6" t_id="129">a</token>
<token number="129" sentence="6" t_id="130">record</token>
<token number="130" sentence="6" t_id="131">$</token>
<token number="131" sentence="6" t_id="132">83.6</token>
<token number="132" sentence="6" t_id="133">billion</token>
<token number="133" sentence="6" t_id="134">addition</token>
<token number="134" sentence="6" t_id="135">to</token>
<token number="135" sentence="6" t_id="136">its</token>
<token number="136" sentence="6" t_id="137">banks</token>
<token number="137" sentence="6" t_id="138">,</token>
<token number="138" sentence="6" t_id="139">its</token>
<token number="139" sentence="6" t_id="140">biggest</token>
<token number="140" sentence="6" t_id="141">cash</token>
<token number="141" sentence="6" t_id="142">infusion</token>
<token number="142" sentence="6" t_id="143">ever</token>
<token number="143" sentence="6" t_id="144">.</token>
<token number="144" sentence="7" t_id="145">On</token>
<token number="145" sentence="7" t_id="146">Friday</token>
<token number="146" sentence="7" t_id="147">,</token>
<token number="147" sentence="7" t_id="148">the</token>
<token number="148" sentence="7" t_id="149">Fed</token>
<token number="149" sentence="7" t_id="150">entered</token>
<token number="150" sentence="7" t_id="151">into</token>
<token number="151" sentence="7" t_id="152">a</token>
<token number="152" sentence="7" t_id="153">$</token>
<token number="153" sentence="7" t_id="154">38</token>
<token number="154" sentence="7" t_id="155">billion</token>
<token number="155" sentence="7" t_id="156">repurchase</token>
<token number="156" sentence="7" t_id="157">agreement</token>
<token number="157" sentence="7" t_id="158">of</token>
<token number="158" sentence="7" t_id="159">mortgage-backed</token>
<token number="159" sentence="7" t_id="160">securities</token>
<token number="160" sentence="7" t_id="161">,</token>
<token number="161" sentence="7" t_id="162">easing</token>
<token number="162" sentence="7" t_id="163">stockholder</token>
<token number="163" sentence="7" t_id="164">worries</token>
<token number="164" sentence="7" t_id="165">.</token>
<token number="165" sentence="8" t_id="166">Also</token>
<token number="166" sentence="8" t_id="167">on</token>
<token number="167" sentence="8" t_id="168">Friday</token>
<token number="168" sentence="8" t_id="169">,</token>
<token number="169" sentence="8" t_id="170">the</token>
<token number="170" sentence="8" t_id="171">Bank</token>
<token number="171" sentence="8" t_id="172">of</token>
<token number="172" sentence="8" t_id="173">Japan</token>
<token number="173" sentence="8" t_id="174">injected</token>
<token number="174" sentence="8" t_id="175">¥</token>
<token number="175" sentence="8" t_id="176">1</token>
<token number="176" sentence="8" t_id="177">trillion</token>
<token number="177" sentence="8" t_id="178">into</token>
<token number="178" sentence="8" t_id="179">Japan</token>
<token number="179" sentence="8" t_id="180">'s</token>
<token number="180" sentence="8" t_id="181">financial</token>
<token number="181" sentence="8" t_id="182">system</token>
<token number="182" sentence="8" t_id="183">.</token>
<token number="183" sentence="9" t_id="184">The</token>
<token number="184" sentence="9" t_id="185">Federal</token>
<token number="185" sentence="9" t_id="186">Reserve</token>
<token number="186" sentence="9" t_id="187">met</token>
<token number="187" sentence="9" t_id="188">this</token>
<token number="188" sentence="9" t_id="189">week</token>
<token number="189" sentence="9" t_id="190">,</token>
<token number="190" sentence="9" t_id="191">but</token>
<token number="191" sentence="9" t_id="192">decided</token>
<token number="192" sentence="9" t_id="193">to</token>
<token number="193" sentence="9" t_id="194">maintain</token>
<token number="194" sentence="9" t_id="195">its</token>
<token number="195" sentence="9" t_id="196">target</token>
<token number="196" sentence="9" t_id="197">rate</token>
<token number="197" sentence="9" t_id="198">of</token>
<token number="198" sentence="9" t_id="199">5.25</token>
<token number="199" sentence="9" t_id="200">%</token>
<token number="200" sentence="9" t_id="201">,</token>
<token number="201" sentence="9" t_id="202">although</token>
<token number="202" sentence="9" t_id="203">on</token>
<token number="203" sentence="9" t_id="204">Friday</token>
<token number="204" sentence="9" t_id="205">the</token>
<token number="205" sentence="9" t_id="206">federal</token>
<token number="206" sentence="9" t_id="207">funds</token>
<token number="207" sentence="9" t_id="208">rate</token>
<token number="208" sentence="9" t_id="209">was</token>
<token number="209" sentence="9" t_id="210">hovering</token>
<token number="210" sentence="9" t_id="211">around</token>
<token number="211" sentence="9" t_id="212">6</token>
<token number="212" sentence="9" t_id="213">%</token>
<token number="213" sentence="9" t_id="214">,</token>
<token number="214" sentence="9" t_id="215">indicating</token>
<token number="215" sentence="9" t_id="216">a</token>
<token number="216" sentence="9" t_id="217">drop</token>
<token number="217" sentence="9" t_id="218">in</token>
<token number="218" sentence="9" t_id="219">liquidity</token>
<token number="219" sentence="9" t_id="220">.</token>
<token number="220" sentence="10" t_id="221">The</token>
<token number="221" sentence="10" t_id="222">volatile</token>
<token number="222" sentence="10" t_id="223">week</token>
<token number="223" sentence="10" t_id="224">began</token>
<token number="224" sentence="10" t_id="225">last</token>
<token number="225" sentence="10" t_id="226">Friday</token>
<token number="226" sentence="10" t_id="227">with</token>
<token number="227" sentence="10" t_id="228">Bear</token>
<token number="228" sentence="10" t_id="229">Stearns</token>
<token number="229" sentence="10" t_id="230">tumbling</token>
<token number="230" sentence="10" t_id="231">as</token>
<token number="231" sentence="10" t_id="232">a</token>
<token number="232" sentence="10" t_id="233">result</token>
<token number="233" sentence="10" t_id="234">from</token>
<token number="234" sentence="10" t_id="235">its</token>
<token number="235" sentence="10" t_id="236">complete</token>
<token number="236" sentence="10" t_id="237">loss</token>
<token number="237" sentence="10" t_id="238">of</token>
<token number="238" sentence="10" t_id="239">two</token>
<token number="239" sentence="10" t_id="240">major</token>
<token number="240" sentence="10" t_id="241">hedge</token>
<token number="241" sentence="10" t_id="242">funds</token>
<token number="242" sentence="10" t_id="243">worth</token>
<token number="243" sentence="10" t_id="244">more</token>
<token number="244" sentence="10" t_id="245">than</token>
<token number="245" sentence="10" t_id="246">$</token>
<token number="246" sentence="10" t_id="247">1.5</token>
<token number="247" sentence="10" t_id="248">billion</token>
<token number="248" sentence="10" t_id="249">.</token>
<token number="249" sentence="11" t_id="250">The</token>
<token number="250" sentence="11" t_id="251">hedge</token>
<token number="251" sentence="11" t_id="252">funds</token>
<token number="252" sentence="11" t_id="253">had</token>
<token number="253" sentence="11" t_id="254">been</token>
<token number="254" sentence="11" t_id="255">dangerously</token>
<token number="255" sentence="11" t_id="256">exposed</token>
<token number="256" sentence="11" t_id="257">to</token>
<token number="257" sentence="11" t_id="258">the</token>
<token number="258" sentence="11" t_id="259">massive</token>
<token number="259" sentence="11" t_id="260">sub-prime</token>
<token number="260" sentence="11" t_id="261">mortgage</token>
<token number="261" sentence="11" t_id="262">failure</token>
<token number="262" sentence="11" t_id="263">,</token>
<token number="263" sentence="11" t_id="264">and</token>
<token number="264" sentence="11" t_id="265">the</token>
<token number="265" sentence="11" t_id="266">company</token>
<token number="266" sentence="11" t_id="267">announced</token>
<token number="267" sentence="11" t_id="268">it</token>
<token number="268" sentence="11" t_id="269">was</token>
<token number="269" sentence="11" t_id="270">unable</token>
<token number="270" sentence="11" t_id="271">to</token>
<token number="271" sentence="11" t_id="272">return</token>
<token number="272" sentence="11" t_id="273">any</token>
<token number="273" sentence="11" t_id="274">money</token>
<token number="274" sentence="11" t_id="275">to</token>
<token number="275" sentence="11" t_id="276">investors</token>
<token number="276" sentence="11" t_id="277">.</token>
<token number="277" sentence="12" t_id="278">Washington</token>
<token number="278" sentence="12" t_id="279">Mutual</token>
<token number="279" sentence="12" t_id="280">,</token>
<token number="280" sentence="12" t_id="281">and</token>
<token number="281" sentence="12" t_id="282">Countrywide</token>
<token number="282" sentence="12" t_id="283">Financial</token>
<token number="283" sentence="12" t_id="284">,</token>
<token number="284" sentence="12" t_id="285">both</token>
<token number="285" sentence="12" t_id="286">very</token>
<token number="286" sentence="12" t_id="287">large</token>
<token number="287" sentence="12" t_id="288">U.S.</token>
<token number="288" sentence="12" t_id="289">home</token>
<token number="289" sentence="12" t_id="290">loan</token>
<token number="290" sentence="12" t_id="291">lenders</token>
<token number="291" sentence="12" t_id="292">,</token>
<token number="292" sentence="12" t_id="293">saw</token>
<token number="293" sentence="12" t_id="294">shares</token>
<token number="294" sentence="12" t_id="295">fall</token>
<token number="295" sentence="12" t_id="296">.</token>
<token number="296" sentence="13" t_id="297">Countrywide</token>
<token number="297" sentence="13" t_id="298">Financial</token>
<token number="298" sentence="13" t_id="299">made</token>
<token number="299" sentence="13" t_id="300">a</token>
<token number="300" sentence="13" t_id="301">statement</token>
<token number="301" sentence="13" t_id="302">this</token>
<token number="302" sentence="13" t_id="303">week</token>
<token number="303" sentence="13" t_id="304">,</token>
<token number="304" sentence="13" t_id="305">saying</token>
<token number="305" sentence="13" t_id="306">they</token>
<token number="306" sentence="13" t_id="307">will</token>
<token number="307" sentence="13" t_id="308">be</token>
<token number="308" sentence="13" t_id="309">forced</token>
<token number="309" sentence="13" t_id="310">to</token>
<token number="310" sentence="13" t_id="311">retain</token>
<token number="311" sentence="13" t_id="312">a</token>
<token number="312" sentence="13" t_id="313">greater</token>
<token number="313" sentence="13" t_id="314">proportion</token>
<token number="314" sentence="13" t_id="315">of</token>
<token number="315" sentence="13" t_id="316">mortgage</token>
<token number="316" sentence="13" t_id="317">.</token>
<token number="317" sentence="14" t_id="318">American</token>
<token number="318" sentence="14" t_id="319">Home</token>
<token number="319" sentence="14" t_id="320">Mortgage</token>
<token number="320" sentence="14" t_id="321">Investment</token>
<token number="321" sentence="14" t_id="322">Corp</token>
<token number="322" sentence="14" t_id="323">,</token>
<token number="323" sentence="14" t_id="324">another</token>
<token number="324" sentence="14" t_id="325">large</token>
<token number="325" sentence="14" t_id="326">lender</token>
<token number="326" sentence="14" t_id="327">,</token>
<token number="327" sentence="14" t_id="328">recently</token>
<token number="328" sentence="14" t_id="329">filed</token>
<token number="329" sentence="14" t_id="330">for</token>
<token number="330" sentence="14" t_id="331">bankruptcy</token>
<token number="331" sentence="14" t_id="332">.</token>
<token number="332" sentence="15" t_id="333">The</token>
<token number="333" sentence="15" t_id="334">U.S.</token>
<token number="334" sentence="15" t_id="335">housing</token>
<token number="335" sentence="15" t_id="336">market</token>
<token number="336" sentence="15" t_id="337">has</token>
<token number="337" sentence="15" t_id="338">been</token>
<token number="338" sentence="15" t_id="339">declining</token>
<token number="339" sentence="15" t_id="340">for</token>
<token number="340" sentence="15" t_id="341">more</token>
<token number="341" sentence="15" t_id="342">than</token>
<token number="342" sentence="15" t_id="343">two</token>
<token number="343" sentence="15" t_id="344">years</token>
<token number="344" sentence="15" t_id="345">after</token>
<token number="345" sentence="15" t_id="346">the</token>
<token number="346" sentence="15" t_id="347">Federal</token>
<token number="347" sentence="15" t_id="348">Reserve</token>
<token number="348" sentence="15" t_id="349">raised</token>
<token number="349" sentence="15" t_id="350">interest</token>
<token number="350" sentence="15" t_id="351">rates</token>
<token number="351" sentence="15" t_id="352">17</token>
<token number="352" sentence="15" t_id="353">times</token>
<token number="353" sentence="15" t_id="354">.</token>
<token number="354" sentence="16" t_id="355">Now</token>
<token number="355" sentence="16" t_id="356">,</token>
<token number="356" sentence="16" t_id="357">lenders</token>
<token number="357" sentence="16" t_id="358">are</token>
<token number="358" sentence="16" t_id="359">in</token>
<token number="359" sentence="16" t_id="360">a</token>
<token number="360" sentence="16" t_id="361">quagmire</token>
<token number="361" sentence="16" t_id="362">from</token>
<token number="362" sentence="16" t_id="363">millions</token>
<token number="363" sentence="16" t_id="364">of</token>
<token number="364" sentence="16" t_id="365">people</token>
<token number="365" sentence="16" t_id="366">who</token>
<token number="366" sentence="16" t_id="367">are</token>
<token number="367" sentence="16" t_id="368">unable</token>
<token number="368" sentence="16" t_id="369">to</token>
<token number="369" sentence="16" t_id="370">repay</token>
<token number="370" sentence="16" t_id="371">loans</token>
<token number="371" sentence="16" t_id="372">after</token>
<token number="372" sentence="16" t_id="373">taking</token>
<token number="373" sentence="16" t_id="374">adjustable</token>
<token number="374" sentence="16" t_id="375">rate</token>
<token number="375" sentence="16" t_id="376">mortgages</token>
<token number="376" sentence="16" t_id="377">,</token>
<token number="377" sentence="16" t_id="378">teaser</token>
<token number="378" sentence="16" t_id="379">rates</token>
<token number="379" sentence="16" t_id="380">,</token>
<token number="380" sentence="16" t_id="381">interest-only</token>
<token number="381" sentence="16" t_id="382">mortgages</token>
<token number="382" sentence="16" t_id="383">,</token>
<token number="383" sentence="16" t_id="384">or</token>
<token number="384" sentence="16" t_id="385">piggyback</token>
<token number="385" sentence="16" t_id="386">rates</token>
<token number="386" sentence="16" t_id="387">.</token>
<token number="387" sentence="17" t_id="388">Jim</token>
<token number="388" sentence="17" t_id="389">Cramer</token>
<token number="389" sentence="17" t_id="390">,</token>
<token number="390" sentence="17" t_id="391">of</token>
<token number="391" sentence="17" t_id="392">CNBC</token>
<token number="392" sentence="17" t_id="393">'s</token>
<token number="393" sentence="17" t_id="394">Mad</token>
<token number="394" sentence="17" t_id="395">Money</token>
<token number="395" sentence="17" t_id="396">,</token>
<token number="396" sentence="17" t_id="397">remarked</token>
<token number="397" sentence="17" t_id="398">that</token>
<token number="398" sentence="17" t_id="399">as</token>
<token number="399" sentence="17" t_id="400">many</token>
<token number="400" sentence="17" t_id="401">as</token>
<token number="401" sentence="17" t_id="402">seven</token>
<token number="402" sentence="17" t_id="403">million</token>
<token number="403" sentence="17" t_id="404">people</token>
<token number="404" sentence="17" t_id="405">will</token>
<token number="405" sentence="17" t_id="406">lose</token>
<token number="406" sentence="17" t_id="407">their</token>
<token number="407" sentence="17" t_id="408">homes</token>
<token number="408" sentence="17" t_id="409">from</token>
<token number="409" sentence="17" t_id="410">bad</token>
<token number="410" sentence="17" t_id="411">mortgages</token>
<token number="411" sentence="17" t_id="412">.</token>
<token number="412" sentence="18" t_id="413">Last</token>
<token number="413" sentence="18" t_id="414">Friday</token>
<token number="414" sentence="18" t_id="415">,</token>
<token number="415" sentence="18" t_id="416">Cramer</token>
<token number="416" sentence="18" t_id="417">went</token>
<token number="417" sentence="18" t_id="418">on</token>
<token number="418" sentence="18" t_id="419">a</token>
<token number="419" sentence="18" t_id="420">tirade</token>
<token number="420" sentence="18" t_id="421">on</token>
<token number="421" sentence="18" t_id="422">CNBC</token>
<token number="422" sentence="18" t_id="423">'s</token>
<token number="423" sentence="18" t_id="424">Street</token>
<token number="424" sentence="18" t_id="425">Signs</token>
<token number="425" sentence="18" t_id="426">,</token>
<token number="426" sentence="18" t_id="427">saying</token>
<token number="427" sentence="18" t_id="428">that</token>
<token number="428" sentence="18" t_id="429">the</token>
<token number="429" sentence="18" t_id="430">``</token>
<token number="430" sentence="18" t_id="431">Fed</token>
<token number="431" sentence="18" t_id="432">was</token>
<token number="432" sentence="18" t_id="433">asleep</token>
<token number="433" sentence="18" t_id="434">''</token>
<token number="434" sentence="18" t_id="435">and</token>
<token number="435" sentence="18" t_id="436">called</token>
<token number="436" sentence="18" t_id="437">for</token>
<token number="437" sentence="18" t_id="438">them</token>
<token number="438" sentence="18" t_id="439">to</token>
<token number="439" sentence="18" t_id="440">lower</token>
<token number="440" sentence="18" t_id="441">rates</token>
<token number="441" sentence="18" t_id="442">immediately</token>
<token number="442" sentence="18" t_id="443">.</token>
<token number="443" sentence="19" t_id="444">Asian</token>
<token number="444" sentence="19" t_id="445">and</token>
<token number="445" sentence="19" t_id="446">European</token>
<token number="446" sentence="19" t_id="447">markets</token>
<token number="447" sentence="19" t_id="448">have</token>
<token number="448" sentence="19" t_id="449">become</token>
<token number="449" sentence="19" t_id="450">increasingly</token>
<token number="450" sentence="19" t_id="451">entangled</token>
<token number="451" sentence="19" t_id="452">in</token>
<token number="452" sentence="19" t_id="453">the</token>
<token number="453" sentence="19" t_id="454">subprime</token>
<token number="454" sentence="19" t_id="455">mortgage</token>
<token number="455" sentence="19" t_id="456">crisis</token>
<token number="456" sentence="19" t_id="457">in</token>
<token number="457" sentence="19" t_id="458">the</token>
<token number="458" sentence="19" t_id="459">U.S.</token>
<token number="459" sentence="19" t_id="460">Deutsche</token>
<token number="460" sentence="19" t_id="461">Bank</token>
<token number="461" sentence="19" t_id="462">of</token>
<token number="462" sentence="19" t_id="463">Germany</token>
<token number="463" sentence="19" t_id="464">lost</token>
<token number="464" sentence="19" t_id="465">almost</token>
<token number="465" sentence="19" t_id="466">$</token>
<token number="466" sentence="19" t_id="467">3.5</token>
<token number="467" sentence="19" t_id="468">billion</token>
<token number="468" sentence="19" t_id="469">in</token>
<token number="469" sentence="19" t_id="470">share</token>
<token number="470" sentence="19" t_id="471">value</token>
<token number="471" sentence="19" t_id="472">,</token>
<token number="472" sentence="19" t_id="473">forcing</token>
<token number="473" sentence="19" t_id="474">the</token>
<token number="474" sentence="19" t_id="475">government</token>
<token number="475" sentence="19" t_id="476">to</token>
<token number="476" sentence="19" t_id="477">organize</token>
<token number="477" sentence="19" t_id="478">a</token>
<token number="478" sentence="19" t_id="479">bail-out</token>
<token number="479" sentence="19" t_id="480">.</token>
<token number="480" sentence="20" t_id="481">France</token>
<token number="481" sentence="20" t_id="482">'s</token>
<token number="482" sentence="20" t_id="483">largest</token>
<token number="483" sentence="20" t_id="484">bank</token>
<token number="484" sentence="20" t_id="485">,</token>
<token number="485" sentence="20" t_id="486">BNP</token>
<token number="486" sentence="20" t_id="487">Paribas</token>
<token number="487" sentence="20" t_id="488">SA</token>
<token number="488" sentence="20" t_id="489">,</token>
<token number="489" sentence="20" t_id="490">halted</token>
<token number="490" sentence="20" t_id="491">withdrawals</token>
<token number="491" sentence="20" t_id="492">from</token>
<token number="492" sentence="20" t_id="493">three</token>
<token number="493" sentence="20" t_id="494">large</token>
<token number="494" sentence="20" t_id="495">investment</token>
<token number="495" sentence="20" t_id="496">funds</token>
<token number="496" sentence="20" t_id="497">which</token>
<token number="497" sentence="20" t_id="498">were</token>
<token number="498" sentence="20" t_id="499">crippled</token>
<token number="499" sentence="20" t_id="500">by</token>
<token number="500" sentence="20" t_id="501">sub-prime</token>
<token number="501" sentence="20" t_id="502">exposure</token>
<token number="502" sentence="20" t_id="503">.</token>
<Markables>
<ENTITY_MENTION comment="" head="FTSE-100 index" m_id="21" syntactic_type="NAM">
<token_anchor t_id="57"/>
<token_anchor t_id="58"/>
<token_anchor t_id="59"/>
<token_anchor t_id="60"/>
<token_anchor t_id="61"/>
</ENTITY_MENTION>
<ENTITY_MENTION comment="" head="UK" m_id="22" syntactic_type="NAM">
<token_anchor t_id="58"/>
</ENTITY_MENTION>
<ENTITY_MENTION comment="" head="Nikkei 225" m_id="26" syntactic_type="NAM">
<token_anchor t_id="69"/>
<token_anchor t_id="70"/>
<token_anchor t_id="71"/>
<token_anchor t_id="72"/>
</ENTITY_MENTION>
<ENTITY_MENTION comment="" head="Japan" m_id="27" syntactic_type="NAM">
<token_anchor t_id="69"/>
</ENTITY_MENTION>
<ENTITY_MENTION comment="" head="banks" m_id="31" syntactic_type="NOM">
<token_anchor t_id="79"/>
<token_anchor t_id="80"/>
<token_anchor t_id="81"/>
<token_anchor t_id="82"/>
<token_anchor t_id="83"/>
</ENTITY_MENTION>
<ENTITY_MENTION comment="" head="world" m_id="32" syntactic_type="NOM">
<token_anchor t_id="82"/>
<token_anchor t_id="83"/>
</ENTITY_MENTION>
<ENTITY_MENTION comment="" head="markets" m_id="2" syntactic_type="NOM">
<token_anchor t_id="1"/>
</ENTITY_MENTION>
<ENTITY_MENTION comment="" head="funds" m_id="34" syntactic_type="NOM">
<token_anchor t_id="86"/>
</ENTITY_MENTION>
<ENTITY_MENTION comment="" head="systems" m_id="35" syntactic_type="NOM">
<token_anchor t_id="88"/>
<token_anchor t_id="89"/>
<token_anchor t_id="90"/>
</ENTITY_MENTION>
<ENTITY_MENTION comment="" head="their" m_id="36" syntactic_type="PRO">
<token_anchor t_id="88"/>
</ENTITY_MENTION>
<ENTITY_MENTION comment="" head="stock markets" m_id="5" syntactic_type="NOM">
<token_anchor t_id="11"/>
<token_anchor t_id="12"/>
<token_anchor t_id="13"/>
</ENTITY_MENTION>
<ENTITY_MENTION comment="" head="liquidity" m_id="38" syntactic_type="NOM">
<token_anchor t_id="93"/>
</ENTITY_MENTION>
<ENTITY_MENTION comment="" head="firms" m_id="40" syntactic_type="NOM">
<token_anchor t_id="97"/>
<token_anchor t_id="98"/>
<token_anchor t_id="99"/>
<token_anchor t_id="100"/>
<token_anchor t_id="101"/>
<token_anchor t_id="102"/>
</ENTITY_MENTION>
<ENTITY_MENTION comment="" head="subprime" m_id="41" syntactic_type="NOM">
<token_anchor t_id="101"/>
</ENTITY_MENTION>
<ENTITY_MENTION comment="" head="United States" m_id="11" syntactic_type="NAM">
<token_anchor t_id="28"/>
<token_anchor t_id="29"/>
<token_anchor t_id="30"/>
</ENTITY_MENTION>
<ENTITY_MENTION comment="" head="" m_id="12" syntactic_type="">
<token_anchor t_id="32"/>
<token_anchor t_id="33"/>
<token_anchor t_id="34"/>
<token_anchor t_id="35"/>
<token_anchor t_id="36"/>
</ENTITY_MENTION>
<EVENT_MENTION aspect="NONE" certainty="CERTAIN" comment="" m_id="23" modality="" polarity="POS" pos="VERB" pred="fall" special_cases="NONE" tense="PAST" time="NON_FUTURE">
<token_anchor t_id="62"/>
</EVENT_MENTION>
<EVENT_MENTION aspect="NONE" certainty="CERTAIN" comment="" m_id="28" modality="" polarity="POS" pos="VERB" pred="fall" special_cases="NONE" tense="PAST" time="NON_FUTURE">
<token_anchor t_id="73"/>
</EVENT_MENTION>
<EVENT_MENTION aspect="PROGRESSIVE" certainty="CERTAIN" comment="" m_id="33" modality="" polarity="POS" pos="VERB" pred="inject" special_cases="NONE" tense="PRESENT" time="NON_FUTURE">
<token_anchor t_id="85"/>
</EVENT_MENTION>
<EVENT_MENTION aspect="NONE" certainty="CERTAIN" comment="" m_id="3" modality="" polarity="POS" pos="VERB" pred="drag down" special_cases="NONE" tense="PAST" time="NON_FUTURE">
<token_anchor t_id="2"/>
<token_anchor t_id="3"/>
</EVENT_MENTION>
<EVENT_MENTION aspect="" certainty="CERTAIN" comment="" m_id="4" modality="" polarity="POS" pos="NOUN" pred="crisis" special_cases="NONE" tense="" time="NON_FUTURE">
<token_anchor t_id="6"/>
</EVENT_MENTION>
<EVENT_MENTION aspect="NONE" certainty="POSSIBLE" comment="" m_id="37" modality="" polarity="POS" pos="VERB" pred="add" special_cases="NONE" tense="INFINITIVE" time="FUTURE">
<token_anchor t_id="92"/>
</EVENT_MENTION>
<EVENT_MENTION aspect="NONE" certainty="CERTAIN" comment="" m_id="6" modality="" polarity="POS" pos="VERB" pred="fall" special_cases="NONE" tense="PAST" time="NON_FUTURE">
<token_anchor t_id="14"/>
</EVENT_MENTION>
<EVENT_MENTION aspect="" certainty="CERTAIN" comment="" m_id="39" modality="" polarity="POS" pos="VERB" pred="fear" special_cases="NONE" tense="PRESENT" time="NON_FUTURE">
<token_anchor t_id="95"/>
</EVENT_MENTION>
<EVENT_MENTION aspect="" certainty="CERTAIN" comment="" m_id="8" modality="" polarity="POS" pos="NOUN" pred="sell-off" special_cases="NONE" tense="" time="NON_FUTURE">
<token_anchor t_id="20"/>
</EVENT_MENTION>
<EVENT_MENTION aspect="NONE" certainty="CERTAIN" comment="" m_id="9" modality="" polarity="POS" pos="VERB" pred="stem" special_cases="NONE" tense="PRESPART" time="NON_FUTURE">
<token_anchor t_id="21"/>
</EVENT_MENTION>
<EVENT_MENTION aspect="NONE" certainty="POSSIBLE" comment="" m_id="42" modality="" polarity="POS" pos="OTHER" pred="insolvent" special_cases="NONE" tense="NONE" time="FUTURE">
<token_anchor t_id="105"/>
</EVENT_MENTION>
<EVENT_MENTION aspect="" certainty="CERTAIN" comment="" m_id="10" modality="" polarity="POS" pos="NOUN" pred="crisis" special_cases="NONE" tense="" time="NON_FUTURE">
<token_anchor t_id="26"/>
</EVENT_MENTION>
<EVENT_MENTION aspect="NONE" certainty="POSSIBLE" comment="" m_id="43" modality="" polarity="POS" pos="VERB" pred="be" special_cases="NONE" tense="FUTURE" time="FUTURE">
<token_anchor t_id="104"/>
</EVENT_MENTION>
<EVENT_MENTION aspect="" certainty="" comment="" m_id="44" modality="" polarity="" pos="NOUN" pred="tie" special_cases="" tense="" time="">
<token_anchor t_id="102"/>
</EVENT_MENTION>
<EVENT_MENTION aspect="NONE" certainty="CERTAIN" comment="" m_id="13" modality="" polarity="POS" pos="VERB" pred="rebound" special_cases="NONE" tense="PAST" time="NON_FUTURE">
<token_anchor t_id="37"/>
</EVENT_MENTION>
<EVENT_MENTION aspect="NONE" certainty="CERTAIN" comment="" m_id="16" modality="" polarity="POS" pos="VERB" pred="fall" special_cases="NONE" tense="PRESPART" time="NON_FUTURE">
<token_anchor t_id="43"/>
</EVENT_MENTION>
<EVENT_MENTION aspect="NONE" certainty="CERTAIN" comment="" m_id="18" modality="" polarity="POS" pos="VERB" pred="end" special_cases="NONE" tense="PRESPART" time="NON_FUTURE">
<token_anchor t_id="49"/>
</EVENT_MENTION>
<SIGNAL comment="" m_id="15">
<token_anchor t_id="42"/>
</SIGNAL>
<TIMEX3 anchorTimeID="" beginPoint="" comment="" endPoint="" functionInDocument="NONE" m_id="19" type="DATE" value="2007-08-10">
<token_anchor t_id="50"/>
<token_anchor t_id="51"/>
</TIMEX3>
<TIMEX3 anchorTimeID="" beginPoint="" comment="" endPoint="" functionInDocument="CREATION_TIME" m_id="1" type="DATE" value="2007-08-10">
<token_anchor t_id="7"/>
<token_anchor t_id="8"/>
<token_anchor t_id="9"/>
<token_anchor t_id="10"/>
</TIMEX3>
<TIMEX3 anchorTimeID="1" beginPoint="" comment="" endPoint="" functionInDocument="NONE" m_id="7" type="DATE" value="2007-08-10">
<token_anchor t_id="15"/>
</TIMEX3>
<TIMEX3 anchorTimeID="1" beginPoint="" comment="" endPoint="" functionInDocument="NONE" m_id="14" type="DATE" value="2007-08-10">
<token_anchor t_id="38"/>
<token_anchor t_id="39"/>
<token_anchor t_id="40"/>
<token_anchor t_id="41"/>
</TIMEX3>
<VALUE comment="" m_id="20" type="QUANTITY">
<token_anchor t_id="53"/>
<token_anchor t_id="54"/>
<token_anchor t_id="55"/>
</VALUE>
<VALUE comment="" m_id="24" type="QUANTITY">
<token_anchor t_id="63"/>
<token_anchor t_id="64"/>
</VALUE>
<VALUE comment="" m_id="25" type="QUANTITY">
<token_anchor t_id="66"/>
</VALUE>
<VALUE comment="" m_id="29" type="QUANTITY">
<token_anchor t_id="74"/>
<token_anchor t_id="75"/>
</VALUE>
<VALUE comment="" m_id="30" type="QUANTITY">
<token_anchor t_id="77"/>
</VALUE>
<VALUE comment="" m_id="17" type="QUANTITY">
<token_anchor t_id="44"/>
<token_anchor t_id="45"/>
<token_anchor t_id="46"/>
<token_anchor t_id="47"/>
</VALUE>
<EVENT_MENTION m_id="77">
  <token_anchor t_id="113"/>
</EVENT_MENTION>
<EVENT_MENTION m_id="94">
  <token_anchor t_id="349"/>
</EVENT_MENTION>
<EVENT_MENTION m_id="99">
  <token_anchor t_id="436"/>
  <token_anchor t_id="437"/>
</EVENT_MENTION>
<EVENT_MENTION m_id="100">
  <token_anchor t_id="187"/>
</EVENT_MENTION>
<EVENT_MENTION m_id="108">
  <token_anchor t_id="150"/>
  <token_anchor t_id="151"/>
</EVENT_MENTION>
<ENTITY_MENTION m_id="78">
  <token_anchor t_id="195"/>
</ENTITY_MENTION>
<ENTITY_MENTION m_id="79">
  <token_anchor t_id="184"/>
  <token_anchor t_id="185"/>
  <token_anchor t_id="186"/>
</ENTITY_MENTION>
<ENTITY_MENTION m_id="80">
  <token_anchor t_id="346"/>
  <token_anchor t_id="347"/>
  <token_anchor t_id="348"/>
</ENTITY_MENTION>
<ENTITY_MENTION m_id="84">
  <token_anchor t_id="431"/>
</ENTITY_MENTION>
<ENTITY_MENTION m_id="89">
  <token_anchor t_id="109"/>
  <token_anchor t_id="110"/>
  <token_anchor t_id="111"/>
  <token_anchor t_id="112"/>
</ENTITY_MENTION>
<ENTITY_MENTION m_id="93">
  <token_anchor t_id="438"/>
</ENTITY_MENTION>
<ENTITY_MENTION m_id="96">
  <token_anchor t_id="23"/>
  <token_anchor t_id="24"/>
  <token_anchor t_id="25"/>
</ENTITY_MENTION>
<ENTITY_MENTION m_id="105">
  <token_anchor t_id="148"/>
  <token_anchor t_id="149"/>
</ENTITY_MENTION>
<EVENT TAG_DESCRIPTOR="call for" class="SPEECH_COGNITIVE" instance_id="SPE40454474865109913" m_id="109"/><EVENT TAG_DESCRIPTOR="stem" class="OTHER" comment="" external_ref="" m_id="59"/>
<EVENT TAG_DESCRIPTOR="sell-off" class="OTHER" comment="" external_ref="" m_id="58"/><EVENT TAG_DESCRIPTOR="crisis" class="OTHER" comment="" external_ref="" m_id="56"/>
<EVENT TAG_DESCRIPTOR="fall" class="OTHER" instance_id="OTH40784224584553780" m_id="132"/><EVENT TAG_DESCRIPTOR="rebound 10 august 2007 dow " class="OTHER" instance_id="OTH40648516346695044" m_id="127"/>
<EVENT TAG_DESCRIPTOR="raise" class="OTHER" instance_id="OTH40446140024887553" m_id="125"/><EVENT TAG_DESCRIPTOR="fall 10 august 2007 ftse" class="OTHER" instance_id="OTH40450473904845905" m_id="123"/>
<EVENT TAG_DESCRIPTOR="fall" class="OTHER" instance_id="OTH39755979973240930" m_id="122"/><EVENT TAG_DESCRIPTOR="fear" class="SPEECH_COGNITIVE" comment="" external_ref="" m_id="74"/>
<EVENT TAG_DESCRIPTOR="insolvent" class="OTHER" comment="" external_ref="" m_id="70"/><EVENT TAG_DESCRIPTOR="enter into" class="OTHER" instance_id="OTH40445431238624887" m_id="119"/>
<EVENT TAG_DESCRIPTOR="fall 10 august 2007 dow" class="OTHER" instance_id="OTH40780993920871742" m_id="117"/><EVENT TAG_DESCRIPTOR="drag down" class="OTHER" instance_id="OTH40784141639336788" m_id="116"/>
<EVENT TAG_DESCRIPTOR=" end 10 august 2007 dow" class="OTHER" instance_id="OTH40781285360194883" m_id="115"/><EVENT TAG_DESCRIPTOR="be" class="GRAMMATICAL" comment="" external_ref="" m_id="69"/>
<EVENT TAG_DESCRIPTOR="tie" class="OTHER" comment="" external_ref="" m_id="68"/><EVENT TAG_DESCRIPTOR="add" class="OTHER" comment="" external_ref="" m_id="67"/>
<EVENT TAG_DESCRIPTOR="meet" class="OTHER" instance_id="OTH40445754096811359" m_id="112"/><EVENT TAG_DESCRIPTOR="inject" class="OTHER" comment="" external_ref="" m_id="66"/>
<EVENT TAG_DESCRIPTOR="transfer" class="OTHER" instance_id="OTH40435781877564519" m_id="111"/><ENTITY TAG_DESCRIPTOR="Worldwide stock markets" ent_type="FIN" external_ref="http://dbpedia.org/resource/Stock_market" instance_id="FIN40197049224228580" m_id="131"/>
<ENTITY TAG_DESCRIPTOR="money" ent_type="FIN" external_ref="http://dbpedia.org/resource/Money" instance_id="FIN44168215648930637" m_id="130"/><ENTITY TAG_DESCRIPTOR="Dow Jones Industrial Average" ent_type="FIN" external_ref="http://dbpedia.org/resource/Dow_Jones_Industrial_Average" instance_id="FIN39323676120351079" m_id="129"/>
<ENTITY TAG_DESCRIPTOR="NIKKEI" ent_type="FIN" external_ref="http://dbpedia.org/resource/Nikkei_225" instance_id="FIN39755153334854979" m_id="128"/><ENTITY TAG_DESCRIPTOR="banking system" ent_type="FIN" instance_id="FIN44178004697999409" m_id="126"/>
<ENTITY TAG_DESCRIPTOR="United Kingdom" ent_type="LOC" external_ref="http://dbpedia.org/resource/United_Kingdom" instance_id="LOC27735930596276101" m_id="124"/><ENTITY TAG_DESCRIPTOR="subprime lending" ent_type="FIN" external_ref="http://dbpedia.org/resource/Subprime_lending" instance_id="FIN43996626857482700" m_id="121"/>
<ENTITY TAG_DESCRIPTOR="US Federal Reserve" ent_type="ORG" external_ref="http://dbpedia.org/resource/Federal_Reserve_System" instance_id="ORG39936557985692412" m_id="120"/><ENTITY TAG_DESCRIPTOR="Central banks across the world" ent_type="ORG" external_ref="http://dbpedia.org/resource/Central_bank" instance_id="ORG44060137689643763" m_id="118"/>
<ENTITY TAG_DESCRIPTOR="Earth" ent_type="LOC" external_ref="http://dbpedia.org/resource/Earth" instance_id="LOC27738550854291187" m_id="114"/><ENTITY TAG_DESCRIPTOR="United States of America " ent_type="LOC" external_ref="http://dbpedia.org/resource/United_States" instance_id="LOC27735327659249054" m_id="113"/>
<ENTITY TAG_DESCRIPTOR="FTSE 100 index" ent_type="FIN" external_ref="http://dbpedia.org/resource/FTSE_100_Index" instance_id="FIN39676646219701103" m_id="110"/></Markables>
<Relations>
<TLINK comment="" r_id="162975" reltype="BEFORE" signalID="">
<source m_id="1"/>
<target m_id="43"/>
</TLINK>
<TLINK comment="" r_id="162976" reltype="INCLUDES" signalID="">
<source m_id="1"/>
<target m_id="6"/>
</TLINK>
<TLINK comment="" r_id="162977" reltype="INCLUDES" signalID="">
<source m_id="1"/>
<target m_id="23"/>
</TLINK>
<TLINK comment="" r_id="162978" reltype="INCLUDES" signalID="">
<source m_id="1"/>
<target m_id="13"/>
</TLINK>
<TLINK comment="" r_id="162979" reltype="IS_INCLUDED" signalID="">
<source m_id="6"/>
<target m_id="7"/>
</TLINK>
<TLINK comment="" r_id="162980" reltype="IS_INCLUDED" signalID="">
<source m_id="13"/>
<target m_id="14"/>
</TLINK>
<TLINK comment="" r_id="162981" reltype="AFTER" signalID="15">
<source m_id="13"/>
<target m_id="16"/>
</TLINK>
<TLINK comment="" r_id="162982" reltype="ENDS" signalID="">
<source m_id="18"/>
<target m_id="19"/>
</TLINK>
<TLINK comment="" r_id="162984" reltype="BEFORE" signalID="">
<source m_id="6"/>
<target m_id="13"/>
</TLINK>
<TLINK comment="" r_id="162985" reltype="BEFORE" signalID="">
<source m_id="23"/>
<target m_id="43"/>
</TLINK>
<TLINK comment="" r_id="162986" reltype="AFTER" signalID="">
<source m_id="13"/>
<target m_id="23"/>
</TLINK>
<HAS_PARTICIPANT comment="" r_id="162987" sem_role="Arg1" sem_role_framework="PROPBANK">
<source m_id="28"/>
<target m_id="26"/>
</HAS_PARTICIPANT>
<HAS_PARTICIPANT comment="" r_id="162988" sem_role="Arg1" sem_role_framework="PROPBANK">
<source m_id="23"/>
<target m_id="21"/>
</HAS_PARTICIPANT>
<HAS_PARTICIPANT comment="" r_id="162989" sem_role="Arg1" sem_role_framework="PROPBANK">
<source m_id="13"/>
<target m_id="12"/>
</HAS_PARTICIPANT>
<HAS_PARTICIPANT comment="" r_id="162990" sem_role="Argm-LOC" sem_role_framework="PROPBANK">
<source m_id="10"/>
<target m_id="11"/>
</HAS_PARTICIPANT>
<HAS_PARTICIPANT comment="" r_id="162991" sem_role="Arg1" sem_role_framework="PROPBANK">
<source m_id="6"/>
<target m_id="5"/>
</HAS_PARTICIPANT>
<HAS_PARTICIPANT comment="" r_id="162992" sem_role="Arg1" sem_role_framework="PROPBANK">
<source m_id="3"/>
<target m_id="2"/>
</HAS_PARTICIPANT>
<HAS_PARTICIPANT comment="" r_id="162993" sem_role="Arg4" sem_role_framework="PROPBANK">
<source m_id="28"/>
<target m_id="30"/>
</HAS_PARTICIPANT>
<HAS_PARTICIPANT comment="" r_id="162994" sem_role="Arg2" sem_role_framework="PROPBANK">
<source m_id="28"/>
<target m_id="29"/>
</HAS_PARTICIPANT>
<HAS_PARTICIPANT comment="" r_id="162995" sem_role="Arg4" sem_role_framework="PROPBANK">
<source m_id="23"/>
<target m_id="25"/>
</HAS_PARTICIPANT>
<HAS_PARTICIPANT comment="" r_id="162996" sem_role="Arg2" sem_role_framework="PROPBANK">
<source m_id="23"/>
<target m_id="24"/>
</HAS_PARTICIPANT>
<HAS_PARTICIPANT comment="" r_id="162997" sem_role="Arg1" sem_role_framework="PROPBANK">
<source m_id="33"/>
<target m_id="34"/>
</HAS_PARTICIPANT>
<HAS_PARTICIPANT comment="" r_id="162998" sem_role="Arg0" sem_role_framework="PROPBANK">
<source m_id="33"/>
<target m_id="31"/>
</HAS_PARTICIPANT>
<HAS_PARTICIPANT comment="" r_id="162999" sem_role="Arg2" sem_role_framework="PROPBANK">
<source m_id="33"/>
<target m_id="35"/>
</HAS_PARTICIPANT>
<HAS_PARTICIPANT comment="" r_id="163000" sem_role="Arg1" sem_role_framework="PROPBANK">
<source m_id="37"/>
<target m_id="38"/>
</HAS_PARTICIPANT>
































<REFERS_TO r_id="163062">
<source m_id="33"/>
<target m_id="66"/>
</REFERS_TO>
<REFERS_TO r_id="163063">
<source m_id="37"/>
<target m_id="67"/>
</REFERS_TO>
<REFERS_TO r_id="163064">
<source m_id="18"/>
<target m_id="115"/>
</REFERS_TO>
<REFERS_TO r_id="163065">
<source m_id="32"/>
<target m_id="114"/>
</REFERS_TO>
<REFERS_TO r_id="163066">
<source m_id="16"/>
<target m_id="117"/>
</REFERS_TO>
<REFERS_TO r_id="163067">
<source m_id="3"/>
<target m_id="116"/>
</REFERS_TO>
<REFERS_TO r_id="163068">
<source m_id="77"/>
<target m_id="111"/>
</REFERS_TO>
<REFERS_TO r_id="163069">
<source m_id="21"/>
<target m_id="110"/>
</REFERS_TO>
<REFERS_TO r_id="163070">
<source m_id="11"/>
<target m_id="113"/>
</REFERS_TO>
<REFERS_TO r_id="163071">
<source m_id="100"/>
<target m_id="112"/>
</REFERS_TO>
<REFERS_TO r_id="163072">
<source m_id="44"/>
<target m_id="68"/>
</REFERS_TO>
<REFERS_TO r_id="163073">
<source m_id="43"/>
<target m_id="69"/>
</REFERS_TO>
<REFERS_TO r_id="163074">
<source m_id="13"/>
<target m_id="127"/>
</REFERS_TO>
<REFERS_TO r_id="163075">
<source m_id="108"/>
<target m_id="119"/>
</REFERS_TO>
<REFERS_TO r_id="163076">
<source m_id="31"/>
<source m_id="36"/>
<target m_id="118"/>
</REFERS_TO>
<REFERS_TO r_id="163077">
<source m_id="23"/>
<target m_id="123"/>
</REFERS_TO>
<REFERS_TO r_id="163078">
<source m_id="34"/>
<source m_id="38"/>
<target m_id="130"/>
</REFERS_TO>
<REFERS_TO r_id="163079">
<source m_id="78"/>
<source m_id="79"/>
<source m_id="80"/>
<source m_id="84"/>
<source m_id="89"/>
<source m_id="93"/>
<source m_id="105"/>
<target m_id="120"/>
</REFERS_TO>
<REFERS_TO r_id="163080">
<source m_id="41"/>
<source m_id="96"/>
<target m_id="121"/>
</REFERS_TO>
<REFERS_TO r_id="163081">
<source m_id="28"/>
<target m_id="122"/>
</REFERS_TO>
<REFERS_TO r_id="163082">
<source m_id="99"/>
<target m_id="109"/>
</REFERS_TO>
<REFERS_TO r_id="163083">
<source m_id="22"/>
<target m_id="124"/>
</REFERS_TO>
<REFERS_TO r_id="163084">
<source m_id="94"/>
<target m_id="125"/>
</REFERS_TO>
<REFERS_TO r_id="163085">
<source m_id="35"/>
<target m_id="126"/>
</REFERS_TO>
<REFERS_TO r_id="163086">
<source m_id="42"/>
<target m_id="70"/>
</REFERS_TO>
<REFERS_TO r_id="163087">
<source m_id="26"/>
<target m_id="128"/>
</REFERS_TO>
<REFERS_TO r_id="163088">
<source m_id="12"/>
<target m_id="129"/>
</REFERS_TO>
<REFERS_TO r_id="163089">
<source m_id="9"/>
<target m_id="59"/>
</REFERS_TO>
<REFERS_TO r_id="163090">
<source m_id="8"/>
<target m_id="58"/>
</REFERS_TO>
<REFERS_TO r_id="163091">
<source m_id="6"/>
<target m_id="132"/>
</REFERS_TO>
<REFERS_TO r_id="163092">
<source m_id="4"/>
<source m_id="10"/>
<target m_id="56"/>
</REFERS_TO>
<REFERS_TO r_id="163093">
<source m_id="5"/>
<source m_id="2"/>
<target m_id="131"/>
</REFERS_TO>
<REFERS_TO r_id="163094">
<source m_id="39"/>
<target m_id="74"/>
</REFERS_TO>
</Relations>
</Document>